﻿<?xml version="1.0" encoding="utf-8"?><CatapultTargetIndex><IndexEntry><Entries><IndexEntry Term="activate a histogram plot"><Entries /><Links><IndexLink Title="Activate a Histogram Plot" Link="/Content/Tools/Histogram_Window/Activate_a_Histogram_Plot.htm#kanchor127" UsedConditions="" LocalConditions="" /></Links><SeeAlsoLinks /><IndexControlLinks /></IndexEntry><IndexEntry Term="activate a layer"><Entries /><Links><IndexLink Title="Activate a Layer" Link="/Content/Layers/Activate_a_Layer.htm#kanchor83" UsedConditions="" LocalConditions="" /></Links><SeeAlsoLinks /><IndexControlLinks /></IndexEntry><IndexEntry Term="add"><Entries><IndexEntry Term="Value"><Entries /><Links><IndexLink Title="Add/Edit a Value Item" Link="/Content/Wizard_Builder/Items/Add_Edit_a_Value_Item.htm#kanchor205" UsedConditions="" LocalConditions="" /></Links><SeeAlsoLinks /><IndexControlLinks /></IndexEntry></Entries><Links /><SeeAlsoLinks /><IndexControlLinks /></IndexEntry><IndexEntry Term="animation"><Entries><IndexEntry Term="create"><Entries /><Links><IndexLink Title="Create Animation" Link="/Content/Animation/Create_Animation.htm#kanchor229" UsedConditions="" LocalConditions="" /></Links><SeeAlsoLinks /><IndexControlLinks /></IndexEntry><IndexEntry Term="delete"><Entries /><Links><IndexLink Title="Delete Animation" Link="/Content/Animation/Delete_Animation.htm#kanchor231" UsedConditions="" LocalConditions="" /></Links><SeeAlsoLinks /><IndexControlLinks /></IndexEntry><IndexEntry Term="play"><Entries /><Links><IndexLink Title="Play Animation" Link="/Content/Animation/Play_Animation.htm#kanchor230" UsedConditions="" LocalConditions="" /></Links><SeeAlsoLinks /><IndexControlLinks /></IndexEntry></Entries><Links><IndexLink Title="Animation Toolbar" Link="/Content/Animation/Animation_Toolbar.htm#kanchor29" UsedConditions="" LocalConditions="" /><IndexLink Title="Animation Toolbar" Link="/Content/Animation/Animation_Toolbar.htm#kanchor30" UsedConditions="" LocalConditions="" /></Links><SeeAlsoLinks /><IndexControlLinks /></IndexEntry><IndexEntry Term="Animation Bumpers"><Entries /><Links><IndexLink Title="Animation Bumpers" Link="/Content/Animation/Animation_Bumpers.htm#kanchor232" UsedConditions="" LocalConditions="" /></Links><SeeAlsoLinks /><IndexControlLinks /></IndexEntry><IndexEntry Term="animation cycle"><Entries /><Links><IndexLink Title="Animation Cycle" Link="/Content/Animation/Animation_Cycle.htm#kanchor322" UsedConditions="" LocalConditions="" /></Links><SeeAlsoLinks /><IndexControlLinks /></IndexEntry><IndexEntry Term="animation options"><Entries /><Links><IndexLink Title="Animation Options" Link="/Content/Options/Animation_Options.htm#kanchor348" UsedConditions="" LocalConditions="" /></Links><SeeAlsoLinks /><IndexControlLinks /></IndexEntry><IndexEntry Term="Animation Toolbar"><Entries /><Links><IndexLink Title="Animation Toolbar" Link="/Content/Animation/Animation_Toolbar.htm#kanchor29" UsedConditions="" LocalConditions="" /></Links><SeeAlsoLinks /><IndexControlLinks /></IndexEntry><IndexEntry Term="Annotation drop-down menu"><Entries /><Links><IndexLink Title="Annotation Drop-Down Menu" Link="/Content/Annotation/Annotation_Drop-Down_Menu.htm#kanchor101" UsedConditions="" LocalConditions="" /></Links><SeeAlsoLinks /><IndexControlLinks /></IndexEntry><IndexEntry Term="annotation image palette"><Entries /><Links><IndexLink Title="Annotation Image Palette" Link="/Content/Tools/Annotation_Image_Palette.htm#kanchor107" UsedConditions="" LocalConditions="" /></Links><SeeAlsoLinks /><IndexControlLinks /></IndexEntry><IndexEntry Term="annotation image palette options"><Entries /><Links><IndexLink Title="Annotation Image Palette Options" Link="/Content/Options/Annotation_Image_Options.htm#kanchor108" UsedConditions="" LocalConditions="" /></Links><SeeAlsoLinks /><IndexControlLinks /></IndexEntry><IndexEntry Term="Annotation layer"><Entries><IndexEntry Term="flatten"><Entries /><Links><IndexLink Title="Flatten Annotation Layer" Link="/Content/General_Algorithms/Flatten_Annotation_Layer.htm#kanchor109" UsedConditions="" LocalConditions="" /></Links><SeeAlsoLinks /><IndexControlLinks /></IndexEntry><IndexEntry Term="properties"><Entries /><Links><IndexLink Title="Annotation Layer Properties" Link="/Content/Properties/Annotation_Layer_Properties.htm#kanchor260" UsedConditions="" LocalConditions="" /></Links><SeeAlsoLinks /><IndexControlLinks /></IndexEntry></Entries><Links><IndexLink Title="Annotation Layer" Link="/Content/Annotation/Annotation_Layer.htm#kanchor99" UsedConditions="" LocalConditions="" /></Links><SeeAlsoLinks /><IndexControlLinks /></IndexEntry><IndexEntry Term="Annotation Layer options"><Entries /><Links><IndexLink Title="Annotation Layer Options" Link="/Content/Options/Annotation_Layer_Options.htm#kanchor238" UsedConditions="" LocalConditions="" /></Links><SeeAlsoLinks /><IndexControlLinks /></IndexEntry><IndexEntry Term="Annotation Objects"><Entries><IndexEntry Term="properties"><Entries /><Links><IndexLink Title="Properties for Annotation Objects" Link="/Content/Properties/Properties_for_Annotation_Objects.htm#kanchor351" UsedConditions="" LocalConditions="" /></Links><SeeAlsoLinks /><IndexControlLinks /></IndexEntry></Entries><Links><IndexLink Title="Working with Annotation Objects" Link="/Content/Annotation/Working_with_Annotation_Objects.htm#kanchor103" UsedConditions="" LocalConditions="" /><IndexLink Title="Annotation Objects" Link="/Content/Annotation/Annotation_Objects.htm#kanchor321" UsedConditions="" LocalConditions="" /></Links><SeeAlsoLinks /><IndexControlLinks /></IndexEntry><IndexEntry Term="Annotation Text Boxes"><Entries /><Links><IndexLink Title="Working with Annotation Text Boxes" Link="/Content/Annotation/Working_with_Annotation_Text_Boxes.htm#kanchor106" UsedConditions="" LocalConditions="" /></Links><SeeAlsoLinks /><IndexControlLinks /></IndexEntry><IndexEntry Term="Annotation Toolbar"><Entries /><Links><IndexLink Title="Annotation Toolbar" Link="/Content/Toolbars/Annotation_Toolbar.htm#kanchor22" UsedConditions="" LocalConditions="" /></Links><SeeAlsoLinks /><IndexControlLinks /></IndexEntry><IndexEntry Term="AOI"><Entries><IndexEntry Term="merge"><Entries /><Links><IndexLink Title="Merge AOIs" Link="/Content/AOI/Merge_AOIs.htm#kanchor95" UsedConditions="" LocalConditions="" /></Links><SeeAlsoLinks /><IndexControlLinks /></IndexEntry></Entries><Links><IndexLink Title="AOI" Link="/Content/AOI/AOI.htm#kanchor88" UsedConditions="" LocalConditions="" /><IndexLink Title="Tutorial: Subsetting, AOI, and PCA" Link="/Content/Tutorials/tutorial_subsetting_aoi_pca.htm#kanchor301" UsedConditions="" LocalConditions="" /></Links><SeeAlsoLinks /><IndexControlLinks /></IndexEntry><IndexEntry Term="AOI Draw Mode"><Entries /><Links><IndexLink Title="AOI" Link="/Content/AOI/AOI.htm#kanchor91" UsedConditions="" LocalConditions="" /></Links><SeeAlsoLinks /><IndexControlLinks /></IndexEntry><IndexEntry Term="AOI layer"><Entries><IndexEntry Term="properties"><Entries /><Links><IndexLink Title="AOI Layer Properties" Link="/Content/Properties/AOI_Layer_Properties.htm#kanchor97" UsedConditions="" LocalConditions="" /></Links><SeeAlsoLinks /><IndexControlLinks /></IndexEntry></Entries><Links><IndexLink Title="AOI" Link="/Content/AOI/AOI.htm#kanchor90" UsedConditions="" LocalConditions="" /></Links><SeeAlsoLinks /><IndexControlLinks /></IndexEntry><IndexEntry Term="AOI layer options"><Entries /><Links><IndexLink Title="AOI Layer Options" Link="/Content/Options/AOI_Layer_Options.htm#kanchor239" UsedConditions="" LocalConditions="" /></Links><SeeAlsoLinks /><IndexControlLinks /></IndexEntry><IndexEntry Term="AOI marker symbol"><Entries><IndexEntry Term="change"><Entries /><Links><IndexLink Title="Change AOI Marker Symbol" Link="/Content/AOI/Change_AOI_Marker_Symbol.htm#kanchor96" UsedConditions="" LocalConditions="" /></Links><SeeAlsoLinks /><IndexControlLinks /></IndexEntry></Entries><Links /><SeeAlsoLinks /><IndexControlLinks /></IndexEntry><IndexEntry Term="AOI Pixel Selection Tool"><Entries /><Links><IndexLink Title="AOI Pixel Selection Tool" Link="/Content/AOI/AOI_Pixel_Selection_Tool.htm#kanchor93" UsedConditions="" LocalConditions="" /></Links><SeeAlsoLinks /><IndexControlLinks /></IndexEntry><IndexEntry Term="AOI Toolbar"><Entries /><Links><IndexLink Title="AOI Toolbar" Link="/Content/Toolbars/AOI_Toolbar.htm#kanchor16" UsedConditions="" LocalConditions="" /></Links><SeeAlsoLinks /><IndexControlLinks /></IndexEntry><IndexEntry Term="Area of Interest"><Entries /><Links><IndexLink Title="AOI" Link="/Content/AOI/AOI.htm#kanchor89" UsedConditions="" LocalConditions="" /></Links><SeeAlsoLinks /><IndexControlLinks /></IndexEntry><IndexEntry Term="ASPAM importer"><Entries /><Links><IndexLink Title="Import ASPAM File" Link="/Content/Importers_Exporters/Import_ASPAM_File.htm#kanchor329" UsedConditions="" LocalConditions="" /></Links><SeeAlsoLinks /><IndexControlLinks /></IndexEntry><IndexEntry Term="ASPAM Toolbar"><Entries /><Links><IndexLink Title="ASPAM Toolbar" Link="/Content/Toolbars/ASPAM_Toolbar.htm#kanchor32" UsedConditions="" LocalConditions="" /></Links><SeeAlsoLinks /><IndexControlLinks /></IndexEntry><IndexEntry Term="ASPAM Viewer"><Entries /><Links><IndexLink Title="ASPAM Viewer" Link="/Content/Importers_Exporters/ASPAM_Viewer.htm#kanchor327" UsedConditions="" LocalConditions="" /></Links><SeeAlsoLinks /><IndexControlLinks /></IndexEntry><IndexEntry Term="AVI Exporter Options"><Entries /><Links><IndexLink Title="AVI Exporter Options" Link="/Content/Importers_Exporters/Export_Product_Options/AVI_Exporter_Options.htm#kanchor341" UsedConditions="" LocalConditions="" /></Links><SeeAlsoLinks /><IndexControlLinks /></IndexEntry><IndexEntry Term="Background Plug-In Window"><Entries /><Links><IndexLink Title="Background Plug-In Window" Link="/Content/Tools/Background_PlugIn_Window.htm#kanchor149" UsedConditions="" LocalConditions="" /></Links><SeeAlsoLinks /><IndexControlLinks /></IndexEntry><IndexEntry Term="bad values"><Entries /><Links><IndexLink Title="Band Bad Values" Link="/Content/Tools/Histogram_Window/Band_Bad_Values.htm#kanchor133" UsedConditions="" LocalConditions="" /></Links><SeeAlsoLinks /><IndexControlLinks /></IndexEntry><IndexEntry Term="band bad values"><Entries /><Links><IndexLink Title="Band Bad Values" Link="/Content/Tools/Histogram_Window/Band_Bad_Values.htm#kanchor134" UsedConditions="" LocalConditions="" /></Links><SeeAlsoLinks /><IndexControlLinks /></IndexEntry><IndexEntry Term="band math"><Entries><IndexEntry Term="operators"><Entries /><Links><IndexLink Title="Band Math Operators" Link="/Content/General_Algorithms/Band_Math_Operators.htm#kanchor326" UsedConditions="" LocalConditions="" /></Links><SeeAlsoLinks /><IndexControlLinks /></IndexEntry></Entries><Links><IndexLink Title="Band Math" Link="/Content/General_Algorithms/band_math.htm#kanchor273" UsedConditions="" LocalConditions="" /><IndexLink Title="Tutorial: Georeference, Measurement Tool, Band Math" Link="/Content/Tutorials/tutorial_georeference.htm#kanchor292" UsedConditions="" LocalConditions="" /></Links><SeeAlsoLinks /><IndexControlLinks /></IndexEntry><IndexEntry Term="batch mode"><Entries /><Links><IndexLink Title="Wizard Items" Link="/Content/Wizard_Builder/Items/Wizard_Items.htm#kanchor204" UsedConditions="" LocalConditions="" /><IndexLink Title="Tutorial: Run a Wizard in Batch Mode" Link="/Content/Tutorials/tutorial_batch_mode.htm#kanchor317" UsedConditions="" LocalConditions="" /></Links><SeeAlsoLinks /><IndexControlLinks /></IndexEntry><IndexEntry Term="Bitmap View Exporter"><Entries /><Links><IndexLink Title="Bitmap View Exporter" Link="/Content/Importers_Exporters/Export_Product_Options/Bitmap_View_Exporter.htm#kanchor342" UsedConditions="" LocalConditions="" /></Links><SeeAlsoLinks /><IndexControlLinks /></IndexEntry><IndexEntry Term="Brightness Toolbar"><Entries /><Links><IndexLink Title="Brightness Toolbar" Link="/Content/Toolbars/Brightness_Toolbar.htm#kanchor25" UsedConditions="" LocalConditions="" /></Links><SeeAlsoLinks /><IndexControlLinks /></IndexEntry><IndexEntry Term="brightness/contrast"><Entries /><Links><IndexLink Title="Brightness Toolbar" Link="/Content/Toolbars/Brightness_Toolbar.htm#kanchor24" UsedConditions="" LocalConditions="" /><IndexLink Title="Tutorial: Image Manipulation and Export" Link="/Content/Tutorials/Tutorial_Image_Manipulation.htm#kanchor289" UsedConditions="" LocalConditions="" /></Links><SeeAlsoLinks /><IndexControlLinks /></IndexEntry><IndexEntry Term="Change scale bar units"><Entries /><Links><IndexLink Title="Change Scale Bar Unit" Link="/Content/Annotation/Change_Scale_Bar_Unit.htm#kanchor104" UsedConditions="" LocalConditions="" /></Links><SeeAlsoLinks /><IndexControlLinks /></IndexEntry><IndexEntry Term="change up direction"><Entries /><Links><IndexLink Title="Change Up Direction" Link="/Content/General_Algorithms/Change_Up_Direction.htm#kanchor110" UsedConditions="" LocalConditions="" /></Links><SeeAlsoLinks /><IndexControlLinks /></IndexEntry><IndexEntry Term="chip of image"><Entries /><Links><IndexLink Title="Image Chipping Window" Link="/Content/Tools/Image_Chipping_Window.htm#kanchor75" UsedConditions="" LocalConditions="" /></Links><SeeAlsoLinks /><IndexControlLinks /></IndexEntry><IndexEntry Term="Clipping Tab"><Entries /><Links><IndexLink Title="Clipping Tab" Link="/Content/Geographic_Features/Clipping_Tab.htm#kanchor159" UsedConditions="" LocalConditions="" /></Links><SeeAlsoLinks /><IndexControlLinks /></IndexEntry><IndexEntry Term="close"><Entries><IndexEntry Term="window"><Entries /><Links><IndexLink Title="Close a Window" Link="/Content/Close_a_Window.htm#kanchor80" UsedConditions="" LocalConditions="" /></Links><SeeAlsoLinks /><IndexControlLinks /></IndexEntry><IndexEntry Term="Wizard Builder"><Entries /><Links><IndexLink Title="Wizard Builder: File Menu" Link="/Content/Wizard_Builder/Wizard_Builder__File_Menu.htm#kanchor365" UsedConditions="" LocalConditions="" /></Links><SeeAlsoLinks /><IndexControlLinks /></IndexEntry></Entries><Links /><SeeAlsoLinks /><IndexControlLinks /></IndexEntry><IndexEntry Term="color"><Entries><IndexEntry Term="edit"><Entries /><Links><IndexLink Title="Edit Color" Link="/Content/Edit_Color.htm#kanchor319" UsedConditions="" LocalConditions="" /></Links><SeeAlsoLinks /><IndexControlLinks /></IndexEntry></Entries><Links /><SeeAlsoLinks /><IndexControlLinks /></IndexEntry><IndexEntry Term="color composites defaults"><Entries /><Links><IndexLink Title="Color Composites" Link="/Content/View/Color_Composites.htm#kanchor69" UsedConditions="" LocalConditions="" /><IndexLink Title="Color Composites Default Values" Link="/Content/View/Color_Composites_Defaults.htm#kanchor70" UsedConditions="" LocalConditions="" /></Links><SeeAlsoLinks /><IndexControlLinks /></IndexEntry><IndexEntry Term="Color Map"><Entries><IndexEntry Term="create"><Entries /><Links><IndexLink Title="Create/Edit Color Map" Link="/Content/Tools/Histogram_Window/Create_Edit_Color_Map.htm#kanchor141" UsedConditions="" LocalConditions="" /></Links><SeeAlsoLinks /><IndexControlLinks /></IndexEntry><IndexEntry Term="edit"><Entries /><Links><IndexLink Title="Create/Edit Color Map" Link="/Content/Tools/Histogram_Window/Create_Edit_Color_Map.htm#kanchor141" UsedConditions="" LocalConditions="" /></Links><SeeAlsoLinks /><IndexControlLinks /></IndexEntry></Entries><Links><IndexLink Title="Color Map" Link="/Content/Tools/Histogram_Window/Color_Map.htm#kanchor139" UsedConditions="" LocalConditions="" /></Links><SeeAlsoLinks /><IndexControlLinks /></IndexEntry><IndexEntry Term="connect wizard items"><Entries /><Links><IndexLink Title="Connect Wizard Items" Link="/Content/Wizard_Builder/Items/Connect_Wizard_Items.htm#kanchor210" UsedConditions="" LocalConditions="" /></Links><SeeAlsoLinks /><IndexControlLinks /></IndexEntry><IndexEntry Term="Connection Tab"><Entries /><Links><IndexLink Title="Connection Tab" Link="/Content/Geographic_Features/Connection_Tab.htm#kanchor157" UsedConditions="" LocalConditions="" /></Links><SeeAlsoLinks /><IndexControlLinks /></IndexEntry><IndexEntry Term="Convolution Matrix Editor"><Entries /><Links><IndexLink Title="Convolution Matrix Editor" Link="/Content/Tools/Convolution_Matrix_Editor.htm#kanchor274" UsedConditions="" LocalConditions="" /></Links><SeeAlsoLinks /><IndexControlLinks /></IndexEntry><IndexEntry Term="copy"><Entries><IndexEntry Term="layers"><Entries /><Links><IndexLink Title="Copying Layers" Link="/Content/QuickLookDataFusion/Copying_Layers.htm#kanchor281" UsedConditions="" LocalConditions="" /></Links><SeeAlsoLinks /><IndexControlLinks /></IndexEntry><IndexEntry Term="snapshot"><Entries /><Links><IndexLink Title="Create a Snapshot" Link="/Content/View/Copy_Snapshot.htm#kanchor77" UsedConditions="" LocalConditions="" /></Links><SeeAlsoLinks /><IndexControlLinks /></IndexEntry><IndexEntry Term="Wizard Builder"><Entries /><Links><IndexLink Title="Wizard Builder: Edit Menu" Link="/Content/Wizard_Builder/Wizard_Builder__Edit_Menu.htm#kanchor361" UsedConditions="" LocalConditions="" /></Links><SeeAlsoLinks /><IndexControlLinks /></IndexEntry></Entries><Links /><SeeAlsoLinks /><IndexControlLinks /></IndexEntry><IndexEntry Term="create"><Entries><IndexEntry Term="animation"><Entries /><Links><IndexLink Title="Create Animation" Link="/Content/Animation/Create_Animation.htm#kanchor229" UsedConditions="" LocalConditions="" /></Links><SeeAlsoLinks /><IndexControlLinks /></IndexEntry><IndexEntry Term="AOI"><Entries /><Links><IndexLink Title="AOI" Link="/Content/AOI/AOI.htm#kanchor87" UsedConditions="" LocalConditions="" /></Links><SeeAlsoLinks /><IndexControlLinks /></IndexEntry><IndexEntry Term="Color Map"><Entries /><Links><IndexLink Title="Create/Edit Color Map" Link="/Content/Tools/Histogram_Window/Create_Edit_Color_Map.htm#kanchor141" UsedConditions="" LocalConditions="" /></Links><SeeAlsoLinks /><IndexControlLinks /></IndexEntry><IndexEntry Term="new layer"><Entries /><Links><IndexLink Title="Create a New Layer" Link="/Content/Layers/Create_a_New_Layer.htm#kanchor84" UsedConditions="" LocalConditions="" /></Links><SeeAlsoLinks /><IndexControlLinks /></IndexEntry><IndexEntry Term="new session"><Entries /><Links><IndexLink Title="Create a New Session" Link="/Content/Sessions/Create_a_New_Session.htm#kanchor117" UsedConditions="" LocalConditions="" /></Links><SeeAlsoLinks /><IndexControlLinks /></IndexEntry><IndexEntry Term="product"><Entries /><Links><IndexLink Title="Create a New Product" Link="/Content/Products/Create_a_New_Product.htm#kanchor218" UsedConditions="" LocalConditions="" /></Links><SeeAlsoLinks /><IndexControlLinks /></IndexEntry><IndexEntry Term="tie points"><Entries /><Links><IndexLink Title="Creating Tie Points" Link="/Content/QuickLookDataFusion/creating_tie_points.htm#kanchor278" UsedConditions="" LocalConditions="" /></Links><SeeAlsoLinks /><IndexControlLinks /></IndexEntry><IndexEntry Term="wizard"><Entries /><Links><IndexLink Title="Create a Wizard" Link="/Content/Wizard_Builder/Create_a_Wizard.htm#kanchor179" UsedConditions="" LocalConditions="" /></Links><SeeAlsoLinks /><IndexControlLinks /></IndexEntry></Entries><Links /><SeeAlsoLinks /><IndexControlLinks /></IndexEntry><IndexEntry Term="create shortcut keys"><Entries /><Links><IndexLink Title="Creating Shortcut Keys" Link="/Content/Options/Creating_Shortcut_Keys.htm#kanchor349" UsedConditions="" LocalConditions="" /></Links><SeeAlsoLinks /><IndexControlLinks /></IndexEntry><IndexEntry Term="cube layer properties"><Entries /><Links><IndexLink Title="Cube Layer Properties" Link="/Content/Properties/Cube_Layer_Properties.htm#kanchor256" UsedConditions="" LocalConditions="" /></Links><SeeAlsoLinks /><IndexControlLinks /></IndexEntry><IndexEntry Term="custom zoom"><Entries /><Links><IndexLink Title="Custom Zoom" Link="/Content/Tools/Histogram_Window/Custom_Zoom.htm#kanchor142" UsedConditions="" LocalConditions="" /></Links><SeeAlsoLinks /><IndexControlLinks /></IndexEntry><IndexEntry Term="cut"><Entries><IndexEntry Term="Wizard Builder"><Entries /><Links><IndexLink Title="Wizard Builder: Edit Menu" Link="/Content/Wizard_Builder/Wizard_Builder__Edit_Menu.htm#kanchor362" UsedConditions="" LocalConditions="" /></Links><SeeAlsoLinks /><IndexControlLinks /></IndexEntry></Entries><Links /><SeeAlsoLinks /><IndexControlLinks /></IndexEntry><IndexEntry Term="Data Elements Properties"><Entries /><Links><IndexLink Title="Data Elements Properties" Link="/Content/Properties/Data_Elements_Properties.htm#kanchor248" UsedConditions="" LocalConditions="" /></Links><SeeAlsoLinks /><IndexControlLinks /></IndexEntry><IndexEntry Term="data files"><Entries><IndexEntry Term="import"><Entries /><Links><IndexLink Title="Import Data" Link="/Content/Importers_Exporters/Import_Data.htm#kanchor37" UsedConditions="" LocalConditions="" /></Links><SeeAlsoLinks /><IndexControlLinks /></IndexEntry></Entries><Links><IndexLink Title="About Opticks Suite Data Files" Link="/Content/about_opticks_suite_data_files.htm#kanchor43" UsedConditions="" LocalConditions="" /></Links><SeeAlsoLinks /><IndexControlLinks /></IndexEntry><IndexEntry Term="data set"><Entries><IndexEntry Term="export"><Entries /><Links><IndexLink Title="Export Data Set" Link="/Content/Importers_Exporters/Export_Data_Set.htm#kanchor46" UsedConditions="" LocalConditions="" /></Links><SeeAlsoLinks /><IndexControlLinks /></IndexEntry><IndexEntry Term="import"><Entries /><Links><IndexLink Title="About Importing Data Sets" Link="/Content/Importers_Exporters/Options/About_Importing_Data_Sets.htm#kanchor335" UsedConditions="" LocalConditions="" /></Links><SeeAlsoLinks /><IndexControlLinks /></IndexEntry><IndexEntry Term="link/unliink"><Entries /><Links><IndexLink Title="Link/Unlink" Link="/Content/Tools/Link_Unlink.htm#kanchor73" UsedConditions="" LocalConditions="" /></Links><SeeAlsoLinks /><IndexControlLinks /></IndexEntry></Entries><Links /><SeeAlsoLinks /><IndexControlLinks /></IndexEntry><IndexEntry Term="data set exporters"><Entries /><Links><IndexLink Title="Data Set Exporters" Link="/Content/Importers_Exporters/Export_Data_Options/Data_Set_Exporters.htm#kanchor47" UsedConditions="" LocalConditions="" /></Links><SeeAlsoLinks /><IndexControlLinks /></IndexEntry><IndexEntry Term="Data tab"><Entries /><Links><IndexLink Title="Data Tab" Link="/Content/Importers_Exporters/Options/Data_Tab.htm#kanchor330" UsedConditions="" LocalConditions="" /></Links><SeeAlsoLinks /><IndexControlLinks /></IndexEntry><IndexEntry Term="decrease order of wizard items"><Entries /><Links><IndexLink Title="Wizard Builder: Item Menu" Link="/Content/Wizard_Builder/Wizard_Builder__Item_Menu.htm#kanchor373" UsedConditions="" LocalConditions="" /></Links><SeeAlsoLinks /><IndexControlLinks /></IndexEntry><IndexEntry Term="default keyboard shortcuts"><Entries /><Links><IndexLink Title="Default Keyboard Shortcuts" Link="/Content/Options/Default_Keyboard_Shortcuts.htm#kanchor347" UsedConditions="" LocalConditions="" /></Links><SeeAlsoLinks /><IndexControlLinks /></IndexEntry><IndexEntry Term="delete"><Entries><IndexEntry Term="animation"><Entries /><Links><IndexLink Title="Delete Animation" Link="/Content/Animation/Delete_Animation.htm#kanchor231" UsedConditions="" LocalConditions="" /></Links><SeeAlsoLinks /><IndexControlLinks /></IndexEntry></Entries><Links /><SeeAlsoLinks /><IndexControlLinks /></IndexEntry><IndexEntry Term="delete tie points"><Entries /><Links><IndexLink Title="Delete Tie Points" Link="/Content/Tie_Points/Delete_Tie_Points.htm#kanchor123" UsedConditions="" LocalConditions="" /></Links><SeeAlsoLinks /><IndexControlLinks /></IndexEntry><IndexEntry Term="derive a product"><Entries /><Links><IndexLink Title="Derive a Product" Link="/Content/Products/Derive_a_Product.htm#kanchor220" UsedConditions="" LocalConditions="" /></Links><SeeAlsoLinks /><IndexControlLinks /></IndexEntry><IndexEntry Term="Display Tab"><Entries /><Links><IndexLink Title="Display Tab" Link="/Content/Geographic_Features/Display_Tab.htm#kanchor158" UsedConditions="" LocalConditions="" /></Links><SeeAlsoLinks /><IndexControlLinks /></IndexEntry><IndexEntry Term="Display Toolbar"><Entries /><Links><IndexLink Title="Display Toolbar" Link="/Content/Toolbars/Display_Toolbar.htm#kanchor14" UsedConditions="" LocalConditions="" /></Links><SeeAlsoLinks /><IndexControlLinks /></IndexEntry><IndexEntry Term="Displayed Band"><Entries /><Links><IndexLink Title="Displayed Band" Link="/Content/Tools/Histogram_Window/Displayed_Band.htm#kanchor137" UsedConditions="" LocalConditions="" /></Links><SeeAlsoLinks /><IndexControlLinks /></IndexEntry><IndexEntry Term="distance units"><Entries /><Links><IndexLink Title="Distance Units" Link="/Content/Toolbars/Distance_Units.htm#kanchor353" UsedConditions="" LocalConditions="" /></Links><SeeAlsoLinks /><IndexControlLinks /></IndexEntry><IndexEntry Term="dock window"><Entries /><Links><IndexLink Title="Moving and Hiding a Dock Window" Link="/Content/Tools/Histogram_Window/Moving_and_Hiding_a_Dock_Window.htm#kanchor124" UsedConditions="" LocalConditions="" /></Links><SeeAlsoLinks /><IndexControlLinks /></IndexEntry><IndexEntry Term="drop-down menus"><Entries><IndexEntry Term="Annotation"><Entries /><Links><IndexLink Title="Annotation Drop-Down Menu" Link="/Content/Annotation/Annotation_Drop-Down_Menu.htm#kanchor102" UsedConditions="" LocalConditions="" /></Links><SeeAlsoLinks /><IndexControlLinks /></IndexEntry><IndexEntry Term="Wizard Builder"><Entries /><Links><IndexLink Title="Using the Wizard Builder" Link="/Content/Wizard_Builder/Using_the_Wizard_Builder.htm#kanchor163" UsedConditions="" LocalConditions="" /></Links><SeeAlsoLinks /><IndexControlLinks /></IndexEntry></Entries><Links><IndexLink Title="Working with the Main Application Window" Link="/Content/Working_with_the_Main_Application_Window.htm#kanchor3" UsedConditions="" LocalConditions="" /></Links><SeeAlsoLinks /><IndexControlLinks /></IndexEntry></Entries></IndexEntry></CatapultTargetIndex>