﻿<?xml version="1.0" encoding="utf-8"?><CatapultTargetIndex><IndexEntry><Entries><IndexEntry Term="window"><Entries><IndexEntry Term="close"><Entries /><Links><IndexLink Title="Close a Window" Link="/Content/Close_a_Window.htm#kanchor79" UsedConditions="" LocalConditions="" /></Links><SeeAlsoLinks /><IndexControlLinks /></IndexEntry></Entries><Links /><SeeAlsoLinks /><IndexControlLinks /></IndexEntry><IndexEntry Term="windows options"><Entries /><Links><IndexLink Title="Windows Options" Link="/Content/Options/Windows_Options.htm#kanchor151" UsedConditions="" LocalConditions="" /></Links><SeeAlsoLinks /><IndexControlLinks /></IndexEntry><IndexEntry Term="windows overview options"><Entries /><Links><IndexLink Title="Windows Overview Options" Link="/Content/Options/Windows_Overview_Options.htm#kanchor152" UsedConditions="" LocalConditions="" /></Links><SeeAlsoLinks /><IndexControlLinks /></IndexEntry><IndexEntry Term="windows status bar options"><Entries /><Links><IndexLink Title="Windows Status Bar Options" Link="/Content/Options/Windows_Status_Bar_Options.htm#kanchor153" UsedConditions="" LocalConditions="" /></Links><SeeAlsoLinks /><IndexControlLinks /></IndexEntry><IndexEntry Term="windows workspace options"><Entries><IndexEntry Term="all"><Entries /><Links><IndexLink Title="Windows Workspace Options - All" Link="/Content/Options/Windows_Workspace_Options_All.htm#kanchor154" UsedConditions="" LocalConditions="" /></Links><SeeAlsoLinks /><IndexControlLinks /></IndexEntry><IndexEntry Term="cube"><Entries /><Links><IndexLink Title="Windows Workspace Options - Cube" Link="/Content/Options/Windows_Workspace_Options_Cube.htm#kanchor155" UsedConditions="" LocalConditions="" /></Links><SeeAlsoLinks /><IndexControlLinks /></IndexEntry></Entries><Links /><SeeAlsoLinks /><IndexControlLinks /></IndexEntry><IndexEntry Term="wizard"><Entries><IndexEntry Term="create"><Entries /><Links><IndexLink Title="Create a Wizard" Link="/Content/Wizard_Builder/Create_a_Wizard.htm#kanchor181" UsedConditions="" LocalConditions="" /></Links><SeeAlsoLinks /><IndexControlLinks /></IndexEntry><IndexEntry Term="execute"><Entries /><Links><IndexLink Title="Create a Wizard" Link="/Content/Wizard_Builder/Create_a_Wizard.htm#kanchor182" UsedConditions="" LocalConditions="" /></Links><SeeAlsoLinks /><IndexControlLinks /></IndexEntry><IndexEntry Term="execution mode"><Entries /><Links><IndexLink Title="Wizard Execution Mode" Link="/Content/Wizard_Builder/Wizard_Execution_Mode.htm#kanchor190" UsedConditions="" LocalConditions="" /></Links><SeeAlsoLinks /><IndexControlLinks /></IndexEntry><IndexEntry Term="menu location"><Entries /><Links><IndexLink Title="Wizard Menu Location" Link="/Content/Wizard_Builder/Wizard_Menu_Location.htm#kanchor193" UsedConditions="" LocalConditions="" /></Links><SeeAlsoLinks /><IndexControlLinks /></IndexEntry><IndexEntry Term="open"><Entries /><Links><IndexLink Title="Open a Wizard" Link="/Content/Wizard_Builder/Open_a_Wizard.htm#kanchor183" UsedConditions="" LocalConditions="" /></Links><SeeAlsoLinks /><IndexControlLinks /></IndexEntry><IndexEntry Term="run"><Entries /><Links><IndexLink Title="Run a Wizard" Link="/Content/Wizard_Builder/Run_a_Wizard.htm#kanchor186" UsedConditions="" LocalConditions="" /></Links><SeeAlsoLinks /><IndexControlLinks /></IndexEntry><IndexEntry Term="save"><Entries /><Links><IndexLink Title="Save a Wizard" Link="/Content/Wizard_Builder/Save_a_Wizard.htm#kanchor188" UsedConditions="" LocalConditions="" /></Links><SeeAlsoLinks /><IndexControlLinks /></IndexEntry></Entries><Links /><SeeAlsoLinks /><IndexControlLinks /></IndexEntry><IndexEntry Term="Wizard Builder"><Entries><IndexEntry Term="canvas"><Entries /><Links><IndexLink Title="Using the Wizard Builder" Link="/Content/Wizard_Builder/Using_the_Wizard_Builder.htm#kanchor172" UsedConditions="" LocalConditions="" /></Links><SeeAlsoLinks /><IndexControlLinks /></IndexEntry><IndexEntry Term="drop-down menus"><Entries /><Links><IndexLink Title="Using the Wizard Builder" Link="/Content/Wizard_Builder/Using_the_Wizard_Builder.htm#kanchor170" UsedConditions="" LocalConditions="" /></Links><SeeAlsoLinks /><IndexControlLinks /></IndexEntry><IndexEntry Term="Edit menu"><Entries /><Links><IndexLink Title="Wizard Builder: Edit Menu" Link="/Content/Wizard_Builder/Wizard_Builder__Edit_Menu.htm#kanchor366" UsedConditions="" LocalConditions="" /></Links><SeeAlsoLinks /><IndexControlLinks /></IndexEntry><IndexEntry Term="File menu"><Entries /><Links><IndexLink Title="Wizard Builder: File Menu" Link="/Content/Wizard_Builder/Wizard_Builder__File_Menu.htm#kanchor372" UsedConditions="" LocalConditions="" /></Links><SeeAlsoLinks /><IndexControlLinks /></IndexEntry><IndexEntry Term="Item Menu"><Entries /><Links><IndexLink Title="Wizard Builder: Item Menu" Link="/Content/Wizard_Builder/Wizard_Builder__Item_Menu.htm#kanchor377" UsedConditions="" LocalConditions="" /></Links><SeeAlsoLinks /><IndexControlLinks /></IndexEntry><IndexEntry Term="open"><Entries /><Links><IndexLink Title="Using the Wizard Builder" Link="/Content/Wizard_Builder/Using_the_Wizard_Builder.htm#kanchor168" UsedConditions="" LocalConditions="" /></Links><SeeAlsoLinks /><IndexControlLinks /></IndexEntry><IndexEntry Term="properties"><Entries /><Links><IndexLink Title="Using the Wizard Builder" Link="/Content/Wizard_Builder/Using_the_Wizard_Builder.htm#kanchor175" UsedConditions="" LocalConditions="" /></Links><SeeAlsoLinks /><IndexControlLinks /></IndexEntry><IndexEntry Term="toolbar"><Entries /><Links><IndexLink Title="Using the Wizard Builder" Link="/Content/Wizard_Builder/Using_the_Wizard_Builder.htm#kanchor173" UsedConditions="" LocalConditions="" /><IndexLink Title="Wizard Builder Toolbar" Link="/Content/Wizard_Builder/Wizard_Builder_Toolbar.htm#kanchor178" UsedConditions="" LocalConditions="" /></Links><SeeAlsoLinks /><IndexControlLinks /></IndexEntry><IndexEntry Term="using"><Entries /><Links><IndexLink Title="Using the Wizard Builder" Link="/Content/Wizard_Builder/Using_the_Wizard_Builder.htm#kanchor167" UsedConditions="" LocalConditions="" /></Links><SeeAlsoLinks /><IndexControlLinks /></IndexEntry><IndexEntry Term="window"><Entries /><Links><IndexLink Title="Using the Wizard Builder" Link="/Content/Wizard_Builder/Using_the_Wizard_Builder.htm#kanchor169" UsedConditions="" LocalConditions="" /></Links><SeeAlsoLinks /><IndexControlLinks /></IndexEntry></Entries><Links><IndexLink Title="Using the Wizard Builder" Link="/Content/Wizard_Builder/Using_the_Wizard_Builder.htm#kanchor166" UsedConditions="" LocalConditions="" /><IndexLink Title="Tutorial: Wizard Builder" Link="/Content/Tutorials/tutorial_wizard_builder.htm#kanchor318" UsedConditions="" LocalConditions="" /></Links><SeeAlsoLinks /><IndexControlLinks /></IndexEntry><IndexEntry Term="Wizard Builder View Menu"><Entries /><Links><IndexLink Title="Wizard Builder: View Menu" Link="/Content/Wizard_Builder/Wizard_Builder_View_Menu.htm#kanchor379" UsedConditions="" LocalConditions="" /></Links><SeeAlsoLinks /><IndexControlLinks /></IndexEntry><IndexEntry Term="wizard canvas"><Entries /><Links><IndexLink Title="Using the Wizard Builder" Link="/Content/Wizard_Builder/Using_the_Wizard_Builder.htm#kanchor171" UsedConditions="" LocalConditions="" /></Links><SeeAlsoLinks /><IndexControlLinks /></IndexEntry><IndexEntry Term="Wizard Item Palette"><Entries /><Links><IndexLink Title="Using the Wizard Builder" Link="/Content/Wizard_Builder/Using_the_Wizard_Builder.htm#kanchor174" UsedConditions="" LocalConditions="" /></Links><SeeAlsoLinks /><IndexControlLinks /></IndexEntry><IndexEntry Term="Wizard Item Properties"><Entries /><Links><IndexLink Title="Using the Wizard Builder" Link="/Content/Wizard_Builder/Using_the_Wizard_Builder.htm#kanchor176" UsedConditions="" LocalConditions="" /></Links><SeeAlsoLinks /><IndexControlLinks /></IndexEntry><IndexEntry Term="wizard items"><Entries><IndexEntry Term="connect"><Entries /><Links><IndexLink Title="Connect Wizard Items" Link="/Content/Wizard_Builder/Items/Connect_Wizard_Items.htm#kanchor212" UsedConditions="" LocalConditions="" /></Links><SeeAlsoLinks /><IndexControlLinks /></IndexEntry><IndexEntry Term="execution mode"><Entries /><Links><IndexLink Title="Wizard Items" Link="/Content/Wizard_Builder/Items/Wizard_Items.htm#kanchor201" UsedConditions="" LocalConditions="" /><IndexLink Title="Execution Mode of Wizard Items" Link="/Content/Wizard_Builder/Items/Execution_Mode_of_Wizard_Items.htm#kanchor215" UsedConditions="" LocalConditions="" /></Links><SeeAlsoLinks /><IndexControlLinks /></IndexEntry><IndexEntry Term="name"><Entries /><Links><IndexLink Title="Wizard Items" Link="/Content/Wizard_Builder/Items/Wizard_Items.htm#kanchor200" UsedConditions="" LocalConditions="" /></Links><SeeAlsoLinks /><IndexControlLinks /></IndexEntry><IndexEntry Term="value"><Entries /><Links><IndexLink Title="Add/Edit a Value Item" Link="/Content/Wizard_Builder/Items/Add_Edit_a_Value_Item.htm#kanchor210" UsedConditions="" LocalConditions="" /></Links><SeeAlsoLinks /><IndexControlLinks /></IndexEntry></Entries><Links><IndexLink Title="Wizard Items" Link="/Content/Wizard_Builder/Items/Wizard_Items.htm#kanchor197" UsedConditions="" LocalConditions="" /></Links><SeeAlsoLinks /><IndexControlLinks /></IndexEntry><IndexEntry Term="Wizard List update"><Entries /><Links><IndexLink Title="Update Wizard List" Link="/Content/Wizard_Builder/Update_Wizard_List.htm#kanchor189" UsedConditions="" LocalConditions="" /></Links><SeeAlsoLinks /><IndexControlLinks /></IndexEntry><IndexEntry Term="zoom"><Entries><IndexEntry Term="custom"><Entries /><Links><IndexLink Title="Custom Zoom" Link="/Content/Tools/Histogram_Window/Custom_Zoom.htm#kanchor143" UsedConditions="" LocalConditions="" /></Links><SeeAlsoLinks /><IndexControlLinks /></IndexEntry></Entries><Links><IndexLink Title="Zoom" Link="/Content/View/Zoom.htm#kanchor65" UsedConditions="" LocalConditions="" /></Links><SeeAlsoLinks /><IndexControlLinks /></IndexEntry></Entries></IndexEntry></CatapultTargetIndex>