﻿<?xml version="1.0" encoding="utf-8"?><CatapultTargetIndex><IndexEntry><Entries><IndexEntry Term="activate a histogram plot"><Entries /><Links><IndexLink Title="Activate a Histogram Plot" Link="/Content/Tools/Histogram_Window/Activate_a_Histogram_Plot.htm#kanchor121" UsedConditions="" /></Links></IndexEntry><IndexEntry Term="activate a layer"><Entries /><Links><IndexLink Title="Activate a Layer" Link="/Content/Layers/Activate_a_Layer.htm#kanchor77" UsedConditions="" /></Links></IndexEntry><IndexEntry Term="add"><Entries><IndexEntry Term="Value"><Entries /><Links><IndexLink Title="Add/Edit a Value Item" Link="/Content/Wizard_Builder/Items/Add_Edit_a_Value_Item.htm#kanchor200" UsedConditions="" /></Links></IndexEntry></Entries><Links /></IndexEntry><IndexEntry Term="animation"><Entries><IndexEntry Term="create"><Entries /><Links><IndexLink Title="Create Animation" Link="/Content/Animation/Create_Animation.htm#kanchor224" UsedConditions="" /></Links></IndexEntry><IndexEntry Term="delete"><Entries /><Links><IndexLink Title="Delete Animation" Link="/Content/Animation/Delete_Animation.htm#kanchor226" UsedConditions="" /></Links></IndexEntry><IndexEntry Term="play"><Entries /><Links><IndexLink Title="Play Animation" Link="/Content/Animation/Play_Animation.htm#kanchor225" UsedConditions="" /></Links></IndexEntry></Entries><Links><IndexLink Title="Animation Toolbar" Link="/Content/Animation/Animation_Toolbar.htm#kanchor29" UsedConditions="" /><IndexLink Title="Animation Toolbar" Link="/Content/Animation/Animation_Toolbar.htm#kanchor30" UsedConditions="" /></Links></IndexEntry><IndexEntry Term="Animation Bumpers"><Entries /><Links><IndexLink Title="Animation Bumpers" Link="/Content/Animation/Animation_Bumpers.htm#kanchor227" UsedConditions="" /></Links></IndexEntry><IndexEntry Term="animation cycle"><Entries /><Links><IndexLink Title="Animation Cycle" Link="/Content/Animation/Animation_Cycle.htm#kanchor315" UsedConditions="" /></Links></IndexEntry><IndexEntry Term="animation options"><Entries /><Links><IndexLink Title="Animation Options" Link="/Content/Options/Animation_Options.htm#kanchor339" UsedConditions="" /></Links></IndexEntry><IndexEntry Term="Animation Toolbar"><Entries /><Links><IndexLink Title="Animation Toolbar" Link="/Content/Animation/Animation_Toolbar.htm#kanchor29" UsedConditions="" /></Links></IndexEntry><IndexEntry Term="Annotation drop-down menu"><Entries /><Links><IndexLink Title="Annotation Drop-Down Menu" Link="/Content/Annotation/Annotation_Drop-Down_Menu.htm#kanchor95" UsedConditions="" /></Links></IndexEntry><IndexEntry Term="annotation image palette"><Entries /><Links><IndexLink Title="Annotation Image Palette" Link="/Content/Tools/Annotation_Image_Palette.htm#kanchor101" UsedConditions="" /></Links></IndexEntry><IndexEntry Term="annotation image palette options"><Entries /><Links><IndexLink Title="Annotation Image Palette Options" Link="/Content/Options/Annotation_Image_Options.htm#kanchor102" UsedConditions="" /></Links></IndexEntry><IndexEntry Term="Annotation layer"><Entries><IndexEntry Term="flatten"><Entries /><Links><IndexLink Title="Flatten Annotation Layer" Link="/Content/General_Algorithms/Flatten_Annotation_Layer.htm#kanchor103" UsedConditions="" /></Links></IndexEntry><IndexEntry Term="properties"><Entries /><Links><IndexLink Title="Annotation Layer Properties" Link="/Content/Properties/Annotation_Layer_Properties.htm#kanchor254" UsedConditions="" /></Links></IndexEntry></Entries><Links><IndexLink Title="Annotation Layer" Link="/Content/Annotation/Annotation_Layer.htm#kanchor93" UsedConditions="" /></Links></IndexEntry><IndexEntry Term="Annotation Layer options"><Entries /><Links><IndexLink Title="Annotation Layer Options" Link="/Content/Options/Annotation_Layer_Options.htm#kanchor233" UsedConditions="" /></Links></IndexEntry><IndexEntry Term="Annotation Objects"><Entries><IndexEntry Term="properties"><Entries /><Links><IndexLink Title="Properties for Annotation Objects" Link="/Content/Properties/Properties_for_Annotation_Objects.htm#kanchor342" UsedConditions="" /></Links></IndexEntry></Entries><Links><IndexLink Title="Working with Annotation Objects" Link="/Content/Annotation/Working_with_Annotation_Objects.htm#kanchor97" UsedConditions="" /><IndexLink Title="Annotation Objects" Link="/Content/Annotation/Annotation_Objects.htm#kanchor314" UsedConditions="" /></Links></IndexEntry><IndexEntry Term="Annotation Text Boxes"><Entries /><Links><IndexLink Title="Working with Annotation Text Boxes" Link="/Content/Annotation/Working_with_Annotation_Text_Boxes.htm#kanchor100" UsedConditions="" /></Links></IndexEntry><IndexEntry Term="Annotation Toolbar"><Entries /><Links><IndexLink Title="Annotation Toolbar" Link="/Content/Toolbars/Annotation_Toolbar.htm#kanchor22" UsedConditions="" /></Links></IndexEntry><IndexEntry Term="AOI"><Entries><IndexEntry Term="merge"><Entries /><Links><IndexLink Title="Merge AOIs" Link="/Content/AOI/Merge_AOIs.htm#kanchor89" UsedConditions="" /></Links></IndexEntry></Entries><Links><IndexLink Title="AOI" Link="/Content/AOI/AOI.htm#kanchor82" UsedConditions="" /><IndexLink Title="Tutorial: Subsetting, AOI, and PCA" Link="/Content/Tutorials/tutorial_subsetting_aoi_pca.htm#kanchor295" UsedConditions="" /></Links></IndexEntry><IndexEntry Term="AOI Draw Mode"><Entries /><Links><IndexLink Title="AOI" Link="/Content/AOI/AOI.htm#kanchor85" UsedConditions="" /></Links></IndexEntry><IndexEntry Term="AOI layer"><Entries><IndexEntry Term="properties"><Entries /><Links><IndexLink Title="AOI Layer Properties" Link="/Content/Properties/AOI_Layer_Properties.htm#kanchor91" UsedConditions="" /></Links></IndexEntry></Entries><Links><IndexLink Title="AOI" Link="/Content/AOI/AOI.htm#kanchor84" UsedConditions="" /></Links></IndexEntry><IndexEntry Term="AOI layer options"><Entries /><Links><IndexLink Title="AOI Layer Options" Link="/Content/Options/AOI_Layer_Options.htm#kanchor234" UsedConditions="" /></Links></IndexEntry><IndexEntry Term="AOI marker symbol"><Entries><IndexEntry Term="change"><Entries /><Links><IndexLink Title="Change AOI Marker Symbol" Link="/Content/AOI/Change_AOI_Marker_Symbol.htm#kanchor90" UsedConditions="" /></Links></IndexEntry></Entries><Links /></IndexEntry><IndexEntry Term="AOI Pixel Selection Tool"><Entries /><Links><IndexLink Title="AOI Pixel Selection Tool" Link="/Content/AOI/AOI_Pixel_Selection_Tool.htm#kanchor87" UsedConditions="" /></Links></IndexEntry><IndexEntry Term="AOI Toolbar"><Entries /><Links><IndexLink Title="AOI Toolbar" Link="/Content/Toolbars/AOI_Toolbar.htm#kanchor16" UsedConditions="" /></Links></IndexEntry><IndexEntry Term="Area of Interest"><Entries /><Links><IndexLink Title="AOI" Link="/Content/AOI/AOI.htm#kanchor83" UsedConditions="" /></Links></IndexEntry><IndexEntry Term="ASPAM importer"><Entries /><Links><IndexLink Title="Import ASPAM File" Link="/Content/Importers_Exporters/Import_ASPAM_File.htm#kanchor321" UsedConditions="" /></Links></IndexEntry><IndexEntry Term="ASPAM Toolbar"><Entries /><Links><IndexLink Title="ASPAM Toolbar" Link="/Content/Toolbars/ASPAM_Toolbar.htm#kanchor32" UsedConditions="" /></Links></IndexEntry><IndexEntry Term="ASPAM Viewer"><Entries /><Links><IndexLink Title="ASPAM Viewer" Link="/Content/Importers_Exporters/ASPAM_Viewer.htm#kanchor319" UsedConditions="" /></Links></IndexEntry><IndexEntry Term="AVI Exporter Options"><Entries /><Links><IndexLink Title="AVI Exporter Options" Link="/Content/Importers_Exporters/Export_Product_Options/AVI_Exporter_Options.htm#kanchor332" UsedConditions="" /></Links></IndexEntry><IndexEntry Term="Background Plug-In Window"><Entries /><Links><IndexLink Title="Background Plug-In Window" Link="/Content/Tools/Background_PlugIn_Window.htm#kanchor143" UsedConditions="" /></Links></IndexEntry><IndexEntry Term="bad values"><Entries /><Links><IndexLink Title="Band Bad Values" Link="/Content/Tools/Histogram_Window/Band_Bad_Values.htm#kanchor127" UsedConditions="" /></Links></IndexEntry><IndexEntry Term="band bad values"><Entries /><Links><IndexLink Title="Band Bad Values" Link="/Content/Tools/Histogram_Window/Band_Bad_Values.htm#kanchor128" UsedConditions="" /></Links></IndexEntry><IndexEntry Term="band math"><Entries><IndexEntry Term="operators"><Entries /><Links><IndexLink Title="Band Math Operators" Link="/Content/General_Algorithms/Band_Math_Operators.htm#kanchor318" UsedConditions="" /></Links></IndexEntry></Entries><Links><IndexLink Title="Band Math" Link="/Content/General_Algorithms/band_math.htm#kanchor267" UsedConditions="" /><IndexLink Title="Tutorial: Georeference, Measurement Tool, Band Math" Link="/Content/Tutorials/tutorial_georeference.htm#kanchor286" UsedConditions="" /></Links></IndexEntry><IndexEntry Term="batch mode"><Entries /><Links><IndexLink Title="Wizard Items" Link="/Content/Wizard_Builder/Items/Wizard_Items.htm#kanchor199" UsedConditions="" /><IndexLink Title="Tutorial: Run a Wizard in Batch Mode" Link="/Content/Tutorials/tutorial_batch_mode.htm#kanchor310" UsedConditions="" /></Links></IndexEntry><IndexEntry Term="Bitmap View Exporter"><Entries /><Links><IndexLink Title="Bitmap View Exporter" Link="/Content/Importers_Exporters/Export_Product_Options/Bitmap_View_Exporter.htm#kanchor333" UsedConditions="" /></Links></IndexEntry><IndexEntry Term="Brightness Toolbar"><Entries /><Links><IndexLink Title="Brightness Toolbar" Link="/Content/Toolbars/Brightness_Toolbar.htm#kanchor25" UsedConditions="" /></Links></IndexEntry><IndexEntry Term="brightness/contrast"><Entries /><Links><IndexLink Title="Brightness Toolbar" Link="/Content/Toolbars/Brightness_Toolbar.htm#kanchor24" UsedConditions="" /><IndexLink Title="Tutorial: Image Manipulation and Export" Link="/Content/Tutorials/Tutorial_Image_Manipulation.htm#kanchor283" UsedConditions="" /></Links></IndexEntry><IndexEntry Term="Change scale bar units"><Entries /><Links><IndexLink Title="Change Scale Bar Unit" Link="/Content/Annotation/Change_Scale_Bar_Unit.htm#kanchor98" UsedConditions="" /></Links></IndexEntry><IndexEntry Term="change up direction"><Entries /><Links><IndexLink Title="Change Up Direction" Link="/Content/General_Algorithms/Change_Up_Direction.htm#kanchor104" UsedConditions="" /></Links></IndexEntry><IndexEntry Term="chip of image"><Entries /><Links><IndexLink Title="Image Chipping Window" Link="/Content/Tools/Image_Chipping_Window.htm#kanchor69" UsedConditions="" /></Links></IndexEntry><IndexEntry Term="Clipping Tab"><Entries /><Links><IndexLink Title="Clipping Tab" Link="/Content/Geographic_Features/Clipping_Tab.htm#kanchor153" UsedConditions="" /></Links></IndexEntry><IndexEntry Term="close"><Entries><IndexEntry Term="window"><Entries /><Links><IndexLink Title="Close a Window" Link="/Content/Close_a_Window.htm#kanchor74" UsedConditions="" /></Links></IndexEntry><IndexEntry Term="Wizard Builder"><Entries /><Links><IndexLink Title="Wizard Builder: File Menu" Link="/Content/Wizard_Builder/Wizard_Builder__File_Menu.htm#kanchor355" UsedConditions="" /></Links></IndexEntry></Entries><Links /></IndexEntry><IndexEntry Term="color"><Entries><IndexEntry Term="edit"><Entries /><Links><IndexLink Title="Edit Color" Link="/Content/Edit_Color.htm#kanchor312" UsedConditions="" /></Links></IndexEntry></Entries><Links /></IndexEntry><IndexEntry Term="Color Map"><Entries><IndexEntry Term="create"><Entries /><Links><IndexLink Title="Create/Edit Color Map" Link="/Content/Tools/Histogram_Window/Create_Edit_Color_Map.htm#kanchor135" UsedConditions="" /></Links></IndexEntry><IndexEntry Term="edit"><Entries /><Links><IndexLink Title="Create/Edit Color Map" Link="/Content/Tools/Histogram_Window/Create_Edit_Color_Map.htm#kanchor135" UsedConditions="" /></Links></IndexEntry></Entries><Links><IndexLink Title="Color Map" Link="/Content/Tools/Histogram_Window/Color_Map.htm#kanchor133" UsedConditions="" /></Links></IndexEntry><IndexEntry Term="connect wizard items"><Entries /><Links><IndexLink Title="Connect Wizard Items" Link="/Content/Wizard_Builder/Items/Connect_Wizard_Items.htm#kanchor205" UsedConditions="" /></Links></IndexEntry><IndexEntry Term="Connection Tab"><Entries /><Links><IndexLink Title="Connection Tab" Link="/Content/Geographic_Features/Connection_Tab.htm#kanchor151" UsedConditions="" /></Links></IndexEntry><IndexEntry Term="Convolution Matrix Editor"><Entries /><Links><IndexLink Title="Convolution Matrix Editor" Link="/Content/Tools/Convolution_Matrix_Editor.htm#kanchor268" UsedConditions="" /></Links></IndexEntry><IndexEntry Term="copy"><Entries><IndexEntry Term="layers"><Entries /><Links><IndexLink Title="Copying Layers" Link="/Content/QuickLookDataFusion/Copying_Layers.htm#kanchor275" UsedConditions="" /></Links></IndexEntry><IndexEntry Term="snapshot"><Entries /><Links><IndexLink Title="Create a Snapshot" Link="/Content/View/Copy_Snapshot.htm#kanchor71" UsedConditions="" /></Links></IndexEntry><IndexEntry Term="Wizard Builder"><Entries /><Links><IndexLink Title="Wizard Builder: Edit Menu" Link="/Content/Wizard_Builder/Wizard_Builder__Edit_Menu.htm#kanchor351" UsedConditions="" /></Links></IndexEntry></Entries><Links /></IndexEntry><IndexEntry Term="create"><Entries><IndexEntry Term="animation"><Entries /><Links><IndexLink Title="Create Animation" Link="/Content/Animation/Create_Animation.htm#kanchor224" UsedConditions="" /></Links></IndexEntry><IndexEntry Term="AOI"><Entries /><Links><IndexLink Title="AOI" Link="/Content/AOI/AOI.htm#kanchor81" UsedConditions="" /></Links></IndexEntry><IndexEntry Term="Color Map"><Entries /><Links><IndexLink Title="Create/Edit Color Map" Link="/Content/Tools/Histogram_Window/Create_Edit_Color_Map.htm#kanchor135" UsedConditions="" /></Links></IndexEntry><IndexEntry Term="new layer"><Entries /><Links><IndexLink Title="Create a New Layer" Link="/Content/Layers/Create_a_New_Layer.htm#kanchor78" UsedConditions="" /></Links></IndexEntry><IndexEntry Term="new session"><Entries /><Links><IndexLink Title="Create a New Session" Link="/Content/Sessions/Create_a_New_Session.htm#kanchor111" UsedConditions="" /></Links></IndexEntry><IndexEntry Term="product"><Entries /><Links><IndexLink Title="Create a New Product" Link="/Content/Products/Create_a_New_Product.htm#kanchor213" UsedConditions="" /></Links></IndexEntry><IndexEntry Term="tie points"><Entries /><Links><IndexLink Title="Creating Tie Points" Link="/Content/QuickLookDataFusion/creating_tie_points.htm#kanchor272" UsedConditions="" /></Links></IndexEntry><IndexEntry Term="wizard"><Entries /><Links><IndexLink Title="Create a Wizard" Link="/Content/Wizard_Builder/Create_a_Wizard.htm#kanchor174" UsedConditions="" /></Links></IndexEntry></Entries><Links /></IndexEntry><IndexEntry Term="create shortcut keys"><Entries /><Links><IndexLink Title="Creating Shortcut Keys" Link="/Content/Options/Creating_Shortcut_Keys.htm#kanchor340" UsedConditions="" /></Links></IndexEntry><IndexEntry Term="cube layer properties"><Entries /><Links><IndexLink Title="Cube Layer Properties" Link="/Content/Properties/Cube_Layer_Properties.htm#kanchor250" UsedConditions="" /></Links></IndexEntry><IndexEntry Term="custom zoom"><Entries /><Links><IndexLink Title="Custom Zoom" Link="/Content/Tools/Histogram_Window/Custom_Zoom.htm#kanchor136" UsedConditions="" /></Links></IndexEntry><IndexEntry Term="cut"><Entries><IndexEntry Term="Wizard Builder"><Entries /><Links><IndexLink Title="Wizard Builder: Edit Menu" Link="/Content/Wizard_Builder/Wizard_Builder__Edit_Menu.htm#kanchor352" UsedConditions="" /></Links></IndexEntry></Entries><Links /></IndexEntry><IndexEntry Term="Data Elements Properties"><Entries /><Links><IndexLink Title="Data Elements Properties" Link="/Content/Properties/Data_Elements_Properties.htm#kanchor242" UsedConditions="" /></Links></IndexEntry><IndexEntry Term="data files"><Entries><IndexEntry Term="import"><Entries /><Links><IndexLink Title="Import Data" Link="/Content/Importers_Exporters/Import_Data.htm#kanchor37" UsedConditions="" /></Links></IndexEntry></Entries><Links><IndexLink Title="About Opticks Suite Data Files" Link="/Content/about_opticks_suite_data_files.htm#kanchor43" UsedConditions="" /></Links></IndexEntry><IndexEntry Term="data set"><Entries><IndexEntry Term="export"><Entries /><Links><IndexLink Title="Export Data Set" Link="/Content/Importers_Exporters/Export_Data_Set.htm#kanchor46" UsedConditions="" /></Links></IndexEntry><IndexEntry Term="import"><Entries /><Links><IndexLink Title="About Importing Data Sets" Link="/Content/Importers_Exporters/Options/About_Importing_Data_Sets.htm#kanchor326" UsedConditions="" /></Links></IndexEntry><IndexEntry Term="link/unliink"><Entries /><Links><IndexLink Title="Link/Unlink" Link="/Content/Tools/Link_Unlink.htm#kanchor67" UsedConditions="" /></Links></IndexEntry></Entries><Links /></IndexEntry><IndexEntry Term="data set exporters"><Entries /><Links><IndexLink Title="Data Set Exporters" Link="/Content/Importers_Exporters/Export_Data_Options/Data_Set_Exporters.htm#kanchor47" UsedConditions="" /></Links></IndexEntry><IndexEntry Term="Data tab"><Entries /><Links><IndexLink Title="Data Tab" Link="/Content/Importers_Exporters/Options/Data_Tab.htm#kanchor322" UsedConditions="" /></Links></IndexEntry><IndexEntry Term="decrease order of wizard items"><Entries /><Links><IndexLink Title="Wizard Builder: Item Menu" Link="/Content/Wizard_Builder/Wizard_Builder__Item_Menu.htm#kanchor363" UsedConditions="" /></Links></IndexEntry><IndexEntry Term="default keyboard shortcuts"><Entries /><Links><IndexLink Title="Default Keyboard Shortcuts" Link="/Content/Options/Default_Keyboard_Shortcuts.htm#kanchor338" UsedConditions="" /></Links></IndexEntry><IndexEntry Term="delete"><Entries><IndexEntry Term="animation"><Entries /><Links><IndexLink Title="Delete Animation" Link="/Content/Animation/Delete_Animation.htm#kanchor226" UsedConditions="" /></Links></IndexEntry></Entries><Links /></IndexEntry><IndexEntry Term="delete tie points"><Entries /><Links><IndexLink Title="Delete Tie Points" Link="/Content/Tie_Points/Delete_Tie_Points.htm#kanchor117" UsedConditions="" /></Links></IndexEntry><IndexEntry Term="derive a product"><Entries /><Links><IndexLink Title="Derive a Product" Link="/Content/Products/Derive_a_Product.htm#kanchor215" UsedConditions="" /></Links></IndexEntry><IndexEntry Term="Display Tab"><Entries /><Links><IndexLink Title="Display Tab" Link="/Content/Geographic_Features/Display_Tab.htm#kanchor152" UsedConditions="" /></Links></IndexEntry><IndexEntry Term="Display Toolbar"><Entries /><Links><IndexLink Title="Display Toolbar" Link="/Content/Toolbars/Display_Toolbar.htm#kanchor14" UsedConditions="" /></Links></IndexEntry><IndexEntry Term="Displayed Band"><Entries /><Links><IndexLink Title="Displayed Band" Link="/Content/Tools/Histogram_Window/Displayed_Band.htm#kanchor131" UsedConditions="" /></Links></IndexEntry><IndexEntry Term="distance units"><Entries /><Links><IndexLink Title="Distance Units" Link="/Content/Toolbars/Distance_Units.htm#kanchor344" UsedConditions="" /></Links></IndexEntry><IndexEntry Term="dock window"><Entries /><Links><IndexLink Title="Moving and Hiding a Dock Window" Link="/Content/Tools/Histogram_Window/Moving_and_Hiding_a_Dock_Window.htm#kanchor118" UsedConditions="" /></Links></IndexEntry><IndexEntry Term="drop-down menus"><Entries><IndexEntry Term="Annotation"><Entries /><Links><IndexLink Title="Annotation Drop-Down Menu" Link="/Content/Annotation/Annotation_Drop-Down_Menu.htm#kanchor96" UsedConditions="" /></Links></IndexEntry><IndexEntry Term="Wizard Builder"><Entries /><Links><IndexLink Title="Using the Wizard Builder" Link="/Content/Wizard_Builder/Using_the_Wizard_Builder.htm#kanchor157" UsedConditions="" /></Links></IndexEntry></Entries><Links><IndexLink Title="Working with the Main Application Window" Link="/Content/Working_with_the_Main_Application_Window.htm#kanchor3" UsedConditions="" /></Links></IndexEntry><IndexEntry Term="edit"><Entries><IndexEntry Term="color"><Entries /><Links><IndexLink Title="Edit Color" Link="/Content/Edit_Color.htm#kanchor313" UsedConditions="" /></Links></IndexEntry><IndexEntry Term="Color Map"><Entries /><Links><IndexLink Title="Create/Edit Color Map" Link="/Content/Tools/Histogram_Window/Create_Edit_Color_Map.htm#kanchor135" UsedConditions="" /></Links></IndexEntry><IndexEntry Term="selected view"><Entries /><Links><IndexLink Title="Edit Selected View" Link="/Content/Products/Edit_Selected_View.htm#kanchor218" UsedConditions="" /></Links></IndexEntry><IndexEntry Term="Value item"><Entries /><Links><IndexLink Title="Add/Edit a Value Item" Link="/Content/Wizard_Builder/Items/Add_Edit_a_Value_Item.htm#kanchor201" UsedConditions="" /></Links></IndexEntry></Entries><Links /></IndexEntry><IndexEntry Term="Edit menu"><Entries><IndexEntry Term="Wizard Builder"><Entries /><Links><IndexLink Title="Wizard Builder: Edit Menu" Link="/Content/Wizard_Builder/Wizard_Builder__Edit_Menu.htm#kanchor353" UsedConditions="" /></Links></IndexEntry></Entries><Links /></IndexEntry><IndexEntry Term="ENVI"><Entries /><Links><IndexLink Title="ENVI Importer" Link="/Content/Importers_Exporters/ENVI_Importer.htm#kanchor57" UsedConditions="" /><IndexLink Title="ENVI Library Importer" Link="/Content/Importers_Exporters/ENVI_Library_Importer.htm#kanchor58" UsedConditions="" /><IndexLink Title="ENVI Library Exporter" Link="/Content/Importers_Exporters/ENVI_Library_Exporter.htm#kanchor59" UsedConditions="" /><IndexLink Title="ENVI Header Format" Link="/Content/Importers_Exporters/ENVI_Header_Format.htm#kanchor320" UsedConditions="" /></Links></IndexEntry><IndexEntry Term="ENVI Exporter Options"><Entries /><Links><IndexLink Title="ENVI Exporter Options" Link="/Content/Importers_Exporters/Export_Data_Options/ENVI_Exporter_Options.htm#kanchor327" UsedConditions="" /></Links></IndexEntry><IndexEntry Term="execute a wizard"><Entries /><Links><IndexLink Title="Create a Wizard" Link="/Content/Wizard_Builder/Create_a_Wizard.htm#kanchor173" UsedConditions="" /></Links></IndexEntry><IndexEntry Term="execution mode"><Entries><IndexEntry Term="wizard item"><Entries /><Links><IndexLink Title="Wizard Items" Link="/Content/Wizard_Builder/Items/Wizard_Items.htm#kanchor188" UsedConditions="" /><IndexLink Title="Execution Mode of Wizard Items" Link="/Content/Wizard_Builder/Items/Execution_Mode_of_Wizard_Items.htm#kanchor210" UsedConditions="" /></Links></IndexEntry><IndexEntry Term="wizards"><Entries /><Links><IndexLink Title="Wizard Execution Mode" Link="/Content/Wizard_Builder/Wizard_Execution_Mode.htm#kanchor185" UsedConditions="" /></Links></IndexEntry></Entries><Links><IndexLink Title="Execution Mode of Wizard Items" Link="/Content/Wizard_Builder/Items/Execution_Mode_of_Wizard_Items.htm#kanchor208" UsedConditions="" /></Links></IndexEntry><IndexEntry Term="execution order number"><Entries /><Links><IndexLink Title="Wizard Items" Link="/Content/Wizard_Builder/Items/Wizard_Items.htm#kanchor192" UsedConditions="" /></Links></IndexEntry><IndexEntry Term="export"><Entries><IndexEntry Term="data set"><Entries /><Links><IndexLink Title="Export Data Set" Link="/Content/Importers_Exporters/Export_Data_Set.htm#kanchor45" UsedConditions="" /></Links></IndexEntry><IndexEntry Term="product data"><Entries /><Links><IndexLink Title="Export Product Data" Link="/Content/Importers_Exporters/Export_Product_Data.htm#kanchor51" UsedConditions="" /></Links></IndexEntry><IndexEntry Term="results matrix"><Entries /><Links><IndexLink Title="Export Results Matrix" Link="/Content/Importers_Exporters/Export_Results_Matrix.htm#kanchor49" UsedConditions="" /></Links></IndexEntry><IndexEntry Term="shape file"><Entries /><Links><IndexLink Title="Export Shape File" Link="/Content/Importers_Exporters/Export_Shape_File.htm#kanchor54" UsedConditions="" /><IndexLink Title="Tutorial: Export Shape Files" Link="/Content/Tutorials/tutorial_export_shape_files.htm#kanchor303" UsedConditions="" /></Links></IndexEntry></Entries><Links><IndexLink Title="Tutorial: Image Manipulation and Export" Link="/Content/Tutorials/Tutorial_Image_Manipulation.htm#kanchor281" UsedConditions="" /><IndexLink Title="Tutorial: Georeference, Measurement Tool, Band Math" Link="/Content/Tutorials/tutorial_georeference.htm#kanchor288" UsedConditions="" /></Links></IndexEntry><IndexEntry Term="export options"><Entries /><Links><IndexLink Title="Export Options" Link="/Content/Options/Export_Options.htm#kanchor231" UsedConditions="" /></Links></IndexEntry><IndexEntry Term="export primary raster element"><Entries /><Links><IndexLink Title="Export Primary Raster Element" Link="/Content/Importers_Exporters/Export_Primary_Raster_Element.htm#kanchor55" UsedConditions="" /></Links></IndexEntry><IndexEntry Term="Exporters"><Entries><IndexEntry Term="data set"><Entries /><Links><IndexLink Title="Data Set Exporters" Link="/Content/Importers_Exporters/Export_Data_Options/Data_Set_Exporters.htm#kanchor47" UsedConditions="" /></Links></IndexEntry><IndexEntry Term="product data"><Entries /><Links><IndexLink Title="Product Data Exporters" Link="/Content/Importers_Exporters/Export_Product_Options/Product_Data_Exporters.htm#kanchor52" UsedConditions="" /></Links></IndexEntry></Entries><Links /></IndexEntry><IndexEntry Term="file"><Entries><IndexEntry Term="open"><Entries /><Links><IndexLink Title="Import Data" Link="/Content/Importers_Exporters/Import_Data.htm#kanchor35" UsedConditions="" /><IndexLink Title="Open Files When Opticks Starts" Link="/Content/Open_Files_When_Opticks_Starts.htm#kanchor38" UsedConditions="" /></Links></IndexEntry></Entries><Links /></IndexEntry><IndexEntry Term="File menu"><Entries><IndexEntry Term="Wizard Builder"><Entries /><Links><IndexLink Title="Wizard Builder: File Menu" Link="/Content/Wizard_Builder/Wizard_Builder__File_Menu.htm#kanchor359" UsedConditions="" /></Links></IndexEntry></Entries><Links /></IndexEntry><IndexEntry Term="File tab"><Entries /><Links><IndexLink Title="File Tab" Link="/Content/Importers_Exporters/Options/File_Tab.htm#kanchor323" UsedConditions="" /></Links></IndexEntry><IndexEntry Term="flatten annotation layer"><Entries /><Links><IndexLink Title="Flatten Annotation Layer" Link="/Content/General_Algorithms/Flatten_Annotation_Layer.htm#kanchor103" UsedConditions="" /></Links></IndexEntry><IndexEntry Term="frame speed"><Entries /><Links><IndexLink Title="Frame Speed" Link="/Content/Animation/Frame_Speed.htm#kanchor316" UsedConditions="" /></Links></IndexEntry><IndexEntry Term="fused views"><Entries /><Links><IndexLink Title="Manipulating Fused Views" Link="/Content/QuickLookDataFusion/manipulating_fused_views.htm#kanchor278" UsedConditions="" /></Links></IndexEntry><IndexEntry Term="GCP"><Entries><IndexEntry Term="GCP Editor"><Entries /><Links><IndexLink Title="GCP Editor" Link="/Content/Geo/GCP_Editor.htm#kanchor106" UsedConditions="" /></Links></IndexEntry><IndexEntry Term="layer properties"><Entries /><Links><IndexLink Title="GCP Layer Properties" Link="/Content/Properties/GCP_Layer_Properties.htm#kanchor252" UsedConditions="" /></Links></IndexEntry></Entries><Links><IndexLink Title="GCP" Link="/Content/Geo/GCP.htm#kanchor105" UsedConditions="" /><IndexLink Title="More About Georeferencing" Link="/Content/Tutorials/More_About_Georeferencing.htm#kanchor348" UsedConditions="" /></Links></IndexEntry><IndexEntry Term="GCP Layer options"><Entries /><Links><IndexLink Title="GCP Layer Options" Link="/Content/Options/GCP_Layer_Options.htm#kanchor235" UsedConditions="" /></Links></IndexEntry><IndexEntry Term="GCP lists"><Entries /><Links><IndexLink Title="GCP Lists" Link="/Content/Geo/GCP_Lists.htm#kanchor107" UsedConditions="" /></Links></IndexEntry><IndexEntry Term="GCP polynomial order"><Entries /><Links><IndexLink Title="GCP Polynomial Order" Link="/Content/Geo/gcp_polynomial_order.htm#kanchor317" UsedConditions="" /></Links></IndexEntry></Entries></IndexEntry></CatapultTargetIndex>