﻿<?xml version="1.0" encoding="utf-8"?><index><stem n="express"><phr n="expressions"><ent r="3" t="164" w="17" /></phr><phr n="expression"><ent r="4" t="164" w="145" /><ent r="3" t="164" w="168" /><ent r="3" t="164" w="184" /><ent r="3" t="164" w="281" /><ent r="3" t="164" w="294" /><ent r="5" t="181" w="642" /><ent r="3" t="181" w="678" /><ent r="7" t="181" w="1173" /><ent r="4" t="181" w="1232" /><ent r="3" t="181" w="1377" /><ent r="7" t="182" w="1036" /><ent r="7" t="182" w="1038" /><ent r="3" t="182" w="1333" /></phr><phr n="Expression"><ent r="4" t="181" w="1116" /><ent r="7" t="181" w="1175" /><ent r="7" t="181" w="1181" /><ent r="7" t="182" w="1044" /></phr></stem><stem n="bands/cub"><phr n="bands/cubes"><ent r="4" t="164" w="152" /><ent r="4" t="164" w="151" /></phr></stem><stem n="bands/cubes."><phr n="bands/cubes."><ent r="4" t="164" w="152" /><ent r="4" t="164" w="151" /></phr></stem><stem n="/cubes."><phr n="/cubes."><ent r="4" t="164" w="153" /></phr></stem><stem n="(and"><phr n="(and"><ent r="3" t="164" w="162" /></phr></stem><stem n="multi-cub"><phr n="multi-cube"><ent r="3" t="164" w="165" /></phr></stem><stem n="-cube),"><phr n="-cube),"><ent r="3" t="164" w="167" /><ent r="3" t="164" w="167" /></phr></stem><stem n="evalu"><phr n="evaluated"><ent r="3" t="164" w="171" /></phr></stem><stem n="definit"><phr n="definitions"><ent r="3" t="164" w="187" /></phr><phr n="Definition"><ent r="6" t="223" w="17" /></phr></stem><stem n="radian"><phr n="Radians"><ent r="5" t="164" w="203" /></phr><phr n="radians"><ent r="4" t="164" w="216" /></phr></stem><stem n="triginometr"><phr n="triginometric"><ent r="4" t="164" w="209" /></phr></stem><stem n="sing"><phr n="singe"><ent r="3" t="164" w="264" /></phr></stem><stem n="convolut"><phr n="Convolution"><ent r="1000" t="165" w="1" /><ent r="102" t="165" w="5" /><ent r="100" t="165" w="7" /><ent r="3" t="165" w="17" /><ent r="4" t="165" w="29" /><ent r="4" t="165" w="45" /></phr></stem><stem n="divid"><phr n="divided"><ent r="3" t="165" w="126" /></phr><phr n="divide"><ent r="3" t="165" w="149" /></phr><phr n="Divide"><ent r="7" t="191" w="19" /></phr></stem><stem n="divisor"><phr n="Divisor"><ent r="4" t="165" w="144" /></phr></stem><stem n="convolv"><phr n="convolving"><ent r="6" t="165" w="194" /></phr></stem><stem n="futur"><phr n="future"><ent r="3" t="165" w="221" /><ent r="5" t="167" w="288" /><ent r="3" t="176" w="653" /><ent r="3" t="179" w="404" /></phr></stem><stem n="-look"><phr n="-Look"><ent r="1000" t="166" w="3" /><ent r="1000" t="166" w="3" /><ent r="100" t="166" w="10" /><ent r="100" t="166" w="10" /><ent r="102" t="166" w="26" /><ent r="102" t="166" w="26" /><ent r="3" t="166" w="35" /><ent r="3" t="166" w="35" /><ent r="64" t="166" w="315" /><ent r="64" t="166" w="315" /><ent r="1000" t="167" w="3" /><ent r="1000" t="167" w="3" /><ent r="100" t="167" w="10" /><ent r="100" t="167" w="10" /><ent r="102" t="167" w="20" /><ent r="102" t="167" w="20" /><ent r="4" t="167" w="149" /><ent r="4" t="167" w="149" /><ent r="5" t="167" w="158" /><ent r="5" t="167" w="158" /><ent r="3" t="169" w="14" /><ent r="3" t="169" w="14" /><ent r="64" t="172" w="353" /><ent r="64" t="172" w="353" /><ent r="1000" t="176" w="2" /><ent r="1000" t="176" w="2" /><ent r="100" t="176" w="9" /><ent r="100" t="176" w="9" /><ent r="102" t="176" w="19" /><ent r="102" t="176" w="19" /><ent r="3" t="176" w="58" /><ent r="3" t="176" w="58" /><ent r="4" t="176" w="79" /><ent r="4" t="176" w="79" /><ent r="4" t="176" w="108" /><ent r="4" t="176" w="108" /><ent r="4" t="176" w="398" /><ent r="4" t="176" w="398" /><ent r="3" t="176" w="406" /><ent r="3" t="176" w="406" /><ent r="4" t="176" w="416" /><ent r="4" t="176" w="416" /><ent r="3" t="176" w="641" /><ent r="3" t="176" w="641" /><ent r="4" t="176" w="695" /><ent r="4" t="176" w="695" /><ent r="4" t="176" w="792" /><ent r="4" t="176" w="792" /><ent r="4" t="176" w="961" /><ent r="4" t="176" w="961" /><ent r="4" t="176" w="1511" /><ent r="4" t="176" w="1511" /><ent r="3" t="176" w="1580" /><ent r="3" t="176" w="1580" /></phr></stem><stem n="quick"><phr n="Quick"><ent r="1000" t="166" w="3" /><ent r="100" t="166" w="10" /><ent r="100" t="166" w="19" /><ent r="102" t="166" w="26" /><ent r="3" t="166" w="35" /><ent r="64" t="166" w="315" /><ent r="1000" t="167" w="3" /><ent r="100" t="167" w="10" /><ent r="102" t="167" w="20" /><ent r="4" t="167" w="149" /><ent r="5" t="167" w="158" /><ent r="4" t="167" w="276" /><ent r="3" t="169" w="14" /><ent r="64" t="172" w="353" /><ent r="1000" t="176" w="2" /><ent r="100" t="176" w="9" /><ent r="102" t="176" w="19" /><ent r="3" t="176" w="58" /><ent r="4" t="176" w="79" /><ent r="4" t="176" w="108" /><ent r="4" t="176" w="398" /><ent r="3" t="176" w="406" /><ent r="4" t="176" w="416" /><ent r="3" t="176" w="641" /><ent r="4" t="176" w="695" /><ent r="4" t="176" w="792" /><ent r="4" t="176" w="961" /><ent r="4" t="176" w="1511" /><ent r="3" t="176" w="1580" /></phr></stem><stem n="quick-look"><phr n="Quick-Look"><ent r="1000" t="166" w="3" /><ent r="100" t="166" w="10" /><ent r="100" t="166" w="19" /><ent r="102" t="166" w="26" /><ent r="3" t="166" w="35" /><ent r="64" t="166" w="315" /><ent r="1000" t="167" w="3" /><ent r="100" t="167" w="10" /><ent r="102" t="167" w="20" /><ent r="4" t="167" w="149" /><ent r="5" t="167" w="158" /><ent r="3" t="169" w="14" /><ent r="64" t="172" w="353" /><ent r="1000" t="176" w="2" /><ent r="100" t="176" w="9" /><ent r="102" t="176" w="19" /><ent r="3" t="176" w="58" /><ent r="4" t="176" w="79" /><ent r="4" t="176" w="108" /><ent r="4" t="176" w="398" /><ent r="3" t="176" w="406" /><ent r="4" t="176" w="416" /><ent r="3" t="176" w="641" /><ent r="4" t="176" w="695" /><ent r="4" t="176" w="792" /><ent r="4" t="176" w="961" /><ent r="4" t="176" w="1511" /><ent r="3" t="176" w="1580" /></phr></stem><stem n="-in:quick-look"><phr n="-in:Quick-Look"><ent r="100" t="166" w="19" /><ent r="100" t="166" w="20" /></phr></stem><stem n="fuse"><phr n="fuses"><ent r="3" t="166" w="41" /></phr><phr n="fusing"><ent r="3" t="166" w="117" /><ent r="4" t="167" w="91" /><ent r="3" t="176" w="499" /></phr><phr n="fused"><ent r="4" t="166" w="137" /><ent r="4" t="166" w="152" /><ent r="4" t="166" w="206" /><ent r="3" t="169" w="37" /><ent r="3" t="170" w="42" /><ent r="4" t="170" w="171" /><ent r="100" t="171" w="5" /><ent r="4" t="171" w="361" /><ent r="4" t="176" w="99" /><ent r="3" t="176" w="1004" /><ent r="4" t="176" w="1148" /></phr><phr n="fuse"><ent r="4" t="166" w="221" /><ent r="3" t="176" w="120" /><ent r="4" t="176" w="1093" /></phr><phr n="Fused"><ent r="64" t="170" w="364" /><ent r="1000" t="171" w="2" /><ent r="102" t="171" w="9" /></phr></stem><stem n="eo"><phr n="EO"><ent r="3" t="166" w="48" /><ent r="4" t="167" w="97" /></phr></stem><stem n="thermal"><phr n="Thermal"><ent r="3" t="166" w="50" /></phr></stem><stem n="ir"><phr n="IR"><ent r="3" t="166" w="51" /><ent r="3" t="174" w="314" /></phr><phr n="ir"><ent r="5" t="176" w="357" /><ent r="5" t="176" w="365" /><ent r="5" t="176" w="435" /><ent r="5" t="176" w="452" /></phr></stem><stem n="skew"><phr n="skewed"><ent r="3" t="166" w="60" /><ent r="3" t="176" w="133" /></phr></stem><stem n="translat"><phr n="translated"><ent r="3" t="166" w="63" /><ent r="3" t="176" w="136" /></phr><phr n="translation"><ent r="3" t="171" w="61" /><ent r="3" t="176" w="1278" /></phr></stem><stem n="-gener"><phr n="-generation"><ent r="3" t="166" w="65" /><ent r="3" t="166" w="65" /></phr></stem><stem n="next-gener"><phr n="next-generation"><ent r="3" t="166" w="65" /></phr></stem><stem n="better"><phr n="better"><ent r="3" t="166" w="72" /><ent r="4" t="167" w="88" /><ent r="3" t="174" w="849" /><ent r="3" t="176" w="496" /><ent r="4" t="202" w="429" /></phr></stem><stem n="design"><phr n="designed"><ent r="3" t="166" w="86" /><ent r="3" t="173" w="101" /></phr><phr n="designated"><ent r="3" t="172" w="49" /></phr><phr n="Designate"><ent r="92" t="175" w="831" /><ent r="4" t="176" w="93" /></phr><phr n="designate"><ent r="3" t="175" w="843" /></phr><phr n="designates"><ent r="3" t="177" w="293" /><ent r="3" t="178" w="282" /></phr></stem><stem n="restrict"><phr n="restrictions"><ent r="3" t="166" w="125" /><ent r="4" t="202" w="605" /></phr><phr n="Restrictions"><ent r="6" t="236" w="36" /></phr></stem><stem n="secondari"><phr n="Secondary"><ent r="4" t="166" w="133" /><ent r="4" t="167" w="75" /><ent r="4" t="167" w="115" /><ent r="4" t="167" w="184" /><ent r="5" t="170" w="229" /><ent r="4" t="176" w="462" /><ent r="3" t="176" w="481" /><ent r="3" t="176" w="521" /><ent r="4" t="176" w="1376" /></phr><phr n="secondary"><ent r="3" t="167" w="44" /><ent r="4" t="168" w="107" /><ent r="4" t="170" w="211" /><ent r="3" t="171" w="64" /><ent r="4" t="171" w="277" /><ent r="3" t="176" w="843" /><ent r="4" t="176" w="862" /><ent r="3" t="176" w="1281" /><ent r="3" t="176" w="1455" /><ent r="4" t="176" w="1521" /></phr></stem><stem n="lack"><phr n="lacking"><ent r="4" t="166" w="154" /></phr></stem><stem n="(ground"><phr n="(Ground"><ent r="4" t="166" w="162" /></phr></stem><stem n="accur"><phr n="accurately"><ent r="4" t="166" w="200" /></phr><phr n="accurate"><ent r="3" t="167" w="250" /><ent r="3" t="174" w="841" /><ent r="3" t="176" w="605" /></phr></stem><stem n="-by-sid"><phr n="-by-side"><ent r="4" t="166" w="208" /><ent r="4" t="166" w="209" /><ent r="4" t="166" w="223" /><ent r="4" t="166" w="224" /><ent r="4" t="170" w="242" /><ent r="4" t="170" w="243" /><ent r="3" t="171" w="31" /><ent r="3" t="171" w="32" /><ent r="3" t="171" w="294" /><ent r="3" t="171" w="295" /><ent r="4" t="171" w="304" /><ent r="4" t="171" w="305" /><ent r="4" t="171" w="381" /><ent r="4" t="171" w="382" /><ent r="4" t="171" w="401" /><ent r="4" t="171" w="402" /><ent r="3" t="176" w="1495" /><ent r="3" t="176" w="1496" /><ent r="4" t="176" w="1539" /><ent r="4" t="176" w="1540" /><ent r="3" t="176" w="1571" /><ent r="3" t="176" w="1572" /></phr><phr n="-by-Side"><ent r="3" t="170" w="51" /><ent r="3" t="170" w="52" /><ent r="5" t="170" w="144" /><ent r="5" t="170" w="145" /><ent r="92" t="171" w="286" /><ent r="92" t="171" w="287" /><ent r="3" t="176" w="1015" /><ent r="3" t="176" w="1016" /><ent r="92" t="176" w="1487" /><ent r="92" t="176" w="1488" /></phr></stem><stem n="side-bi"><phr n="side-by"><ent r="4" t="166" w="208" /><ent r="4" t="166" w="223" /><ent r="4" t="170" w="242" /><ent r="3" t="171" w="31" /><ent r="3" t="171" w="294" /><ent r="4" t="171" w="304" /><ent r="4" t="171" w="381" /><ent r="4" t="171" w="401" /><ent r="4" t="174" w="2152" /><ent r="3" t="176" w="1495" /><ent r="4" t="176" w="1539" /><ent r="3" t="176" w="1571" /><ent r="4" t="180" w="985" /></phr><phr n="Side-by"><ent r="3" t="170" w="51" /><ent r="5" t="170" w="144" /><ent r="92" t="171" w="286" /><ent r="3" t="176" w="1015" /><ent r="92" t="176" w="1487" /></phr></stem><stem n="side-by-sid"><phr n="side-by-side"><ent r="4" t="166" w="208" /><ent r="4" t="166" w="223" /><ent r="4" t="170" w="242" /><ent r="3" t="171" w="31" /><ent r="3" t="171" w="294" /><ent r="4" t="171" w="304" /><ent r="4" t="171" w="381" /><ent r="4" t="171" w="401" /><ent r="4" t="174" w="2152" /><ent r="3" t="176" w="1495" /><ent r="4" t="176" w="1539" /><ent r="3" t="176" w="1571" /><ent r="4" t="180" w="985" /></phr><phr n="Side-by-Side"><ent r="3" t="170" w="51" /><ent r="5" t="170" w="144" /><ent r="92" t="171" w="286" /><ent r="3" t="176" w="1015" /><ent r="92" t="176" w="1487" /></phr></stem><stem n="by-sid"><phr n="by-side"><ent r="4" t="166" w="209" /><ent r="4" t="166" w="224" /><ent r="4" t="170" w="243" /><ent r="3" t="171" w="32" /><ent r="3" t="171" w="295" /><ent r="4" t="171" w="305" /><ent r="4" t="171" w="382" /><ent r="4" t="171" w="402" /><ent r="4" t="174" w="2153" /><ent r="3" t="176" w="1496" /><ent r="4" t="176" w="1540" /><ent r="3" t="176" w="1572" /><ent r="4" t="180" w="986" /></phr><phr n="by-Side"><ent r="3" t="170" w="52" /><ent r="5" t="170" w="145" /><ent r="92" t="171" w="287" /><ent r="3" t="176" w="1016" /><ent r="92" t="176" w="1488" /></phr></stem><stem n="why"><phr n="why"><ent r="4" t="166" w="218" /></phr></stem><stem n="fall"><phr n="fall"><ent r="4" t="166" w="241" /></phr></stem><stem n="categori"><phr n="category"><ent r="4" t="166" w="244" /></phr></stem><stem n="geoloc"><phr n="geolocation"><ent r="4" t="166" w="250" /><ent r="3" t="168" w="56" /><ent r="3" t="176" w="758" /></phr></stem><stem n="problem"><phr n="problems"><ent r="4" t="166" w="258" /></phr></stem><stem n="desk"><phr n="Desk"><ent r="4" t="166" w="269" /></phr></stem><stem n="“not"><phr n="“Not"><ent r="4" t="166" w="277" /></phr></stem><stem n="“for"><phr n="“For"><ent r="4" t="166" w="282" /></phr></stem><stem n="dodii"><phr n="DODIIS"><ent r="4" t="166" w="299" /></phr></stem><stem n="certifi"><phr n="certified"><ent r="4" t="166" w="300" /></phr></stem><stem n="-in:start"><phr n="-in:starting"><ent r="100" t="167" w="16" /><ent r="100" t="167" w="16" /></phr></stem><stem n="properli"><phr n="properly"><ent r="4" t="167" w="61" /></phr></stem><stem n="recommend"><phr n="recommend"><ent r="4" t="167" w="64" /><ent r="3" t="176" w="470" /><ent r="3" t="176" w="585" /><ent r="3" t="181" w="1673" /></phr></stem><stem n="produc"><phr n="produce"><ent r="4" t="167" w="86" /><ent r="3" t="173" w="239" /><ent r="3" t="176" w="494" /><ent r="3" t="180" w="1011" /></phr></stem><stem n="("><phr n="("><ent r="4" t="167" w="189" /><ent r="4" t="167" w="259" /><ent r="4" t="168" w="220" /><ent r="4" t="170" w="149" /><ent r="4" t="170" w="189" /><ent r="4" t="170" w="247" /><ent r="4" t="171" w="183" /><ent r="3" t="174" w="1474" /><ent r="4" t="176" w="541" /><ent r="4" t="182" w="474" /></phr></stem><stem n="agre"><phr n="agree"><ent r="3" t="167" w="239" /></phr></stem><stem n="enough"><phr n="enough"><ent r="3" t="167" w="251" /><ent r="4" t="170" w="261" /><ent r="3" t="177" w="747" /><ent r="4" t="202" w="376" /></phr></stem><stem n="did"><phr n="did"><ent r="3" t="167" w="330" /></phr></stem><stem n="correct"><phr n="correct"><ent r="3" t="168" w="52" /><ent r="4" t="168" w="252" /><ent r="4" t="174" w="1971" /><ent r="3" t="176" w="754" /><ent r="3" t="190" w="392" /><ent r="3" t="203" w="209" /><ent r="3" t="225" w="173" /></phr></stem><stem n="inconsist"><phr n="inconsistencies"><ent r="3" t="168" w="53" /><ent r="3" t="176" w="755" /></phr></stem><stem n="visibl"><phr n="visible"><ent r="3" t="168" w="214" /><ent r="4" t="168" w="269" /><ent r="3" t="174" w="306" /><ent r="3" t="181" w="270" /><ent r="3" t="181" w="298" /><ent r="4" t="230" w="81" /><ent r="3" t="230" w="91" /></phr></stem><stem n="verifi"><phr n="Verify"><ent r="5" t="168" w="241" /></phr><phr n="verify"><ent r="4" t="168" w="245" /></phr></stem><stem n="-hair"><phr n="-hair"><ent r="4" t="168" w="266" /><ent r="4" t="168" w="266" /></phr></stem><stem n="cross"><phr n="cross"><ent r="4" t="168" w="266" /><ent r="4" t="168" w="282" /></phr></stem><stem n="cross-hair"><phr n="cross-hair"><ent r="4" t="168" w="266" /><ent r="4" t="168" w="282" /></phr></stem><stem n="hair"><phr n="hair"><ent r="4" t="168" w="267" /><ent r="4" t="168" w="283" /></phr></stem><stem n="-hair."><phr n="-hair."><ent r="4" t="168" w="284" /><ent r="4" t="168" w="284" /></phr></stem><stem n="transfer"><phr n="transferring"><ent r="3" t="169" w="25" /></phr><phr n="transfer"><ent r="4" t="169" w="127" /></phr></stem><stem n="flicker"><phr n="Flicker"><ent r="3" t="170" w="48" /><ent r="5" t="170" w="139" /><ent r="5" t="170" w="156" /><ent r="5" t="170" w="185" /><ent r="92" t="171" w="75" /><ent r="5" t="171" w="116" /><ent r="5" t="171" w="128" /><ent r="4" t="171" w="348" /><ent r="3" t="176" w="1012" /><ent r="5" t="176" w="1123" /><ent r="5" t="176" w="1131" /><ent r="92" t="176" w="1245" /></phr><phr n="flicker"><ent r="4" t="170" w="166" /><ent r="4" t="170" w="172" /><ent r="4" t="170" w="177" /><ent r="4" t="170" w="197" /><ent r="3" t="171" w="38" /><ent r="3" t="171" w="42" /><ent r="3" t="171" w="49" /><ent r="3" t="171" w="69" /><ent r="3" t="171" w="71" /><ent r="3" t="171" w="85" /><ent r="3" t="171" w="101" /><ent r="3" t="171" w="135" /><ent r="3" t="171" w="155" /><ent r="4" t="171" w="160" /><ent r="4" t="171" w="173" /><ent r="4" t="171" w="181" /><ent r="3" t="171" w="211" /><ent r="4" t="171" w="216" /><ent r="4" t="171" w="357" /><ent r="4" t="171" w="362" /><ent r="4" t="171" w="369" /><ent r="4" t="171" w="378" /><ent r="4" t="176" w="1143" /><ent r="4" t="176" w="1149" /><ent r="3" t="176" w="1257" /><ent r="3" t="176" w="1262" /><ent r="3" t="176" w="1269" /><ent r="3" t="176" w="1286" /><ent r="3" t="176" w="1288" /><ent r="3" t="176" w="1294" /><ent r="3" t="176" w="1316" /><ent r="4" t="176" w="1321" /><ent r="4" t="176" w="1339" /><ent r="4" t="176" w="1349" /><ent r="3" t="176" w="1355" /><ent r="4" t="176" w="1360" /><ent r="4" t="176" w="1503" /></phr><phr n="flickering"><ent r="4" t="171" w="342" /></phr></stem><stem n="/blend"><phr n="/Blend"><ent r="3" t="170" w="49" /><ent r="5" t="170" w="140" /><ent r="92" t="171" w="76" /><ent r="3" t="176" w="1013" /><ent r="5" t="176" w="1124" /><ent r="92" t="176" w="1246" /></phr><phr n="/blend"><ent r="3" t="171" w="39" /><ent r="3" t="171" w="50" /><ent r="3" t="176" w="1258" /><ent r="3" t="176" w="1270" /></phr></stem><stem n="flicker/blend"><phr n="Flicker/Blend"><ent r="3" t="170" w="49" /><ent r="3" t="170" w="48" /><ent r="5" t="170" w="140" /><ent r="5" t="170" w="139" /><ent r="92" t="171" w="76" /><ent r="92" t="171" w="75" /><ent r="3" t="176" w="1013" /><ent r="3" t="176" w="1012" /><ent r="5" t="176" w="1124" /><ent r="5" t="176" w="1123" /><ent r="92" t="176" w="1246" /><ent r="92" t="176" w="1245" /></phr><phr n="flicker/blend"><ent r="3" t="171" w="39" /><ent r="3" t="171" w="38" /><ent r="3" t="171" w="50" /><ent r="3" t="171" w="49" /><ent r="3" t="176" w="1258" /><ent r="3" t="176" w="1257" /><ent r="3" t="176" w="1270" /><ent r="3" t="176" w="1269" /></phr></stem><stem n="blend"><phr n="Blend"><ent r="3" t="170" w="49" /><ent r="5" t="170" w="140" /><ent r="92" t="171" w="76" /><ent r="3" t="176" w="1013" /><ent r="5" t="176" w="1124" /><ent r="92" t="176" w="1246" /></phr><phr n="blend"><ent r="3" t="171" w="39" /><ent r="3" t="171" w="50" /><ent r="3" t="176" w="1258" /><ent r="3" t="176" w="1270" /></phr></stem><stem n="done"><phr n="done"><ent r="5" t="170" w="159" /><ent r="5" t="176" w="1136" /><ent r="4" t="176" w="1565" /></phr></stem><stem n="respect"><phr n="respective"><ent r="4" t="170" w="215" /><ent r="3" t="172" w="102" /></phr></stem><stem n="optim"><phr n="Optimize"><ent r="5" t="170" w="274" /></phr><phr n="optimizations"><ent r="3" t="173" w="272" /></phr></stem><stem n="restart"><phr n="restarting"><ent r="4" t="170" w="294" /><ent r="4" t="170" w="355" /><ent r="4" t="176" w="1187" /></phr><phr n="restart"><ent r="4" t="171" w="355" /></phr></stem><stem n="soon"><phr n="soon"><ent r="4" t="170" w="320" /></phr></stem><stem n="/manual"><phr n="/manual"><ent r="3" t="171" w="68" /><ent r="3" t="176" w="1285" /></phr></stem><stem n="automated/manu"><phr n="automated/manual"><ent r="3" t="171" w="68" /><ent r="3" t="171" w="67" /><ent r="3" t="176" w="1285" /><ent r="3" t="176" w="1284" /></phr></stem><stem n="rate"><phr n="rate"><ent r="3" t="171" w="72" /><ent r="4" t="171" w="161" /><ent r="4" t="171" w="171" /><ent r="4" t="171" w="217" /><ent r="3" t="176" w="1289" /><ent r="4" t="176" w="1322" /><ent r="4" t="176" w="1334" /><ent r="4" t="176" w="1361" /><ent r="3" t="186" w="34" /><ent r="3" t="213" w="100" /><ent r="3" t="213" w="103" /><ent r="3" t="215" w="105" /><ent r="3" t="215" w="108" /></phr></stem><stem n="de"><phr n="de"><ent r="4" t="171" w="203" /><ent r="3" t="207" w="43" /><ent r="3" t="207" w="73" /><ent r="6" t="223" w="401" /></phr></stem><stem n="de-select"><phr n="de-selecting"><ent r="4" t="171" w="203" /><ent r="6" t="223" w="401" /></phr><phr n="de-select"><ent r="3" t="207" w="43" /><ent r="3" t="207" w="73" /></phr></stem><stem n=",y"><phr n=",y"><ent r="3" t="171" w="261" /></phr></stem><stem n="x,y"><phr n="x,y"><ent r="3" t="171" w="261" /><ent r="3" t="171" w="260" /></phr></stem><stem n="/"><phr n="/"><ent r="4" t="171" w="316" /><ent r="4" t="171" w="320" /><ent r="4" t="171" w="324" /><ent r="4" t="171" w="328" /><ent r="5" t="174" w="2942" /><ent r="3" t="188" w="222" /><ent r="3" t="193" w="709" /></phr></stem><stem n="shift+z"><phr n="Shift+Z"><ent r="4" t="171" w="316" /></phr></stem><stem n="==&gt;"><phr n="==&gt;"><ent r="4" t="171" w="317" /><ent r="4" t="171" w="325" /><ent r="4" t="171" w="333" /></phr></stem><stem n="shift+right"><phr n="Shift+Right"><ent r="4" t="171" w="324" /></phr></stem><stem n="!"><phr n="!"><ent r="3" t="172" w="13" /></phr></stem><stem n="focu"><phr n="focus"><ent r="3" t="172" w="15" /></phr></stem><stem n="studio"><phr n="Studio"><ent r="3" t="172" w="19" /></phr></stem><stem n="scenario"><phr n="scenarios"><ent r="3" t="172" w="27" /></phr><phr n="scenario"><ent r="3" t="172" w="64" /><ent r="3" t="175" w="1188" /><ent r="4" t="175" w="1327" /></phr></stem><stem n="learn"><phr n="Learning"><ent r="3" t="172" w="51" /><ent r="82" t="172" w="69" /><ent r="4" t="173" w="20" /><ent r="4" t="174" w="37" /><ent r="4" t="175" w="26" /><ent r="4" t="176" w="28" /><ent r="4" t="177" w="18" /><ent r="4" t="178" w="21" /><ent r="4" t="179" w="25" /><ent r="4" t="180" w="18" /><ent r="4" t="181" w="16" /><ent r="4" t="182" w="24" /></phr><phr n="learned"><ent r="3" t="181" w="123" /></phr></stem><stem n="intend"><phr n="Intended"><ent r="92" t="172" w="66" /></phr><phr n="intended"><ent r="3" t="172" w="73" /></phr></stem><stem n="audienc"><phr n="audience"><ent r="92" t="172" w="67" /><ent r="3" t="172" w="74" /></phr></stem><stem n="anyon"><phr n="anyone"><ent r="3" t="172" w="79" /></phr></stem><stem n="users/oper"><phr n="users/operators"><ent r="3" t="172" w="99" /><ent r="3" t="172" w="98" /></phr></stem><stem n="users/operators,"><phr n="users/operators,"><ent r="3" t="172" w="99" /><ent r="3" t="172" w="98" /></phr></stem><stem n="/operators,"><phr n="/operators,"><ent r="3" t="172" w="100" /></phr></stem><stem n="supervisor"><phr n="supervisors"><ent r="3" t="172" w="103" /></phr></stem><stem n="critic"><phr n="criticality"><ent r="82" t="172" w="106" /></phr><phr n="critical"><ent r="3" t="172" w="155" /><ent r="3" t="193" w="32" /></phr></stem><stem n="basi"><phr n="basis"><ent r="3" t="172" w="113" /></phr></stem><stem n="purpos"><phr n="purpose"><ent r="3" t="172" w="123" /><ent r="3" t="173" w="1427" /></phr><phr n="purposes"><ent r="3" t="231" w="548" /></phr></stem><stem n="necessarili"><phr n="necessarily"><ent r="3" t="172" w="131" /></phr></stem><stem n="knowledg"><phr n="knowledge"><ent r="3" t="172" w="143" /><ent r="3" t="172" w="173" /></phr></stem><stem n="prerequisit"><phr n="Prerequisites"><ent r="82" t="172" w="167" /></phr></stem><stem n="fundament"><phr n="fundamental"><ent r="3" t="172" w="172" /></phr></stem><stem n="workstat"><phr n="workstation"><ent r="3" t="172" w="180" /></phr></stem><stem n="train"><phr n="training"><ent r="3" t="172" w="187" /><ent r="3" t="172" w="198" /><ent r="3" t="172" w="208" /><ent r="3" t="231" w="519" /></phr></stem><stem n="expect"><phr n="expected"><ent r="3" t="172" w="204" /></phr></stem><stem n="(job"><phr n="(job"><ent r="3" t="172" w="207" /></phr></stem><stem n="job"><phr n="job"><ent r="3" t="172" w="207" /></phr></stem><stem n="exercis"><phr n="exercises"><ent r="3" t="172" w="217" /></phr><phr n="exercise"><ent r="3" t="175" w="1150" /><ent r="3" t="231" w="520" /></phr><phr n="Exercise"><ent r="3" t="180" w="600" /><ent r="4" t="180" w="792" /><ent r="3" t="180" w="1244" /></phr></stem><stem n="consid"><phr n="considered"><ent r="3" t="172" w="230" /></phr></stem><stem n="download"><phr n="downloaded"><ent r="7" t="172" w="257" /><ent r="7" t="172" w="281" /><ent r="7" t="173" w="474" /><ent r="7" t="173" w="498" /><ent r="7" t="174" w="624" /><ent r="7" t="174" w="648" /><ent r="7" t="175" w="336" /><ent r="7" t="175" w="360" /><ent r="7" t="176" w="296" /><ent r="7" t="176" w="320" /><ent r="7" t="177" w="574" /><ent r="7" t="177" w="598" /><ent r="7" t="178" w="559" /><ent r="7" t="178" w="583" /><ent r="7" t="179" w="183" /><ent r="7" t="179" w="207" /><ent r="7" t="180" w="450" /><ent r="7" t="180" w="474" /><ent r="7" t="181" w="371" /><ent r="7" t="181" w="395" /><ent r="7" t="182" w="361" /><ent r="7" t="182" w="385" /></phr><phr n="download"><ent r="3" t="219" w="41" /></phr></stem><stem n="websit"><phr n="website"><ent r="7" t="172" w="261" /><ent r="7" t="173" w="478" /><ent r="7" t="174" w="628" /><ent r="7" t="175" w="340" /><ent r="7" t="176" w="300" /><ent r="7" t="177" w="578" /><ent r="7" t="178" w="563" /><ent r="7" t="179" w="187" /><ent r="7" t="180" w="454" /><ent r="7" t="181" w="375" /><ent r="7" t="182" w="365" /></phr></stem><stem n="http"><phr n="http"><ent r="68" t="172" w="264" /><ent r="68" t="173" w="481" /><ent r="68" t="174" w="631" /><ent r="68" t="175" w="343" /><ent r="68" t="176" w="303" /><ent r="68" t="177" w="581" /><ent r="68" t="178" w="566" /><ent r="68" t="179" w="190" /><ent r="68" t="180" w="457" /><ent r="68" t="181" w="378" /><ent r="68" t="182" w="368" /></phr></stem><stem n="opticks.org"><phr n="opticks.org"><ent r="68" t="172" w="266" /><ent r="68" t="172" w="265" /><ent r="68" t="173" w="483" /><ent r="68" t="173" w="482" /><ent r="68" t="174" w="633" /><ent r="68" t="174" w="632" /><ent r="68" t="175" w="345" /><ent r="68" t="175" w="344" /><ent r="68" t="176" w="305" /><ent r="68" t="176" w="304" /><ent r="68" t="177" w="583" /><ent r="68" t="177" w="582" /><ent r="68" t="178" w="568" /><ent r="68" t="178" w="567" /><ent r="68" t="179" w="192" /><ent r="68" t="179" w="191" /><ent r="68" t="180" w="459" /><ent r="68" t="180" w="458" /><ent r="68" t="181" w="380" /><ent r="68" t="181" w="379" /><ent r="68" t="182" w="370" /><ent r="68" t="182" w="369" /></phr></stem><stem n="opticks.org/conflu"><phr n="opticks.org/confluence"><ent r="68" t="172" w="267" /><ent r="68" t="172" w="265" /><ent r="68" t="173" w="484" /><ent r="68" t="173" w="482" /><ent r="68" t="174" w="634" /><ent r="68" t="174" w="632" /><ent r="68" t="175" w="346" /><ent r="68" t="175" w="344" /><ent r="68" t="176" w="306" /><ent r="68" t="176" w="304" /><ent r="68" t="177" w="584" /><ent r="68" t="177" w="582" /><ent r="68" t="178" w="569" /><ent r="68" t="178" w="567" /><ent r="68" t="179" w="193" /><ent r="68" t="179" w="191" /><ent r="68" t="180" w="460" /><ent r="68" t="180" w="458" /><ent r="68" t="181" w="381" /><ent r="68" t="181" w="379" /><ent r="68" t="182" w="371" /><ent r="68" t="182" w="369" /></phr></stem><stem n="confluenc"><phr n="confluence"><ent r="68" t="172" w="267" /><ent r="68" t="173" w="484" /><ent r="68" t="174" w="634" /><ent r="68" t="175" w="346" /><ent r="68" t="176" w="306" /><ent r="68" t="177" w="584" /><ent r="68" t="178" w="569" /><ent r="68" t="179" w="193" /><ent r="68" t="180" w="460" /><ent r="68" t="181" w="381" /><ent r="68" t="182" w="371" /></phr></stem></index>