﻿<?xml version="1.0" encoding="utf-8"?><index><stem n="parenthes"><phr n="parentheses"><ent r="4" t="164" w="1885" /><ent r="4" t="164" w="1937" /><ent r="5" t="164" w="1948" /><ent r="7" t="177" w="104" /><ent r="7" t="177" w="107" /></phr></stem><stem n="(b4)"><phr n="(b4)"><ent r="3" t="164" w="1896" /></phr></stem><stem n="subtract"><phr n="subtraction"><ent r="4" t="164" w="1914" /></phr><phr n="Subtract"><ent r="7" t="177" w="15" /></phr></stem><stem n="(b4-b3)."><phr n="(b4-b3)."><ent r="3" t="164" w="1933" /></phr></stem><stem n="divis"><phr n="division"><ent r="4" t="164" w="1942" /></phr></stem><stem n="(b4-b3)/(b4+b3)"><phr n="(b4-b3)/(b4+b3)"><ent r="3" t="164" w="1986" /><ent r="5" t="170" w="817" /></phr></stem><stem n="successfulli"><phr n="successfully"><ent r="4" t="164" w="2002" /><ent r="4" t="164" w="2006" /><ent r="3" t="180" w="144" /><ent r="3" t="180" w="153" /></phr></stem><stem n="highli"><phr n="highly"><ent r="3" t="164" w="2060" /><ent r="4" t="164" w="2613" /><ent r="3" t="166" w="602" /></phr></stem><stem n="-math-gener"><phr n="-math-generated"><ent r="3" t="164" w="2083" /><ent r="3" t="164" w="2084" /></phr></stem><stem n="band-math"><phr n="band-math"><ent r="3" t="164" w="2083" /><ent r="4" t="164" w="2532" /><ent r="4" t="164" w="2544" /></phr></stem><stem n="band-math-gener"><phr n="band-math-generated"><ent r="3" t="164" w="2083" /></phr></stem><stem n="math-gener"><phr n="math-generated"><ent r="3" t="164" w="2084" /></phr></stem><stem n="-by-side,"><phr n="-by-side,"><ent r="4" t="164" w="2161" /><ent r="4" t="164" w="2162" /><ent r="4" t="169" w="990" /><ent r="4" t="169" w="991" /></phr></stem><stem n="pixel-bas"><phr n="pixel-based"><ent r="4" t="164" w="2301" /></phr></stem><stem n="(pixel-based)"><phr n="(pixel-based)"><ent r="4" t="164" w="2303" /></phr></stem><stem n="aren"><phr n="aren"><ent r="4" t="164" w="2307" /></phr></stem><stem n="aren't"><phr n="aren't"><ent r="4" t="164" w="2308" /><ent r="4" t="164" w="2307" /></phr></stem><stem n="latitiud"><phr n="Latitiude"><ent r="4" t="164" w="2311" /></phr></stem><stem n="latitiude/longitud"><phr n="Latitiude/Longitude"><ent r="4" t="164" w="2312" /><ent r="4" t="164" w="2311" /></phr></stem><stem n="layer'"><phr n="layer's"><ent r="3" t="164" w="2483" /><ent r="3" t="164" w="2482" /></phr></stem><stem n="-math"><phr n="-math"><ent r="4" t="164" w="2532" /><ent r="4" t="164" w="2532" /><ent r="4" t="164" w="2544" /><ent r="4" t="164" w="2544" /></phr></stem><stem n="try"><phr n="Try"><ent r="4" t="164" w="2602" /><ent r="3" t="168" w="770" /></phr><phr n="trying"><ent r="3" t="166" w="1395" /></phr></stem><stem n="dot"><phr n="dotted"><ent r="4" t="164" w="2627" /></phr><phr n="dots"><ent r="4" t="170" w="1003" /><ent r="3" t="170" w="1088" /><ent r="3" t="171" w="845" /></phr><phr n="dot"><ent r="3" t="170" w="1035" /><ent r="3" t="170" w="1098" /><ent r="3" t="170" w="1124" /><ent r="3" t="171" w="855" /><ent r="3" t="171" w="882" /><ent r="3" t="171" w="1181" /><ent r="3" t="171" w="1184" /><ent r="6" t="208" w="441" /></phr></stem><stem n="thicker"><phr n="thicker"><ent r="3" t="164" w="2652" /></phr></stem><stem n="(to"><phr n="(to"><ent r="4" t="164" w="2734" /></phr></stem><stem n="18"><phr n="18"><ent r="4" t="164" w="2752" /><ent r="3" t="166" w="53" /></phr></stem><stem n="clean"><phr n="clean"><ent r="3" t="164" w="2776" /></phr></stem><stem n="landsat-geo"><phr n="Landsat-Geo"><ent r="5" t="164" w="2922" /></phr></stem><stem n="-geo.jpg"><phr n="-Geo.jpg"><ent r="5" t="164" w="2924" /><ent r="5" t="164" w="2924" /></phr></stem><stem n="landsat-geo.jpg"><phr n="Landsat-Geo.jpg"><ent r="5" t="164" w="2924" /><ent r="5" t="164" w="2923" /></phr></stem><stem n="jpg"><phr n="jpg"><ent r="5" t="164" w="2924" /></phr></stem><stem n="(both"><phr n="(both"><ent r="3" t="165" w="48" /></phr></stem><stem n="(aoi),"><phr n="(AOI),"><ent r="3" t="165" w="58" /></phr></stem><stem n="unwant"><phr n="unwanted"><ent r="4" t="165" w="93" /></phr></stem><stem n="/reload"><phr n="/reload"><ent r="3" t="165" w="147" /></phr></stem><stem n="load/reload"><phr n="load/reload"><ent r="3" t="165" w="147" /><ent r="3" t="165" w="146" /></phr></stem><stem n="yorktown97"><phr n="yorktown97"><ent r="5" t="165" w="417" /></phr></stem><stem n=".hdr"><phr n=".hdr"><ent r="5" t="165" w="418" /></phr></stem><stem n="yorktown97.hdr"><phr n="yorktown97.hdr"><ent r="5" t="165" w="418" /><ent r="5" t="165" w="417" /></phr></stem><stem n="…"><phr n="…"><ent r="4" t="165" w="425" /><ent r="5" t="171" w="1592" /></phr></stem><stem n="(refer"><phr n="(referred"><ent r="4" t="165" w="439" /></phr></stem><stem n="&quot;bad"><phr n="&quot;bad"><ent r="4" t="165" w="442" /></phr><phr n="&quot;Bad"><ent r="3" t="188" w="98" /></phr></stem><stem n="&quot;)"><phr n="&quot;)"><ent r="4" t="165" w="444" /></phr></stem><stem n="&quot;subset&quot;"><phr n="&quot;Subset&quot;"><ent r="4" t="165" w="476" /></phr></stem><stem n="longer"><phr n="longer"><ent r="3" t="165" w="500" /><ent r="4" t="188" w="387" /><ent r="4" t="188" w="574" /><ent r="4" t="197" w="216" /></phr></stem><stem n="“point.”"><phr n="“Point.”"><ent r="3" t="165" w="730" /></phr></stem><stem n="“rectangle.”"><phr n="“Rectangle.”"><ent r="4" t="165" w="875" /></phr></stem><stem n="(click"><phr n="(click"><ent r="4" t="165" w="881" /></phr><phr n="(Click"><ent r="3" t="165" w="894" /></phr></stem><stem n="“swath"><phr n="“Swath"><ent r="4" t="165" w="891" /></phr></stem><stem n="swath"><phr n="Swath"><ent r="4" t="165" w="891" /><ent r="4" t="165" w="951" /></phr></stem><stem n="hint"><phr n="hint"><ent r="5" t="165" w="898" /></phr></stem><stem n="adjac"><phr n="adjacent"><ent r="5" t="165" w="1231" /></phr></stem><stem n="coarser"><phr n="coarser"><ent r="4" t="165" w="1334" /></phr></stem><stem n="dictat"><phr n="dictate"><ent r="4" t="165" w="1374" /></phr><phr n="dictates"><ent r="3" t="170" w="1688" /></phr></stem><stem n="old"><phr n="old"><ent r="4" t="165" w="1441" /></phr></stem><stem n="&quot;princip"><phr n="&quot;Principal"><ent r="4" t="165" w="1450" /></phr></stem><stem n="few"><phr n="few"><ent r="4" t="165" w="1498" /></phr></stem><stem n="greatest"><phr n="greatest"><ent r="4" t="165" w="1506" /></phr></stem><stem n="varianc"><phr n="variance"><ent r="4" t="165" w="1509" /></phr></stem><stem n="543"><phr n="543"><ent r="3" t="165" w="1520" /></phr></stem><stem n="gun"><phr n="gun"><ent r="3" t="165" w="1532" /><ent r="3" t="165" w="1541" /><ent r="3" t="165" w="1551" /></phr></stem><stem n="hot"><phr n="hot"><ent r="3" t="165" w="1560" /></phr></stem><stem n="r5g4b3t"><phr n="r5g4b3t"><ent r="3" t="165" w="1564" /></phr></stem><stem n="examin"><phr n="examine"><ent r="3" t="166" w="41" /></phr></stem><stem n="construct"><phr n="construction"><ent r="3" t="166" w="42" /></phr></stem><stem n="site"><phr n="site"><ent r="3" t="166" w="50" /></phr></stem><stem n="-month"><phr n="-month"><ent r="3" t="166" w="53" /><ent r="3" t="166" w="53" /></phr></stem><stem n="18-month"><phr n="18-month"><ent r="3" t="166" w="53" /></phr></stem><stem n="ir_bushehr"><phr n="ir_bushehr"><ent r="5" t="166" w="360" /><ent r="5" t="166" w="359" /><ent r="5" t="166" w="368" /><ent r="5" t="166" w="367" /><ent r="5" t="166" w="434" /><ent r="5" t="166" w="433" /><ent r="5" t="166" w="451" /><ent r="5" t="166" w="450" /></phr></stem><stem n="bushehr"><phr n="bushehr"><ent r="5" t="166" w="360" /><ent r="5" t="166" w="368" /><ent r="5" t="166" w="434" /><ent r="5" t="166" w="451" /></phr></stem><stem n="ir_bushehr_06jun02"><phr n="ir_bushehr_06jun02"><ent r="5" t="166" w="361" /><ent r="5" t="166" w="359" /><ent r="5" t="166" w="435" /><ent r="5" t="166" w="433" /></phr></stem><stem n="06jun02"><phr n="06jun02"><ent r="5" t="166" w="361" /><ent r="5" t="166" w="435" /></phr></stem><stem n="ir_bushehr_06jun02_p"><phr n="ir_bushehr_06jun02_ps"><ent r="5" t="166" w="362" /><ent r="5" t="166" w="359" /><ent r="5" t="166" w="436" /><ent r="5" t="166" w="433" /></phr></stem><stem n="ps"><phr n="ps"><ent r="5" t="166" w="362" /><ent r="5" t="166" w="370" /><ent r="5" t="166" w="436" /><ent r="5" t="166" w="453" /></phr></stem><stem n="_bushehr_06jun02_ps.tif"><phr n="_bushehr_06jun02_ps.tif"><ent r="5" t="166" w="363" /><ent r="5" t="166" w="437" /></phr></stem><stem n="ir_bushehr_06jun02_ps.tif"><phr n="ir_bushehr_06jun02_ps.tif"><ent r="5" t="166" w="363" /><ent r="5" t="166" w="359" /><ent r="5" t="166" w="437" /><ent r="5" t="166" w="433" /></phr></stem><stem n="ir_bushehr_28feb04"><phr n="ir_bushehr_28feb04"><ent r="5" t="166" w="369" /><ent r="5" t="166" w="367" /><ent r="5" t="166" w="452" /><ent r="5" t="166" w="450" /></phr></stem><stem n="28feb04"><phr n="28feb04"><ent r="5" t="166" w="369" /><ent r="5" t="166" w="452" /></phr></stem><stem n="ir_bushehr_28feb04_p"><phr n="ir_bushehr_28feb04_ps"><ent r="5" t="166" w="370" /><ent r="5" t="166" w="367" /><ent r="5" t="166" w="453" /><ent r="5" t="166" w="450" /></phr></stem><stem n="_bushehr_28feb04_ps.tif"><phr n="_bushehr_28feb04_ps.tif"><ent r="5" t="166" w="371" /><ent r="5" t="166" w="454" /></phr></stem><stem n="ir_bushehr_28feb04_ps.tif"><phr n="ir_bushehr_28feb04_ps.tif"><ent r="5" t="166" w="371" /><ent r="5" t="166" w="367" /><ent r="5" t="166" w="454" /><ent r="5" t="166" w="450" /></phr></stem><stem n="degrad"><phr n="degraded"><ent r="3" t="166" w="529" /></phr></stem><stem n="(typic"><phr n="(typically"><ent r="3" t="166" w="604" /></phr></stem><stem n="context"><phr n="context"><ent r="3" t="166" w="617" /><ent r="3" t="167" w="132" /><ent r="3" t="168" w="122" /></phr></stem><stem n="351"><phr n="351"><ent r="3" t="166" w="818" /><ent r="4" t="166" w="837" /></phr></stem><stem n=",367"><phr n=",367"><ent r="3" t="166" w="819" /></phr></stem><stem n="351,367"><phr n="351,367"><ent r="3" t="166" w="819" /><ent r="3" t="166" w="818" /><ent r="4" t="166" w="838" /><ent r="4" t="166" w="837" /></phr></stem><stem n="367"><phr n="367"><ent r="3" t="166" w="819" /><ent r="4" t="166" w="838" /></phr></stem><stem n="898"><phr n="898"><ent r="3" t="166" w="825" /><ent r="4" t="166" w="844" /></phr></stem><stem n=",745"><phr n=",745"><ent r="3" t="166" w="826" /></phr></stem><stem n="898,745"><phr n="898,745"><ent r="3" t="166" w="826" /><ent r="3" t="166" w="825" /><ent r="4" t="166" w="845" /><ent r="4" t="166" w="844" /></phr></stem><stem n="745"><phr n="745"><ent r="3" t="166" w="826" /><ent r="4" t="166" w="845" /></phr></stem><stem n="(351,367)"><phr n="(351,367)"><ent r="4" t="166" w="839" /></phr></stem><stem n="(898,745)"><phr n="(898,745)"><ent r="4" t="166" w="846" /></phr></stem><stem n="flick"><phr n="Flick"><ent r="92" t="166" w="1220" /></phr></stem><stem n="flick/blend"><phr n="Flick/Blend"><ent r="92" t="166" w="1221" /><ent r="92" t="166" w="1220" /></phr></stem><stem n="(frame"><phr n="(frames"><ent r="4" t="166" w="1298" /></phr></stem><stem n="finer"><phr n="finer"><ent r="3" t="166" w="1441" /></phr></stem><stem n="-run"><phr n="-run"><ent r="4" t="166" w="1483" /><ent r="4" t="166" w="1483" /></phr></stem><stem n="re-run"><phr n="Re-run"><ent r="4" t="166" w="1483" /></phr></stem><stem n="(gis)"><phr n="(GIS)"><ent r="3" t="167" w="105" /><ent r="3" t="168" w="95" /></phr></stem><stem n="arcview"><phr n="ArcView"><ent r="3" t="167" w="157" /><ent r="3" t="168" w="147" /></phr></stem><stem n="vendor"><phr n="vendors"><ent r="3" t="167" w="170" /><ent r="3" t="168" w="160" /></phr></stem><stem n="-base"><phr n="-based"><ent r="3" t="167" w="184" /><ent r="3" t="167" w="184" /><ent r="3" t="168" w="174" /><ent r="3" t="168" w="174" /></phr></stem><stem n="vector-bas"><phr n="vector-based"><ent r="3" t="167" w="184" /><ent r="3" t="168" w="174" /></phr></stem><stem n="multi-point"><phr n="multi-points"><ent r="3" t="167" w="192" /><ent r="3" t="168" w="182" /></phr><phr n="multi-point"><ent r="3" t="167" w="204" /><ent r="3" t="168" w="193" /><ent r="3" t="168" w="1289" /></phr><phr n="Multi-point"><ent r="3" t="167" w="214" /><ent r="3" t="168" w="203" /></phr><phr n="Multi-Point"><ent r="3" t="168" w="1203" /></phr></stem><stem n="-points,"><phr n="-points,"><ent r="3" t="167" w="194" /><ent r="3" t="167" w="194" /><ent r="3" t="168" w="184" /><ent r="3" t="168" w="184" /></phr></stem><stem n="-point"><phr n="-point"><ent r="3" t="167" w="204" /><ent r="3" t="167" w="204" /><ent r="3" t="167" w="214" /><ent r="3" t="167" w="214" /><ent r="3" t="168" w="193" /><ent r="3" t="168" w="193" /><ent r="3" t="168" w="203" /><ent r="3" t="168" w="203" /><ent r="3" t="168" w="1289" /><ent r="3" t="168" w="1289" /></phr></stem><stem n="unord"><phr n="unordered"><ent r="3" t="167" w="219" /><ent r="3" t="168" w="208" /></phr></stem><stem n="entiti"><phr n="entity"><ent r="3" t="167" w="227" /><ent r="3" t="168" w="216" /></phr></stem><stem n="railroad"><phr n="railroads"><ent r="3" t="167" w="255" /><ent r="6" t="167" w="949" /><ent r="3" t="167" w="1157" /><ent r="3" t="168" w="244" /></phr><phr n="Railroads"><ent r="6" t="167" w="944" /><ent r="4" t="167" w="1134" /></phr></stem><stem n="could"><phr n="could"><ent r="3" t="167" w="305" /><ent r="3" t="168" w="292" /></phr></stem><stem n="trim"><phr n="trims"><ent r="3" t="167" w="350" /><ent r="3" t="168" w="337" /></phr></stem><stem n="plan"><phr n="plan"><ent r="3" t="167" w="409" /><ent r="3" t="168" w="395" /></phr></stem><stem n="wpafb"><phr n="wpafb"><ent r="5" t="167" w="649" /></phr><phr n="WPAFB"><ent r="5" t="167" w="823" /><ent r="6" t="167" w="927" /><ent r="6" t="167" w="943" /><ent r="6" t="167" w="957" /><ent r="4" t="167" w="1012" /><ent r="4" t="167" w="1133" /><ent r="4" t="167" w="1136" /><ent r="4" t="167" w="1140" /></phr></stem><stem n="wpafb.tif"><phr n="wpafb.tif"><ent r="5" t="167" w="650" /><ent r="5" t="167" w="649" /></phr></stem><stem n="wpafb_runwai"><phr n="WPAFB_Runways"><ent r="5" t="167" w="824" /><ent r="5" t="167" w="823" /><ent r="4" t="167" w="1141" /><ent r="4" t="167" w="1140" /></phr></stem><stem n="runwai"><phr n="Runways"><ent r="5" t="167" w="824" /><ent r="4" t="167" w="1141" /></phr><phr n="runway"><ent r="4" t="167" w="913" /></phr><phr n="runways"><ent r="3" t="167" w="1160" /></phr></stem><stem n="_runways.shp"><phr n="_Runways.shp"><ent r="5" t="167" w="825" /></phr></stem><stem n="wpafb_runways.shp"><phr n="WPAFB_Runways.shp"><ent r="5" t="167" w="825" /><ent r="5" t="167" w="823" /></phr></stem><stem n="shp"><phr n="shp"><ent r="5" t="167" w="825" /><ent r="6" t="167" w="929" /><ent r="6" t="167" w="945" /><ent r="6" t="167" w="959" /><ent r="5" t="168" w="1066" /></phr></stem><stem n="repeat"><phr n="Repeat"><ent r="4" t="167" w="919" /><ent r="4" t="167" w="1124" /><ent r="4" t="168" w="955" /><ent r="4" t="171" w="709" /><ent r="7" t="174" w="63" /></phr><phr n="repeated"><ent r="5" t="171" w="159" /></phr></stem><stem n="wpafb_waterbodi"><phr n="WPAFB_WaterBodies"><ent r="6" t="167" w="928" /><ent r="6" t="167" w="927" /><ent r="4" t="167" w="1013" /><ent r="4" t="167" w="1012" /></phr></stem><stem n="waterbodi"><phr n="WaterBodies"><ent r="6" t="167" w="928" /><ent r="4" t="167" w="1013" /></phr></stem><stem n="wpafb_waterbodies.shp"><phr n="WPAFB_WaterBodies.shp"><ent r="6" t="167" w="929" /><ent r="6" t="167" w="927" /></phr></stem><stem n="wpafb_waterbodies.shp."><phr n="WPAFB_WaterBodies.shp."><ent r="6" t="167" w="929" /><ent r="6" t="167" w="927" /></phr></stem><stem n="_waterbodies.shp."><phr n="_WaterBodies.shp."><ent r="6" t="167" w="930" /></phr></stem><stem n="bodi"><phr n="bodies"><ent r="6" t="167" w="933" /><ent r="4" t="167" w="1026" /><ent r="3" t="167" w="1070" /></phr></stem><stem n="water"><phr n="water"><ent r="6" t="167" w="935" /><ent r="4" t="167" w="1025" /><ent r="3" t="167" w="1069" /></phr></stem><stem n="wpafb_railroad"><phr n="WPAFB_Railroads"><ent r="6" t="167" w="944" /><ent r="6" t="167" w="943" /><ent r="4" t="167" w="1134" /><ent r="4" t="167" w="1133" /></phr></stem><stem n="wpafb_railroads.shp"><phr n="WPAFB_Railroads.shp"><ent r="6" t="167" w="945" /><ent r="6" t="167" w="943" /></phr></stem><stem n="wpafb_railroads.shp."><phr n="WPAFB_Railroads.shp."><ent r="6" t="167" w="945" /><ent r="6" t="167" w="943" /></phr></stem><stem n="_railroads.shp."><phr n="_Railroads.shp."><ent r="6" t="167" w="946" /></phr></stem><stem n="wpafb_stream"><phr n="WPAFB_Streams"><ent r="6" t="167" w="958" /><ent r="6" t="167" w="957" /><ent r="4" t="167" w="1137" /><ent r="4" t="167" w="1136" /></phr></stem><stem n="stream"><phr n="Streams"><ent r="6" t="167" w="958" /><ent r="4" t="167" w="1137" /></phr><phr n="streams"><ent r="5" t="167" w="964" /></phr></stem><stem n="_streams.shp"><phr n="_Streams.shp"><ent r="6" t="167" w="959" /></phr></stem><stem n="wpafb_streams.shp"><phr n="WPAFB_Streams.shp"><ent r="6" t="167" w="959" /><ent r="6" t="167" w="957" /></phr></stem><stem n="_waterbodi"><phr n="_WaterBodies"><ent r="4" t="167" w="1013" /></phr></stem><stem n="clearli"><phr n="clearly"><ent r="3" t="167" w="1086" /><ent r="4" t="171" w="651" /></phr></stem><stem n="thick"><phr n="thickness"><ent r="3" t="167" w="1093" /></phr></stem><stem n="_railroad"><phr n="_Railroads"><ent r="4" t="167" w="1134" /></phr></stem><stem n="(green),"><phr n="(green),"><ent r="4" t="167" w="1136" /></phr></stem><stem n="_stream"><phr n="_Streams"><ent r="4" t="167" w="1137" /></phr></stem><stem n="(yellow),"><phr n="(yellow),"><ent r="4" t="167" w="1139" /></phr></stem><stem n="_runwai"><phr n="_Runways"><ent r="4" t="167" w="1141" /></phr></stem><stem n="(red)."><phr n="(red)."><ent r="4" t="167" w="1143" /></phr></stem><stem n="arcmap"><phr n="ArcMap"><ent r="4" t="168" w="72" /><ent r="92" t="168" w="1150" /><ent r="4" t="168" w="1163" /><ent r="4" t="168" w="1182" /><ent r="3" t="168" w="1318" /></phr></stem><stem n="compos"><phr n="composed"><ent r="3" t="168" w="286" /></phr></stem><stem n="pyramid"><phr n="pyramids"><ent r="5" t="168" w="642" /><ent r="4" t="168" w="833" /></phr><phr n="pyramid"><ent r="5" t="168" w="1064" /></phr></stem><stem n="pyramids_psh"><phr n="pyramids_psh"><ent r="5" t="168" w="643" /><ent r="5" t="168" w="642" /></phr></stem><stem n="psh"><phr n="psh"><ent r="5" t="168" w="643" /></phr></stem><stem n="pyramids_psh_2feb2002"><phr n="pyramids_psh_2feb2002"><ent r="5" t="168" w="644" /><ent r="5" t="168" w="642" /></phr></stem><stem n="2feb2002"><phr n="2feb2002"><ent r="5" t="168" w="644" /></phr></stem><stem n="pyramids_psh_2feb2002_8bitgeotiff"><phr n="pyramids_psh_2feb2002_8bitgeotiff"><ent r="5" t="168" w="645" /><ent r="5" t="168" w="642" /></phr></stem><stem n="8bitgeotiff"><phr n="8bitgeotiff"><ent r="5" t="168" w="645" /></phr></stem><stem n="_psh_2feb2002_8bitgeotiff.tif"><phr n="_psh_2feb2002_8bitgeotiff.tif"><ent r="5" t="168" w="646" /></phr></stem><stem n="pyramids_psh_2feb2002_8bitgeotiff.tif"><phr n="pyramids_psh_2feb2002_8bitgeotiff.tif"><ent r="5" t="168" w="646" /><ent r="5" t="168" w="642" /></phr></stem><stem n="3r2g1bt"><phr n="3r2g1bt"><ent r="3" t="168" w="683" /></phr></stem><stem n="“3r2g1bt”."><phr n="“3r2g1bt”."><ent r="3" t="168" w="684" /></phr></stem><stem n="3r"><phr n="3r"><ent r="3" t="168" w="685" /></phr></stem><stem n="“3r”"><phr n="“3r”"><ent r="3" t="168" w="686" /></phr></stem><stem n="2g"><phr n="2g"><ent r="3" t="168" w="691" /></phr></stem><stem n="“2g”"><phr n="“2g”"><ent r="3" t="168" w="692" /></phr></stem><stem n="1b"><phr n="1b"><ent r="3" t="168" w="697" /></phr></stem><stem n="“1b”"><phr n="“1b”"><ent r="3" t="168" w="698" /></phr></stem><stem n="“t”"><phr n="“t”"><ent r="3" t="168" w="704" /></phr></stem><stem n="(try"><phr n="(Try"><ent r="3" t="168" w="770" /></phr></stem><stem n="%.)"><phr n="%.)"><ent r="3" t="168" w="775" /></phr></stem><stem n="maneuv"><phr n="maneuver"><ent r="4" t="168" w="871" /></phr></stem><stem n="gcp5"><phr n="GCP5"><ent r="4" t="168" w="877" /></phr></stem><stem n="“roads.”"><phr n="“Roads.”"><ent r="4" t="168" w="910" /></phr></stem><stem n="-activ"><phr n="-activate"><ent r="4" t="168" w="911" /><ent r="4" t="168" w="911" /></phr></stem><stem n="re-activ"><phr n="Re-activate"><ent r="4" t="168" w="911" /></phr></stem><stem n="pyramid_road"><phr n="pyramid_roads"><ent r="5" t="168" w="1065" /><ent r="5" t="168" w="1064" /></phr></stem><stem n="_roads.shp"><phr n="_roads.shp"><ent r="5" t="168" w="1066" /></phr></stem><stem n="pyramid_roads.shp"><phr n="pyramid_roads.shp"><ent r="5" t="168" w="1066" /><ent r="5" t="168" w="1064" /></phr></stem><stem n="oi"><phr n="OI"><ent r="5" t="168" w="1097" /></phr></stem><stem n="temp"><phr n="temp"><ent r="5" t="168" w="1129" /><ent r="3" t="171" w="1525" /></phr></stem><stem n="“point”"><phr n="“Point”"><ent r="3" t="168" w="1202" /></phr></stem><stem n="“multi-point”"><phr n="“Multi-Point”"><ent r="3" t="168" w="1205" /></phr></stem><stem n="“shape:”"><phr n="“Shape:”"><ent r="3" t="168" w="1208" /></phr></stem><stem n="“add"><phr n="“Add"><ent r="3" t="168" w="1226" /></phr></stem><stem n="“name”"><phr n="“Name”"><ent r="3" t="168" w="1236" /></phr></stem><stem n="blank"><phr n="blank"><ent r="4" t="169" w="71" /><ent r="4" t="169" w="229" /><ent r="4" t="169" w="973" /><ent r="4" t="169" w="982" /><ent r="3" t="169" w="1021" /><ent r="3" t="169" w="1120" /></phr><phr n="Blank"><ent r="92" t="169" w="1008" /></phr></stem><stem n="scratch"><phr n="scratch"><ent r="4" t="169" w="224" /></phr></stem><stem n="whatev"><phr n="whatever"><ent r="4" t="169" w="234" /></phr></stem><stem n="seen"><phr n="seen"><ent r="4" t="169" w="238" /></phr></stem><stem n="whichev"><phr n="Whichever"><ent r="4" t="169" w="249" /></phr></stem><stem n="“exercise”"><phr n="“Exercise”"><ent r="3" t="169" w="603" /><ent r="4" t="169" w="795" /></phr></stem><stem n="1/layout"><phr n="1/Layout"><ent r="5" t="169" w="768" /><ent r="5" t="169" w="767" /></phr></stem><stem n="1/layout/view"><phr n="1/Layout/View"><ent r="5" t="169" w="769" /><ent r="5" t="169" w="767" /></phr></stem><stem n="1/layout/view/landsat6band"><phr n="1/Layout/View/landsat6band"><ent r="5" t="169" w="770" /><ent r="5" t="169" w="767" /></phr></stem><stem n="1/layout/view/landsat6band.tif"><phr n="1/Layout/View/landsat6band.tif"><ent r="5" t="169" w="771" /><ent r="5" t="169" w="767" /></phr></stem><stem n="/layout/view/landsat6band.tif/annot"><phr n="/Layout/View/landsat6band.tif/Annotation"><ent r="5" t="169" w="772" /></phr></stem><stem n="1/layout/view/landsat6band.tif/annot"><phr n="1/Layout/View/landsat6band.tif/Annotation"><ent r="5" t="169" w="772" /><ent r="5" t="169" w="767" /></phr></stem><stem n="“color”"><phr n="“Color”"><ent r="4" t="169" w="831" /></phr></stem><stem n="“text”"><phr n="“Text”"><ent r="4" t="169" w="834" /></phr></stem><stem n="deactiv"><phr n="deactivate"><ent r="4" t="169" w="873" /></phr></stem><stem n="sampledata"><phr n="SampleData"><ent r="5" t="169" w="923" /><ent r="4" t="171" w="1724" /></phr></stem><stem n="/geotiff"><phr n="/GeoTIFF"><ent r="5" t="169" w="924" /></phr></stem><stem n="sampledata/geotiff"><phr n="SampleData/GeoTIFF"><ent r="5" t="169" w="924" /><ent r="5" t="169" w="923" /><ent r="4" t="171" w="1725" /><ent r="4" t="171" w="1724" /></phr></stem><stem n="popul"><phr n="populate"><ent r="3" t="169" w="1019" /></phr></stem><stem n="/past"><phr n="/pasting"><ent r="3" t="169" w="1045" /></phr></stem><stem n="copying/past"><phr n="copying/pasting"><ent r="3" t="169" w="1045" /><ent r="3" t="169" w="1044" /></phr></stem><stem n="(paint"><phr n="(paint"><ent r="3" t="169" w="1116" /></phr></stem><stem n="paint"><phr n="paint"><ent r="3" t="169" w="1116" /><ent r="3" t="169" w="1230" /></phr></stem><stem n="brush"><phr n="brush"><ent r="3" t="169" w="1117" /><ent r="3" t="169" w="1231" /></phr></stem><stem n="&quot;exercise&quot;"><phr n="&quot;Exercise&quot;"><ent r="3" t="169" w="1247" /></phr></stem><stem n="-autom"><phr n="-automated"><ent r="3" t="170" w="36" /><ent r="3" t="170" w="36" /><ent r="3" t="170" w="2114" /><ent r="3" t="170" w="2114" /></phr></stem><stem n="semi"><phr n="semi"><ent r="3" t="170" w="36" /><ent r="3" t="170" w="2114" /></phr></stem><stem n="semi-autom"><phr n="semi-automated"><ent r="3" t="170" w="36" /><ent r="3" t="170" w="2114" /></phr></stem><stem n="/plug-in"><phr n="/Plug-In"><ent r="4" t="170" w="58" /><ent r="4" t="171" w="81" /></phr></stem><stem n="item/item"><phr n="Item/Item"><ent r="4" t="170" w="60" /><ent r="4" t="170" w="57" /><ent r="4" t="171" w="83" /><ent r="4" t="171" w="80" /></phr></stem><stem n="/valu"><phr n="/Value"><ent r="4" t="170" w="61" /><ent r="4" t="171" w="84" /></phr></stem><stem n="item/item/valu"><phr n="Item/Item/Value"><ent r="4" t="170" w="61" /><ent r="4" t="170" w="57" /><ent r="4" t="171" w="84" /><ent r="4" t="171" w="80" /></phr></stem><stem n="togeth"><phr n="together"><ent r="3" t="170" w="95" /><ent r="3" t="170" w="279" /></phr></stem><stem n="partial"><phr n="partially"><ent r="3" t="170" w="110" /></phr></stem><stem n="-to-us"><phr n="-to-use"><ent r="3" t="170" w="120" /><ent r="3" t="170" w="121" /></phr></stem><stem n="easi"><phr n="easy"><ent r="3" t="170" w="120" /></phr></stem><stem n="easy-to"><phr n="easy-to"><ent r="3" t="170" w="120" /></phr></stem><stem n="easy-to-us"><phr n="easy-to-use"><ent r="3" t="170" w="120" /></phr></stem><stem n="to-us"><phr n="to-use"><ent r="3" t="170" w="121" /></phr></stem><stem n="rememb"><phr n="remember"><ent r="3" t="170" w="134" /></phr></stem><stem n="concept"><phr n="concept"><ent r="3" t="170" w="145" /></phr></stem><stem n="simpl"><phr n="simple"><ent r="3" t="170" w="237" /></phr></stem><stem n="boolean"><phr n="Boolean"><ent r="3" t="170" w="253" /></phr></stem><stem n="(true"><phr n="(True"><ent r="3" t="170" w="254" /></phr></stem><stem n="fals"><phr n="False"><ent r="3" t="170" w="256" /><ent r="3" t="171" w="725" /><ent r="6" t="218" w="170" /></phr><phr n="false"><ent r="6" t="218" w="474" /></phr></stem><stem n="block"><phr n="block"><ent r="3" t="170" w="269" /><ent r="4" t="188" w="337" /></phr></stem><stem n="-express"><phr n="-expression"><ent r="3" t="170" w="826" /><ent r="3" t="170" w="826" /><ent r="3" t="170" w="853" /><ent r="3" t="170" w="853" /><ent r="7" t="170" w="1432" /><ent r="7" t="170" w="1432" /><ent r="4" t="170" w="1491" /><ent r="4" t="170" w="1491" /><ent r="3" t="170" w="1635" /><ent r="3" t="170" w="1635" /><ent r="7" t="171" w="1085" /><ent r="7" t="171" w="1085" /><ent r="3" t="171" w="1382" /><ent r="3" t="171" w="1382" /></phr><phr n="-Expression"><ent r="4" t="170" w="1399" /><ent r="4" t="170" w="1399" /></phr></stem><stem n="value-express"><phr n="Value-expression"><ent r="3" t="170" w="826" /><ent r="3" t="170" w="853" /><ent r="7" t="170" w="1432" /><ent r="4" t="170" w="1491" /><ent r="3" t="170" w="1635" /><ent r="7" t="171" w="1085" /><ent r="3" t="171" w="1382" /></phr><phr n="Value-Expression"><ent r="4" t="170" w="1399" /></phr></stem><stem n="bool"><phr n="bool"><ent r="5" t="170" w="909" /><ent r="3" t="171" w="722" /><ent r="6" t="218" w="162" /></phr></stem><stem n="-displai"><phr n="-display"><ent r="4" t="170" w="932" /><ent r="4" t="170" w="932" /><ent r="3" t="170" w="1639" /><ent r="3" t="170" w="1639" /><ent r="7" t="171" w="1108" /><ent r="7" t="171" w="1108" /><ent r="3" t="171" w="1386" /><ent r="3" t="171" w="1386" /></phr></stem><stem n="value-displai"><phr n="Value-display"><ent r="4" t="170" w="932" /><ent r="3" t="170" w="1639" /><ent r="7" t="171" w="1108" /><ent r="3" t="171" w="1386" /></phr></stem><stem n="explan"><phr n="explanation"><ent r="3" t="170" w="957" /><ent r="3" t="170" w="972" /></phr></stem><stem n="unlik"><phr n="unlike"><ent r="3" t="170" w="1073" /></phr></stem><stem n="let"><phr n="let"><ent r="3" t="170" w="1179" /></phr></stem><stem n="exactli"><phr n="exactly"><ent r="3" t="170" w="1194" /></phr></stem><stem n="(filename)"><phr n="(Filename)"><ent r="7" t="170" w="1425" /></phr></stem><stem n="(first"><phr n="(first"><ent r="7" t="170" w="1442" /><ent r="7" t="171" w="1095" /></phr></stem></index>