﻿<?xml version="1.0" encoding="utf-8"?><index><stem n="set"><phr n="sets"><ent r="3" t="0" w="32" /><ent r="3" t="0" w="41" /><ent r="7" t="14" w="90" /><ent r="4" t="31" w="93" /><ent r="3" t="48" w="29" /><ent r="4" t="48" w="130" /><ent r="4" t="48" w="282" /><ent r="3" t="75" w="16" /><ent r="3" t="81" w="399" /><ent r="5" t="90" w="307" /><ent r="3" t="141" w="14" /><ent r="3" t="152" w="267" /><ent r="3" t="155" w="355" /><ent r="3" t="169" w="121" /><ent r="4" t="169" w="146" /><ent r="4" t="169" w="188" /><ent r="4" t="170" w="54" /><ent r="3" t="170" w="248" /><ent r="3" t="171" w="18" /><ent r="4" t="180" w="354" /><ent r="4" t="180" w="521" /><ent r="3" t="180" w="822" /><ent r="3" t="180" w="859" /><ent r="3" t="180" w="1291" /><ent r="3" t="182" w="687" /><ent r="3" t="182" w="693" /><ent r="3" t="193" w="62" /><ent r="3" t="193" w="475" /><ent r="3" t="207" w="52" /><ent r="3" t="211" w="47" /><ent r="3" t="211" w="63" /><ent r="3" t="211" w="83" /><ent r="3" t="235" w="217" /></phr><phr n="set"><ent r="3" t="1" w="157" /><ent r="7" t="5" w="202" /><ent r="7" t="5" w="251" /><ent r="7" t="6" w="124" /><ent r="3" t="13" w="28" /><ent r="3" t="13" w="31" /><ent r="5" t="13" w="77" /><ent r="6" t="14" w="224" /><ent r="6" t="14" w="291" /><ent r="5" t="14" w="307" /><ent r="4" t="20" w="97" /><ent r="4" t="20" w="225" /><ent r="4" t="20" w="274" /><ent r="4" t="20" w="395" /><ent r="4" t="20" w="501" /><ent r="4" t="20" w="538" /><ent r="3" t="21" w="69" /><ent r="3" t="21" w="227" /><ent r="100" t="24" w="7" /><ent r="100" t="24" w="10" /><ent r="3" t="24" w="21" /><ent r="3" t="24" w="91" /><ent r="100" t="25" w="11" /><ent r="100" t="25" w="14" /><ent r="64" t="25" w="28" /><ent r="4" t="25" w="53" /><ent r="4" t="25" w="58" /><ent r="4" t="25" w="88" /><ent r="4" t="25" w="126" /><ent r="4" t="25" w="151" /><ent r="4" t="25" w="174" /><ent r="64" t="26" w="27" /><ent r="4" t="26" w="526" /><ent r="4" t="26" w="552" /><ent r="3" t="30" w="71" /><ent r="3" t="31" w="19" /><ent r="3" t="31" w="26" /><ent r="3" t="33" w="46" /><ent r="3" t="40" w="236" /><ent r="3" t="47" w="26" /><ent r="100" t="48" w="5" /><ent r="4" t="48" w="123" /><ent r="4" t="48" w="275" /><ent r="3" t="49" w="86" /><ent r="3" t="50" w="90" /><ent r="3" t="50" w="101" /><ent r="3" t="52" w="94" /><ent r="3" t="58" w="31" /><ent r="4" t="68" w="188" /><ent r="3" t="70" w="24" /><ent r="3" t="73" w="14" /><ent r="3" t="73" w="80" /><ent r="3" t="73" w="97" /><ent r="3" t="81" w="16" /><ent r="3" t="81" w="131" /><ent r="3" t="81" w="489" /><ent r="3" t="81" w="630" /><ent r="6" t="90" w="249" /><ent r="5" t="90" w="269" /><ent r="7" t="90" w="356" /><ent r="3" t="92" w="27" /><ent r="4" t="92" w="171" /><ent r="4" t="92" w="185" /><ent r="3" t="93" w="22" /><ent r="3" t="100" w="42" /><ent r="4" t="103" w="64" /><ent r="4" t="103" w="80" /><ent r="3" t="104" w="105" /><ent r="3" t="106" w="24" /><ent r="3" t="106" w="176" /><ent r="3" t="106" w="253" /><ent r="4" t="106" w="302" /><ent r="3" t="106" w="346" /><ent r="3" t="106" w="428" /><ent r="3" t="107" w="24" /><ent r="3" t="108" w="76" /><ent r="3" t="108" w="115" /><ent r="3" t="108" w="215" /><ent r="3" t="108" w="275" /><ent r="3" t="108" w="334" /><ent r="4" t="108" w="369" /><ent r="3" t="109" w="29" /><ent r="3" t="111" w="19" /><ent r="3" t="111" w="35" /><ent r="3" t="112" w="16" /><ent r="3" t="113" w="535" /><ent r="4" t="115" w="141" /><ent r="3" t="115" w="253" /><ent r="4" t="118" w="94" /><ent r="3" t="120" w="129" /><ent r="3" t="120" w="155" /><ent r="3" t="123" w="848" /><ent r="3" t="123" w="869" /><ent r="3" t="127" w="119" /><ent r="3" t="127" w="145" /><ent r="3" t="127" w="169" /><ent r="3" t="127" w="306" /><ent r="3" t="127" w="317" /><ent r="3" t="128" w="38" /><ent r="3" t="135" w="25" /><ent r="4" t="135" w="40" /><ent r="3" t="135" w="77" /><ent r="3" t="135" w="90" /><ent r="3" t="135" w="108" /><ent r="3" t="135" w="127" /><ent r="4" t="140" w="70" /><ent r="4" t="140" w="171" /><ent r="4" t="140" w="272" /><ent r="3" t="140" w="330" /><ent r="3" t="140" w="352" /><ent r="3" t="141" w="21" /><ent r="3" t="142" w="12" /><ent r="5" t="142" w="160" /><ent r="5" t="142" w="202" /><ent r="5" t="142" w="237" /><ent r="5" t="142" w="251" /><ent r="3" t="143" w="146" /><ent r="3" t="143" w="249" /><ent r="3" t="143" w="362" /><ent r="3" t="143" w="388" /><ent r="3" t="143" w="453" /><ent r="3" t="143" w="617" /><ent r="3" t="144" w="16" /><ent r="3" t="145" w="24" /><ent r="4" t="145" w="228" /><ent r="3" t="146" w="24" /><ent r="3" t="147" w="24" /><ent r="3" t="148" w="24" /><ent r="3" t="149" w="24" /><ent r="3" t="150" w="21" /><ent r="3" t="151" w="19" /><ent r="5" t="151" w="443" /><ent r="5" t="151" w="460" /><ent r="5" t="151" w="866" /><ent r="5" t="151" w="883" /><ent r="3" t="152" w="19" /><ent r="4" t="152" w="421" /><ent r="4" t="152" w="438" /><ent r="3" t="152" w="544" /><ent r="3" t="153" w="29" /><ent r="3" t="154" w="12" /><ent r="3" t="154" w="28" /><ent r="3" t="154" w="165" /><ent r="3" t="154" w="190" /><ent r="5" t="154" w="250" /><ent r="3" t="155" w="344" /><ent r="3" t="155" w="422" /><ent r="3" t="155" w="427" /><ent r="3" t="156" w="27" /><ent r="3" t="156" w="279" /><ent r="4" t="156" w="369" /><ent r="3" t="157" w="142" /><ent r="3" t="159" w="25" /><ent r="4" t="159" w="34" /><ent r="5" t="159" w="316" /><ent r="5" t="159" w="333" /><ent r="3" t="160" w="56" /><ent r="3" t="160" w="62" /><ent r="3" t="162" w="44" /><ent r="3" t="162" w="273" /><ent r="3" t="162" w="314" /><ent r="5" t="164" w="437" /><ent r="5" t="164" w="454" /><ent r="5" t="166" w="319" /><ent r="4" t="166" w="1041" /><ent r="4" t="169" w="135" /><ent r="4" t="169" w="230" /><ent r="3" t="170" w="41" /><ent r="3" t="170" w="46" /><ent r="4" t="170" w="72" /><ent r="4" t="170" w="77" /><ent r="4" t="170" w="94" /><ent r="4" t="170" w="108" /><ent r="4" t="170" w="117" /><ent r="4" t="170" w="171" /><ent r="4" t="170" w="181" /><ent r="4" t="173" w="112" /><ent r="3" t="177" w="249" /><ent r="3" t="177" w="1349" /><ent r="3" t="178" w="160" /><ent r="3" t="178" w="399" /><ent r="4" t="178" w="698" /><ent r="4" t="178" w="702" /><ent r="3" t="178" w="814" /><ent r="4" t="178" w="1062" /><ent r="4" t="178" w="1086" /><ent r="3" t="178" w="1214" /><ent r="4" t="178" w="2284" /><ent r="3" t="178" w="2338" /><ent r="3" t="178" w="2342" /><ent r="3" t="178" w="2347" /><ent r="4" t="178" w="2374" /><ent r="4" t="178" w="2396" /><ent r="3" t="179" w="736" /><ent r="4" t="179" w="1271" /><ent r="4" t="180" w="461" /><ent r="4" t="180" w="539" /><ent r="4" t="180" w="556" /><ent r="3" t="180" w="575" /><ent r="3" t="180" w="580" /><ent r="3" t="180" w="589" /><ent r="3" t="180" w="601" /><ent r="3" t="180" w="611" /><ent r="3" t="180" w="620" /><ent r="3" t="180" w="636" /><ent r="3" t="181" w="144" /><ent r="3" t="181" w="243" /><ent r="3" t="181" w="361" /><ent r="3" t="181" w="375" /><ent r="4" t="181" w="662" /><ent r="4" t="181" w="928" /><ent r="3" t="181" w="1075" /><ent r="3" t="182" w="134" /><ent r="3" t="182" w="232" /><ent r="3" t="182" w="348" /><ent r="3" t="182" w="362" /><ent r="4" t="182" w="716" /><ent r="3" t="182" w="1277" /><ent r="4" t="183" w="493" /><ent r="4" t="183" w="554" /><ent r="3" t="183" w="583" /><ent r="3" t="184" w="89" /><ent r="3" t="191" w="168" /><ent r="3" t="193" w="51" /><ent r="3" t="193" w="254" /><ent r="3" t="193" w="333" /><ent r="83" t="193" w="402" /><ent r="4" t="193" w="427" /><ent r="3" t="193" w="468" /><ent r="3" t="193" w="472" /><ent r="3" t="193" w="630" /><ent r="3" t="193" w="772" /><ent r="4" t="195" w="163" /><ent r="3" t="197" w="42" /><ent r="7" t="197" w="475" /><ent r="3" t="207" w="39" /><ent r="3" t="207" w="71" /><ent r="3" t="207" w="150" /><ent r="3" t="209" w="20" /><ent r="100" t="211" w="8" /><ent r="100" t="211" w="11" /><ent r="3" t="211" w="38" /><ent r="3" t="211" w="112" /><ent r="3" t="211" w="131" /><ent r="3" t="212" w="25" /><ent r="64" t="212" w="49" /><ent r="3" t="212" w="53" /><ent r="3" t="212" w="104" /><ent r="4" t="212" w="310" /><ent r="3" t="213" w="41" /><ent r="3" t="213" w="234" /><ent r="3" t="214" w="193" /><ent r="3" t="215" w="40" /><ent r="3" t="217" w="48" /><ent r="3" t="217" w="112" /><ent r="3" t="217" w="132" /><ent r="3" t="217" w="158" /><ent r="3" t="219" w="53" /><ent r="3" t="219" w="117" /><ent r="3" t="219" w="137" /><ent r="3" t="219" w="163" /><ent r="3" t="224" w="16" /><ent r="6" t="227" w="294" /><ent r="4" t="233" w="79" /><ent r="4" t="233" w="96" /><ent r="3" t="235" w="106" /><ent r="3" t="235" w="163" /><ent r="3" t="235" w="482" /></phr><phr n="Setting"><ent r="92" t="19" w="137" /><ent r="92" t="120" w="184" /><ent r="92" t="127" w="292" /><ent r="92" t="140" w="65" /><ent r="92" t="167" w="249" /><ent r="92" t="167" w="296" /></phr><phr n="Set"><ent r="1000" t="24" w="3" /><ent r="102" t="24" w="15" /><ent r="64" t="24" w="86" /><ent r="1000" t="25" w="2" /><ent r="102" t="25" w="6" /><ent r="5" t="44" w="218" /><ent r="4" t="47" w="241" /><ent r="4" t="47" w="306" /><ent r="5" t="90" w="242" /><ent r="67" t="90" w="260" /><ent r="4" t="92" w="157" /><ent r="1000" t="93" w="1" /><ent r="100" t="93" w="5" /><ent r="102" t="93" w="12" /><ent r="3" t="93" w="16" /><ent r="5" t="93" w="79" /><ent r="4" t="93" w="129" /><ent r="4" t="166" w="984" /><ent r="4" t="169" w="142" /><ent r="4" t="170" w="176" /><ent r="4" t="170" w="186" /><ent r="4" t="174" w="158" /><ent r="4" t="174" w="214" /><ent r="4" t="177" w="1582" /><ent r="4" t="177" w="1589" /><ent r="3" t="177" w="1755" /><ent r="4" t="178" w="2231" /><ent r="4" t="178" w="2269" /><ent r="4" t="178" w="2286" /><ent r="4" t="178" w="2379" /><ent r="4" t="178" w="2416" /><ent r="4" t="178" w="2430" /><ent r="3" t="179" w="429" /><ent r="4" t="179" w="476" /><ent r="4" t="180" w="544" /><ent r="4" t="180" w="561" /><ent r="3" t="180" w="1310" /><ent r="4" t="180" w="1419" /><ent r="4" t="180" w="1458" /><ent r="4" t="180" w="1478" /><ent r="5" t="185" w="463" /><ent r="3" t="185" w="986" /><ent r="3" t="185" w="992" /><ent r="3" t="185" w="1062" /><ent r="7" t="185" w="1136" /><ent r="7" t="185" w="1139" /><ent r="3" t="185" w="1373" /><ent r="7" t="186" w="1031" /><ent r="7" t="186" w="1096" /><ent r="7" t="186" w="1099" /><ent r="3" t="186" w="1329" /><ent r="4" t="206" w="155" /><ent r="5" t="223" w="264" /><ent r="5" t="223" w="274" /><ent r="5" t="223" w="284" /><ent r="5" t="223" w="294" /><ent r="5" t="223" w="304" /><ent r="5" t="223" w="314" /><ent r="93" t="235" w="144" /></phr><phr n="Sets"><ent r="65" t="31" w="99" /><ent r="4" t="106" w="188" /><ent r="4" t="106" w="219" /><ent r="4" t="106" w="439" /><ent r="4" t="107" w="494" /><ent r="5" t="151" w="681" /><ent r="5" t="151" w="1104" /><ent r="5" t="159" w="549" /><ent r="5" t="164" w="670" /><ent r="1000" t="211" w="4" /><ent r="102" t="211" w="17" /><ent r="92" t="211" w="22" /><ent r="92" t="211" w="93" /></phr><phr n="setting"><ent r="4" t="50" w="182" /><ent r="3" t="81" w="247" /><ent r="4" t="106" w="451" /><ent r="3" t="167" w="255" /><ent r="4" t="167" w="281" /><ent r="3" t="167" w="302" /><ent r="4" t="167" w="328" /><ent r="4" t="174" w="192" /><ent r="4" t="177" w="1594" /><ent r="4" t="177" w="2050" /><ent r="4" t="221" w="35" /></phr><phr n="settings"><ent r="3" t="140" w="561" /><ent r="3" t="165" w="31" /><ent r="3" t="167" w="186" /><ent r="3" t="167" w="219" /><ent r="4" t="167" w="237" /><ent r="4" t="167" w="273" /><ent r="4" t="167" w="320" /><ent r="4" t="177" w="2283" /><ent r="4" t="181" w="932" /></phr><phr n="Settings"><ent r="92" t="167" w="214" /><ent r="5" t="170" w="286" /><ent r="3" t="180" w="748" /><ent r="4" t="180" w="780" /><ent r="5" t="213" w="272" /></phr></stem><stem n="specif"><phr n="specific"><ent r="3" t="0" w="35" /><ent r="3" t="22" w="30" /><ent r="4" t="23" w="98" /><ent r="3" t="69" w="88" /><ent r="4" t="75" w="46" /><ent r="3" t="87" w="24" /><ent r="3" t="101" w="29" /><ent r="3" t="127" w="266" /><ent r="3" t="155" w="420" /><ent r="3" t="176" w="55" /><ent r="3" t="179" w="74" /><ent r="3" t="193" w="127" /><ent r="7" t="197" w="166" /><ent r="7" t="197" w="325" /><ent r="7" t="197" w="550" /><ent r="7" t="197" w="605" /></phr><phr n="specifications"><ent r="5" t="20" w="66" /><ent r="3" t="198" w="39" /></phr><phr n="Specifications"><ent r="65" t="20" w="546" /><ent r="1000" t="192" w="6" /><ent r="102" t="192" w="13" /><ent r="64" t="207" w="226" /></phr><phr n="Specific"><ent r="92" t="22" w="162" /></phr><phr n="specification"><ent r="3" t="68" w="57" /><ent r="3" t="68" w="59" /><ent r="3" t="68" w="151" /><ent r="3" t="68" w="153" /></phr></stem><stem n="technic"><phr n="technical"><ent r="3" t="0" w="36" /></phr></stem><stem n="sensor"><phr n="sensors"><ent r="3" t="0" w="37" /><ent r="3" t="169" w="45" /><ent r="3" t="180" w="124" /></phr><phr n="Sensor"><ent r="66" t="7" w="268" /><ent r="3" t="19" w="153" /><ent r="1000" t="43" w="1" /><ent r="102" t="43" w="4" /><ent r="100" t="43" w="7" /><ent r="3" t="43" w="10" /><ent r="3" t="43" w="182" /><ent r="3" t="43" w="204" /></phr><phr n="sensor"><ent r="3" t="177" w="266" /><ent r="3" t="177" w="275" /><ent r="3" t="183" w="349" /><ent r="3" t="191" w="86" /><ent r="3" t="191" w="94" /><ent r="7" t="197" w="320" /><ent r="3" t="197" w="744" /></phr></stem><stem n="present"><phr n="presents"><ent r="3" t="0" w="39" /></phr><phr n="present"><ent r="3" t="60" w="114" /><ent r="7" t="197" w="136" /></phr></stem><stem n="us"><phr n="using"><ent r="3" t="0" w="47" /><ent r="3" t="0" w="95" /><ent r="3" t="1" w="98" /><ent r="3" t="2" w="19" /><ent r="3" t="2" w="147" /><ent r="3" t="11" w="70" /><ent r="6" t="14" w="234" /><ent r="6" t="14" w="294" /><ent r="4" t="29" w="81" /><ent r="3" t="32" w="69" /><ent r="3" t="32" w="91" /><ent r="3" t="38" w="18" /><ent r="3" t="50" w="87" /><ent r="4" t="50" w="110" /><ent r="3" t="64" w="156" /><ent r="3" t="64" w="229" /><ent r="3" t="68" w="55" /><ent r="4" t="70" w="179" /><ent r="3" t="73" w="64" /><ent r="3" t="73" w="106" /><ent r="3" t="74" w="19" /><ent r="4" t="75" w="56" /><ent r="3" t="76" w="19" /><ent r="3" t="77" w="215" /><ent r="3" t="77" w="282" /><ent r="4" t="80" w="78" /><ent r="4" t="80" w="108" /><ent r="4" t="80" w="154" /><ent r="3" t="81" w="467" /><ent r="3" t="106" w="381" /><ent r="3" t="108" w="107" /><ent r="4" t="108" w="280" /><ent r="6" t="109" w="8" /><ent r="100" t="113" w="6" /><ent r="100" t="113" w="33" /><ent r="3" t="124" w="35" /><ent r="4" t="126" w="60" /><ent r="3" t="129" w="57" /><ent r="3" t="135" w="153" /><ent r="4" t="140" w="73" /><ent r="4" t="140" w="174" /><ent r="4" t="140" w="275" /><ent r="4" t="140" w="434" /><ent r="4" t="140" w="445" /><ent r="3" t="143" w="187" /><ent r="3" t="143" w="290" /><ent r="3" t="143" w="494" /><ent r="3" t="143" w="658" /><ent r="3" t="167" w="90" /><ent r="3" t="168" w="24" /><ent r="3" t="168" w="172" /><ent r="4" t="169" w="160" /><ent r="3" t="170" w="28" /><ent r="3" t="173" w="47" /><ent r="4" t="173" w="195" /><ent r="3" t="176" w="115" /><ent r="3" t="176" w="145" /><ent r="7" t="176" w="273" /><ent r="64" t="176" w="344" /><ent r="7" t="177" w="490" /><ent r="3" t="177" w="2400" /><ent r="3" t="178" w="58" /><ent r="3" t="178" w="90" /><ent r="3" t="178" w="407" /><ent r="7" t="178" w="640" /><ent r="3" t="178" w="1470" /><ent r="4" t="178" w="2632" /><ent r="3" t="178" w="2649" /><ent r="4" t="178" w="2734" /><ent r="3" t="178" w="2791" /><ent r="3" t="178" w="2976" /><ent r="3" t="179" w="83" /><ent r="4" t="179" w="102" /><ent r="7" t="179" w="352" /><ent r="4" t="179" w="642" /><ent r="4" t="179" w="969" /><ent r="3" t="179" w="1133" /><ent r="3" t="179" w="1142" /><ent r="3" t="179" w="1205" /><ent r="4" t="179" w="1434" /><ent r="3" t="179" w="1608" /><ent r="3" t="180" w="56" /><ent r="7" t="180" w="315" /><ent r="3" t="180" w="1056" /><ent r="3" t="180" w="1580" /><ent r="7" t="181" w="590" /><ent r="7" t="182" w="575" /><ent r="4" t="182" w="951" /><ent r="4" t="182" w="1165" /><ent r="3" t="182" w="1224" /><ent r="3" t="182" w="1319" /><ent r="3" t="183" w="38" /><ent r="7" t="183" w="199" /><ent r="3" t="183" w="573" /><ent r="7" t="184" w="466" /><ent r="3" t="184" w="956" /><ent r="3" t="185" w="29" /><ent r="3" t="185" w="131" /><ent r="7" t="185" w="387" /><ent r="3" t="185" w="1402" /><ent r="3" t="185" w="1880" /><ent r="3" t="186" w="127" /><ent r="5" t="186" w="181" /><ent r="7" t="186" w="377" /><ent r="3" t="186" w="895" /><ent r="3" t="186" w="1705" /><ent r="3" t="195" w="179" /><ent r="4" t="206" w="391" /><ent r="4" t="206" w="500" /><ent r="3" t="206" w="661" /><ent r="3" t="217" w="135" /><ent r="3" t="219" w="140" /><ent r="3" t="223" w="54" /><ent r="6" t="227" w="119" /><ent r="6" t="227" w="127" /><ent r="7" t="232" w="49" /><ent r="7" t="232" w="59" /><ent r="7" t="232" w="72" /><ent r="7" t="232" w="83" /><ent r="7" t="232" w="91" /><ent r="4" t="234" w="37" /><ent r="4" t="234" w="83" /></phr><phr n="uses"><ent r="3" t="0" w="54" /><ent r="4" t="20" w="124" /><ent r="3" t="21" w="95" /><ent r="3" t="58" w="36" /><ent r="3" t="68" w="154" /><ent r="3" t="68" w="167" /><ent r="3" t="106" w="328" /><ent r="3" t="168" w="15" /><ent r="3" t="176" w="81" /><ent r="3" t="176" w="160" /><ent r="3" t="177" w="282" /><ent r="3" t="178" w="273" /><ent r="3" t="191" w="112" /><ent r="4" t="206" w="454" /></phr><phr n="Using"><ent r="4" t="1" w="317" /><ent r="4" t="4" w="172" /><ent r="4" t="26" w="381" /><ent r="3" t="63" w="30" /><ent r="1000" t="113" w="1" /><ent r="102" t="113" w="35" /><ent r="64" t="115" w="53" /><ent r="64" t="115" w="259" /><ent r="64" t="116" w="136" /><ent r="64" t="117" w="192" /><ent r="64" t="118" w="147" /><ent r="64" t="120" w="230" /><ent r="4" t="173" w="96" /><ent r="64" t="176" w="372" /><ent r="4" t="177" w="383" /><ent r="3" t="177" w="626" /><ent r="3" t="177" w="1776" /><ent r="4" t="178" w="533" /><ent r="3" t="178" w="1824" /><ent r="102" t="179" w="16" /><ent r="4" t="179" w="245" /><ent r="4" t="180" w="208" /><ent r="4" t="181" w="483" /><ent r="4" t="182" w="468" /><ent r="4" t="182" w="665" /><ent r="4" t="182" w="862" /><ent r="4" t="182" w="930" /><ent r="1000" t="183" w="2" /><ent r="102" t="183" w="17" /><ent r="4" t="184" w="359" /><ent r="4" t="186" w="270" /><ent r="3" t="186" w="998" /><ent r="92" t="193" w="152" /><ent r="3" t="225" w="162" /></phr><phr n="useful"><ent r="6" t="11" w="129" /><ent r="3" t="37" w="37" /><ent r="4" t="151" w="261" /><ent r="5" t="164" w="215" /><ent r="3" t="166" w="47" /><ent r="3" t="166" w="526" /></phr><phr n="used"><ent r="7" t="13" w="185" /><ent r="3" t="20" w="9" /><ent r="3" t="21" w="25" /><ent r="3" t="21" w="42" /><ent r="3" t="21" w="118" /><ent r="4" t="25" w="145" /><ent r="3" t="32" w="39" /><ent r="3" t="44" w="413" /><ent r="3" t="46" w="138" /><ent r="3" t="67" w="47" /><ent r="3" t="81" w="354" /><ent r="3" t="81" w="616" /><ent r="6" t="90" w="255" /><ent r="3" t="93" w="28" /><ent r="4" t="96" w="131" /><ent r="3" t="96" w="158" /><ent r="3" t="96" w="174" /><ent r="4" t="107" w="204" /><ent r="3" t="108" w="41" /><ent r="3" t="108" w="64" /><ent r="3" t="108" w="329" /><ent r="3" t="113" w="244" /><ent r="3" t="115" w="220" /><ent r="3" t="123" w="650" /><ent r="3" t="147" w="77" /><ent r="3" t="155" w="413" /><ent r="5" t="166" w="187" /><ent r="3" t="166" w="249" /><ent r="5" t="166" w="342" /><ent r="3" t="166" w="907" /><ent r="6" t="167" w="201" /><ent r="3" t="169" w="108" /><ent r="4" t="169" w="305" /><ent r="3" t="171" w="65" /><ent r="3" t="172" w="31" /><ent r="3" t="176" w="90" /><ent r="82" t="176" w="213" /><ent r="3" t="177" w="313" /><ent r="3" t="178" w="177" /><ent r="3" t="178" w="187" /><ent r="3" t="178" w="286" /><ent r="3" t="178" w="458" /><ent r="3" t="179" w="179" /><ent r="3" t="179" w="1106" /><ent r="4" t="179" w="1320" /><ent r="3" t="180" w="118" /><ent r="3" t="180" w="139" /><ent r="3" t="181" w="98" /><ent r="3" t="181" w="112" /><ent r="3" t="181" w="249" /><ent r="3" t="181" w="263" /><ent r="3" t="181" w="417" /><ent r="3" t="182" w="88" /><ent r="3" t="182" w="102" /><ent r="3" t="182" w="238" /><ent r="3" t="182" w="252" /><ent r="3" t="182" w="403" /><ent r="3" t="184" w="294" /><ent r="3" t="185" w="302" /><ent r="4" t="186" w="209" /><ent r="3" t="187" w="22" /><ent r="5" t="188" w="276" /><ent r="3" t="190" w="29" /><ent r="3" t="193" w="120" /><ent r="4" t="196" w="330" /><ent r="7" t="197" w="592" /><ent r="7" t="197" w="634" /><ent r="7" t="197" w="660" /><ent r="3" t="225" w="49" /><ent r="6" t="227" w="177" /><ent r="6" t="227" w="230" /><ent r="3" t="231" w="27" /><ent r="3" t="235" w="516" /></phr><phr n="Used"><ent r="4" t="81" w="379" /></phr></stem><stem n="imag"><phr n="images"><ent r="3" t="0" w="48" /><ent r="5" t="7" w="240" /><ent r="3" t="23" w="129" /><ent r="4" t="48" w="213" /><ent r="3" t="70" w="29" /><ent r="3" t="71" w="33" /><ent r="3" t="77" w="195" /><ent r="4" t="103" w="69" /><ent r="4" t="103" w="86" /><ent r="6" t="104" w="56" /><ent r="3" t="106" w="29" /><ent r="6" t="106" w="52" /><ent r="3" t="107" w="30" /><ent r="6" t="107" w="53" /><ent r="6" t="142" w="63" /><ent r="6" t="145" w="50" /><ent r="6" t="146" w="50" /><ent r="6" t="147" w="50" /><ent r="6" t="148" w="57" /><ent r="6" t="149" w="53" /><ent r="6" t="150" w="49" /><ent r="6" t="151" w="46" /><ent r="6" t="152" w="46" /><ent r="6" t="153" w="56" /><ent r="4" t="159" w="588" /><ent r="4" t="164" w="771" /><ent r="3" t="171" w="44" /><ent r="4" t="173" w="353" /><ent r="4" t="174" w="307" /><ent r="3" t="177" w="720" /><ent r="3" t="178" w="69" /><ent r="3" t="178" w="2142" /><ent r="4" t="178" w="2151" /><ent r="4" t="178" w="2193" /><ent r="3" t="180" w="843" /><ent r="3" t="180" w="878" /><ent r="4" t="180" w="913" /><ent r="4" t="180" w="1261" /><ent r="4" t="180" w="1493" /><ent r="3" t="180" w="1531" /><ent r="3" t="184" w="946" /><ent r="4" t="185" w="1837" /><ent r="6" t="226" w="50" /></phr><phr n="image"><ent r="3" t="1" w="253" /><ent r="3" t="4" w="51" /><ent r="3" t="4" w="75" /><ent r="6" t="7" w="42" /><ent r="6" t="7" w="57" /><ent r="6" t="7" w="77" /><ent r="6" t="7" w="129" /><ent r="5" t="7" w="255" /><ent r="6" t="7" w="320" /><ent r="3" t="8" w="22" /><ent r="3" t="10" w="55" /><ent r="4" t="11" w="21" /><ent r="7" t="12" w="29" /><ent r="7" t="12" w="42" /><ent r="3" t="14" w="60" /><ent r="4" t="20" w="440" /><ent r="3" t="22" w="41" /><ent r="3" t="22" w="78" /><ent r="3" t="22" w="96" /><ent r="3" t="22" w="125" /><ent r="3" t="23" w="131" /><ent r="4" t="28" w="62" /><ent r="4" t="28" w="85" /><ent r="4" t="28" w="108" /><ent r="4" t="28" w="127" /><ent r="4" t="28" w="152" /><ent r="4" t="28" w="182" /><ent r="4" t="28" w="262" /><ent r="4" t="28" w="291" /><ent r="3" t="32" w="43" /><ent r="3" t="35" w="13" /><ent r="3" t="37" w="55" /><ent r="4" t="37" w="77" /><ent r="4" t="37" w="79" /><ent r="4" t="40" w="151" /><ent r="4" t="40" w="177" /><ent r="3" t="42" w="24" /><ent r="3" t="42" w="31" /><ent r="4" t="42" w="39" /><ent r="4" t="42" w="54" /><ent r="3" t="43" w="14" /><ent r="4" t="43" w="55" /><ent r="3" t="43" w="132" /><ent r="3" t="44" w="18" /><ent r="3" t="44" w="53" /><ent r="4" t="44" w="118" /><ent r="4" t="44" w="122" /><ent r="4" t="44" w="159" /><ent r="3" t="44" w="265" /><ent r="100" t="46" w="10" /><ent r="3" t="46" w="18" /><ent r="3" t="46" w="50" /><ent r="3" t="46" w="95" /><ent r="3" t="47" w="127" /><ent r="100" t="49" w="7" /><ent r="3" t="49" w="32" /><ent r="3" t="49" w="38" /><ent r="3" t="49" w="48" /><ent r="3" t="49" w="76" /><ent r="3" t="50" w="35" /><ent r="3" t="50" w="52" /><ent r="3" t="50" w="69" /><ent r="3" t="50" w="79" /><ent r="3" t="50" w="103" /><ent r="4" t="50" w="151" /><ent r="3" t="50" w="170" /><ent r="4" t="50" w="205" /><ent r="3" t="50" w="278" /><ent r="3" t="52" w="18" /><ent r="3" t="52" w="88" /><ent r="3" t="53" w="29" /><ent r="3" t="55" w="26" /><ent r="4" t="55" w="41" /><ent r="4" t="55" w="54" /><ent r="4" t="58" w="161" /><ent r="4" t="58" w="259" /><ent r="3" t="58" w="289" /><ent r="3" t="63" w="18" /><ent r="3" t="63" w="47" /><ent r="3" t="63" w="70" /><ent r="3" t="66" w="46" /><ent r="3" t="66" w="55" /><ent r="100" t="69" w="6" /><ent r="3" t="69" w="15" /><ent r="3" t="69" w="22" /><ent r="3" t="69" w="106" /><ent r="3" t="69" w="109" /><ent r="3" t="69" w="121" /><ent r="3" t="69" w="136" /><ent r="100" t="70" w="12" /><ent r="3" t="71" w="28" /><ent r="3" t="72" w="24" /><ent r="3" t="72" w="33" /><ent r="4" t="72" w="66" /><ent r="3" t="72" w="122" /><ent r="3" t="77" w="139" /><ent r="3" t="77" w="206" /><ent r="3" t="79" w="116" /><ent r="3" t="81" w="569" /><ent r="3" t="87" w="19" /><ent r="5" t="89" w="226" /><ent r="5" t="89" w="257" /><ent r="3" t="94" w="118" /><ent r="3" t="96" w="30" /><ent r="4" t="96" w="231" /><ent r="4" t="103" w="25" /><ent r="4" t="103" w="56" /><ent r="3" t="104" w="20" /><ent r="3" t="104" w="83" /><ent r="3" t="105" w="33" /><ent r="3" t="105" w="55" /><ent r="3" t="106" w="380" /><ent r="3" t="106" w="397" /><ent r="4" t="106" w="445" /><ent r="4" t="106" w="502" /><ent r="4" t="106" w="518" /><ent r="3" t="107" w="249" /><ent r="3" t="107" w="339" /><ent r="4" t="107" w="462" /><ent r="3" t="107" w="540" /><ent r="6" t="109" w="16" /><ent r="3" t="128" w="18" /><ent r="3" t="128" w="23" /><ent r="3" t="136" w="53" /><ent r="3" t="136" w="108" /><ent r="4" t="137" w="36" /><ent r="6" t="140" w="218" /><ent r="4" t="140" w="257" /><ent r="3" t="142" w="13" /><ent r="3" t="143" w="159" /><ent r="3" t="143" w="184" /><ent r="3" t="143" w="204" /><ent r="3" t="143" w="262" /><ent r="3" t="143" w="287" /><ent r="3" t="143" w="307" /><ent r="3" t="143" w="466" /><ent r="3" t="143" w="491" /><ent r="3" t="143" w="511" /><ent r="3" t="143" w="630" /><ent r="3" t="143" w="655" /><ent r="3" t="143" w="675" /><ent r="3" t="148" w="37" /><ent r="4" t="151" w="138" /><ent r="4" t="151" w="211" /><ent r="5" t="151" w="641" /><ent r="5" t="151" w="676" /><ent r="5" t="151" w="1064" /><ent r="5" t="151" w="1099" /><ent r="3" t="151" w="1136" /><ent r="4" t="152" w="509" /><ent r="3" t="154" w="13" /><ent r="3" t="154" w="170" /><ent r="3" t="154" w="196" /><ent r="3" t="154" w="214" /><ent r="5" t="159" w="511" /><ent r="5" t="159" w="539" /><ent r="3" t="164" w="30" /><ent r="3" t="164" w="44" /><ent r="4" t="164" w="119" /><ent r="3" t="164" w="267" /><ent r="5" t="164" w="632" /><ent r="5" t="164" w="660" /><ent r="3" t="164" w="700" /><ent r="3" t="166" w="407" /><ent r="3" t="166" w="452" /><ent r="3" t="166" w="493" /><ent r="3" t="166" w="776" /><ent r="3" t="166" w="890" /><ent r="3" t="166" w="898" /><ent r="3" t="166" w="946" /><ent r="3" t="167" w="189" /><ent r="6" t="167" w="196" /><ent r="6" t="167" w="210" /><ent r="4" t="171" w="101" /><ent r="4" t="171" w="108" /><ent r="4" t="173" w="80" /><ent r="4" t="173" w="212" /><ent r="3" t="174" w="22" /><ent r="3" t="174" w="65" /><ent r="4" t="174" w="278" /><ent r="4" t="174" w="283" /><ent r="4" t="174" w="374" /><ent r="100" t="177" w="7" /><ent r="3" t="177" w="36" /><ent r="3" t="177" w="113" /><ent r="3" t="177" w="150" /><ent r="3" t="177" w="302" /><ent r="3" t="177" w="310" /><ent r="3" t="177" w="715" /><ent r="3" t="177" w="729" /><ent r="4" t="177" w="864" /><ent r="3" t="177" w="970" /><ent r="4" t="177" w="1067" /><ent r="4" t="177" w="1129" /><ent r="4" t="177" w="2032" /><ent r="4" t="177" w="2102" /><ent r="4" t="177" w="2209" /><ent r="4" t="177" w="2373" /><ent r="3" t="177" w="2399" /><ent r="3" t="178" w="72" /><ent r="4" t="178" w="101" /><ent r="3" t="178" w="351" /><ent r="3" t="178" w="835" /><ent r="3" t="178" w="1299" /><ent r="4" t="178" w="1669" /><ent r="3" t="178" w="2080" /><ent r="4" t="178" w="2408" /><ent r="4" t="178" w="2591" /><ent r="3" t="178" w="2677" /><ent r="3" t="178" w="2718" /><ent r="3" t="178" w="2775" /><ent r="4" t="178" w="2831" /><ent r="4" t="178" w="2838" /><ent r="4" t="178" w="2860" /><ent r="3" t="178" w="2964" /><ent r="3" t="178" w="2967" /><ent r="3" t="179" w="45" /><ent r="4" t="179" w="543" /><ent r="4" t="179" w="570" /><ent r="4" t="179" w="596" /><ent r="4" t="179" w="605" /><ent r="4" t="179" w="611" /><ent r="4" t="179" w="637" /><ent r="4" t="179" w="641" /><ent r="4" t="179" w="660" /><ent r="4" t="179" w="754" /><ent r="3" t="179" w="848" /><ent r="4" t="179" w="893" /><ent r="4" t="179" w="968" /><ent r="3" t="179" w="1482" /><ent r="3" t="179" w="1494" /><ent r="4" t="180" w="377" /><ent r="4" t="180" w="427" /><ent r="4" t="180" w="1100" /><ent r="4" t="180" w="1113" /><ent r="4" t="180" w="1147" /><ent r="4" t="180" w="1181" /><ent r="3" t="180" w="1360" /><ent r="3" t="180" w="1556" /><ent r="3" t="180" w="1562" /><ent r="3" t="180" w="1570" /><ent r="4" t="180" w="1629" /><ent r="4" t="180" w="1647" /><ent r="4" t="181" w="675" /><ent r="4" t="181" w="987" /><ent r="3" t="181" w="1065" /><ent r="3" t="182" w="770" /><ent r="4" t="182" w="835" /><ent r="4" t="182" w="860" /><ent r="4" t="182" w="874" /><ent r="4" t="184" w="817" /><ent r="4" t="184" w="904" /><ent r="3" t="184" w="1039" /><ent r="4" t="184" w="1116" /><ent r="4" t="184" w="1133" /><ent r="7" t="188" w="219" /><ent r="5" t="188" w="232" /><ent r="5" t="188" w="247" /><ent r="5" t="188" w="271" /><ent r="7" t="197" w="85" /><ent r="7" t="197" w="97" /><ent r="7" t="197" w="109" /><ent r="7" t="197" w="120" /><ent r="7" t="197" w="408" /><ent r="7" t="197" w="415" /><ent r="7" t="197" w="595" /><ent r="7" t="197" w="612" /><ent r="7" t="197" w="626" /><ent r="7" t="197" w="652" /><ent r="7" t="197" w="677" /><ent r="3" t="206" w="183" /><ent r="3" t="206" w="307" /><ent r="4" t="206" w="515" /><ent r="4" t="206" w="612" /><ent r="3" t="206" w="697" /><ent r="3" t="214" w="212" /><ent r="3" t="214" w="217" /><ent r="3" t="214" w="269" /><ent r="3" t="214" w="284" /><ent r="3" t="217" w="61" /><ent r="4" t="218" w="24" /><ent r="4" t="218" w="43" /><ent r="3" t="219" w="66" /><ent r="3" t="220" w="27" /><ent r="3" t="220" w="47" /><ent r="4" t="220" w="61" /><ent r="4" t="221" w="24" /><ent r="4" t="221" w="50" /><ent r="4" t="221" w="73" /><ent r="4" t="222" w="26" /><ent r="4" t="222" w="32" /><ent r="4" t="222" w="46" /><ent r="5" t="223" w="232" /><ent r="6" t="227" w="39" /><ent r="6" t="227" w="51" /><ent r="6" t="227" w="60" /><ent r="6" t="227" w="325" /></phr><phr n="Image"><ent r="100" t="1" w="443" /><ent r="92" t="1" w="447" /><ent r="3" t="1" w="452" /><ent r="3" t="1" w="461" /><ent r="3" t="1" w="478" /><ent r="7" t="6" w="110" /><ent r="68" t="6" w="114" /><ent r="67" t="7" w="327" /><ent r="6" t="20" w="332" /><ent r="4" t="43" w="193" /><ent r="4" t="43" w="198" /><ent r="92" t="44" w="109" /><ent r="92" t="44" w="255" /><ent r="1000" t="46" w="3" /><ent r="102" t="46" w="7" /><ent r="3" t="46" w="61" /><ent r="4" t="46" w="85" /><ent r="92" t="47" w="120" /><ent r="1000" t="49" w="1" /><ent r="100" t="49" w="9" /><ent r="102" t="49" w="13" /><ent r="3" t="49" w="18" /><ent r="3" t="49" w="59" /><ent r="3" t="49" w="109" /><ent r="5" t="49" w="139" /><ent r="3" t="49" w="154" /><ent r="3" t="49" w="161" /><ent r="4" t="55" w="58" /><ent r="1000" t="69" w="2" /><ent r="102" t="69" w="10" /><ent r="3" t="69" w="33" /><ent r="4" t="69" w="45" /><ent r="4" t="69" w="61" /><ent r="3" t="69" w="92" /><ent r="3" t="69" w="98" /><ent r="64" t="69" w="170" /><ent r="1000" t="70" w="2" /><ent r="102" t="70" w="7" /><ent r="3" t="70" w="18" /><ent r="5" t="70" w="68" /><ent r="5" t="70" w="200" /><ent r="5" t="70" w="244" /><ent r="64" t="70" w="298" /><ent r="64" t="107" w="323" /><ent r="92" t="151" w="169" /><ent r="4" t="164" w="126" /><ent r="64" t="176" w="319" /><ent r="1000" t="177" w="2" /><ent r="103" t="177" w="13" /><ent r="4" t="177" w="60" /><ent r="100" t="177" w="84" /><ent r="4" t="177" w="88" /><ent r="4" t="177" w="293" /><ent r="95" t="177" w="594" /><ent r="92" t="177" w="2154" /><ent r="5" t="177" w="2167" /><ent r="3" t="177" w="2175" /><ent r="4" t="177" w="2187" /><ent r="4" t="177" w="2241" /><ent r="92" t="177" w="2342" /><ent r="92" t="179" w="835" /><ent r="3" t="184" w="1062" /><ent r="4" t="220" w="51" /><ent r="4" t="221" w="58" /><ent r="6" t="227" w="64" /><ent r="6" t="227" w="66" /><ent r="6" t="227" w="144" /><ent r="6" t="227" w="196" /><ent r="6" t="227" w="238" /><ent r="6" t="227" w="300" /><ent r="6" t="227" w="319" /><ent r="6" t="227" w="334" /><ent r="6" t="227" w="336" /><ent r="6" t="227" w="366" /><ent r="6" t="227" w="410" /><ent r="6" t="227" w="447" /><ent r="6" t="227" w="482" /><ent r="6" t="227" w="528" /></phr><phr n="Images"><ent r="6" t="20" w="174" /><ent r="6" t="25" w="45" /><ent r="3" t="32" w="28" /></phr></stem></index>