﻿<?xml version="1.0" encoding="utf-8"?><index><stem n="spatial"><phr n="spatial"><ent r="7" t="6" w="101" /><ent r="4" t="47" w="82" /><ent r="4" t="49" w="116" /><ent r="3" t="129" w="42" /><ent r="3" t="129" w="68" /><ent r="3" t="129" w="73" /><ent r="3" t="131" w="30" /><ent r="4" t="131" w="68" /><ent r="3" t="138" w="41" /><ent r="3" t="151" w="121" /><ent r="5" t="151" w="255" /><ent r="3" t="173" w="645" /><ent r="3" t="173" w="733" /><ent r="3" t="173" w="797" /><ent r="3" t="174" w="337" /><ent r="4" t="175" w="539" /><ent r="3" t="231" w="488" /><ent r="3" t="231" w="510" /></phr><phr n="Spatial"><ent r="5" t="89" w="243" /><ent r="6" t="89" w="261" /><ent r="1000" t="92" w="2" /><ent r="100" t="92" w="6" /><ent r="100" t="92" w="9" /><ent r="102" t="92" w="13" /><ent r="3" t="92" w="17" /><ent r="5" t="92" w="80" /><ent r="4" t="92" w="130" /><ent r="3" t="151" w="145" /><ent r="4" t="151" w="242" /><ent r="64" t="172" w="342" /><ent r="102" t="175" w="14" /><ent r="4" t="175" w="100" /><ent r="5" t="219" w="241" /><ent r="5" t="219" w="251" /><ent r="5" t="219" w="261" /><ent r="5" t="219" w="271" /><ent r="5" t="219" w="281" /><ent r="5" t="219" w="291" /><ent r="5" t="219" w="301" /><ent r="5" t="219" w="311" /></phr><phr n="spatially"><ent r="3" t="175" w="49" /></phr></stem><stem n="chip"><phr n="Chipping"><ent r="7" t="6" w="111" /><ent r="68" t="6" w="115" /><ent r="1000" t="49" w="2" /><ent r="100" t="49" w="10" /><ent r="102" t="49" w="14" /><ent r="3" t="49" w="19" /><ent r="3" t="49" w="60" /><ent r="3" t="49" w="110" /><ent r="5" t="49" w="140" /><ent r="3" t="49" w="155" /><ent r="5" t="49" w="240" /><ent r="100" t="173" w="85" /><ent r="4" t="173" w="89" /><ent r="4" t="173" w="294" /><ent r="92" t="173" w="2155" /><ent r="5" t="173" w="2168" /><ent r="3" t="173" w="2176" /></phr><phr n="chip"><ent r="100" t="49" w="5" /><ent r="3" t="49" w="26" /><ent r="3" t="49" w="37" /><ent r="3" t="49" w="47" /><ent r="3" t="49" w="77" /><ent r="4" t="49" w="182" /><ent r="4" t="49" w="217" /><ent r="4" t="49" w="235" /><ent r="4" t="49" w="256" /><ent r="4" t="49" w="267" /><ent r="4" t="49" w="275" /><ent r="4" t="49" w="289" /><ent r="3" t="49" w="329" /><ent r="3" t="49" w="336" /><ent r="3" t="49" w="374" /><ent r="3" t="49" w="388" /><ent r="3" t="49" w="404" /><ent r="3" t="49" w="423" /><ent r="3" t="171" w="66" /><ent r="4" t="173" w="2258" /><ent r="3" t="176" w="1283" /></phr><phr n="Chip"><ent r="3" t="49" w="162" /><ent r="5" t="49" w="199" /><ent r="5" t="170" w="221" /><ent r="5" t="170" w="230" /><ent r="4" t="173" w="2188" /><ent r="4" t="173" w="2242" /></phr><phr n="chips"><ent r="3" t="68" w="23" /><ent r="4" t="170" w="216" /><ent r="3" t="171" w="23" /></phr><phr n="Chipped"><ent r="92" t="173" w="2341" /></phr><phr n="chipped"><ent r="4" t="173" w="2372" /></phr></stem><stem n="allow"><phr n="Allows"><ent r="7" t="6" w="118" /><ent r="7" t="6" w="164" /><ent r="6" t="7" w="65" /><ent r="7" t="7" w="83" /><ent r="6" t="7" w="124" /><ent r="6" t="7" w="218" /><ent r="7" t="8" w="198" /><ent r="7" t="8" w="215" /><ent r="7" t="9" w="31" /><ent r="7" t="9" w="53" /><ent r="7" t="10" w="68" /><ent r="7" t="10" w="114" /><ent r="7" t="11" w="159" /><ent r="7" t="11" w="171" /><ent r="7" t="11" w="180" /><ent r="7" t="11" w="199" /><ent r="7" t="11" w="217" /><ent r="7" t="11" w="264" /><ent r="7" t="11" w="279" /><ent r="7" t="11" w="293" /><ent r="7" t="11" w="307" /><ent r="4" t="20" w="91" /><ent r="4" t="20" w="143" /><ent r="4" t="20" w="155" /><ent r="4" t="20" w="238" /><ent r="4" t="20" w="268" /><ent r="4" t="20" w="324" /><ent r="4" t="20" w="384" /><ent r="4" t="20" w="425" /><ent r="4" t="20" w="445" /><ent r="4" t="25" w="34" /><ent r="4" t="25" w="82" /><ent r="4" t="25" w="120" /><ent r="4" t="25" w="168" /><ent r="4" t="28" w="34" /><ent r="4" t="28" w="53" /><ent r="4" t="28" w="101" /><ent r="4" t="28" w="143" /><ent r="4" t="28" w="201" /><ent r="4" t="28" w="255" /><ent r="7" t="39" w="165" /><ent r="4" t="40" w="88" /><ent r="4" t="40" w="113" /><ent r="4" t="40" w="146" /><ent r="4" t="40" w="169" /><ent r="4" t="40" w="209" /><ent r="3" t="64" w="112" /><ent r="3" t="64" w="124" /><ent r="3" t="64" w="139" /><ent r="3" t="64" w="171" /><ent r="7" t="89" w="224" /><ent r="5" t="90" w="110" /><ent r="5" t="90" w="120" /><ent r="4" t="156" w="177" /><ent r="5" t="184" w="251" /><ent r="7" t="193" w="547" /><ent r="7" t="193" w="602" /><ent r="6" t="223" w="171" /><ent r="6" t="223" w="256" /><ent r="6" t="223" w="279" /><ent r="6" t="223" w="341" /><ent r="6" t="223" w="555" /><ent r="6" t="223" w="588" /><ent r="5" t="223" w="607" /><ent r="6" t="223" w="654" /></phr><phr n="allows"><ent r="6" t="7" w="204" /><ent r="3" t="32" w="12" /><ent r="3" t="35" w="8" /><ent r="3" t="36" w="13" /><ent r="7" t="39" w="150" /><ent r="3" t="48" w="21" /><ent r="3" t="48" w="61" /><ent r="3" t="49" w="21" /><ent r="4" t="49" w="252" /><ent r="3" t="59" w="25" /><ent r="4" t="60" w="17" /><ent r="3" t="64" w="26" /><ent r="3" t="64" w="191" /><ent r="3" t="76" w="256" /><ent r="3" t="82" w="29" /><ent r="3" t="84" w="234" /><ent r="7" t="89" w="530" /><ent r="3" t="91" w="19" /><ent r="3" t="92" w="19" /><ent r="3" t="93" w="12" /><ent r="3" t="94" w="16" /><ent r="3" t="100" w="25" /><ent r="3" t="101" w="31" /><ent r="3" t="106" w="238" /><ent r="3" t="107" w="10" /><ent r="3" t="112" w="43" /><ent r="4" t="114" w="106" /><ent r="3" t="114" w="204" /><ent r="3" t="120" w="24" /><ent r="3" t="120" w="134" /><ent r="3" t="121" w="38" /><ent r="8" t="122" w="427" /><ent r="3" t="122" w="642" /><ent r="3" t="127" w="40" /><ent r="3" t="127" w="71" /><ent r="3" t="127" w="92" /><ent r="3" t="131" w="18" /><ent r="3" t="133" w="29" /><ent r="3" t="138" w="443" /><ent r="3" t="138" w="586" /><ent r="3" t="143" w="186" /><ent r="3" t="149" w="225" /><ent r="3" t="150" w="199" /><ent r="3" t="153" w="29" /><ent r="3" t="153" w="294" /><ent r="3" t="156" w="22" /><ent r="5" t="163" w="313" /><ent r="3" t="163" w="399" /><ent r="3" t="173" w="1534" /><ent r="4" t="173" w="1682" /><ent r="3" t="173" w="1792" /><ent r="4" t="175" w="534" /><ent r="3" t="175" w="740" /><ent r="3" t="179" w="125" /><ent r="3" t="179" w="141" /><ent r="3" t="180" w="91" /><ent r="4" t="180" w="122" /><ent r="4" t="180" w="146" /><ent r="3" t="180" w="1099" /><ent r="3" t="181" w="83" /><ent r="3" t="190" w="459" /><ent r="3" t="216" w="20" /><ent r="6" t="223" w="224" /><ent r="6" t="223" w="509" /></phr><phr n="Allow"><ent r="7" t="8" w="179" /><ent r="5" t="139" w="215" /></phr><phr n="allowing"><ent r="3" t="19" w="168" /></phr><phr n="allow"><ent r="3" t="31" w="16" /><ent r="3" t="39" w="14" /><ent r="3" t="40" w="14" /><ent r="3" t="48" w="47" /><ent r="4" t="58" w="54" /><ent r="4" t="58" w="92" /><ent r="3" t="89" w="113" /><ent r="3" t="112" w="151" /><ent r="3" t="122" w="617" /><ent r="4" t="148" w="263" /><ent r="4" t="166" w="180" /><ent r="3" t="173" w="727" /><ent r="3" t="175" w="1197" /><ent r="3" t="181" w="902" /><ent r="4" t="181" w="1355" /><ent r="3" t="187" w="109" /><ent r="3" t="222" w="16" /></phr><phr n="allowed"><ent r="3" t="80" w="230" /></phr></stem><stem n="link"><phr n="link"><ent r="7" t="6" w="121" /><ent r="3" t="31" w="70" /><ent r="100" t="48" w="6" /><ent r="100" t="48" w="9" /><ent r="3" t="48" w="24" /><ent r="3" t="48" w="50" /><ent r="3" t="48" w="73" /><ent r="3" t="48" w="181" /><ent r="3" t="48" w="198" /><ent r="4" t="48" w="211" /><ent r="3" t="48" w="240" /><ent r="4" t="48" w="304" /><ent r="3" t="174" w="67" /><ent r="100" t="174" w="112" /><ent r="3" t="174" w="331" /><ent r="3" t="181" w="86" /></phr><phr n="Link"><ent r="68" t="6" w="128" /><ent r="1000" t="48" w="1" /><ent r="102" t="48" w="14" /><ent r="3" t="48" w="18" /><ent r="3" t="48" w="45" /><ent r="5" t="48" w="93" /><ent r="3" t="48" w="107" /><ent r="4" t="48" w="113" /><ent r="4" t="174" w="115" /><ent r="4" t="174" w="325" /><ent r="4" t="174" w="2202" /><ent r="4" t="174" w="2215" /><ent r="4" t="174" w="2243" /><ent r="4" t="174" w="2288" /><ent r="4" t="174" w="2364" /></phr><phr n="linking"><ent r="4" t="48" w="308" /><ent r="4" t="174" w="2298" /><ent r="4" t="174" w="2308" /></phr><phr n="links"><ent r="3" t="172" w="311" /><ent r="3" t="192" w="119" /></phr><phr n="Linking"><ent r="64" t="172" w="330" /><ent r="102" t="174" w="26" /><ent r="92" t="174" w="2144" /><ent r="4" t="174" w="2318" /></phr><phr n="Links"><ent r="4" t="174" w="2251" /></phr><phr n="linked"><ent r="4" t="174" w="2280" /></phr></stem><stem n="anoth"><phr n="another"><ent r="7" t="6" w="126" /><ent r="3" t="21" w="96" /><ent r="3" t="50" w="54" /><ent r="3" t="107" w="418" /><ent r="3" t="125" w="34" /><ent r="3" t="165" w="119" /><ent r="4" t="166" w="228" /><ent r="3" t="174" w="1397" /><ent r="4" t="174" w="1734" /><ent r="4" t="174" w="2282" /><ent r="3" t="174" w="2469" /><ent r="4" t="175" w="873" /><ent r="4" t="175" w="898" /><ent r="4" t="175" w="1262" /><ent r="3" t="175" w="1492" /><ent r="4" t="178" w="949" /><ent r="3" t="190" w="466" /><ent r="3" t="231" w="484" /></phr><phr n="Another"><ent r="3" t="177" w="345" /><ent r="3" t="178" w="332" /></phr></stem><stem n="/unlink"><phr n="/Unlink"><ent r="68" t="6" w="129" /><ent r="1000" t="48" w="2" /><ent r="102" t="48" w="15" /><ent r="3" t="48" w="19" /><ent r="3" t="48" w="46" /><ent r="3" t="48" w="108" /><ent r="4" t="48" w="114" /><ent r="4" t="174" w="2203" /><ent r="4" t="174" w="2216" /><ent r="4" t="174" w="2244" /><ent r="4" t="174" w="2365" /></phr></stem><stem n="link/unlink"><phr n="Link/Unlink"><ent r="68" t="6" w="129" /><ent r="68" t="6" w="128" /><ent r="1000" t="48" w="2" /><ent r="1000" t="48" w="1" /><ent r="102" t="48" w="15" /><ent r="102" t="48" w="14" /><ent r="3" t="48" w="19" /><ent r="3" t="48" w="18" /><ent r="3" t="48" w="46" /><ent r="3" t="48" w="45" /><ent r="5" t="48" w="94" /><ent r="5" t="48" w="93" /><ent r="3" t="48" w="108" /><ent r="3" t="48" w="107" /><ent r="4" t="48" w="114" /><ent r="4" t="48" w="113" /><ent r="4" t="174" w="2203" /><ent r="4" t="174" w="2202" /><ent r="4" t="174" w="2216" /><ent r="4" t="174" w="2215" /><ent r="4" t="174" w="2244" /><ent r="4" t="174" w="2243" /><ent r="4" t="174" w="2365" /><ent r="4" t="174" w="2364" /></phr></stem><stem n="unlink"><phr n="Unlink"><ent r="68" t="6" w="129" /><ent r="1000" t="48" w="2" /><ent r="102" t="48" w="15" /><ent r="3" t="48" w="19" /><ent r="3" t="48" w="46" /><ent r="5" t="48" w="94" /><ent r="3" t="48" w="108" /><ent r="4" t="48" w="114" /><ent r="5" t="48" w="230" /><ent r="4" t="174" w="2203" /><ent r="4" t="174" w="2216" /><ent r="4" t="174" w="2244" /><ent r="4" t="174" w="2365" /></phr><phr n="unlink"><ent r="100" t="48" w="12" /></phr></stem><stem n="edit"><phr n="Edit"><ent r="5" t="6" w="131" /><ent r="66" t="6" w="145" /><ent r="5" t="6" w="150" /><ent r="66" t="6" w="161" /><ent r="68" t="8" w="241" /><ent r="68" t="9" w="62" /><ent r="68" t="10" w="79" /><ent r="6" t="38" w="110" /><ent r="67" t="38" w="117" /><ent r="3" t="38" w="137" /><ent r="1000" t="41" w="1" /><ent r="102" t="41" w="5" /><ent r="3" t="41" w="29" /><ent r="64" t="47" w="217" /><ent r="1000" t="56" w="2" /><ent r="102" t="56" w="6" /><ent r="3" t="56" w="11" /><ent r="3" t="56" w="45" /><ent r="3" t="56" w="70" /><ent r="64" t="62" w="144" /><ent r="65" t="65" w="246" /><ent r="65" t="65" w="288" /><ent r="65" t="67" w="230" /><ent r="4" t="73" w="149" /><ent r="64" t="94" w="276" /><ent r="1000" t="95" w="2" /><ent r="102" t="95" w="7" /><ent r="5" t="95" w="105" /><ent r="64" t="95" w="177" /><ent r="64" t="103" w="203" /><ent r="65" t="105" w="455" /><ent r="4" t="108" w="108" /><ent r="4" t="112" w="190" /><ent r="68" t="113" w="220" /><ent r="64" t="122" w="284" /><ent r="1000" t="123" w="2" /><ent r="102" t="123" w="25" /><ent r="4" t="123" w="392" /><ent r="5" t="124" w="47" /><ent r="64" t="127" w="128" /><ent r="64" t="128" w="226" /><ent r="64" t="129" w="119" /><ent r="1000" t="131" w="1" /><ent r="102" t="131" w="9" /><ent r="3" t="131" w="14" /><ent r="5" t="131" w="81" /><ent r="4" t="138" w="219" /><ent r="4" t="138" w="236" /><ent r="64" t="143" w="161" /><ent r="64" t="144" w="197" /><ent r="64" t="149" w="200" /><ent r="64" t="150" w="174" /><ent r="64" t="153" w="267" /><ent r="64" t="154" w="158" /><ent r="64" t="155" w="222" /><ent r="64" t="157" w="230" /><ent r="64" t="160" w="171" /><ent r="4" t="178" w="921" /><ent r="4" t="180" w="57" /><ent r="5" t="180" w="713" /><ent r="82" t="180" w="755" /><ent r="5" t="180" w="860" /><ent r="4" t="180" w="1074" /><ent r="1000" t="183" w="1" /><ent r="102" t="183" w="10" /><ent r="5" t="219" w="136" /><ent r="6" t="223" w="25" /><ent r="67" t="223" w="190" /><ent r="67" t="223" w="359" /><ent r="67" t="223" w="570" /><ent r="92" t="224" w="170" /><ent r="5" t="224" w="206" /><ent r="3" t="224" w="211" /><ent r="4" t="224" w="219" /><ent r="92" t="225" w="116" /><ent r="4" t="225" w="141" /><ent r="4" t="225" w="145" /><ent r="1000" t="232" w="3" /><ent r="100" t="232" w="18" /><ent r="100" t="232" w="25" /><ent r="102" t="232" w="30" /><ent r="3" t="232" w="41" /><ent r="3" t="234" w="41" /><ent r="7" t="234" w="86" /><ent r="68" t="234" w="107" /><ent r="6" t="236" w="32" /><ent r="6" t="236" w="35" /></phr><phr n="edit"><ent r="5" t="6" w="142" /><ent r="5" t="6" w="157" /><ent r="7" t="10" w="117" /><ent r="6" t="13" w="214" /><ent r="3" t="18" w="173" /><ent r="4" t="21" w="319" /><ent r="3" t="27" w="102" /><ent r="100" t="41" w="9" /><ent r="64" t="41" w="24" /><ent r="82" t="44" w="360" /><ent r="4" t="44" w="376" /><ent r="3" t="56" w="26" /><ent r="3" t="56" w="53" /><ent r="3" t="56" w="66" /><ent r="3" t="73" w="39" /><ent r="3" t="73" w="93" /><ent r="4" t="73" w="107" /><ent r="4" t="73" w="165" /><ent r="3" t="82" w="36" /><ent r="3" t="82" w="198" /><ent r="4" t="82" w="210" /><ent r="7" t="89" w="229" /><ent r="5" t="90" w="152" /><ent r="3" t="94" w="268" /><ent r="3" t="95" w="22" /><ent r="100" t="95" w="42" /><ent r="100" t="95" w="48" /><ent r="3" t="95" w="171" /><ent r="3" t="108" w="92" /><ent r="3" t="112" w="47" /><ent r="3" t="112" w="157" /><ent r="3" t="115" w="23" /><ent r="100" t="123" w="10" /><ent r="3" t="123" w="368" /><ent r="4" t="123" w="410" /><ent r="3" t="127" w="95" /><ent r="100" t="131" w="5" /><ent r="3" t="131" w="21" /><ent r="3" t="131" w="51" /><ent r="3" t="138" w="93" /><ent r="4" t="138" w="248" /><ent r="3" t="152" w="49" /><ent r="3" t="152" w="292" /><ent r="3" t="152" w="308" /><ent r="3" t="153" w="297" /><ent r="3" t="153" w="344" /><ent r="4" t="154" w="117" /><ent r="3" t="158" w="134" /><ent r="3" t="159" w="225" /><ent r="4" t="180" w="149" /><ent r="4" t="180" w="721" /><ent r="4" t="180" w="873" /><ent r="100" t="183" w="5" /><ent r="100" t="183" w="7" /><ent r="3" t="202" w="116" /><ent r="3" t="202" w="132" /><ent r="3" t="205" w="25" /><ent r="3" t="220" w="159" /><ent r="6" t="223" w="137" /><ent r="6" t="223" w="512" /><ent r="6" t="223" w="591" /><ent r="3" t="224" w="22" /><ent r="3" t="224" w="238" /><ent r="3" t="225" w="10" /><ent r="6" t="236" w="42" /><ent r="6" t="236" w="55" /><ent r="6" t="236" w="67" /><ent r="6" t="236" w="80" /><ent r="6" t="236" w="92" /><ent r="6" t="236" w="105" /><ent r="6" t="236" w="117" /><ent r="6" t="236" w="130" /><ent r="5" t="236" w="143" /><ent r="5" t="236" w="155" /><ent r="5" t="236" w="167" /><ent r="5" t="236" w="180" /><ent r="6" t="236" w="192" /><ent r="6" t="236" w="204" /><ent r="6" t="236" w="227" /><ent r="6" t="236" w="236" /><ent r="6" t="236" w="376" /><ent r="6" t="236" w="395" /><ent r="6" t="236" w="413" /><ent r="6" t="236" w="432" /><ent r="6" t="236" w="450" /><ent r="6" t="236" w="469" /><ent r="6" t="236" w="487" /><ent r="6" t="236" w="506" /><ent r="5" t="236" w="525" /><ent r="5" t="236" w="543" /><ent r="5" t="236" w="561" /><ent r="5" t="236" w="580" /><ent r="6" t="236" w="598" /><ent r="6" t="236" w="616" /><ent r="6" t="236" w="634" /><ent r="6" t="236" w="652" /><ent r="6" t="236" w="667" /></phr><phr n="editing"><ent r="64" t="80" w="197" /><ent r="3" t="95" w="184" /><ent r="3" t="112" w="126" /><ent r="4" t="163" w="994" /><ent r="3" t="178" w="823" /><ent r="3" t="205" w="37" /><ent r="3" t="231" w="245" /></phr><phr n="Edits"><ent r="7" t="113" w="212" /></phr><phr n="edited"><ent r="3" t="160" w="52" /><ent r="3" t="162" w="40" /><ent r="4" t="180" w="707" /><ent r="3" t="202" w="114" /><ent r="3" t="202" w="138" /></phr><phr n="Edition"><ent r="5" t="193" w="67" /></phr><phr n="edits"><ent r="4" t="208" w="336" /></phr></stem><stem n="mode"><phr n="mode"><ent r="5" t="6" w="132" /><ent r="5" t="6" w="139" /><ent r="5" t="6" w="143" /><ent r="5" t="6" w="158" /><ent r="6" t="7" w="285" /><ent r="6" t="13" w="211" /><ent r="6" t="13" w="215" /><ent r="7" t="14" w="102" /><ent r="7" t="14" w="111" /><ent r="7" t="14" w="121" /><ent r="7" t="14" w="145" /><ent r="100" t="36" w="5" /><ent r="3" t="36" w="30" /><ent r="4" t="36" w="53" /><ent r="100" t="37" w="7" /><ent r="100" t="37" w="10" /><ent r="3" t="37" w="31" /><ent r="3" t="37" w="34" /><ent r="3" t="37" w="62" /><ent r="3" t="37" w="102" /><ent r="3" t="37" w="137" /><ent r="3" t="37" w="152" /><ent r="3" t="37" w="175" /><ent r="100" t="38" w="8" /><ent r="3" t="38" w="11" /><ent r="3" t="38" w="45" /><ent r="3" t="38" w="52" /><ent r="3" t="38" w="134" /><ent r="100" t="41" w="10" /><ent r="64" t="41" w="19" /><ent r="64" t="41" w="25" /><ent r="3" t="56" w="27" /><ent r="3" t="56" w="54" /><ent r="3" t="56" w="67" /><ent r="3" t="58" w="284" /><ent r="3" t="80" w="615" /><ent r="3" t="86" w="177" /><ent r="5" t="89" w="303" /><ent r="6" t="89" w="344" /><ent r="100" t="90" w="7" /><ent r="100" t="90" w="98" /><ent r="5" t="90" w="147" /><ent r="3" t="94" w="40" /><ent r="3" t="105" w="257" /><ent r="3" t="112" w="484" /><ent r="3" t="112" w="541" /><ent r="4" t="114" w="146" /><ent r="4" t="114" w="153" /><ent r="4" t="114" w="174" /><ent r="100" t="119" w="7" /><ent r="5" t="119" w="25" /><ent r="4" t="119" w="28" /><ent r="4" t="119" w="51" /><ent r="5" t="119" w="63" /><ent r="100" t="119" w="66" /><ent r="4" t="119" w="70" /><ent r="4" t="119" w="80" /><ent r="3" t="119" w="105" /><ent r="3" t="119" w="117" /><ent r="3" t="119" w="136" /><ent r="3" t="119" w="146" /><ent r="3" t="119" w="162" /><ent r="3" t="119" w="172" /><ent r="3" t="119" w="195" /><ent r="4" t="119" w="221" /><ent r="100" t="122" w="5" /><ent r="100" t="122" w="103" /><ent r="3" t="122" w="121" /><ent r="100" t="122" w="730" /><ent r="5" t="122" w="734" /><ent r="100" t="122" w="737" /><ent r="4" t="122" w="740" /><ent r="4" t="122" w="764" /><ent r="100" t="122" w="775" /><ent r="5" t="122" w="779" /><ent r="100" t="122" w="782" /><ent r="4" t="122" w="785" /><ent r="3" t="122" w="807" /><ent r="3" t="122" w="818" /><ent r="3" t="122" w="830" /><ent r="3" t="122" w="839" /><ent r="3" t="122" w="853" /><ent r="3" t="122" w="863" /><ent r="3" t="122" w="874" /><ent r="3" t="122" w="884" /><ent r="4" t="123" w="223" /><ent r="3" t="125" w="183" /><ent r="3" t="125" w="190" /><ent r="3" t="125" w="212" /><ent r="3" t="125" w="221" /><ent r="3" t="125" w="227" /><ent r="100" t="126" w="7" /><ent r="100" t="126" w="10" /><ent r="100" t="126" w="15" /><ent r="100" t="126" w="24" /><ent r="5" t="126" w="40" /><ent r="4" t="126" w="43" /><ent r="4" t="126" w="67" /><ent r="5" t="126" w="79" /><ent r="4" t="126" w="82" /><ent r="3" t="126" w="95" /><ent r="3" t="126" w="107" /><ent r="3" t="126" w="126" /><ent r="3" t="126" w="136" /><ent r="3" t="126" w="152" /><ent r="3" t="126" w="162" /><ent r="3" t="126" w="165" /><ent r="3" t="126" w="213" /><ent r="3" t="126" w="224" /><ent r="3" t="126" w="227" /><ent r="3" t="126" w="239" /><ent r="3" t="126" w="255" /><ent r="3" t="126" w="267" /><ent r="3" t="126" w="270" /><ent r="3" t="126" w="311" /><ent r="3" t="126" w="320" /><ent r="3" t="126" w="328" /><ent r="3" t="126" w="342" /><ent r="3" t="126" w="390" /><ent r="3" t="126" w="408" /><ent r="4" t="126" w="444" /><ent r="3" t="134" w="29" /><ent r="3" t="134" w="94" /><ent r="3" t="152" w="213" /><ent r="4" t="173" w="1132" /><ent r="3" t="173" w="1218" /><ent r="3" t="173" w="1240" /><ent r="3" t="173" w="1764" /><ent r="3" t="178" w="712" /><ent r="100" t="180" w="6" /><ent r="4" t="180" w="722" /><ent r="4" t="180" w="874" /><ent r="3" t="181" w="598" /><ent r="100" t="182" w="10" /><ent r="3" t="182" w="42" /><ent r="5" t="182" w="179" /><ent r="4" t="182" w="534" /><ent r="3" t="202" w="56" /><ent r="5" t="219" w="286" /><ent r="5" t="219" w="306" /></phr><phr n="Mode"><ent r="66" t="6" w="146" /><ent r="5" t="6" w="151" /><ent r="66" t="6" w="162" /><ent r="7" t="8" w="59" /><ent r="7" t="8" w="64" /><ent r="7" t="8" w="69" /><ent r="64" t="11" w="63" /><ent r="5" t="13" w="64" /><ent r="64" t="35" w="59" /><ent r="64" t="35" w="63" /><ent r="1000" t="36" w="2" /><ent r="102" t="36" w="8" /><ent r="3" t="36" w="12" /><ent r="5" t="36" w="48" /><ent r="64" t="36" w="98" /><ent r="1000" t="37" w="3" /><ent r="102" t="37" w="15" /><ent r="64" t="37" w="190" /><ent r="1000" t="38" w="2" /><ent r="102" t="38" w="5" /><ent r="6" t="38" w="111" /><ent r="67" t="38" w="118" /><ent r="6" t="38" w="121" /><ent r="3" t="38" w="138" /><ent r="1000" t="41" w="2" /><ent r="102" t="41" w="6" /><ent r="3" t="41" w="30" /><ent r="5" t="49" w="241" /><ent r="1000" t="56" w="3" /><ent r="102" t="56" w="7" /><ent r="3" t="56" w="12" /><ent r="3" t="56" w="46" /><ent r="3" t="56" w="71" /><ent r="100" t="58" w="235" /><ent r="4" t="58" w="242" /><ent r="64" t="58" w="294" /><ent r="7" t="89" w="176" /><ent r="68" t="89" w="192" /><ent r="1000" t="90" w="4" /><ent r="102" t="90" w="14" /><ent r="5" t="90" w="65" /><ent r="4" t="90" w="92" /><ent r="64" t="112" w="503" /><ent r="4" t="114" w="160" /><ent r="65" t="114" w="188" /><ent r="1000" t="119" w="3" /><ent r="102" t="119" w="11" /><ent r="64" t="119" w="178" /><ent r="92" t="119" w="187" /><ent r="4" t="119" w="209" /><ent r="3" t="121" w="23" /><ent r="82" t="122" w="717" /><ent r="64" t="122" w="892" /><ent r="64" t="125" w="201" /><ent r="64" t="125" w="239" /><ent r="1000" t="126" w="2" /><ent r="102" t="126" w="18" /><ent r="92" t="126" w="295" /><ent r="5" t="126" w="372" /><ent r="92" t="126" w="384" /><ent r="5" t="126" w="438" /><ent r="64" t="126" w="463" /><ent r="5" t="156" w="134" /><ent r="5" t="161" w="201" /><ent r="64" t="172" w="382" /><ent r="64" t="172" w="390" /><ent r="4" t="173" w="1150" /><ent r="5" t="173" w="1555" /><ent r="4" t="173" w="1615" /><ent r="5" t="173" w="1674" /><ent r="3" t="173" w="1748" /><ent r="4" t="174" w="1104" /><ent r="4" t="174" w="1709" /><ent r="4" t="175" w="717" /><ent r="4" t="178" w="922" /><ent r="1000" t="180" w="3" /><ent r="103" t="180" w="12" /><ent r="4" t="180" w="1075" /><ent r="5" t="181" w="553" /><ent r="1000" t="182" w="7" /><ent r="103" t="182" w="20" /><ent r="4" t="182" w="108" /><ent r="5" t="182" w="512" /><ent r="4" t="182" w="1438" /><ent r="92" t="182" w="1483" /></phr><phr n="modes"><ent r="3" t="36" w="61" /><ent r="3" t="37" w="160" /><ent r="4" t="114" w="183" /><ent r="3" t="119" w="22" /><ent r="3" t="122" w="728" /><ent r="3" t="126" w="37" /><ent r="3" t="126" w="185" /></phr></stem><stem n="turn"><phr n="Turns"><ent r="5" t="6" w="134" /></phr><phr n="turn"><ent r="7" t="10" w="98" /><ent r="3" t="38" w="130" /><ent r="3" t="41" w="14" /><ent r="3" t="56" w="63" /><ent r="3" t="140" w="346" /><ent r="3" t="160" w="41" /><ent r="3" t="160" w="176" /><ent r="3" t="174" w="367" /><ent r="4" t="209" w="263" /><ent r="4" t="216" w="108" /></phr><phr n="Turning"><ent r="3" t="85" w="134" /></phr><phr n="turns"><ent r="3" t="85" w="140" /><ent r="3" t="182" w="1135" /></phr><phr n="turned"><ent r="4" t="106" w="401" /></phr></stem><stem n="put"><phr n="Puts"><ent r="5" t="6" w="152" /></phr><phr n="puts"><ent r="3" t="56" w="21" /></phr><phr n="put"><ent r="3" t="120" w="357" /></phr></stem><stem n="-in,"><phr n="-in,"><ent r="7" t="6" w="173" /><ent r="7" t="6" w="173" /><ent r="3" t="101" w="82" /><ent r="3" t="101" w="82" /><ent r="4" t="101" w="195" /><ent r="4" t="101" w="195" /><ent r="3" t="107" w="393" /><ent r="3" t="107" w="393" /><ent r="3" t="107" w="407" /><ent r="3" t="107" w="407" /><ent r="3" t="107" w="421" /><ent r="3" t="107" w="421" /><ent r="3" t="151" w="23" /><ent r="3" t="151" w="23" /><ent r="3" t="151" w="34" /><ent r="3" t="151" w="34" /><ent r="3" t="162" w="106" /><ent r="3" t="162" w="106" /><ent r="3" t="162" w="128" /><ent r="3" t="162" w="128" /><ent r="4" t="167" w="282" /><ent r="4" t="167" w="282" /><ent r="3" t="172" w="139" /><ent r="3" t="172" w="139" /><ent r="3" t="181" w="1005" /><ent r="3" t="181" w="1005" /></phr><phr n="-In,"><ent r="3" t="163" w="210" /><ent r="3" t="163" w="210" /></phr></stem><stem n="element"><phr n="elements"><ent r="7" t="6" w="176" /><ent r="3" t="76" w="365" /><ent r="3" t="152" w="69" /><ent r="3" t="152" w="194" /><ent r="3" t="183" w="25" /></phr><phr n="element"><ent r="4" t="24" w="34" /><ent r="4" t="24" w="42" /><ent r="4" t="26" w="109" /><ent r="100" t="30" w="14" /><ent r="3" t="30" w="24" /><ent r="3" t="30" w="79" /><ent r="4" t="53" w="128" /><ent r="3" t="122" w="29" /><ent r="3" t="134" w="177" /><ent r="3" t="151" w="25" /><ent r="3" t="151" w="36" /><ent r="3" t="152" w="287" /><ent r="4" t="156" w="170" /><ent r="3" t="190" w="182" /><ent r="4" t="190" w="422" /><ent r="3" t="224" w="321" /></phr><phr n="Elements"><ent r="4" t="26" w="112" /><ent r="5" t="43" w="49" /><ent r="3" t="76" w="88" /><ent r="92" t="76" w="356" /><ent r="3" t="76" w="360" /><ent r="64" t="151" w="380" /><ent r="1000" t="152" w="2" /><ent r="100" t="152" w="6" /><ent r="100" t="152" w="11" /><ent r="102" t="152" w="14" /><ent r="3" t="152" w="19" /><ent r="3" t="152" w="77" /><ent r="4" t="152" w="91" /><ent r="7" t="178" w="987" /><ent r="6" t="179" w="523" /><ent r="3" t="190" w="170" /><ent r="5" t="190" w="415" /><ent r="65" t="190" w="449" /><ent r="64" t="224" w="15" /><ent r="64" t="236" w="19" /></phr><phr n="Element"><ent r="1000" t="30" w="4" /><ent r="102" t="30" w="9" /><ent r="5" t="89" w="422" /><ent r="5" t="156" w="163" /><ent r="5" t="161" w="270" /><ent r="5" t="175" w="1250" /><ent r="3" t="181" w="997" /><ent r="3" t="181" w="1017" /><ent r="3" t="181" w="1020" /><ent r="3" t="181" w="1036" /><ent r="7" t="181" w="1145" /><ent r="7" t="182" w="1105" /><ent r="3" t="182" w="1113" /><ent r="3" t="182" w="1118" /><ent r="3" t="182" w="1122" /><ent r="82" t="190" w="320" /><ent r="3" t="190" w="324" /><ent r="4" t="190" w="456" /><ent r="82" t="203" w="137" /><ent r="3" t="203" w="141" /><ent r="64" t="203" w="216" /></phr></stem></index>