﻿<?xml version="1.0" encoding="utf-8"?><index><stem n="vector&lt;int&gt;"><phr n="vector&lt;int&gt;"><ent r="6" t="236" w="445" /></phr></stem><stem n="int&gt;"><phr n="int&gt;"><ent r="6" t="236" w="464" /></phr></stem><stem n="vector&lt;long&gt;"><phr n="vector&lt;long&gt;"><ent r="6" t="236" w="482" /></phr></stem><stem n="long&gt;"><phr n="long&gt;"><ent r="6" t="236" w="501" /></phr></stem><stem n="vector&lt;int64"><phr n="vector&lt;int64"><ent r="5" t="236" w="519" /></phr></stem><stem n="_t&gt;"><phr n="_t&gt;"><ent r="5" t="236" w="520" /><ent r="5" t="236" w="575" /></phr></stem><stem n="vector&lt;int64_t&gt;"><phr n="vector&lt;int64_t&gt;"><ent r="5" t="236" w="520" /><ent r="5" t="236" w="519" /></phr></stem><stem n="t&gt;"><phr n="t&gt;"><ent r="5" t="236" w="520" /><ent r="5" t="236" w="575" /></phr></stem><stem n="vector&lt;int64&gt;"><phr n="vector&lt;Int64&gt;"><ent r="5" t="236" w="538" /></phr></stem><stem n="vector&lt;uint64&gt;"><phr n="vector&lt;UInt64&gt;"><ent r="5" t="236" w="556" /></phr></stem><stem n="vector&lt;uint64"><phr n="vector&lt;uint64"><ent r="5" t="236" w="574" /></phr></stem><stem n="vector&lt;uint64_t&gt;"><phr n="vector&lt;uint64_t&gt;"><ent r="5" t="236" w="575" /><ent r="5" t="236" w="574" /></phr></stem><stem n="vector&lt;float&gt;"><phr n="vector&lt;float&gt;"><ent r="6" t="236" w="593" /></phr></stem><stem n="vector&lt;double&gt;"><phr n="vector&lt;double&gt;"><ent r="6" t="236" w="611" /></phr></stem><stem n="vector&lt;bool&gt;"><phr n="vector&lt;bool&gt;"><ent r="6" t="236" w="629" /></phr></stem><stem n="“true”"><phr n="“true”"><ent r="6" t="236" w="637" /></phr></stem><stem n="“false”"><phr n="“false”"><ent r="6" t="236" w="639" /></phr></stem><stem n="vector&lt;filename&gt;"><phr n="vector&lt;Filename&gt;"><ent r="6" t="236" w="662" /></phr></stem></index>