﻿<?xml version="1.0" encoding="utf-8"?><index><stem n="hesit"><phr n="hesitate"><ent r="3" t="46" w="42" /></phr><phr n="hesitation"><ent r="3" t="46" w="55" /></phr></stem><stem n="avoid"><phr n="avoid"><ent r="3" t="46" w="53" /></phr></stem><stem n="hardwar"><phr n="hardware"><ent r="3" t="46" w="117" /><ent r="3" t="138" w="210" /><ent r="4" t="159" w="597" /><ent r="4" t="164" w="780" /></phr></stem><stem n="redraw"><phr n="redraw"><ent r="3" t="46" w="123" /><ent r="3" t="46" w="141" /></phr></stem><stem n="fast"><phr n="fast"><ent r="3" t="46" w="125" /><ent r="3" t="107" w="243" /><ent r="3" t="138" w="18" /><ent r="3" t="224" w="58" /></phr><phr n="Fast"><ent r="4" t="107" w="268" /><ent r="5" t="151" w="239" /></phr></stem><stem n="capabl"><phr n="capable"><ent r="3" t="46" w="130" /><ent r="3" t="169" w="115" /></phr><phr n="capabilities"><ent r="3" t="49" w="70" /><ent r="3" t="186" w="141" /><ent r="3" t="235" w="233" /><ent r="3" t="235" w="256" /></phr><phr n="capability"><ent r="3" t="155" w="327" /><ent r="4" t="159" w="582" /><ent r="4" t="164" w="765" /><ent r="3" t="193" w="34" /><ent r="3" t="207" w="29" /></phr></stem><stem n="rapidli"><phr n="rapidly"><ent r="3" t="46" w="168" /></phr></stem><stem n="depict"><phr n="depicting"><ent r="4" t="47" w="75" /></phr></stem><stem n="left-click"><phr n="Left-click"><ent r="3" t="47" w="86" /></phr></stem><stem n="shift+left"><phr n="Shift+left"><ent r="3" t="47" w="98" /></phr><phr n="Shift+Left"><ent r="4" t="174" w="323" /></phr></stem><stem n="shift+left-click"><phr n="Shift+left-click"><ent r="3" t="47" w="98" /></phr></stem><stem n="trail"><phr n="Trail"><ent r="92" t="47" w="121" /><ent r="4" t="47" w="187" /><ent r="4" t="47" w="206" /><ent r="5" t="47" w="236" /><ent r="4" t="47" w="243" /><ent r="4" t="47" w="307" /><ent r="5" t="104" w="180" /></phr><phr n="trail"><ent r="3" t="47" w="133" /><ent r="3" t="47" w="145" /><ent r="3" t="47" w="156" /><ent r="4" t="47" w="174" /><ent r="4" t="47" w="193" /><ent r="4" t="47" w="255" /><ent r="4" t="47" w="319" /><ent r="3" t="47" w="341" /><ent r="4" t="103" w="26" /><ent r="4" t="103" w="39" /><ent r="3" t="104" w="21" /><ent r="3" t="104" w="36" /><ent r="3" t="104" w="89" /><ent r="3" t="104" w="101" /><ent r="3" t="104" w="114" /><ent r="3" t="104" w="193" /><ent r="3" t="104" w="215" /><ent r="3" t="104" w="239" /></phr></stem><stem n="leav"><phr n="leaves"><ent r="3" t="47" w="129" /><ent r="3" t="104" w="85" /></phr><phr n="leave"><ent r="3" t="62" w="206" /><ent r="3" t="83" w="53" /><ent r="4" t="96" w="233" /><ent r="3" t="154" w="355" /><ent r="3" t="155" w="147" /><ent r="3" t="156" w="181" /><ent r="3" t="157" w="185" /><ent r="3" t="158" w="84" /><ent r="3" t="159" w="102" /><ent r="3" t="160" w="257" /><ent r="3" t="161" w="186" /><ent r="3" t="162" w="120" /><ent r="3" t="163" w="216" /><ent r="3" t="164" w="169" /><ent r="3" t="166" w="929" /><ent r="4" t="168" w="229" /><ent r="4" t="178" w="1276" /><ent r="4" t="179" w="1329" /><ent r="3" t="180" w="766" /></phr><phr n="Leave"><ent r="4" t="177" w="2132" /></phr></stem><stem n="&quot;snail"><phr n="&quot;snail"><ent r="3" t="47" w="132" /><ent r="3" t="104" w="88" /></phr></stem><stem n="snail"><phr n="snail"><ent r="3" t="47" w="132" /><ent r="3" t="104" w="88" /></phr></stem><stem n="'ve"><phr n="'ve"><ent r="3" t="47" w="137" /><ent r="3" t="104" w="93" /><ent r="3" t="140" w="329" /><ent r="4" t="180" w="523" /></phr></stem><stem n="you'v"><phr n="you've"><ent r="3" t="47" w="137" /><ent r="3" t="47" w="136" /><ent r="3" t="104" w="93" /><ent r="3" t="104" w="92" /><ent r="3" t="140" w="329" /><ent r="3" t="140" w="328" /><ent r="4" t="180" w="523" /><ent r="4" t="180" w="522" /></phr></stem><stem n="ve"><phr n="ve"><ent r="3" t="47" w="137" /><ent r="3" t="104" w="93" /><ent r="3" t="128" w="12" /><ent r="3" t="140" w="329" /><ent r="4" t="180" w="523" /></phr></stem><stem n="look"><phr n="looked"><ent r="3" t="47" w="138" /><ent r="3" t="104" w="94" /></phr><phr n="looking"><ent r="3" t="48" w="35" /><ent r="3" t="192" w="248" /></phr><phr n="look"><ent r="3" t="121" w="265" /><ent r="3" t="121" w="407" /><ent r="3" t="121" w="543" /><ent r="4" t="177" w="2044" /><ent r="4" t="186" w="1142" /><ent r="3" t="186" w="1365" /><ent r="3" t="221" w="188" /></phr><phr n="looks"><ent r="4" t="145" w="153" /><ent r="4" t="166" w="718" /><ent r="4" t="186" w="759" /></phr><phr n="Look"><ent r="1000" t="169" w="4" /><ent r="100" t="169" w="11" /><ent r="100" t="169" w="20" /><ent r="102" t="169" w="27" /><ent r="3" t="169" w="36" /><ent r="64" t="169" w="316" /><ent r="1000" t="170" w="4" /><ent r="100" t="170" w="11" /><ent r="102" t="170" w="21" /><ent r="4" t="170" w="150" /><ent r="5" t="170" w="159" /><ent r="4" t="170" w="277" /><ent r="3" t="172" w="15" /><ent r="64" t="176" w="354" /><ent r="1000" t="180" w="3" /><ent r="100" t="180" w="10" /><ent r="102" t="180" w="20" /><ent r="3" t="180" w="59" /><ent r="4" t="180" w="80" /><ent r="4" t="180" w="109" /><ent r="4" t="180" w="496" /><ent r="3" t="180" w="504" /><ent r="4" t="180" w="514" /><ent r="3" t="180" w="739" /><ent r="4" t="180" w="793" /><ent r="4" t="180" w="884" /><ent r="4" t="180" w="991" /><ent r="4" t="180" w="1009" /><ent r="4" t="180" w="1612" /><ent r="3" t="180" w="1681" /></phr></stem><stem n="opac"><phr n="opacity"><ent r="3" t="47" w="150" /><ent r="4" t="47" w="224" /><ent r="5" t="47" w="237" /><ent r="4" t="47" w="250" /><ent r="3" t="104" w="108" /><ent r="4" t="145" w="168" /><ent r="4" t="159" w="155" /><ent r="4" t="164" w="241" /></phr><phr n="Opacity"><ent r="4" t="47" w="244" /><ent r="4" t="104" w="209" /><ent r="5" t="159" w="151" /><ent r="5" t="164" w="237" /></phr></stem><stem n="snapshot"><phr n="snapshot"><ent r="3" t="47" w="162" /><ent r="100" t="50" w="8" /><ent r="100" t="50" w="12" /><ent r="3" t="50" w="31" /><ent r="3" t="50" w="72" /><ent r="3" t="50" w="86" /><ent r="4" t="50" w="109" /><ent r="5" t="50" w="157" /><ent r="4" t="50" w="166" /><ent r="4" t="50" w="180" /><ent r="5" t="50" w="211" /><ent r="4" t="50" w="220" /><ent r="4" t="50" w="246" /><ent r="5" t="223" w="324" /></phr><phr n="Snapshot"><ent r="1000" t="50" w="3" /><ent r="102" t="50" w="6" /><ent r="3" t="50" w="225" /><ent r="4" t="50" w="233" /><ent r="92" t="106" w="313" /></phr></stem><stem n="clear"><phr n="Clear"><ent r="4" t="47" w="185" /><ent r="3" t="168" w="284" /><ent r="92" t="216" w="118" /><ent r="4" t="216" w="139" /><ent r="92" t="228" w="308" /><ent r="5" t="228" w="356" /></phr><phr n="clear"><ent r="4" t="71" w="85" /><ent r="3" t="71" w="104" /><ent r="3" t="168" w="278" /><ent r="3" t="228" w="25" /></phr></stem><stem n="opaqu"><phr n="opaque"><ent r="4" t="47" w="253" /><ent r="4" t="47" w="272" /><ent r="3" t="104" w="213" /><ent r="3" t="104" w="232" /><ent r="4" t="174" w="255" /><ent r="3" t="180" w="1515" /><ent r="6" t="227" w="62" /></phr></stem><stem n="zero"><phr n="Zero"><ent r="4" t="47" w="262" /><ent r="3" t="104" w="222" /></phr><phr n="zero"><ent r="3" t="166" w="679" /><ent r="7" t="197" w="679" /></phr></stem><stem n="complet"><phr n="completely"><ent r="4" t="47" w="265" /><ent r="4" t="47" w="271" /><ent r="3" t="104" w="225" /><ent r="3" t="104" w="231" /><ent r="4" t="180" w="1481" /><ent r="4" t="184" w="222" /><ent r="5" t="186" w="176" /><ent r="4" t="186" w="531" /></phr><phr n="complete"><ent r="4" t="72" w="113" /><ent r="3" t="108" w="194" /><ent r="3" t="110" w="40" /><ent r="4" t="177" w="581" /><ent r="4" t="177" w="2304" /><ent r="3" t="178" w="242" /><ent r="4" t="179" w="821" /><ent r="4" t="179" w="1008" /><ent r="4" t="184" w="262" /><ent r="3" t="185" w="802" /><ent r="3" t="195" w="180" /><ent r="3" t="235" w="84" /></phr><phr n="completion"><ent r="4" t="81" w="515" /><ent r="3" t="178" w="2127" /></phr><phr n="completed"><ent r="3" t="102" w="98" /><ent r="3" t="102" w="217" /><ent r="4" t="102" w="238" /><ent r="3" t="128" w="13" /><ent r="4" t="173" w="325" /><ent r="4" t="179" w="1469" /><ent r="4" t="183" w="460" /></phr><phr n="completes"><ent r="3" t="102" w="103" /></phr><phr n="Complete"><ent r="4" t="183" w="105" /></phr></stem><stem n="transpar"><phr n="transparent"><ent r="4" t="47" w="266" /><ent r="3" t="104" w="226" /><ent r="4" t="174" w="253" /><ent r="4" t="180" w="1482" /><ent r="3" t="180" w="1513" /><ent r="6" t="227" w="53" /></phr><phr n="transparency"><ent r="3" t="174" w="58" /><ent r="3" t="174" w="238" /><ent r="4" t="174" w="246" /><ent r="4" t="174" w="251" /><ent r="3" t="180" w="1353" /><ent r="3" t="180" w="1498" /><ent r="3" t="180" w="1506" /><ent r="3" t="180" w="1511" /><ent r="6" t="227" w="35" /></phr></stem><stem n="hundr"><phr n="hundred"><ent r="4" t="47" w="268" /><ent r="3" t="104" w="228" /></phr></stem><stem n="won"><phr n="won"><ent r="4" t="47" w="315" /><ent r="3" t="81" w="494" /><ent r="3" t="104" w="235" /><ent r="4" t="107" w="404" /><ent r="3" t="179" w="1487" /></phr></stem><stem n="won't"><phr n="won't"><ent r="4" t="47" w="316" /><ent r="4" t="47" w="315" /><ent r="3" t="81" w="495" /><ent r="3" t="81" w="494" /><ent r="3" t="104" w="236" /><ent r="3" t="104" w="235" /><ent r="4" t="107" w="405" /><ent r="4" t="107" w="404" /><ent r="3" t="179" w="1488" /><ent r="3" t="179" w="1487" /></phr></stem><stem n="reach"><phr n="reach"><ent r="4" t="47" w="322" /><ent r="3" t="104" w="242" /></phr></stem><stem n=":link/unliink"><phr n=":link/unliink"><ent r="100" t="48" w="7" /></phr></stem><stem n="link/unliink"><phr n="link/unliink"><ent r="100" t="48" w="7" /><ent r="100" t="48" w="6" /></phr></stem><stem n="unliink"><phr n="unliink"><ent r="100" t="48" w="7" /></phr></stem><stem n="aspect"><phr n="aspects"><ent r="3" t="48" w="25" /><ent r="3" t="48" w="52" /></phr><phr n="aspect"><ent r="4" t="50" w="255" /><ent r="3" t="106" w="407" /><ent r="3" t="143" w="213" /><ent r="3" t="143" w="316" /><ent r="3" t="143" w="520" /><ent r="3" t="143" w="684" /><ent r="3" t="217" w="80" /><ent r="4" t="218" w="48" /><ent r="3" t="219" w="85" /><ent r="4" t="220" w="66" /><ent r="4" t="221" w="78" /><ent r="4" t="222" w="51" /></phr><phr n="Aspect"><ent r="4" t="50" w="260" /><ent r="3" t="217" w="85" /><ent r="4" t="218" w="53" /><ent r="3" t="219" w="90" /><ent r="4" t="220" w="71" /><ent r="4" t="221" w="83" /><ent r="4" t="222" w="56" /></phr></stem><stem n="taken"><phr n="taken"><ent r="3" t="48" w="40" /><ent r="3" t="50" w="74" /><ent r="3" t="169" w="56" /><ent r="3" t="180" w="46" /><ent r="3" t="180" w="129" /><ent r="3" t="197" w="52" /></phr></stem><stem n="duplic"><phr n="duplicate"><ent r="3" t="48" w="64" /><ent r="4" t="48" w="143" /></phr></stem><stem n="link/unlink."><phr n="Link/Unlink."><ent r="5" t="48" w="94" /><ent r="5" t="48" w="93" /></phr></stem><stem n="/unlink..."><phr n="/Unlink..."><ent r="5" t="48" w="95" /></phr></stem><stem n="sourc"><phr n="source"><ent r="4" t="48" w="121" /><ent r="3" t="48" w="242" /><ent r="3" t="48" w="254" /><ent r="3" t="60" w="102" /><ent r="3" t="60" w="119" /><ent r="3" t="168" w="46" /><ent r="3" t="181" w="1096" /></phr><phr n="Source"><ent r="4" t="178" w="2229" /><ent r="4" t="178" w="2267" /><ent r="3" t="178" w="2340" /></phr></stem><stem n="next&gt;"><phr n="Next&gt;"><ent r="5" t="48" w="133" /><ent r="4" t="48" w="263" /><ent r="5" t="170" w="308" /><ent r="5" t="171" w="288" /><ent r="4" t="172" w="102" /><ent r="5" t="178" w="2235" /><ent r="4" t="178" w="2355" /><ent r="5" t="180" w="788" /><ent r="5" t="180" w="1016" /><ent r="5" t="180" w="1174" /></phr></stem><stem n="individu"><phr n="individual"><ent r="4" t="48" w="163" /><ent r="3" t="77" w="395" /><ent r="3" t="83" w="45" /><ent r="4" t="115" w="172" /><ent r="3" t="120" w="107" /><ent r="3" t="120" w="163" /><ent r="3" t="123" w="875" /><ent r="3" t="126" w="131" /><ent r="3" t="127" w="97" /><ent r="3" t="127" w="153" /><ent r="3" t="177" w="211" /><ent r="3" t="179" w="741" /><ent r="3" t="235" w="383" /></phr><phr n="individually"><ent r="3" t="146" w="204" /><ent r="3" t="152" w="242" /><ent r="3" t="153" w="218" /></phr></stem><stem n="both"><phr n="both"><ent r="3" t="48" w="191" /><ent r="4" t="60" w="117" /><ent r="3" t="74" w="27" /><ent r="4" t="81" w="85" /><ent r="4" t="126" w="146" /><ent r="3" t="163" w="55" /><ent r="3" t="167" w="96" /><ent r="4" t="173" w="134" /><ent r="3" t="178" w="178" /><ent r="3" t="178" w="2029" /><ent r="3" t="178" w="2141" /><ent r="4" t="178" w="2192" /><ent r="3" t="178" w="2349" /><ent r="3" t="179" w="48" /><ent r="4" t="180" w="518" /><ent r="3" t="180" w="767" /><ent r="4" t="180" w="912" /><ent r="4" t="180" w="1161" /><ent r="3" t="180" w="1287" /><ent r="4" t="184" w="815" /><ent r="3" t="197" w="40" /><ent r="3" t="212" w="101" /><ent r="3" t="235" w="287" /></phr><phr n="Both"><ent r="4" t="180" w="1657" /><ent r="4" t="184" w="913" /></phr></stem><stem n="mirror"><phr n="Mirror"><ent r="5" t="48" w="203" /><ent r="4" t="178" w="2295" /></phr></stem><stem n="/longitud"><phr n="/Longitude"><ent r="5" t="48" w="206" /><ent r="5" t="74" w="238" /><ent r="1000" t="148" w="2" /><ent r="1000" t="162" w="2" /><ent r="100" t="162" w="7" /><ent r="102" t="162" w="17" /><ent r="5" t="162" w="158" /><ent r="4" t="178" w="875" /><ent r="3" t="178" w="932" /><ent r="4" t="178" w="2307" /><ent r="3" t="178" w="2770" /><ent r="6" t="227" w="250" /><ent r="6" t="227" w="312" /><ent r="6" t="227" w="461" /></phr><phr n="/longitude"><ent r="4" t="48" w="216" /><ent r="4" t="75" w="44" /><ent r="4" t="75" w="67" /><ent r="100" t="148" w="12" /><ent r="3" t="178" w="167" /><ent r="3" t="178" w="1648" /><ent r="3" t="178" w="2137" /><ent r="4" t="181" w="669" /><ent r="3" t="235" w="88" /><ent r="3" t="235" w="112" /><ent r="3" t="235" w="173" /><ent r="3" t="235" w="206" /><ent r="3" t="235" w="325" /><ent r="3" t="235" w="377" /><ent r="3" t="235" w="390" /><ent r="3" t="235" w="441" /><ent r="3" t="235" w="462" /></phr></stem><stem n="-wai"><phr n="-Way"><ent r="4" t="48" w="235" /><ent r="4" t="48" w="235" /><ent r="4" t="178" w="2327" /><ent r="4" t="178" w="2327" /></phr></stem><stem n="two-wai"><phr n="Two-Way"><ent r="4" t="48" w="235" /><ent r="4" t="178" w="2327" /></phr></stem><stem n="destin"><phr n="destination"><ent r="3" t="48" w="246" /><ent r="3" t="48" w="250" /><ent r="4" t="48" w="273" /><ent r="3" t="75" w="18" /><ent r="3" t="108" w="478" /><ent r="3" t="235" w="219" /><ent r="3" t="235" w="290" /></phr><phr n="Destination"><ent r="3" t="178" w="2345" /><ent r="4" t="178" w="2377" /></phr></stem><stem n="third"><phr n="third"><ent r="4" t="48" w="268" /><ent r="4" t="192" w="139" /><ent r="4" t="192" w="204" /></phr></stem><stem n="disabl"><phr n="disabled"><ent r="4" t="48" w="301" /><ent r="3" t="127" w="290" /><ent r="3" t="130" w="82" /><ent r="3" t="162" w="286" /><ent r="4" t="174" w="353" /></phr><phr n="disable"><ent r="5" t="142" w="220" /><ent r="4" t="174" w="195" /><ent r="3" t="226" w="21" /><ent r="4" t="226" w="148" /></phr></stem><stem n="corner"><phr n="Corner"><ent r="3" t="49" w="96" /><ent r="3" t="155" w="466" /><ent r="3" t="160" w="41" /><ent r="3" t="160" w="43" /><ent r="3" t="168" w="48" /><ent r="4" t="178" w="790" /><ent r="4" t="178" w="2111" /><ent r="4" t="178" w="2806" /></phr><phr n="corner"><ent r="3" t="52" w="85" /><ent r="7" t="59" w="80" /><ent r="4" t="75" w="32" /><ent r="3" t="100" w="231" /><ent r="3" t="105" w="42" /><ent r="4" t="177" w="750" /><ent r="4" t="177" w="1743" /><ent r="4" t="178" w="1014" /><ent r="4" t="179" w="525" /><ent r="4" t="179" w="622" /><ent r="4" t="180" w="906" /><ent r="4" t="181" w="976" /><ent r="4" t="184" w="1204" /></phr><phr n="corners"><ent r="7" t="59" w="90" /><ent r="7" t="59" w="143" /><ent r="4" t="65" w="101" /><ent r="7" t="188" w="51" /><ent r="7" t="188" w="76" /><ent r="7" t="188" w="122" /></phr></stem><stem n="warn"><phr n="warning"><ent r="3" t="49" w="101" /><ent r="4" t="170" w="100" /><ent r="4" t="179" w="1444" /><ent r="3" t="180" w="603" /><ent r="3" t="180" w="1317" /><ent r="4" t="193" w="729" /></phr><phr n="warns"><ent r="4" t="71" w="77" /></phr><phr n="warnings"><ent r="3" t="100" w="71" /></phr></stem><stem n="exact"><phr n="exact"><ent r="4" t="49" w="178" /></phr></stem><stem n="cursor"><phr n="cursor"><ent r="4" t="49" w="190" /><ent r="4" t="107" w="365" /><ent r="3" t="108" w="210" /><ent r="4" t="126" w="48" /><ent r="4" t="177" w="2206" /><ent r="4" t="178" w="1713" /><ent r="4" t="179" w="558" /><ent r="3" t="180" w="1574" /><ent r="3" t="184" w="1033" /><ent r="3" t="184" w="1155" /><ent r="4" t="224" w="202" /><ent r="3" t="235" w="101" /></phr></stem><stem n="(in"><phr n="(in"><ent r="4" t="49" w="192" /><ent r="4" t="178" w="2820" /><ent r="4" t="179" w="958" /></phr></stem><stem n="“custom”"><phr n="“Custom”"><ent r="4" t="49" w="204" /></phr></stem><stem n="“creat"><phr n="“Create"><ent r="4" t="49" w="246" /></phr></stem><stem n=".”"><phr n=".”"><ent r="4" t="49" w="249" /><ent r="3" t="160" w="43" /><ent r="3" t="166" w="431" /><ent r="4" t="179" w="762" /><ent r="4" t="179" w="906" /></phr></stem><stem n="“export"><phr n="“Export"><ent r="4" t="49" w="249" /><ent r="4" t="49" w="435" /></phr></stem><stem n="”"><phr n="”"><ent r="4" t="49" w="252" /><ent r="4" t="58" w="257" /><ent r="3" t="60" w="108" /><ent r="6" t="90" w="386" /><ent r="4" t="92" w="165" /><ent r="3" t="121" w="192" /><ent r="3" t="121" w="406" /><ent r="4" t="151" w="359" /><ent r="4" t="151" w="782" /><ent r="4" t="159" w="246" /><ent r="3" t="160" w="39" /><ent r="3" t="160" w="45" /><ent r="4" t="164" w="367" /><ent r="4" t="169" w="281" /><ent r="4" t="169" w="286" /><ent r="4" t="182" w="907" /><ent r="3" t="182" w="1228" /><ent r="6" t="227" w="406" /></phr></stem><stem n="extent"><phr n="extents"><ent r="3" t="49" w="303" /><ent r="4" t="106" w="271" /><ent r="3" t="107" w="534" /><ent r="3" t="162" w="269" /><ent r="3" t="181" w="370" /><ent r="3" t="182" w="357" /></phr><phr n="Extents"><ent r="3" t="107" w="514" /><ent r="3" t="107" w="526" /></phr><phr n="extent"><ent r="3" t="178" w="338" /></phr></stem><stem n="case"><phr n="case"><ent r="3" t="49" w="305" /><ent r="3" t="166" w="283" /><ent r="4" t="179" w="960" /><ent r="3" t="181" w="1082" /><ent r="4" t="206" w="597" /><ent r="3" t="229" w="80" /></phr><phr n="Case"><ent r="3" t="229" w="72" /></phr></stem><stem n=".."><phr n=".."><ent r="3" t="49" w="356" /><ent r="3" t="140" w="578" /></phr></stem><stem n="tri"><phr n="tries"><ent r="3" t="49" w="370" /></phr></stem><stem n="becom"><phr n="become"><ent r="3" t="49" w="391" /><ent r="3" t="156" w="380" /><ent r="4" t="174" w="352" /><ent r="3" t="185" w="230" /></phr></stem><stem n="off-cent"><phr n="off-center"><ent r="3" t="49" w="392" /></phr></stem><stem n="-center."><phr n="-center."><ent r="3" t="49" w="394" /><ent r="3" t="49" w="394" /></phr></stem><stem n="ensur"><phr n="ensure"><ent r="3" t="49" w="419" /><ent r="3" t="115" w="232" /><ent r="3" t="178" w="838" /><ent r="3" t="178" w="848" /></phr></stem><stem n="chose"><phr n="chose"><ent r="4" t="49" w="434" /></phr></stem><stem n=",”"><phr n=",”"><ent r="4" t="49" w="438" /></phr></stem><stem n=":copi"><phr n=":copy"><ent r="100" t="50" w="9" /></phr><phr n=":copying"><ent r="100" t="172" w="5" /></phr></stem><stem n=":snapshot"><phr n=":snapshot"><ent r="100" t="50" w="12" /></phr></stem><stem n="microsoft"><phr n="Microsoft"><ent r="4" t="50" w="21" /><ent r="3" t="50" w="58" /><ent r="3" t="50" w="61" /></phr></stem><stem n="word"><phr n="Word"><ent r="3" t="50" w="59" /></phr><phr n="words"><ent r="3" t="78" w="51" /><ent r="3" t="230" w="54" /></phr><phr n="word"><ent r="3" t="141" w="79" /></phr></stem><stem n="powerpoint"><phr n="PowerPoint"><ent r="3" t="50" w="62" /></phr></stem><stem n="either"><phr n="either"><ent r="3" t="50" w="83" /><ent r="4" t="60" w="98" /><ent r="3" t="73" w="22" /><ent r="4" t="80" w="112" /><ent r="3" t="120" w="168" /><ent r="3" t="123" w="880" /><ent r="3" t="127" w="158" /><ent r="3" t="166" w="743" /><ent r="4" t="174" w="268" /><ent r="4" t="177" w="551" /><ent r="3" t="177" w="1226" /><ent r="3" t="178" w="2336" /><ent r="4" t="179" w="1284" /><ent r="3" t="180" w="1057" /><ent r="3" t="180" w="1545" /><ent r="3" t="181" w="199" /><ent r="4" t="184" w="532" /><ent r="4" t="184" w="860" /><ent r="3" t="185" w="104" /><ent r="3" t="186" w="999" /><ent r="4" t="193" w="709" /><ent r="3" t="206" w="272" /><ent r="3" t="235" w="181" /><ent r="3" t="235" w="304" /></phr><phr n="Either"><ent r="3" t="73" w="100" /></phr></stem><stem n="(be"><phr n="(Be"><ent r="4" t="50" w="159" /><ent r="4" t="50" w="213" /><ent r="4" t="180" w="1000" /></phr></stem><stem n="&quot;copi"><phr n="&quot;Copy"><ent r="4" t="50" w="165" /><ent r="4" t="50" w="219" /></phr></stem><stem n="entri"><phr n="entry"><ent r="4" t="50" w="167" /><ent r="4" t="50" w="221" /><ent r="3" t="158" w="146" /><ent r="3" t="158" w="152" /><ent r="4" t="178" w="1367" /><ent r="4" t="178" w="1383" /><ent r="4" t="178" w="1517" /><ent r="4" t="179" w="688" /><ent r="4" t="179" w="698" /><ent r="4" t="193" w="569" /><ent r="7" t="197" w="548" /><ent r="7" t="197" w="603" /></phr><phr n="entries"><ent r="3" t="81" w="371" /><ent r="4" t="92" w="139" /><ent r="3" t="230" w="21" /></phr></stem><stem n="height"><phr n="Height"><ent r="5" t="50" w="242" /><ent r="4" t="106" w="356" /><ent r="3" t="106" w="388" /><ent r="4" t="143" w="170" /><ent r="4" t="143" w="273" /><ent r="4" t="143" w="477" /><ent r="4" t="143" w="641" /><ent r="4" t="217" w="72" /><ent r="5" t="218" w="38" /><ent r="4" t="219" w="77" /><ent r="4" t="220" w="57" /><ent r="5" t="221" w="68" /><ent r="5" t="222" w="41" /></phr><phr n="height"><ent r="7" t="59" w="197" /><ent r="3" t="143" w="191" /><ent r="3" t="143" w="294" /><ent r="3" t="143" w="498" /><ent r="3" t="143" w="662" /></phr></stem><stem n="ratio"><phr n="ratio"><ent r="4" t="50" w="256" /><ent r="3" t="106" w="408" /><ent r="3" t="143" w="214" /><ent r="3" t="143" w="317" /><ent r="3" t="143" w="521" /><ent r="3" t="143" w="685" /><ent r="3" t="178" w="276" /><ent r="3" t="178" w="297" /><ent r="3" t="217" w="81" /><ent r="4" t="218" w="49" /><ent r="3" t="219" w="86" /><ent r="4" t="220" w="67" /><ent r="4" t="221" w="54" /><ent r="4" t="221" w="79" /><ent r="4" t="221" w="103" /><ent r="4" t="222" w="52" /></phr><phr n="Ratio"><ent r="4" t="50" w="261" /><ent r="3" t="217" w="86" /><ent r="4" t="218" w="54" /><ent r="3" t="219" w="91" /><ent r="4" t="220" w="72" /><ent r="4" t="221" w="84" /><ent r="4" t="222" w="57" /></phr></stem><stem n=":activ"><phr n=":active"><ent r="100" t="51" w="7" /></phr><phr n=":activate"><ent r="100" t="54" w="14" /><ent r="100" t="88" w="18" /></phr></stem><stem n="p"><phr n="P"><ent r="4" t="51" w="70" /><ent r="4" t="51" w="97" /><ent r="4" t="98" w="159" /><ent r="5" t="223" w="126" /><ent r="5" t="223" w="175" /><ent r="5" t="223" w="201" /><ent r="7" t="237" w="190" /></phr></stem><stem n="printer"><phr n="printer"><ent r="4" t="51" w="106" /><ent r="3" t="51" w="134" /><ent r="4" t="98" w="176" /></phr></stem><stem n="sent"><phr n="sent"><ent r="3" t="51" w="130" /></phr></stem><stem n="directli"><phr n="directly"><ent r="3" t="51" w="131" /><ent r="3" t="84" w="51" /><ent r="5" t="151" w="412" /><ent r="5" t="151" w="835" /><ent r="5" t="159" w="285" /><ent r="5" t="164" w="406" /><ent r="4" t="171" w="128" /><ent r="3" t="185" w="1520" /><ent r="3" t="193" w="229" /><ent r="4" t="233" w="48" /></phr></stem><stem n=":close"><phr n=":close"><ent r="100" t="52" w="6" /></phr></stem><stem n=":window"><phr n=":window"><ent r="100" t="52" w="9" /><ent r="100" t="113" w="84" /></phr></stem><stem n="upper"><phr n="upper"><ent r="3" t="52" w="83" /><ent r="5" t="89" w="183" /><ent r="5" t="89" w="194" /><ent r="5" t="89" w="216" /><ent r="5" t="89" w="247" /><ent r="3" t="100" w="229" /><ent r="5" t="151" w="591" /><ent r="5" t="151" w="601" /><ent r="5" t="151" w="628" /><ent r="5" t="151" w="662" /><ent r="5" t="151" w="1014" /><ent r="5" t="151" w="1024" /><ent r="5" t="151" w="1051" /><ent r="5" t="151" w="1085" /><ent r="3" t="156" w="238" /><ent r="5" t="159" w="459" /><ent r="5" t="159" w="469" /><ent r="5" t="159" w="497" /><ent r="5" t="159" w="526" /><ent r="5" t="164" w="580" /><ent r="5" t="164" w="590" /><ent r="5" t="164" w="618" /><ent r="5" t="164" w="647" /><ent r="4" t="177" w="748" /><ent r="4" t="177" w="1741" /><ent r="4" t="179" w="523" /><ent r="4" t="179" w="565" /><ent r="4" t="179" w="620" /><ent r="4" t="180" w="905" /><ent r="4" t="181" w="974" /><ent r="4" t="184" w="1202" /><ent r="4" t="192" w="133" /><ent r="4" t="192" w="208" /><ent r="6" t="227" w="132" /></phr><phr n="Upper"><ent r="4" t="106" w="480" /><ent r="5" t="151" w="297" /><ent r="4" t="151" w="319" /><ent r="5" t="151" w="720" /><ent r="4" t="151" w="742" /><ent r="5" t="159" w="222" /><ent r="4" t="164" w="344" /></phr></stem><stem n="&quot;prompt"><phr n="&quot;Prompt"><ent r="3" t="52" w="96" /></phr></stem><stem n="prompt"><phr n="Prompt"><ent r="3" t="52" w="96" /><ent r="92" t="186" w="1486" /></phr><phr n="prompted"><ent r="3" t="52" w="103" /></phr><phr n="prompt"><ent r="3" t="101" w="18" /><ent r="3" t="101" w="40" /><ent r="3" t="122" w="70" /><ent r="4" t="179" w="1281" /><ent r="3" t="180" w="1300" /><ent r="3" t="186" w="1570" /><ent r="4" t="186" w="1624" /></phr></stem><stem n="convert"><phr n="Convert"><ent r="5" t="53" w="101" /></phr><phr n="convert"><ent r="4" t="53" w="106" /><ent r="3" t="178" w="384" /><ent r="3" t="178" w="2464" /></phr><phr n="converted"><ent r="4" t="53" w="147" /><ent r="3" t="182" w="804" /><ent r="3" t="182" w="1264" /><ent r="3" t="182" w="1274" /><ent r="6" t="240" w="263" /></phr><phr n="converts"><ent r="3" t="193" w="311" /><ent r="3" t="207" w="128" /></phr></stem><stem n="underli"><phr n="underlying"><ent r="4" t="53" w="126" /><ent r="3" t="69" w="157" /></phr></stem><stem n="renam"><phr n="Rename"><ent r="5" t="53" w="159" /><ent r="5" t="179" w="776" /><ent r="4" t="179" w="901" /><ent r="6" t="179" w="925" /><ent r="5" t="182" w="901" /></phr><phr n="rename"><ent r="4" t="53" w="164" /><ent r="4" t="55" w="105" /><ent r="3" t="178" w="2472" /></phr></stem><stem n="(thi"><phr n="(This"><ent r="4" t="54" w="50" /><ent r="4" t="88" w="57" /><ent r="4" t="106" w="231" /><ent r="3" t="179" w="1538" /></phr></stem><stem n=":new"><phr n=":new"><ent r="100" t="55" w="12" /><ent r="100" t="79" w="12" /></phr></stem><stem n=":creat"><phr n=":create"><ent r="100" t="55" w="16" /><ent r="100" t="79" w="16" /><ent r="100" t="79" w="21" /><ent r="100" t="96" w="38" /><ent r="100" t="115" w="13" /><ent r="100" t="129" w="7" /><ent r="100" t="135" w="11" /><ent r="100" t="171" w="74" /><ent r="100" t="225" w="15" /></phr></stem><stem n="-menu,"><phr n="-menu,"><ent r="4" t="55" w="71" /><ent r="4" t="55" w="71" /><ent r="4" t="58" w="185" /><ent r="4" t="58" w="185" /><ent r="4" t="89" w="167" /><ent r="4" t="89" w="167" /></phr></stem></index>