﻿<?xml version="1.0" encoding="utf-8"?><index><stem n="modifi"><phr n="modify"><ent r="3" t="1" w="246" /><ent r="3" t="4" w="44" /><ent r="3" t="49" w="415" /><ent r="3" t="63" w="40" /><ent r="7" t="89" w="520" /><ent r="3" t="153" w="214" /><ent r="3" t="154" w="27" /><ent r="4" t="171" w="249" /><ent r="3" t="173" w="189" /><ent r="3" t="176" w="1409" /><ent r="4" t="202" w="487" /></phr><phr n="Modify"><ent r="4" t="43" w="77" /><ent r="4" t="224" w="52" /><ent r="5" t="224" w="186" /><ent r="5" t="224" w="268" /><ent r="5" t="224" w="336" /></phr><phr n="modified"><ent r="4" t="53" w="135" /></phr></stem><stem n="object"><phr n="objects"><ent r="3" t="1" w="247" /><ent r="6" t="3" w="26" /><ent r="3" t="4" w="45" /><ent r="7" t="5" w="74" /><ent r="7" t="5" w="110" /><ent r="7" t="8" w="125" /><ent r="6" t="11" w="138" /><ent r="6" t="11" w="145" /><ent r="4" t="20" w="134" /><ent r="3" t="63" w="41" /><ent r="3" t="64" w="31" /><ent r="5" t="64" w="41" /><ent r="3" t="64" w="91" /><ent r="3" t="64" w="120" /><ent r="3" t="64" w="155" /><ent r="3" t="64" w="177" /><ent r="3" t="64" w="217" /><ent r="3" t="64" w="228" /><ent r="4" t="65" w="18" /><ent r="4" t="65" w="66" /><ent r="3" t="70" w="44" /><ent r="3" t="127" w="49" /><ent r="3" t="127" w="76" /><ent r="3" t="128" w="179" /><ent r="3" t="129" w="35" /><ent r="3" t="130" w="22" /><ent r="3" t="130" w="33" /><ent r="3" t="153" w="37" /><ent r="3" t="153" w="305" /><ent r="3" t="158" w="28" /><ent r="3" t="169" w="80" /><ent r="3" t="174" w="427" /><ent r="3" t="178" w="799" /><ent r="3" t="180" w="99" /><ent r="4" t="180" w="127" /><ent r="4" t="180" w="139" /><ent r="6" t="223" w="106" /></phr><phr n="object"><ent r="7" t="5" w="65" /><ent r="7" t="5" w="104" /><ent r="7" t="8" w="146" /><ent r="7" t="11" w="165" /><ent r="7" t="11" w="177" /><ent r="7" t="11" w="187" /><ent r="6" t="11" w="342" /><ent r="5" t="13" w="113" /><ent r="5" t="13" w="128" /><ent r="7" t="13" w="146" /><ent r="3" t="62" w="152" /><ent r="3" t="62" w="164" /><ent r="3" t="62" w="180" /><ent r="3" t="64" w="78" /><ent r="3" t="64" w="83" /><ent r="3" t="64" w="104" /><ent r="3" t="64" w="130" /><ent r="3" t="64" w="145" /><ent r="3" t="64" w="197" /><ent r="3" t="64" w="207" /><ent r="4" t="65" w="58" /><ent r="4" t="65" w="83" /><ent r="3" t="65" w="88" /><ent r="4" t="65" w="92" /><ent r="4" t="65" w="151" /><ent r="4" t="65" w="159" /><ent r="4" t="65" w="170" /><ent r="4" t="65" w="189" /><ent r="4" t="65" w="217" /><ent r="4" t="65" w="253" /><ent r="4" t="65" w="259" /><ent r="4" t="66" w="78" /><ent r="4" t="67" w="72" /><ent r="5" t="90" w="186" /><ent r="3" t="101" w="59" /><ent r="3" t="101" w="66" /><ent r="3" t="129" w="63" /><ent r="3" t="131" w="33" /><ent r="3" t="131" w="46" /><ent r="3" t="131" w="63" /><ent r="4" t="131" w="71" /><ent r="4" t="142" w="152" /><ent r="4" t="142" w="172" /><ent r="3" t="158" w="137" /><ent r="3" t="158" w="141" /><ent r="3" t="174" w="416" /><ent r="4" t="174" w="1663" /><ent r="4" t="174" w="1732" /><ent r="4" t="174" w="2402" /><ent r="4" t="180" w="808" /><ent r="3" t="184" w="29" /><ent r="6" t="223" w="77" /><ent r="6" t="223" w="116" /><ent r="6" t="223" w="181" /><ent r="6" t="223" w="234" /><ent r="6" t="223" w="326" /><ent r="6" t="223" w="350" /><ent r="6" t="223" w="518" /><ent r="6" t="223" w="639" /><ent r="6" t="223" w="665" /></phr><phr n="Object"><ent r="7" t="8" w="74" /><ent r="7" t="13" w="55" /><ent r="3" t="65" w="37" /><ent r="4" t="65" w="49" /><ent r="4" t="67" w="58" /><ent r="3" t="68" w="125" /><ent r="3" t="68" w="140" /><ent r="5" t="71" w="58" /><ent r="4" t="174" w="2576" /><ent r="4" t="174" w="2661" /><ent r="4" t="175" w="973" /><ent r="3" t="180" w="578" /><ent r="3" t="180" w="1091" /><ent r="4" t="180" w="1219" /><ent r="3" t="184" w="20" /><ent r="6" t="223" w="404" /></phr><phr n="Objects"><ent r="64" t="11" w="78" /><ent r="68" t="11" w="190" /><ent r="68" t="11" w="197" /><ent r="68" t="11" w="291" /><ent r="68" t="11" w="305" /><ent r="68" t="11" w="319" /><ent r="64" t="63" w="96" /><ent r="1000" t="65" w="4" /><ent r="102" t="65" w="9" /><ent r="100" t="65" w="12" /><ent r="65" t="65" w="70" /><ent r="64" t="66" w="138" /><ent r="4" t="67" w="64" /><ent r="64" t="67" w="277" /><ent r="64" t="158" w="160" /><ent r="3" t="174" w="404" /><ent r="1000" t="184" w="2" /><ent r="100" t="184" w="5" /><ent r="102" t="184" w="8" /><ent r="64" t="184" w="39" /><ent r="1000" t="223" w="4" /><ent r="100" t="223" w="7" /><ent r="102" t="223" w="13" /><ent r="6" t="223" w="23" /></phr><phr n="Objective"><ent r="3" t="172" w="52" /><ent r="4" t="173" w="21" /><ent r="4" t="174" w="38" /><ent r="4" t="175" w="27" /><ent r="4" t="176" w="29" /><ent r="4" t="177" w="19" /><ent r="4" t="178" w="22" /><ent r="4" t="179" w="26" /><ent r="4" t="180" w="19" /><ent r="4" t="181" w="17" /><ent r="4" t="182" w="25" /></phr></stem><stem n="line"><phr n="lines"><ent r="3" t="1" w="248" /><ent r="3" t="4" w="46" /><ent r="3" t="63" w="42" /><ent r="3" t="155" w="123" /><ent r="3" t="155" w="131" /><ent r="3" t="155" w="160" /><ent r="3" t="177" w="245" /><ent r="3" t="178" w="234" /><ent r="3" t="178" w="793" /><ent r="3" t="181" w="271" /><ent r="3" t="181" w="299" /><ent r="7" t="193" w="103" /><ent r="7" t="193" w="107" /><ent r="3" t="193" w="722" /><ent r="6" t="236" w="387" /><ent r="6" t="236" w="406" /><ent r="6" t="236" w="424" /><ent r="6" t="236" w="443" /><ent r="6" t="236" w="461" /><ent r="6" t="236" w="480" /><ent r="6" t="236" w="498" /><ent r="6" t="236" w="517" /><ent r="5" t="236" w="536" /><ent r="5" t="236" w="554" /><ent r="5" t="236" w="572" /><ent r="5" t="236" w="591" /><ent r="6" t="236" w="609" /><ent r="6" t="236" w="627" /><ent r="6" t="236" w="645" /><ent r="6" t="236" w="660" /><ent r="6" t="236" w="684" /></phr><phr n="line"><ent r="7" t="11" w="285" /><ent r="7" t="11" w="299" /><ent r="3" t="19" w="51" /><ent r="7" t="59" w="120" /><ent r="7" t="59" w="128" /><ent r="7" t="59" w="133" /><ent r="7" t="59" w="157" /><ent r="7" t="59" w="184" /><ent r="7" t="59" w="195" /><ent r="3" t="65" w="184" /><ent r="4" t="65" w="200" /><ent r="4" t="65" w="206" /><ent r="3" t="65" w="212" /><ent r="3" t="80" w="224" /><ent r="3" t="100" w="37" /><ent r="3" t="125" w="86" /><ent r="3" t="125" w="106" /><ent r="4" t="125" w="138" /><ent r="4" t="125" w="151" /><ent r="4" t="142" w="156" /><ent r="4" t="146" w="176" /><ent r="3" t="155" w="141" /><ent r="3" t="174" w="1896" /><ent r="3" t="174" w="1921" /><ent r="4" t="174" w="2630" /><ent r="3" t="174" w="2646" /><ent r="3" t="176" w="1427" /><ent r="3" t="177" w="1090" /><ent r="3" t="177" w="1119" /><ent r="6" t="181" w="1203" /><ent r="3" t="182" w="1163" /><ent r="7" t="184" w="63" /><ent r="7" t="184" w="90" /><ent r="7" t="184" w="165" /><ent r="7" t="193" w="98" /><ent r="7" t="193" w="317" /><ent r="7" t="193" w="405" /><ent r="6" t="223" w="284" /><ent r="6" t="223" w="346" /><ent r="6" t="223" w="396" /><ent r="6" t="223" w="438" /><ent r="6" t="223" w="477" /><ent r="6" t="236" w="374" /><ent r="6" t="236" w="393" /><ent r="6" t="236" w="411" /><ent r="6" t="236" w="430" /><ent r="6" t="236" w="448" /><ent r="6" t="236" w="467" /><ent r="6" t="236" w="485" /><ent r="6" t="236" w="504" /><ent r="5" t="236" w="523" /><ent r="5" t="236" w="541" /><ent r="5" t="236" w="559" /><ent r="5" t="236" w="578" /><ent r="6" t="236" w="596" /><ent r="6" t="236" w="614" /><ent r="6" t="236" w="632" /><ent r="6" t="236" w="650" /><ent r="6" t="236" w="665" /></phr><phr n="Line"><ent r="92" t="19" w="42" /><ent r="4" t="65" w="228" /><ent r="5" t="146" w="168" /><ent r="4" t="153" w="358" /><ent r="4" t="174" w="2635" /><ent r="3" t="174" w="2652" /><ent r="5" t="177" w="846" /><ent r="6" t="223" w="145" /><ent r="6" t="223" w="338" /><ent r="6" t="223" w="367" /><ent r="6" t="223" w="386" /><ent r="6" t="223" w="388" /><ent r="6" t="223" w="422" /><ent r="6" t="223" w="424" /><ent r="6" t="223" w="448" /><ent r="6" t="223" w="463" /><ent r="6" t="223" w="465" /><ent r="6" t="223" w="483" /><ent r="6" t="223" w="502" /><ent r="6" t="223" w="529" /></phr></stem><stem n="text"><phr n="text"><ent r="3" t="1" w="250" /><ent r="3" t="4" w="48" /><ent r="7" t="8" w="239" /><ent r="7" t="11" w="208" /><ent r="7" t="11" w="222" /><ent r="7" t="11" w="234" /><ent r="7" t="11" w="245" /><ent r="7" t="11" w="256" /><ent r="7" t="11" w="270" /><ent r="7" t="14" w="360" /><ent r="6" t="14" w="380" /><ent r="6" t="14" w="417" /><ent r="4" t="26" w="77" /><ent r="3" t="32" w="71" /><ent r="3" t="63" w="44" /><ent r="3" t="65" w="146" /><ent r="100" t="67" w="7" /><ent r="3" t="67" w="25" /><ent r="4" t="67" w="71" /><ent r="4" t="67" w="84" /><ent r="4" t="67" w="90" /><ent r="4" t="67" w="97" /><ent r="3" t="67" w="107" /><ent r="4" t="67" w="112" /><ent r="4" t="67" w="120" /><ent r="4" t="67" w="131" /><ent r="4" t="67" w="153" /><ent r="4" t="67" w="200" /><ent r="3" t="67" w="237" /><ent r="4" t="67" w="246" /><ent r="3" t="80" w="190" /><ent r="3" t="98" w="41" /><ent r="4" t="138" w="560" /><ent r="4" t="142" w="189" /><ent r="4" t="146" w="191" /><ent r="3" t="153" w="304" /><ent r="4" t="153" w="352" /><ent r="4" t="153" w="367" /><ent r="3" t="155" w="182" /><ent r="3" t="173" w="1525" /><ent r="3" t="174" w="2681" /><ent r="3" t="174" w="2690" /><ent r="3" t="174" w="2704" /><ent r="3" t="174" w="2712" /><ent r="4" t="174" w="2725" /><ent r="4" t="174" w="2746" /><ent r="3" t="177" w="1095" /><ent r="4" t="178" w="1050" /><ent r="3" t="180" w="609" /><ent r="3" t="180" w="650" /><ent r="4" t="180" w="793" /><ent r="3" t="180" w="1237" /><ent r="3" t="180" w="1253" /><ent r="3" t="183" w="28" /><ent r="7" t="184" w="180" /><ent r="5" t="184" w="261" /><ent r="3" t="189" w="35" /><ent r="3" t="190" w="258" /><ent r="3" t="190" w="265" /><ent r="4" t="190" w="568" /><ent r="3" t="190" w="652" /><ent r="3" t="193" w="27" /><ent r="7" t="193" w="496" /><ent r="3" t="203" w="75" /><ent r="3" t="203" w="82" /><ent r="3" t="211" w="260" /><ent r="6" t="223" w="261" /><ent r="6" t="223" w="560" /><ent r="6" t="223" w="593" /><ent r="6" t="223" w="596" /><ent r="6" t="236" w="41" /><ent r="6" t="236" w="54" /><ent r="6" t="236" w="66" /><ent r="6" t="236" w="79" /><ent r="6" t="236" w="91" /><ent r="6" t="236" w="104" /><ent r="6" t="236" w="116" /><ent r="6" t="236" w="129" /><ent r="5" t="236" w="142" /><ent r="5" t="236" w="154" /><ent r="5" t="236" w="166" /><ent r="5" t="236" w="179" /><ent r="6" t="236" w="191" /><ent r="6" t="236" w="203" /><ent r="6" t="236" w="226" /><ent r="6" t="236" w="235" /><ent r="6" t="236" w="375" /><ent r="6" t="236" w="394" /><ent r="6" t="236" w="412" /><ent r="6" t="236" w="431" /><ent r="6" t="236" w="449" /><ent r="6" t="236" w="468" /><ent r="6" t="236" w="486" /><ent r="6" t="236" w="505" /><ent r="5" t="236" w="524" /><ent r="5" t="236" w="542" /><ent r="5" t="236" w="560" /><ent r="5" t="236" w="579" /><ent r="6" t="236" w="597" /><ent r="6" t="236" w="615" /><ent r="6" t="236" w="633" /><ent r="6" t="236" w="639" /><ent r="6" t="236" w="651" /><ent r="6" t="236" w="666" /></phr><phr n="Text"><ent r="64" t="11" w="85" /><ent r="68" t="11" w="214" /><ent r="68" t="11" w="229" /><ent r="68" t="11" w="240" /><ent r="68" t="11" w="251" /><ent r="68" t="11" w="261" /><ent r="68" t="11" w="276" /><ent r="5" t="20" w="520" /><ent r="65" t="20" w="542" /><ent r="5" t="25" w="192" /><ent r="64" t="63" w="101" /><ent r="64" t="65" w="299" /><ent r="1000" t="67" w="4" /><ent r="102" t="67" w="14" /><ent r="100" t="67" w="18" /><ent r="3" t="67" w="45" /><ent r="4" t="67" w="212" /><ent r="3" t="76" w="144" /><ent r="3" t="76" w="163" /><ent r="4" t="80" w="182" /><ent r="5" t="142" w="181" /><ent r="5" t="146" w="183" /><ent r="4" t="153" w="331" /><ent r="4" t="153" w="360" /><ent r="92" t="155" w="170" /><ent r="3" t="155" w="174" /><ent r="92" t="155" w="187" /><ent r="4" t="174" w="2665" /><ent r="4" t="174" w="2737" /><ent r="3" t="180" w="582" /><ent r="3" t="180" w="592" /><ent r="3" t="180" w="643" /><ent r="4" t="180" w="807" /><ent r="4" t="180" w="831" /><ent r="4" t="180" w="1223" /><ent r="68" t="184" w="187" /><ent r="1000" t="189" w="2" /><ent r="102" t="189" w="9" /><ent r="3" t="189" w="17" /><ent r="64" t="203" w="222" /><ent r="6" t="223" w="151" /><ent r="6" t="223" w="201" /><ent r="6" t="223" w="243" /><ent r="6" t="223" w="271" /><ent r="6" t="223" w="274" /><ent r="6" t="223" w="305" /><ent r="6" t="223" w="373" /><ent r="6" t="223" w="415" /><ent r="6" t="223" w="454" /><ent r="6" t="223" w="489" /><ent r="6" t="223" w="535" /><ent r="6" t="223" w="552" /><ent r="6" t="223" w="574" /><ent r="6" t="223" w="583" /><ent r="6" t="223" w="585" /><ent r="6" t="223" w="599" /><ent r="6" t="223" w="602" /><ent r="6" t="236" w="229" /><ent r="6" t="236" w="241" /><ent r="6" t="236" w="262" /><ent r="6" t="236" w="654" /><ent r="6" t="236" w="672" /></phr></stem><stem n="’s"><phr n="’s"><ent r="3" t="1" w="254" /><ent r="3" t="4" w="52" /><ent r="3" t="20" w="28" /><ent r="4" t="84" w="86" /><ent r="4" t="84" w="170" /><ent r="4" t="84" w="272" /><ent r="4" t="114" w="90" /><ent r="4" t="114" w="100" /><ent r="3" t="114" w="249" /><ent r="3" t="116" w="185" /><ent r="3" t="120" w="346" /><ent r="3" t="122" w="913" /><ent r="3" t="126" w="289" /><ent r="3" t="138" w="154" /><ent r="3" t="138" w="602" /><ent r="3" t="174" w="301" /><ent r="4" t="174" w="2270" /><ent r="3" t="177" w="156" /><ent r="3" t="177" w="1107" /><ent r="3" t="177" w="1111" /><ent r="3" t="178" w="146" /><ent r="7" t="193" w="488" /><ent r="6" t="223" w="86" /><ent r="6" t="223" w="117" /><ent r="6" t="223" w="327" /><ent r="3" t="231" w="372" /></phr></stem><stem n="s"><phr n="s"><ent r="3" t="1" w="254" /><ent r="3" t="4" w="52" /><ent r="3" t="20" w="28" /><ent r="3" t="37" w="111" /><ent r="4" t="69" w="114" /><ent r="4" t="84" w="86" /><ent r="4" t="84" w="170" /><ent r="4" t="84" w="272" /><ent r="3" t="95" w="292" /><ent r="4" t="101" w="177" /><ent r="4" t="101" w="225" /><ent r="4" t="106" w="465" /><ent r="7" t="113" w="80" /><ent r="7" t="113" w="119" /><ent r="7" t="113" w="153" /><ent r="5" t="113" w="229" /><ent r="4" t="114" w="90" /><ent r="4" t="114" w="100" /><ent r="3" t="114" w="249" /><ent r="3" t="116" w="185" /><ent r="3" t="119" w="193" /><ent r="3" t="120" w="346" /><ent r="3" t="122" w="550" /><ent r="3" t="122" w="913" /><ent r="4" t="123" w="278" /><ent r="3" t="126" w="289" /><ent r="3" t="138" w="154" /><ent r="3" t="138" w="602" /><ent r="3" t="174" w="301" /><ent r="4" t="174" w="1460" /><ent r="4" t="174" w="2270" /><ent r="3" t="174" w="2479" /><ent r="4" t="174" w="2755" /><ent r="4" t="176" w="942" /><ent r="3" t="177" w="156" /><ent r="3" t="177" w="1107" /><ent r="3" t="177" w="1111" /><ent r="3" t="178" w="146" /><ent r="5" t="178" w="634" /><ent r="3" t="179" w="350" /><ent r="3" t="181" w="1315" /><ent r="3" t="181" w="1336" /><ent r="3" t="182" w="950" /><ent r="3" t="182" w="1244" /><ent r="3" t="182" w="1265" /><ent r="5" t="193" w="58" /><ent r="7" t="193" w="488" /><ent r="5" t="219" w="69" /><ent r="6" t="223" w="86" /><ent r="6" t="223" w="117" /><ent r="6" t="223" w="327" /><ent r="3" t="226" w="8" /><ent r="3" t="231" w="372" /><ent r="7" t="232" w="70" /><ent r="7" t="232" w="109" /><ent r="7" t="232" w="144" /><ent r="5" t="234" w="120" /></phr><phr n="S"><ent r="7" t="14" w="158" /><ent r="5" t="29" w="27" /><ent r="6" t="90" w="135" /><ent r="4" t="98" w="162" /><ent r="4" t="117" w="46" /><ent r="4" t="137" w="211" /><ent r="5" t="190" w="697" /><ent r="5" t="219" w="185" /><ent r="7" t="233" w="157" /></phr></stem><stem n="layer"><phr n="layer"><ent r="3" t="1" w="256" /><ent r="3" t="4" w="54" /><ent r="3" t="4" w="79" /><ent r="3" t="4" w="95" /><ent r="7" t="5" w="86" /><ent r="7" t="5" w="122" /><ent r="7" t="5" w="150" /><ent r="7" t="5" w="159" /><ent r="7" t="5" w="182" /><ent r="7" t="5" w="231" /><ent r="5" t="6" w="141" /><ent r="5" t="6" w="155" /><ent r="7" t="6" w="170" /><ent r="5" t="7" w="265" /><ent r="3" t="8" w="26" /><ent r="3" t="8" w="31" /><ent r="7" t="8" w="132" /><ent r="7" t="8" w="141" /><ent r="6" t="9" w="50" /><ent r="4" t="10" w="22" /><ent r="4" t="10" w="44" /><ent r="7" t="10" w="121" /><ent r="4" t="11" w="25" /><ent r="4" t="11" w="30" /><ent r="6" t="11" w="117" /><ent r="6" t="11" w="124" /><ent r="7" t="12" w="58" /><ent r="6" t="12" w="80" /><ent r="4" t="20" w="138" /><ent r="4" t="20" w="433" /><ent r="4" t="21" w="301" /><ent r="4" t="21" w="311" /><ent r="4" t="29" w="43" /><ent r="3" t="37" w="172" /><ent r="64" t="41" w="23" /><ent r="3" t="43" w="24" /><ent r="4" t="44" w="106" /><ent r="4" t="48" w="149" /><ent r="4" t="48" w="151" /><ent r="4" t="48" w="164" /><ent r="4" t="48" w="168" /><ent r="100" t="53" w="5" /><ent r="3" t="53" w="34" /><ent r="4" t="53" w="58" /><ent r="4" t="53" w="65" /><ent r="4" t="53" w="70" /><ent r="4" t="53" w="75" /><ent r="4" t="53" w="91" /><ent r="4" t="53" w="99" /><ent r="4" t="53" w="108" /><ent r="4" t="53" w="112" /><ent r="4" t="53" w="117" /><ent r="4" t="53" w="124" /><ent r="4" t="53" w="131" /><ent r="4" t="53" w="157" /><ent r="4" t="53" w="166" /><ent r="4" t="53" w="175" /><ent r="4" t="53" w="181" /><ent r="100" t="54" w="11" /><ent r="100" t="54" w="13" /><ent r="3" t="54" w="19" /><ent r="4" t="54" w="34" /><ent r="4" t="54" w="57" /><ent r="4" t="54" w="64" /><ent r="4" t="54" w="66" /><ent r="4" t="54" w="82" /><ent r="100" t="55" w="13" /><ent r="100" t="55" w="15" /><ent r="3" t="55" w="23" /><ent r="4" t="55" w="47" /><ent r="4" t="55" w="75" /><ent r="4" t="55" w="100" /><ent r="4" t="55" w="107" /><ent r="3" t="55" w="111" /><ent r="3" t="55" w="125" /><ent r="3" t="56" w="24" /><ent r="3" t="56" w="34" /><ent r="3" t="56" w="38" /><ent r="3" t="56" w="50" /><ent r="3" t="57" w="26" /><ent r="4" t="57" w="38" /><ent r="4" t="57" w="48" /><ent r="4" t="57" w="56" /><ent r="4" t="57" w="65" /><ent r="3" t="57" w="75" /><ent r="3" t="57" w="85" /><ent r="3" t="57" w="92" /><ent r="3" t="57" w="110" /><ent r="100" t="58" w="3" /><ent r="100" t="58" w="117" /><ent r="3" t="58" w="130" /><ent r="3" t="58" w="135" /><ent r="3" t="58" w="147" /><ent r="4" t="58" w="168" /><ent r="4" t="58" w="193" /><ent r="4" t="58" w="220" /><ent r="100" t="62" w="6" /><ent r="100" t="62" w="11" /><ent r="4" t="62" w="55" /><ent r="3" t="62" w="157" /><ent r="3" t="62" w="162" /><ent r="100" t="63" w="5" /><ent r="100" t="63" w="7" /><ent r="3" t="63" w="15" /><ent r="3" t="63" w="55" /><ent r="3" t="63" w="60" /><ent r="3" t="63" w="76" /><ent r="3" t="64" w="35" /><ent r="5" t="64" w="46" /><ent r="4" t="65" w="23" /><ent r="3" t="66" w="33" /><ent r="4" t="66" w="91" /><ent r="3" t="67" w="31" /><ent r="3" t="68" w="27" /><ent r="3" t="68" w="154" /><ent r="100" t="70" w="7" /><ent r="100" t="70" w="10" /><ent r="64" t="70" w="24" /><ent r="3" t="70" w="39" /><ent r="3" t="70" w="52" /><ent r="4" t="70" w="83" /><ent r="3" t="70" w="102" /><ent r="3" t="70" w="117" /><ent r="65" t="71" w="38" /><ent r="3" t="76" w="159" /><ent r="3" t="76" w="180" /><ent r="3" t="76" w="236" /><ent r="3" t="82" w="27" /><ent r="4" t="85" w="58" /><ent r="4" t="85" w="71" /><ent r="3" t="86" w="92" /><ent r="3" t="86" w="142" /><ent r="3" t="86" w="158" /><ent r="3" t="86" w="214" /><ent r="3" t="88" w="35" /><ent r="3" t="88" w="51" /><ent r="4" t="88" w="103" /><ent r="3" t="88" w="143" /><ent r="3" t="88" w="278" /><ent r="3" t="89" w="82" /><ent r="3" t="89" w="95" /><ent r="5" t="89" w="299" /><ent r="6" t="89" w="331" /><ent r="4" t="90" w="43" /><ent r="4" t="91" w="64" /><ent r="4" t="91" w="77" /><ent r="3" t="92" w="108" /><ent r="3" t="92" w="121" /><ent r="4" t="93" w="48" /><ent r="4" t="93" w="61" /><ent r="3" t="94" w="27" /><ent r="5" t="94" w="64" /><ent r="4" t="94" w="143" /><ent r="5" t="94" w="188" /><ent r="5" t="95" w="65" /><ent r="4" t="96" w="47" /><ent r="4" t="96" w="60" /><ent r="3" t="98" w="73" /><ent r="3" t="98" w="75" /><ent r="4" t="106" w="380" /><ent r="5" t="106" w="397" /><ent r="4" t="106" w="415" /><ent r="4" t="106" w="434" /><ent r="3" t="122" w="647" /><ent r="3" t="127" w="62" /><ent r="3" t="127" w="66" /><ent r="3" t="127" w="70" /><ent r="3" t="127" w="91" /><ent r="3" t="130" w="27" /><ent r="3" t="131" w="24" /><ent r="3" t="131" w="38" /><ent r="3" t="131" w="53" /><ent r="3" t="132" w="28" /><ent r="3" t="134" w="171" /><ent r="3" t="138" w="187" /><ent r="100" t="143" w="10" /><ent r="100" t="143" w="15" /><ent r="4" t="143" w="72" /><ent r="3" t="143" w="178" /><ent r="3" t="143" w="202" /><ent r="3" t="143" w="217" /><ent r="4" t="144" w="85" /><ent r="100" t="145" w="13" /><ent r="3" t="145" w="34" /><ent r="4" t="145" w="80" /><ent r="100" t="147" w="10" /><ent r="3" t="147" w="29" /><ent r="4" t="147" w="71" /><ent r="100" t="148" w="10" /><ent r="3" t="148" w="26" /><ent r="4" t="148" w="68" /><ent r="5" t="148" w="682" /><ent r="5" t="148" w="1105" /><ent r="100" t="149" w="10" /><ent r="3" t="149" w="26" /><ent r="4" t="149" w="68" /><ent r="3" t="149" w="217" /><ent r="3" t="149" w="240" /><ent r="3" t="149" w="255" /><ent r="4" t="150" w="79" /><ent r="3" t="150" w="191" /><ent r="3" t="150" w="216" /><ent r="3" t="150" w="231" /><ent r="3" t="153" w="65" /><ent r="3" t="153" w="69" /><ent r="3" t="153" w="387" /><ent r="3" t="153" w="400" /><ent r="100" t="156" w="6" /><ent r="4" t="156" w="52" /><ent r="5" t="156" w="552" /><ent r="100" t="157" w="6" /><ent r="100" t="157" w="11" /><ent r="3" t="157" w="33" /><ent r="4" t="157" w="88" /><ent r="3" t="157" w="159" /><ent r="100" t="158" w="6" /><ent r="100" t="158" w="11" /><ent r="3" t="158" w="32" /><ent r="4" t="158" w="77" /><ent r="100" t="159" w="14" /><ent r="3" t="159" w="38" /><ent r="4" t="159" w="69" /><ent r="4" t="159" w="83" /><ent r="3" t="159" w="257" /><ent r="4" t="160" w="85" /><ent r="3" t="161" w="27" /><ent r="3" t="161" w="57" /><ent r="5" t="161" w="673" /><ent r="3" t="164" w="246" /><ent r="3" t="169" w="75" /><ent r="3" t="169" w="84" /><ent r="4" t="170" w="94" /><ent r="3" t="173" w="1266" /><ent r="3" t="173" w="1271" /><ent r="3" t="173" w="1285" /><ent r="100" t="174" w="15" /><ent r="4" t="174" w="119" /><ent r="3" t="174" w="395" /><ent r="3" t="174" w="2458" /><ent r="3" t="174" w="2466" /><ent r="3" t="174" w="2474" /><ent r="3" t="174" w="2478" /><ent r="4" t="174" w="2556" /><ent r="4" t="174" w="2807" /><ent r="4" t="175" w="773" /><ent r="4" t="175" w="875" /><ent r="4" t="175" w="990" /><ent r="3" t="177" w="733" /><ent r="3" t="177" w="1013" /><ent r="4" t="178" w="753" /><ent r="4" t="178" w="897" /><ent r="4" t="178" w="907" /><ent r="3" t="178" w="1249" /><ent r="3" t="178" w="1260" /><ent r="4" t="180" w="114" /><ent r="4" t="180" w="118" /><ent r="4" t="180" w="121" /><ent r="4" t="180" w="133" /><ent r="4" t="180" w="145" /><ent r="4" t="180" w="704" /></phr><phr n="Layer"><ent r="64" t="4" w="108" /><ent r="68" t="5" w="95" /><ent r="68" t="5" w="131" /><ent r="68" t="5" w="168" /><ent r="5" t="6" w="149" /><ent r="66" t="6" w="160" /><ent r="64" t="8" w="39" /><ent r="64" t="8" w="45" /><ent r="7" t="8" w="116" /><ent r="64" t="11" w="38" /><ent r="64" t="11" w="44" /><ent r="7" t="13" w="87" /><ent r="6" t="13" w="96" /><ent r="64" t="16" w="33" /><ent r="5" t="20" w="373" /><ent r="5" t="20" w="422" /><ent r="5" t="20" w="454" /><ent r="5" t="21" w="293" /><ent r="6" t="38" w="109" /><ent r="67" t="38" w="116" /><ent r="3" t="53" w="42" /><ent r="4" t="53" w="46" /><ent r="65" t="53" w="80" /><ent r="64" t="53" w="196" /><ent r="1000" t="54" w="3" /><ent r="102" t="54" w="7" /><ent r="4" t="54" w="44" /><ent r="64" t="54" w="100" /><ent r="1000" t="55" w="4" /><ent r="102" t="55" w="9" /><ent r="5" t="55" w="63" /><ent r="4" t="55" w="68" /><ent r="64" t="55" w="141" /><ent r="1000" t="56" w="1" /><ent r="102" t="56" w="5" /><ent r="3" t="56" w="10" /><ent r="3" t="56" w="44" /><ent r="64" t="58" w="140" /><ent r="5" t="58" w="179" /><ent r="64" t="58" w="306" /><ent r="64" t="58" w="310" /><ent r="1000" t="62" w="2" /><ent r="102" t="62" w="14" /><ent r="3" t="62" w="20" /><ent r="4" t="62" w="37" /><ent r="4" t="62" w="62" /><ent r="1000" t="63" w="2" /><ent r="102" t="63" w="11" /><ent r="64" t="63" w="65" /><ent r="64" t="63" w="86" /><ent r="64" t="63" w="109" /><ent r="64" t="63" w="113" /><ent r="66" t="64" w="53" /><ent r="3" t="64" w="222" /><ent r="3" t="64" w="243" /><ent r="64" t="64" w="248" /><ent r="65" t="65" w="30" /><ent r="64" t="66" w="141" /><ent r="64" t="67" w="38" /><ent r="64" t="68" w="163" /><ent r="1000" t="70" w="3" /><ent r="102" t="70" w="15" /><ent r="3" t="70" w="19" /><ent r="5" t="70" w="70" /><ent r="64" t="72" w="68" /><ent r="64" t="73" w="311" /><ent r="3" t="88" w="155" /><ent r="4" t="91" w="164" /><ent r="5" t="106" w="422" /><ent r="3" t="122" w="630" /><ent r="3" t="122" w="713" /><ent r="64" t="127" w="83" /><ent r="3" t="128" w="203" /><ent r="64" t="134" w="182" /><ent r="64" t="134" w="186" /><ent r="64" t="141" w="26" /><ent r="64" t="141" w="30" /><ent r="64" t="141" w="34" /><ent r="64" t="141" w="39" /><ent r="64" t="141" w="43" /><ent r="64" t="141" w="47" /><ent r="64" t="141" w="51" /><ent r="64" t="141" w="55" /><ent r="64" t="141" w="60" /><ent r="1000" t="142" w="2" /><ent r="102" t="142" w="6" /><ent r="100" t="142" w="10" /><ent r="100" t="142" w="15" /><ent r="3" t="142" w="19" /><ent r="4" t="142" w="72" /><ent r="1000" t="143" w="2" /><ent r="102" t="143" w="6" /><ent r="3" t="143" w="19" /><ent r="1000" t="144" w="2" /><ent r="102" t="144" w="6" /><ent r="100" t="144" w="10" /><ent r="100" t="144" w="15" /><ent r="3" t="144" w="19" /><ent r="1000" t="145" w="3" /><ent r="102" t="145" w="8" /><ent r="3" t="145" w="19" /><ent r="1000" t="146" w="2" /><ent r="100" t="146" w="6" /><ent r="100" t="146" w="11" /><ent r="102" t="146" w="14" /><ent r="3" t="146" w="19" /><ent r="4" t="146" w="75" /><ent r="1000" t="147" w="2" /><ent r="102" t="147" w="6" /><ent r="3" t="147" w="15" /><ent r="1000" t="148" w="2" /><ent r="102" t="148" w="6" /><ent r="3" t="148" w="16" /><ent r="1000" t="149" w="2" /><ent r="102" t="149" w="6" /><ent r="3" t="149" w="16" /><ent r="1000" t="150" w="3" /><ent r="102" t="150" w="8" /><ent r="100" t="150" w="13" /><ent r="100" t="150" w="19" /><ent r="3" t="150" w="24" /><ent r="3" t="150" w="242" /><ent r="4" t="153" w="55" /><ent r="4" t="153" w="58" /><ent r="92" t="153" w="289" /><ent r="3" t="153" w="293" /><ent r="4" t="153" w="311" /><ent r="92" t="153" w="374" /><ent r="3" t="153" w="378" /><ent r="64" t="153" w="404" /><ent r="3" t="153" w="412" /><ent r="64" t="153" w="422" /><ent r="1000" t="156" w="2" /><ent r="100" t="156" w="11" /><ent r="102" t="156" w="14" /><ent r="3" t="156" w="19" /><ent r="4" t="156" w="37" /><ent r="4" t="156" w="59" /><ent r="1000" t="157" w="2" /><ent r="102" t="157" w="14" /><ent r="3" t="157" w="20" /><ent r="4" t="157" w="71" /><ent r="4" t="157" w="95" /><ent r="1000" t="158" w="2" /><ent r="102" t="158" w="14" /><ent r="3" t="158" w="19" /><ent r="3" t="158" w="41" /><ent r="3" t="158" w="53" /><ent r="4" t="158" w="60" /><ent r="4" t="158" w="84" /><ent r="1000" t="159" w="3" /><ent r="100" t="159" w="8" /><ent r="102" t="159" w="18" /><ent r="4" t="159" w="51" /><ent r="4" t="159" w="76" /><ent r="1000" t="160" w="3" /><ent r="100" t="160" w="8" /><ent r="100" t="160" w="14" /><ent r="102" t="160" w="18" /><ent r="3" t="160" w="25" /><ent r="4" t="160" w="67" /><ent r="4" t="160" w="92" /><ent r="1000" t="161" w="2" /><ent r="1000" t="161" w="6" /><ent r="100" t="161" w="10" /><ent r="100" t="161" w="15" /><ent r="102" t="161" w="18" /><ent r="102" t="161" w="22" /><ent r="100" t="161" w="71" /><ent r="100" t="161" w="77" /><ent r="3" t="161" w="105" /><ent r="64" t="172" w="332" /><ent r="102" t="174" w="28" /><ent r="4" t="174" w="360" /><ent r="4" t="174" w="1109" /><ent r="5" t="174" w="2548" /><ent r="5" t="175" w="702" /><ent r="5" t="175" w="868" /><ent r="5" t="176" w="1058" /><ent r="5" t="178" w="843" /><ent r="4" t="178" w="920" /><ent r="5" t="180" w="565" /><ent r="4" t="180" w="1073" /></phr><phr n="layers"><ent r="6" t="11" w="133" /><ent r="4" t="28" w="222" /><ent r="4" t="44" w="257" /><ent r="3" t="48" w="70" /><ent r="100" t="53" w="12" /><ent r="3" t="53" w="25" /><ent r="4" t="53" w="144" /><ent r="4" t="55" w="88" /><ent r="100" t="57" w="10" /><ent r="100" t="57" w="13" /><ent r="100" t="57" w="15" /><ent r="100" t="57" w="18" /><ent r="3" t="76" w="140" /><ent r="3" t="76" w="225" /><ent r="3" t="86" w="123" /><ent r="3" t="88" w="62" /><ent r="3" t="92" w="56" /><ent r="4" t="103" w="170" /><ent r="4" t="104" w="112" /><ent r="4" t="105" w="125" /><ent r="4" t="106" w="126" /><ent r="3" t="106" w="300" /><ent r="3" t="106" w="302" /><ent r="3" t="106" w="305" /><ent r="3" t="106" w="537" /><ent r="3" t="122" w="640" /><ent r="3" t="134" w="155" /><ent r="5" t="139" w="209" /><ent r="4" t="140" w="80" /><ent r="100" t="141" w="7" /><ent r="3" t="141" w="23" /><ent r="4" t="142" w="119" /><ent r="4" t="143" w="119" /><ent r="3" t="143" w="196" /><ent r="4" t="144" w="133" /><ent r="4" t="145" w="130" /><ent r="4" t="146" w="121" /><ent r="4" t="147" w="121" /><ent r="4" t="148" w="115" /><ent r="4" t="149" w="118" /><ent r="3" t="149" w="234" /><ent r="4" t="150" w="126" /><ent r="3" t="150" w="210" /><ent r="3" t="153" w="52" /><ent r="100" t="169" w="4" /><ent r="100" t="169" w="8" /><ent r="3" t="169" w="27" /><ent r="3" t="169" w="30" /><ent r="3" t="169" w="44" /><ent r="3" t="169" w="53" /><ent r="3" t="169" w="77" /><ent r="3" t="169" w="97" /><ent r="3" t="169" w="112" /><ent r="4" t="169" w="123" /><ent r="4" t="169" w="137" /><ent r="64" t="170" w="29" /><ent r="3" t="173" w="1277" /><ent r="3" t="174" w="369" /><ent r="3" t="174" w="378" /><ent r="3" t="174" w="380" /><ent r="3" t="174" w="385" /><ent r="3" t="174" w="388" /><ent r="3" t="174" w="403" /><ent r="4" t="177" w="1129" /><ent r="4" t="180" w="111" /><ent r="4" t="180" w="210" /><ent r="4" t="230" w="82" /><ent r="3" t="230" w="92" /></phr><phr n="Layers"><ent r="4" t="44" w="251" /><ent r="5" t="48" w="139" /><ent r="4" t="48" w="157" /><ent r="1000" t="53" w="3" /><ent r="102" t="53" w="10" /><ent r="64" t="53" w="200" /><ent r="64" t="54" w="95" /><ent r="64" t="54" w="104" /><ent r="64" t="55" w="137" /><ent r="1000" t="57" w="3" /><ent r="102" t="57" w="7" /><ent r="64" t="58" w="303" /><ent r="64" t="63" w="106" /><ent r="3" t="106" w="529" /><ent r="66" t="139" w="196" /><ent r="1000" t="141" w="1" /><ent r="102" t="141" w="4" /><ent r="3" t="141" w="11" /><ent r="4" t="142" w="113" /><ent r="4" t="143" w="113" /><ent r="4" t="144" w="127" /><ent r="5" t="145" w="123" /><ent r="4" t="146" w="115" /><ent r="5" t="147" w="114" /><ent r="4" t="148" w="109" /><ent r="5" t="149" w="111" /><ent r="4" t="150" w="120" /><ent r="64" t="167" w="325" /><ent r="65" t="168" w="299" /><ent r="64" t="168" w="306" /><ent r="1000" t="169" w="2" /><ent r="102" t="169" w="11" /><ent r="4" t="169" w="117" /></phr></stem></index>