﻿<?xml version="1.0" encoding="utf-8"?><index><stem n="will"><phr n="will"><ent r="3" t="1" w="124" /><ent r="3" t="14" w="32" /><ent r="3" t="19" w="130" /><ent r="3" t="21" w="107" /><ent r="3" t="21" w="127" /><ent r="4" t="21" w="306" /><ent r="4" t="21" w="312" /><ent r="3" t="21" w="376" /><ent r="3" t="21" w="415" /><ent r="3" t="44" w="62" /><ent r="3" t="44" w="68" /><ent r="3" t="44" w="530" /><ent r="3" t="44" w="562" /><ent r="3" t="46" w="122" /><ent r="3" t="49" w="92" /><ent r="3" t="52" w="101" /><ent r="4" t="68" w="66" /><ent r="4" t="71" w="84" /><ent r="3" t="72" w="123" /><ent r="3" t="78" w="59" /><ent r="4" t="92" w="183" /><ent r="4" t="95" w="144" /><ent r="4" t="95" w="163" /><ent r="4" t="107" w="435" /><ent r="3" t="108" w="216" /><ent r="3" t="119" w="87" /><ent r="3" t="119" w="105" /><ent r="3" t="120" w="139" /><ent r="3" t="121" w="210" /><ent r="3" t="121" w="264" /><ent r="4" t="121" w="291" /><ent r="3" t="121" w="406" /><ent r="4" t="121" w="424" /><ent r="3" t="121" w="542" /><ent r="4" t="121" w="569" /><ent r="3" t="122" w="34" /><ent r="3" t="123" w="648" /><ent r="3" t="123" w="690" /><ent r="3" t="123" w="856" /><ent r="3" t="127" w="129" /><ent r="3" t="138" w="213" /><ent r="3" t="140" w="569" /><ent r="3" t="141" w="402" /><ent r="3" t="141" w="638" /><ent r="3" t="143" w="134" /><ent r="3" t="143" w="237" /><ent r="3" t="143" w="441" /><ent r="3" t="143" w="605" /><ent r="5" t="151" w="410" /><ent r="5" t="151" w="833" /><ent r="5" t="159" w="283" /><ent r="3" t="160" w="153" /><ent r="3" t="162" w="319" /><ent r="5" t="164" w="404" /><ent r="3" t="166" w="414" /><ent r="3" t="166" w="445" /><ent r="3" t="166" w="494" /><ent r="3" t="166" w="507" /><ent r="3" t="166" w="635" /><ent r="3" t="166" w="770" /><ent r="3" t="166" w="786" /><ent r="3" t="166" w="854" /><ent r="3" t="166" w="860" /><ent r="3" t="168" w="169" /><ent r="4" t="169" w="198" /><ent r="4" t="169" w="275" /><ent r="4" t="170" w="80" /><ent r="4" t="170" w="102" /><ent r="4" t="171" w="141" /><ent r="3" t="171" w="170" /><ent r="4" t="171" w="198" /><ent r="3" t="171" w="211" /><ent r="4" t="171" w="255" /><ent r="4" t="171" w="272" /><ent r="3" t="172" w="54" /><ent r="3" t="172" w="85" /><ent r="4" t="173" w="281" /><ent r="4" t="173" w="286" /><ent r="4" t="174" w="343" /><ent r="4" t="174" w="375" /><ent r="4" t="175" w="74" /><ent r="4" t="175" w="88" /><ent r="3" t="176" w="41" /><ent r="3" t="177" w="29" /><ent r="3" t="177" w="1344" /><ent r="3" t="177" w="1447" /><ent r="3" t="177" w="1455" /><ent r="3" t="177" w="1765" /><ent r="4" t="177" w="2236" /><ent r="4" t="177" w="2259" /><ent r="4" t="177" w="2374" /><ent r="3" t="178" w="49" /><ent r="3" t="178" w="214" /><ent r="3" t="178" w="352" /><ent r="3" t="178" w="837" /><ent r="4" t="178" w="1989" /><ent r="4" t="178" w="2293" /><ent r="4" t="178" w="2435" /><ent r="3" t="178" w="2788" /><ent r="3" t="179" w="39" /><ent r="3" t="179" w="71" /><ent r="3" t="179" w="86" /><ent r="3" t="179" w="1196" /><ent r="4" t="179" w="1280" /><ent r="4" t="179" w="1313" /><ent r="4" t="179" w="1343" /><ent r="4" t="179" w="1376" /><ent r="4" t="179" w="1389" /><ent r="3" t="179" w="1415" /><ent r="4" t="179" w="1516" /><ent r="3" t="180" w="37" /><ent r="3" t="180" w="583" /><ent r="3" t="180" w="1297" /><ent r="3" t="181" w="27" /><ent r="3" t="181" w="41" /><ent r="3" t="181" w="378" /><ent r="4" t="181" w="854" /><ent r="3" t="181" w="1006" /><ent r="3" t="182" w="30" /><ent r="3" t="182" w="44" /><ent r="3" t="183" w="34" /><ent r="3" t="183" w="58" /><ent r="3" t="183" w="156" /><ent r="3" t="184" w="27" /><ent r="3" t="184" w="43" /><ent r="4" t="184" w="189" /><ent r="4" t="184" w="211" /><ent r="4" t="184" w="285" /><ent r="3" t="184" w="614" /><ent r="4" t="184" w="915" /><ent r="4" t="184" w="1117" /><ent r="3" t="184" w="1165" /><ent r="3" t="184" w="1179" /><ent r="3" t="185" w="25" /><ent r="3" t="185" w="46" /><ent r="3" t="185" w="579" /><ent r="3" t="185" w="827" /><ent r="3" t="185" w="876" /><ent r="3" t="185" w="900" /><ent r="3" t="185" w="1325" /><ent r="4" t="185" w="1353" /><ent r="3" t="185" w="1439" /><ent r="4" t="185" w="1759" /><ent r="4" t="185" w="1799" /><ent r="4" t="185" w="1833" /><ent r="3" t="186" w="33" /><ent r="3" t="186" w="46" /><ent r="3" t="186" w="65" /><ent r="3" t="186" w="782" /><ent r="3" t="186" w="941" /><ent r="3" t="186" w="961" /><ent r="3" t="186" w="1254" /><ent r="3" t="186" w="1462" /><ent r="4" t="186" w="1659" /><ent r="4" t="192" w="80" /><ent r="4" t="192" w="172" /><ent r="3" t="193" w="247" /><ent r="3" t="193" w="259" /><ent r="3" t="193" w="266" /><ent r="4" t="193" w="745" /><ent r="4" t="196" w="328" /><ent r="4" t="196" w="337" /><ent r="3" t="206" w="256" /><ent r="3" t="206" w="278" /><ent r="4" t="206" w="418" /><ent r="4" t="206" w="427" /><ent r="4" t="206" w="517" /><ent r="4" t="206" w="607" /><ent r="4" t="206" w="631" /><ent r="4" t="206" w="638" /><ent r="3" t="206" w="685" /><ent r="3" t="207" w="64" /><ent r="3" t="207" w="76" /><ent r="3" t="207" w="83" /><ent r="3" t="217" w="36" /><ent r="3" t="219" w="41" /><ent r="3" t="225" w="21" /><ent r="3" t="225" w="55" /><ent r="3" t="230" w="47" /><ent r="3" t="230" w="78" /><ent r="3" t="230" w="98" /><ent r="4" t="233" w="46" /><ent r="3" t="235" w="107" /></phr></stem><stem n="same"><phr n="same"><ent r="3" t="1" w="128" /><ent r="3" t="1" w="218" /><ent r="3" t="4" w="15" /><ent r="4" t="25" w="96" /><ent r="3" t="44" w="264" /><ent r="3" t="44" w="527" /><ent r="3" t="48" w="38" /><ent r="3" t="48" w="258" /><ent r="3" t="68" w="156" /><ent r="3" t="78" w="45" /><ent r="5" t="90" w="309" /><ent r="4" t="92" w="180" /><ent r="4" t="107" w="385" /><ent r="3" t="115" w="244" /><ent r="3" t="123" w="136" /><ent r="3" t="126" w="40" /><ent r="3" t="126" w="94" /><ent r="3" t="135" w="71" /><ent r="5" t="151" w="387" /><ent r="5" t="151" w="810" /><ent r="4" t="152" w="391" /><ent r="3" t="156" w="415" /><ent r="5" t="159" w="260" /><ent r="5" t="164" w="381" /><ent r="3" t="166" w="299" /><ent r="4" t="166" w="730" /><ent r="3" t="166" w="885" /><ent r="3" t="167" w="99" /><ent r="3" t="168" w="131" /><ent r="3" t="171" w="39" /><ent r="4" t="173" w="351" /><ent r="3" t="178" w="336" /><ent r="4" t="178" w="2420" /><ent r="4" t="178" w="2524" /><ent r="3" t="180" w="838" /><ent r="4" t="180" w="1259" /><ent r="4" t="180" w="1662" /><ent r="3" t="181" w="285" /><ent r="3" t="181" w="311" /><ent r="3" t="181" w="1056" /><ent r="3" t="182" w="274" /><ent r="3" t="182" w="298" /><ent r="3" t="182" w="1197" /><ent r="7" t="185" w="1169" /><ent r="3" t="185" w="1500" /><ent r="6" t="189" w="79" /><ent r="3" t="193" w="336" /><ent r="3" t="193" w="479" /><ent r="3" t="195" w="72" /><ent r="4" t="196" w="345" /><ent r="7" t="197" w="631" /><ent r="7" t="197" w="657" /><ent r="3" t="206" w="286" /><ent r="4" t="206" w="520" /><ent r="4" t="206" w="543" /><ent r="4" t="206" w="590" /><ent r="3" t="207" w="153" /><ent r="4" t="233" w="23" /></phr></stem><stem n="again"><phr n="again"><ent r="3" t="1" w="134" /><ent r="3" t="171" w="212" /><ent r="4" t="177" w="1860" /><ent r="4" t="177" w="1878" /><ent r="4" t="178" w="1376" /><ent r="4" t="178" w="1510" /><ent r="4" t="178" w="1610" /><ent r="4" t="178" w="2091" /><ent r="4" t="180" w="1072" /><ent r="4" t="185" w="1342" /><ent r="3" t="228" w="73" /><ent r="4" t="228" w="81" /></phr></stem><stem n="-down"><phr n="-down"><ent r="100" t="1" w="136" /><ent r="100" t="1" w="136" /><ent r="3" t="1" w="145" /><ent r="3" t="1" w="145" /><ent r="3" t="1" w="197" /><ent r="3" t="1" w="197" /><ent r="3" t="1" w="223" /><ent r="3" t="1" w="223" /><ent r="4" t="1" w="281" /><ent r="4" t="1" w="281" /><ent r="3" t="4" w="20" /><ent r="3" t="4" w="20" /><ent r="4" t="4" w="136" /><ent r="4" t="4" w="136" /><ent r="7" t="7" w="98" /><ent r="7" t="7" w="98" /><ent r="7" t="9" w="25" /><ent r="7" t="9" w="25" /><ent r="7" t="11" w="102" /><ent r="7" t="11" w="102" /><ent r="7" t="12" w="52" /><ent r="7" t="12" w="52" /><ent r="6" t="12" w="74" /><ent r="6" t="12" w="74" /><ent r="7" t="13" w="152" /><ent r="7" t="13" w="152" /><ent r="7" t="13" w="178" /><ent r="7" t="13" w="178" /><ent r="6" t="14" w="205" /><ent r="6" t="14" w="205" /><ent r="6" t="14" w="231" /><ent r="6" t="14" w="231" /><ent r="4" t="18" w="151" /><ent r="4" t="18" w="151" /><ent r="4" t="23" w="58" /><ent r="4" t="23" w="58" /><ent r="4" t="26" w="143" /><ent r="4" t="26" w="143" /><ent r="3" t="26" w="317" /><ent r="3" t="26" w="317" /><ent r="5" t="26" w="470" /><ent r="5" t="26" w="470" /><ent r="5" t="26" w="511" /><ent r="5" t="26" w="511" /><ent r="4" t="32" w="154" /><ent r="4" t="32" w="154" /><ent r="4" t="44" w="230" /><ent r="4" t="44" w="230" /><ent r="4" t="49" w="221" /><ent r="4" t="49" w="221" /><ent r="3" t="59" w="51" /><ent r="3" t="59" w="51" /><ent r="4" t="60" w="137" /><ent r="4" t="60" w="137" /><ent r="4" t="61" w="40" /><ent r="4" t="61" w="40" /><ent r="4" t="61" w="56" /><ent r="4" t="61" w="56" /><ent r="100" t="64" w="7" /><ent r="100" t="64" w="7" /><ent r="100" t="64" w="11" /><ent r="100" t="64" w="11" /><ent r="3" t="64" w="59" /><ent r="3" t="64" w="59" /><ent r="4" t="65" w="50" /><ent r="4" t="65" w="50" /><ent r="4" t="66" w="113" /><ent r="4" t="66" w="113" /><ent r="4" t="67" w="188" /><ent r="4" t="67" w="188" /><ent r="4" t="67" w="206" /><ent r="4" t="67" w="206" /><ent r="4" t="94" w="113" /><ent r="4" t="94" w="113" /><ent r="4" t="95" w="97" /><ent r="4" t="95" w="97" /><ent r="4" t="95" w="222" /><ent r="4" t="95" w="222" /><ent r="4" t="96" w="99" /><ent r="4" t="96" w="99" /><ent r="3" t="102" w="163" /><ent r="3" t="102" w="163" /><ent r="4" t="106" w="464" /><ent r="4" t="106" w="464" /><ent r="4" t="108" w="301" /><ent r="4" t="108" w="301" /><ent r="4" t="108" w="449" /><ent r="4" t="108" w="449" /><ent r="100" t="113" w="19" /><ent r="100" t="113" w="19" /><ent r="3" t="113" w="148" /><ent r="3" t="113" w="148" /><ent r="3" t="119" w="97" /><ent r="3" t="119" w="97" /><ent r="4" t="120" w="214" /><ent r="4" t="120" w="214" /><ent r="4" t="121" w="46" /><ent r="4" t="121" w="46" /><ent r="4" t="121" w="58" /><ent r="4" t="121" w="58" /><ent r="4" t="121" w="64" /><ent r="4" t="121" w="64" /><ent r="3" t="121" w="89" /><ent r="3" t="121" w="89" /><ent r="3" t="121" w="113" /><ent r="3" t="121" w="113" /><ent r="3" t="121" w="157" /><ent r="3" t="121" w="157" /><ent r="3" t="121" w="176" /><ent r="3" t="121" w="176" /><ent r="3" t="121" w="186" /><ent r="3" t="121" w="186" /><ent r="3" t="121" w="199" /><ent r="3" t="121" w="199" /><ent r="3" t="121" w="207" /><ent r="3" t="121" w="207" /><ent r="3" t="121" w="216" /><ent r="3" t="121" w="216" /><ent r="3" t="121" w="222" /><ent r="3" t="121" w="222" /><ent r="3" t="121" w="253" /><ent r="3" t="121" w="253" /><ent r="4" t="121" w="276" /><ent r="4" t="121" w="276" /><ent r="4" t="121" w="289" /><ent r="4" t="121" w="289" /><ent r="3" t="121" w="311" /><ent r="3" t="121" w="311" /><ent r="4" t="121" w="329" /><ent r="4" t="121" w="329" /><ent r="3" t="121" w="342" /><ent r="3" t="121" w="342" /><ent r="4" t="121" w="429" /><ent r="4" t="121" w="429" /><ent r="3" t="121" w="460" /><ent r="3" t="121" w="460" /><ent r="4" t="121" w="554" /><ent r="4" t="121" w="554" /><ent r="4" t="121" w="567" /><ent r="4" t="121" w="567" /><ent r="3" t="127" w="345" /><ent r="3" t="127" w="345" /><ent r="3" t="127" w="411" /><ent r="3" t="127" w="411" /><ent r="4" t="127" w="447" /><ent r="4" t="127" w="447" /><ent r="4" t="134" w="67" /><ent r="4" t="134" w="67" /><ent r="4" t="141" w="215" /><ent r="4" t="141" w="215" /><ent r="4" t="141" w="302" /><ent r="4" t="141" w="302" /><ent r="4" t="141" w="427" /><ent r="4" t="141" w="427" /><ent r="4" t="141" w="502" /><ent r="4" t="141" w="502" /><ent r="4" t="141" w="547" /><ent r="4" t="141" w="547" /><ent r="3" t="141" w="630" /><ent r="3" t="141" w="630" /><ent r="3" t="141" w="660" /><ent r="3" t="141" w="660" /><ent r="3" t="143" w="374" /><ent r="3" t="143" w="374" /><ent r="3" t="143" w="410" /><ent r="3" t="143" w="410" /><ent r="4" t="146" w="127" /><ent r="4" t="146" w="127" /><ent r="3" t="146" w="144" /><ent r="3" t="146" w="144" /><ent r="4" t="147" w="141" /><ent r="4" t="147" w="141" /><ent r="3" t="147" w="180" /><ent r="3" t="147" w="180" /><ent r="4" t="148" w="139" /><ent r="4" t="148" w="139" /><ent r="4" t="150" w="136" /><ent r="4" t="150" w="136" /><ent r="4" t="151" w="337" /><ent r="4" t="151" w="337" /><ent r="4" t="151" w="563" /><ent r="4" t="151" w="563" /><ent r="4" t="151" w="760" /><ent r="4" t="151" w="760" /><ent r="4" t="151" w="986" /><ent r="4" t="151" w="986" /><ent r="3" t="152" w="166" /><ent r="3" t="152" w="166" /><ent r="3" t="152" w="183" /><ent r="3" t="152" w="183" /><ent r="3" t="153" w="157" /><ent r="3" t="153" w="157" /><ent r="3" t="154" w="186" /><ent r="3" t="154" w="186" /><ent r="3" t="154" w="205" /><ent r="3" t="154" w="205" /><ent r="4" t="159" w="147" /><ent r="4" t="159" w="147" /><ent r="4" t="159" w="250" /><ent r="4" t="159" w="250" /><ent r="4" t="159" w="437" /><ent r="4" t="159" w="437" /><ent r="3" t="160" w="206" /><ent r="3" t="160" w="206" /><ent r="4" t="162" w="166" /><ent r="4" t="162" w="166" /><ent r="3" t="162" w="194" /><ent r="3" t="162" w="194" /><ent r="3" t="162" w="209" /><ent r="3" t="162" w="209" /><ent r="3" t="163" w="148" /><ent r="3" t="163" w="148" /><ent r="4" t="164" w="371" /><ent r="4" t="164" w="371" /><ent r="4" t="164" w="558" /><ent r="4" t="164" w="558" /><ent r="4" t="166" w="392" /><ent r="4" t="166" w="392" /><ent r="4" t="166" w="566" /><ent r="4" t="166" w="566" /><ent r="4" t="166" w="603" /><ent r="4" t="166" w="603" /><ent r="4" t="177" w="1934" /><ent r="4" t="177" w="1934" /><ent r="4" t="177" w="1995" /><ent r="4" t="177" w="1995" /><ent r="6" t="178" w="765" /><ent r="6" t="178" w="765" /><ent r="3" t="178" w="879" /><ent r="3" t="178" w="879" /><ent r="4" t="178" w="1632" /><ent r="4" t="178" w="1632" /><ent r="3" t="178" w="2118" /><ent r="3" t="178" w="2118" /><ent r="4" t="178" w="2577" /><ent r="4" t="178" w="2577" /><ent r="3" t="179" w="1144" /><ent r="3" t="179" w="1144" /><ent r="3" t="179" w="1155" /><ent r="3" t="179" w="1155" /><ent r="3" t="182" w="1073" /><ent r="3" t="182" w="1073" /><ent r="3" t="182" w="1208" /><ent r="3" t="182" w="1208" /><ent r="4" t="184" w="631" /><ent r="4" t="184" w="631" /><ent r="4" t="184" w="1070" /><ent r="4" t="184" w="1070" /><ent r="3" t="185" w="321" /><ent r="3" t="185" w="321" /><ent r="7" t="185" w="1153" /><ent r="7" t="185" w="1153" /><ent r="4" t="186" w="521" /><ent r="4" t="186" w="521" /><ent r="4" t="187" w="50" /><ent r="4" t="187" w="50" /><ent r="3" t="188" w="21" /><ent r="3" t="188" w="21" /><ent r="3" t="193" w="302" /><ent r="3" t="193" w="302" /><ent r="3" t="193" w="309" /><ent r="3" t="193" w="309" /><ent r="3" t="196" w="185" /><ent r="3" t="196" w="185" /><ent r="4" t="196" w="320" /><ent r="4" t="196" w="320" /><ent r="6" t="198" w="99" /><ent r="6" t="198" w="99" /><ent r="3" t="206" w="145" /><ent r="3" t="206" w="145" /><ent r="3" t="207" w="119" /><ent r="3" t="207" w="119" /><ent r="3" t="207" w="126" /><ent r="3" t="207" w="126" /><ent r="3" t="210" w="89" /><ent r="3" t="210" w="89" /><ent r="3" t="212" w="248" /><ent r="3" t="212" w="248" /><ent r="3" t="213" w="179" /><ent r="3" t="213" w="179" /><ent r="3" t="214" w="138" /><ent r="3" t="214" w="138" /><ent r="3" t="215" w="177" /><ent r="3" t="215" w="177" /><ent r="4" t="216" w="241" /><ent r="4" t="216" w="241" /><ent r="4" t="216" w="293" /><ent r="4" t="216" w="293" /><ent r="3" t="224" w="179" /><ent r="3" t="224" w="179" /><ent r="6" t="227" w="220" /><ent r="6" t="227" w="220" /><ent r="6" t="227" w="429" /><ent r="6" t="227" w="429" /><ent r="4" t="229" w="135" /><ent r="4" t="229" w="135" /><ent r="4" t="229" w="211" /><ent r="4" t="229" w="211" /><ent r="3" t="231" w="20" /><ent r="3" t="231" w="20" /><ent r="3" t="232" w="20" /><ent r="3" t="232" w="20" /></phr><phr n="-Down"><ent r="92" t="1" w="140" /><ent r="92" t="1" w="140" /><ent r="68" t="11" w="107" /><ent r="68" t="11" w="107" /><ent r="1000" t="64" w="2" /><ent r="1000" t="64" w="2" /><ent r="102" t="64" w="17" /><ent r="102" t="64" w="17" /><ent r="3" t="64" w="23" /><ent r="3" t="64" w="23" /><ent r="92" t="113" w="136" /><ent r="92" t="113" w="136" /></phr></stem><stem n="drop"><phr n="drop"><ent r="100" t="1" w="136" /><ent r="3" t="1" w="145" /><ent r="3" t="1" w="223" /><ent r="4" t="1" w="281" /><ent r="3" t="4" w="20" /><ent r="4" t="4" w="136" /><ent r="7" t="7" w="98" /><ent r="7" t="8" w="157" /><ent r="7" t="9" w="25" /><ent r="7" t="11" w="102" /><ent r="7" t="12" w="52" /><ent r="6" t="12" w="74" /><ent r="7" t="13" w="152" /><ent r="7" t="13" w="178" /><ent r="6" t="14" w="205" /><ent r="6" t="14" w="231" /><ent r="4" t="18" w="151" /><ent r="4" t="23" w="58" /><ent r="4" t="26" w="143" /><ent r="3" t="26" w="317" /><ent r="5" t="26" w="470" /><ent r="5" t="26" w="511" /><ent r="4" t="32" w="154" /><ent r="4" t="44" w="230" /><ent r="4" t="49" w="221" /><ent r="3" t="59" w="51" /><ent r="4" t="60" w="137" /><ent r="4" t="61" w="40" /><ent r="4" t="61" w="56" /><ent r="3" t="62" w="97" /><ent r="3" t="62" w="117" /><ent r="3" t="62" w="127" /><ent r="100" t="64" w="7" /><ent r="100" t="64" w="11" /><ent r="3" t="64" w="59" /><ent r="4" t="65" w="50" /><ent r="4" t="66" w="113" /><ent r="4" t="67" w="188" /><ent r="4" t="67" w="206" /><ent r="3" t="69" w="104" /><ent r="3" t="74" w="293" /><ent r="3" t="77" w="218" /><ent r="3" t="77" w="236" /><ent r="4" t="94" w="113" /><ent r="4" t="95" w="97" /><ent r="4" t="95" w="222" /><ent r="4" t="96" w="99" /><ent r="3" t="102" w="163" /><ent r="4" t="106" w="464" /><ent r="4" t="108" w="301" /><ent r="4" t="108" w="449" /><ent r="100" t="113" w="19" /><ent r="100" t="113" w="130" /><ent r="3" t="113" w="148" /><ent r="3" t="119" w="97" /><ent r="4" t="120" w="214" /><ent r="4" t="121" w="46" /><ent r="4" t="121" w="58" /><ent r="4" t="121" w="64" /><ent r="3" t="121" w="89" /><ent r="3" t="121" w="113" /><ent r="3" t="121" w="157" /><ent r="3" t="121" w="176" /><ent r="3" t="121" w="186" /><ent r="3" t="121" w="199" /><ent r="3" t="121" w="207" /><ent r="3" t="121" w="216" /><ent r="3" t="121" w="222" /><ent r="4" t="121" w="276" /><ent r="4" t="121" w="289" /><ent r="4" t="121" w="329" /><ent r="3" t="121" w="342" /><ent r="4" t="121" w="429" /><ent r="3" t="121" w="460" /><ent r="4" t="121" w="554" /><ent r="4" t="121" w="567" /><ent r="3" t="123" w="178" /><ent r="3" t="124" w="38" /><ent r="3" t="124" w="119" /><ent r="3" t="127" w="345" /><ent r="3" t="127" w="411" /><ent r="4" t="127" w="447" /><ent r="4" t="134" w="67" /><ent r="3" t="139" w="18" /><ent r="4" t="141" w="215" /><ent r="4" t="141" w="302" /><ent r="4" t="141" w="427" /><ent r="4" t="141" w="502" /><ent r="4" t="141" w="547" /><ent r="3" t="141" w="630" /><ent r="3" t="141" w="660" /><ent r="3" t="143" w="374" /><ent r="3" t="143" w="410" /><ent r="4" t="146" w="127" /><ent r="3" t="146" w="144" /><ent r="4" t="147" w="141" /><ent r="3" t="147" w="180" /><ent r="4" t="148" w="139" /><ent r="4" t="150" w="136" /><ent r="4" t="151" w="337" /><ent r="4" t="151" w="563" /><ent r="4" t="151" w="760" /><ent r="4" t="151" w="986" /><ent r="3" t="152" w="166" /><ent r="3" t="152" w="183" /><ent r="3" t="153" w="157" /><ent r="3" t="154" w="186" /><ent r="3" t="154" w="205" /><ent r="4" t="159" w="147" /><ent r="4" t="159" w="250" /><ent r="4" t="159" w="437" /><ent r="3" t="160" w="206" /><ent r="4" t="162" w="166" /><ent r="3" t="162" w="194" /><ent r="3" t="162" w="209" /><ent r="3" t="163" w="148" /><ent r="4" t="164" w="371" /><ent r="4" t="164" w="558" /><ent r="4" t="166" w="392" /><ent r="4" t="166" w="566" /><ent r="4" t="166" w="603" /><ent r="4" t="177" w="347" /><ent r="4" t="177" w="568" /><ent r="4" t="177" w="1934" /><ent r="4" t="177" w="1995" /><ent r="4" t="178" w="497" /><ent r="6" t="178" w="765" /><ent r="3" t="178" w="783" /><ent r="3" t="178" w="879" /><ent r="4" t="178" w="1632" /><ent r="3" t="178" w="2118" /><ent r="4" t="178" w="2577" /><ent r="4" t="179" w="209" /><ent r="3" t="179" w="1144" /><ent r="3" t="179" w="1155" /><ent r="4" t="179" w="1245" /><ent r="4" t="180" w="172" /><ent r="4" t="181" w="447" /><ent r="4" t="182" w="432" /><ent r="3" t="182" w="1073" /><ent r="3" t="182" w="1208" /><ent r="4" t="184" w="323" /><ent r="4" t="184" w="631" /><ent r="4" t="184" w="1070" /><ent r="3" t="185" w="321" /><ent r="3" t="185" w="483" /><ent r="3" t="185" w="531" /><ent r="3" t="185" w="684" /><ent r="4" t="185" w="771" /><ent r="7" t="185" w="1153" /><ent r="4" t="186" w="234" /><ent r="4" t="186" w="521" /><ent r="4" t="187" w="50" /><ent r="3" t="188" w="21" /><ent r="3" t="193" w="302" /><ent r="3" t="193" w="309" /><ent r="3" t="196" w="185" /><ent r="4" t="196" w="320" /><ent r="6" t="198" w="99" /><ent r="3" t="206" w="145" /><ent r="3" t="207" w="119" /><ent r="3" t="207" w="126" /><ent r="3" t="210" w="89" /><ent r="3" t="212" w="248" /><ent r="3" t="213" w="179" /><ent r="3" t="214" w="138" /><ent r="3" t="215" w="177" /><ent r="4" t="216" w="241" /><ent r="4" t="216" w="293" /><ent r="3" t="224" w="179" /><ent r="6" t="227" w="220" /><ent r="6" t="227" w="429" /><ent r="4" t="229" w="135" /><ent r="4" t="229" w="211" /><ent r="3" t="231" w="20" /><ent r="3" t="232" w="20" /></phr><phr n="Drop"><ent r="92" t="1" w="140" /><ent r="3" t="1" w="197" /><ent r="68" t="11" w="107" /><ent r="1000" t="64" w="2" /><ent r="102" t="64" w="17" /><ent r="3" t="64" w="23" /><ent r="92" t="113" w="136" /><ent r="3" t="121" w="253" /><ent r="3" t="121" w="311" /><ent r="3" t="121" w="394" /><ent r="3" t="121" w="443" /><ent r="64" t="138" w="192" /><ent r="1000" t="139" w="2" /><ent r="102" t="139" w="6" /><ent r="3" t="139" w="11" /><ent r="3" t="139" w="28" /><ent r="5" t="139" w="75" /><ent r="3" t="139" w="93" /></phr><phr n="dropped"><ent r="3" t="138" w="215" /></phr></stem><stem n="drop-down"><phr n="drop-down"><ent r="100" t="1" w="136" /><ent r="3" t="1" w="145" /><ent r="3" t="1" w="223" /><ent r="4" t="1" w="281" /><ent r="3" t="4" w="20" /><ent r="4" t="4" w="136" /><ent r="7" t="7" w="98" /><ent r="7" t="8" w="157" /><ent r="7" t="9" w="25" /><ent r="7" t="11" w="102" /><ent r="7" t="12" w="52" /><ent r="6" t="12" w="74" /><ent r="7" t="13" w="152" /><ent r="7" t="13" w="178" /><ent r="6" t="14" w="205" /><ent r="6" t="14" w="231" /><ent r="4" t="18" w="151" /><ent r="4" t="23" w="58" /><ent r="4" t="26" w="143" /><ent r="3" t="26" w="317" /><ent r="5" t="26" w="470" /><ent r="5" t="26" w="511" /><ent r="4" t="32" w="154" /><ent r="4" t="44" w="230" /><ent r="4" t="49" w="221" /><ent r="3" t="59" w="51" /><ent r="4" t="60" w="137" /><ent r="4" t="61" w="40" /><ent r="4" t="61" w="56" /><ent r="3" t="62" w="97" /><ent r="3" t="62" w="117" /><ent r="3" t="62" w="127" /><ent r="100" t="64" w="7" /><ent r="100" t="64" w="11" /><ent r="3" t="64" w="59" /><ent r="4" t="65" w="50" /><ent r="4" t="66" w="113" /><ent r="4" t="67" w="188" /><ent r="4" t="67" w="206" /><ent r="3" t="74" w="293" /><ent r="4" t="94" w="113" /><ent r="4" t="95" w="97" /><ent r="4" t="95" w="222" /><ent r="4" t="96" w="99" /><ent r="3" t="102" w="163" /><ent r="4" t="106" w="464" /><ent r="4" t="108" w="301" /><ent r="4" t="108" w="449" /><ent r="100" t="113" w="19" /><ent r="100" t="113" w="130" /><ent r="3" t="113" w="148" /><ent r="3" t="119" w="97" /><ent r="4" t="120" w="214" /><ent r="4" t="121" w="46" /><ent r="4" t="121" w="58" /><ent r="4" t="121" w="64" /><ent r="3" t="121" w="89" /><ent r="3" t="121" w="113" /><ent r="3" t="121" w="157" /><ent r="3" t="121" w="176" /><ent r="3" t="121" w="186" /><ent r="3" t="121" w="199" /><ent r="3" t="121" w="207" /><ent r="3" t="121" w="216" /><ent r="3" t="121" w="222" /><ent r="4" t="121" w="276" /><ent r="4" t="121" w="289" /><ent r="4" t="121" w="329" /><ent r="3" t="121" w="342" /><ent r="4" t="121" w="429" /><ent r="3" t="121" w="460" /><ent r="4" t="121" w="554" /><ent r="4" t="121" w="567" /><ent r="3" t="127" w="345" /><ent r="3" t="127" w="411" /><ent r="4" t="127" w="447" /><ent r="4" t="134" w="67" /><ent r="4" t="141" w="215" /><ent r="4" t="141" w="302" /><ent r="4" t="141" w="427" /><ent r="4" t="141" w="502" /><ent r="4" t="141" w="547" /><ent r="3" t="141" w="630" /><ent r="3" t="141" w="660" /><ent r="3" t="143" w="374" /><ent r="3" t="143" w="410" /><ent r="4" t="146" w="127" /><ent r="3" t="146" w="144" /><ent r="4" t="147" w="141" /><ent r="3" t="147" w="180" /><ent r="4" t="148" w="139" /><ent r="4" t="150" w="136" /><ent r="4" t="151" w="337" /><ent r="4" t="151" w="563" /><ent r="4" t="151" w="760" /><ent r="4" t="151" w="986" /><ent r="3" t="152" w="166" /><ent r="3" t="152" w="183" /><ent r="3" t="153" w="157" /><ent r="3" t="154" w="186" /><ent r="3" t="154" w="205" /><ent r="4" t="159" w="147" /><ent r="4" t="159" w="250" /><ent r="4" t="159" w="437" /><ent r="3" t="160" w="206" /><ent r="4" t="162" w="166" /><ent r="3" t="162" w="194" /><ent r="3" t="162" w="209" /><ent r="3" t="163" w="148" /><ent r="4" t="164" w="371" /><ent r="4" t="164" w="558" /><ent r="4" t="166" w="392" /><ent r="4" t="166" w="566" /><ent r="4" t="166" w="603" /><ent r="4" t="177" w="568" /><ent r="4" t="177" w="1934" /><ent r="4" t="177" w="1995" /><ent r="6" t="178" w="765" /><ent r="3" t="178" w="783" /><ent r="3" t="178" w="879" /><ent r="4" t="178" w="1632" /><ent r="3" t="178" w="2118" /><ent r="4" t="178" w="2577" /><ent r="3" t="179" w="1144" /><ent r="3" t="179" w="1155" /><ent r="4" t="179" w="1245" /><ent r="3" t="182" w="1073" /><ent r="3" t="182" w="1208" /><ent r="4" t="184" w="631" /><ent r="4" t="184" w="1070" /><ent r="3" t="185" w="321" /><ent r="7" t="185" w="1153" /><ent r="4" t="186" w="521" /><ent r="4" t="187" w="50" /><ent r="3" t="188" w="21" /><ent r="3" t="193" w="302" /><ent r="3" t="193" w="309" /><ent r="3" t="196" w="185" /><ent r="4" t="196" w="320" /><ent r="6" t="198" w="99" /><ent r="3" t="206" w="145" /><ent r="3" t="207" w="119" /><ent r="3" t="207" w="126" /><ent r="3" t="210" w="89" /><ent r="3" t="212" w="248" /><ent r="3" t="213" w="179" /><ent r="3" t="214" w="138" /><ent r="3" t="215" w="177" /><ent r="4" t="216" w="241" /><ent r="4" t="216" w="293" /><ent r="3" t="224" w="179" /><ent r="6" t="227" w="220" /><ent r="6" t="227" w="429" /><ent r="4" t="229" w="135" /><ent r="4" t="229" w="211" /><ent r="3" t="231" w="20" /><ent r="3" t="232" w="20" /></phr><phr n="Drop-Down"><ent r="92" t="1" w="140" /><ent r="68" t="11" w="107" /><ent r="1000" t="64" w="2" /><ent r="102" t="64" w="17" /><ent r="3" t="64" w="23" /><ent r="92" t="113" w="136" /></phr><phr n="Drop-down"><ent r="3" t="1" w="197" /><ent r="3" t="121" w="253" /><ent r="3" t="121" w="311" /><ent r="3" t="121" w="394" /><ent r="3" t="121" w="443" /></phr></stem></index>