﻿<?xml version="1.0" encoding="utf-8"?><index><stem n="avail"><phr n="available"><ent r="3" t="1" w="184" /><ent r="3" t="2" w="109" /><ent r="3" t="4" w="70" /><ent r="3" t="8" w="17" /><ent r="7" t="8" w="95" /><ent r="4" t="11" w="17" /><ent r="3" t="20" w="554" /><ent r="3" t="24" w="81" /><ent r="3" t="25" w="21" /><ent r="4" t="27" w="90" /><ent r="3" t="28" w="21" /><ent r="4" t="28" w="186" /><ent r="4" t="28" w="313" /><ent r="3" t="33" w="59" /><ent r="3" t="34" w="39" /><ent r="4" t="48" w="128" /><ent r="4" t="48" w="280" /><ent r="4" t="50" w="19" /><ent r="4" t="61" w="45" /><ent r="4" t="65" w="65" /><ent r="3" t="76" w="136" /><ent r="3" t="76" w="176" /><ent r="3" t="76" w="277" /><ent r="3" t="76" w="304" /><ent r="4" t="76" w="322" /><ent r="4" t="80" w="64" /><ent r="5" t="89" w="507" /><ent r="7" t="89" w="544" /><ent r="3" t="102" w="15" /><ent r="4" t="105" w="486" /><ent r="4" t="106" w="371" /><ent r="3" t="110" w="24" /><ent r="3" t="112" w="296" /><ent r="3" t="118" w="108" /><ent r="4" t="119" w="37" /><ent r="4" t="120" w="278" /><ent r="4" t="120" w="293" /><ent r="4" t="120" w="426" /><ent r="4" t="120" w="556" /><ent r="4" t="120" w="571" /><ent r="3" t="122" w="72" /><ent r="3" t="122" w="334" /><ent r="3" t="122" w="582" /><ent r="3" t="122" w="639" /><ent r="4" t="122" w="749" /><ent r="4" t="126" w="52" /><ent r="4" t="138" w="328" /><ent r="3" t="138" w="404" /><ent r="4" t="139" w="145" /><ent r="3" t="152" w="352" /><ent r="3" t="153" w="381" /><ent r="4" t="171" w="387" /><ent r="4" t="173" w="1581" /><ent r="3" t="176" w="1577" /><ent r="3" t="190" w="58" /><ent r="3" t="192" w="95" /><ent r="4" t="192" w="291" /><ent r="3" t="194" w="172" /><ent r="3" t="203" w="48" /><ent r="3" t="208" w="42" /><ent r="3" t="208" w="61" /><ent r="3" t="220" w="149" /><ent r="3" t="221" w="110" /><ent r="3" t="231" w="258" /><ent r="3" t="232" w="38" /><ent r="3" t="233" w="41" /><ent r="6" t="233" w="65" /><ent r="6" t="233" w="71" /><ent r="3" t="234" w="38" /><ent r="3" t="235" w="26" /><ent r="6" t="235" w="50" /><ent r="6" t="235" w="56" /></phr><phr n="Available"><ent r="6" t="24" w="102" /><ent r="6" t="27" w="113" /><ent r="3" t="73" w="233" /><ent r="4" t="169" w="116" /><ent r="4" t="170" w="136" /><ent r="4" t="174" w="2250" /><ent r="7" t="193" w="485" /></phr></stem><stem n="associ"><phr n="associated"><ent r="3" t="1" w="193" /><ent r="3" t="4" w="84" /><ent r="3" t="14" w="64" /><ent r="4" t="20" w="164" /><ent r="4" t="26" w="577" /><ent r="3" t="32" w="21" /><ent r="3" t="46" w="115" /><ent r="4" t="54" w="84" /><ent r="3" t="76" w="226" /><ent r="3" t="127" w="33" /><ent r="3" t="152" w="283" /><ent r="3" t="153" w="22" /><ent r="3" t="162" w="97" /><ent r="3" t="180" w="84" /><ent r="5" t="184" w="196" /><ent r="3" t="190" w="217" /><ent r="3" t="190" w="249" /><ent r="3" t="203" w="66" /><ent r="3" t="205" w="16" /><ent r="5" t="223" w="613" /></phr><phr n="associate"><ent r="4" t="20" w="533" /><ent r="4" t="82" w="189" /><ent r="3" t="179" w="164" /><ent r="4" t="179" w="436" /><ent r="3" t="179" w="578" /></phr><phr n="associates"><ent r="4" t="177" w="664" /></phr></stem><stem n="shortcut"><phr n="shortcut"><ent r="3" t="1" w="194" /><ent r="3" t="1" w="565" /><ent r="100" t="2" w="7" /><ent r="3" t="2" w="39" /><ent r="64" t="18" w="76" /><ent r="3" t="50" w="117" /><ent r="64" t="97" w="147" /><ent r="64" t="98" w="150" /><ent r="4" t="137" w="278" /><ent r="3" t="137" w="284" /><ent r="4" t="178" w="666" /><ent r="3" t="178" w="705" /><ent r="100" t="219" w="9" /><ent r="100" t="221" w="10" /><ent r="100" t="221" w="13" /><ent r="3" t="221" w="24" /><ent r="3" t="221" w="34" /><ent r="3" t="221" w="112" /><ent r="4" t="221" w="160" /></phr><phr n="Shortcut"><ent r="92" t="1" w="522" /><ent r="3" t="1" w="528" /><ent r="64" t="1" w="576" /><ent r="64" t="2" w="44" /><ent r="64" t="2" w="153" /><ent r="7" t="5" w="19" /><ent r="7" t="7" w="307" /><ent r="64" t="137" w="326" /><ent r="64" t="219" w="60" /><ent r="1000" t="221" w="2" /><ent r="102" t="221" w="6" /><ent r="4" t="221" w="141" /><ent r="6" t="232" w="58" /><ent r="6" t="233" w="61" /><ent r="6" t="234" w="58" /><ent r="6" t="235" w="46" /></phr><phr n="shortcuts"><ent r="3" t="1" w="537" /><ent r="3" t="1" w="568" /><ent r="100" t="2" w="5" /><ent r="3" t="2" w="18" /><ent r="4" t="2" w="52" /><ent r="3" t="2" w="111" /><ent r="3" t="2" w="116" /><ent r="3" t="2" w="134" /><ent r="4" t="80" w="87" /><ent r="4" t="80" w="96" /><ent r="100" t="219" w="6" /><ent r="100" t="219" w="15" /></phr><phr n="Shortcuts"><ent r="64" t="1" w="549" /><ent r="1000" t="2" w="2" /><ent r="102" t="2" w="11" /><ent r="5" t="2" w="94" /><ent r="64" t="2" w="139" /><ent r="65" t="80" w="81" /><ent r="1000" t="219" w="3" /><ent r="102" t="219" w="19" /><ent r="5" t="221" w="96" /><ent r="3" t="221" w="101" /><ent r="4" t="221" w="118" /></phr></stem><stem n="kei"><phr n="keys"><ent r="3" t="1" w="195" /><ent r="3" t="1" w="529" /><ent r="3" t="1" w="566" /><ent r="100" t="2" w="8" /><ent r="3" t="2" w="40" /><ent r="7" t="7" w="308" /><ent r="3" t="47" w="107" /><ent r="3" t="64" w="163" /><ent r="3" t="82" w="70" /><ent r="3" t="82" w="78" /><ent r="4" t="137" w="279" /><ent r="3" t="137" w="285" /><ent r="4" t="173" w="1136" /><ent r="3" t="174" w="430" /><ent r="3" t="174" w="1432" /><ent r="4" t="178" w="667" /><ent r="100" t="219" w="10" /><ent r="100" t="221" w="11" /><ent r="100" t="221" w="14" /><ent r="3" t="221" w="113" /><ent r="4" t="221" w="153" /></phr><phr n="Keys"><ent r="92" t="1" w="523" /><ent r="64" t="1" w="577" /><ent r="64" t="2" w="45" /><ent r="64" t="2" w="154" /><ent r="7" t="5" w="20" /><ent r="64" t="137" w="327" /><ent r="4" t="171" w="332" /><ent r="64" t="219" w="61" /><ent r="1000" t="221" w="3" /><ent r="102" t="221" w="7" /><ent r="6" t="232" w="59" /><ent r="6" t="233" w="62" /><ent r="6" t="234" w="59" /><ent r="6" t="235" w="47" /></phr><phr n="key"><ent r="3" t="18" w="129" /><ent r="3" t="18" w="222" /><ent r="3" t="49" w="347" /><ent r="4" t="60" w="68" /><ent r="3" t="64" w="99" /><ent r="3" t="64" w="159" /><ent r="3" t="69" w="285" /><ent r="3" t="122" w="201" /><ent r="4" t="123" w="315" /><ent r="4" t="125" w="158" /><ent r="4" t="169" w="133" /><ent r="4" t="171" w="312" /><ent r="4" t="174" w="1155" /><ent r="3" t="174" w="1404" /><ent r="4" t="174" w="1769" /><ent r="3" t="175" w="1426" /><ent r="3" t="175" w="1577" /><ent r="3" t="178" w="706" /><ent r="6" t="181" w="1222" /><ent r="3" t="182" w="927" /><ent r="3" t="182" w="1183" /><ent r="3" t="182" w="1613" /><ent r="3" t="182" w="1651" /><ent r="4" t="192" w="275" /><ent r="4" t="220" w="222" /><ent r="3" t="221" w="25" /><ent r="3" t="221" w="35" /><ent r="3" t="221" w="59" /><ent r="3" t="221" w="63" /><ent r="3" t="221" w="168" /><ent r="3" t="221" w="177" /></phr><phr n="Key"><ent r="4" t="46" w="163" /><ent r="4" t="46" w="180" /><ent r="5" t="106" w="264" /><ent r="5" t="106" w="277" /><ent r="5" t="219" w="68" /></phr></stem><stem n="appear"><phr n="appear"><ent r="3" t="1" w="202" /><ent r="6" t="14" w="228" /><ent r="4" t="65" w="98" /><ent r="4" t="67" w="86" /><ent r="4" t="125" w="144" /><ent r="3" t="138" w="453" /><ent r="3" t="159" w="321" /><ent r="4" t="173" w="2083" /><ent r="4" t="173" w="2237" /><ent r="4" t="173" w="2254" /><ent r="3" t="174" w="1652" /><ent r="3" t="174" w="1892" /><ent r="3" t="174" w="2139" /><ent r="3" t="174" w="2715" /><ent r="4" t="175" w="1314" /><ent r="4" t="175" w="1377" /><ent r="3" t="180" w="611" /><ent r="4" t="180" w="681" /><ent r="4" t="180" w="697" /><ent r="4" t="180" w="996" /><ent r="4" t="180" w="1195" /><ent r="3" t="180" w="1241" /><ent r="3" t="180" w="1255" /><ent r="3" t="181" w="1440" /><ent r="3" t="182" w="1453" /><ent r="4" t="202" w="424" /></phr><phr n="appears"><ent r="4" t="47" w="71" /><ent r="3" t="101" w="60" /><ent r="4" t="117" w="113" /><ent r="3" t="173" w="686" /><ent r="4" t="173" w="2221" /><ent r="4" t="173" w="2298" /><ent r="4" t="175" w="1443" /><ent r="4" t="176" w="933" /><ent r="3" t="176" w="1260" /><ent r="4" t="177" w="912" /><ent r="3" t="181" w="255" /><ent r="3" t="181" w="1418" /><ent r="3" t="190" w="160" /><ent r="4" t="190" w="439" /><ent r="3" t="202" w="162" /><ent r="3" t="207" w="30" /><ent r="3" t="207" w="107" /><ent r="3" t="207" w="126" /><ent r="3" t="212" w="161" /></phr></stem><stem n="area"><phr n="Area"><ent r="92" t="1" w="208" /><ent r="3" t="1" w="370" /><ent r="100" t="1" w="445" /><ent r="92" t="1" w="449" /><ent r="3" t="1" w="454" /><ent r="3" t="1" w="480" /><ent r="5" t="26" w="385" /><ent r="100" t="58" w="13" /><ent r="3" t="58" w="18" /><ent r="4" t="76" w="214" /><ent r="4" t="76" w="265" /><ent r="4" t="76" w="314" /><ent r="92" t="149" w="261" /><ent r="3" t="149" w="266" /><ent r="4" t="149" w="277" /><ent r="4" t="149" w="372" /><ent r="3" t="163" w="428" /><ent r="3" t="175" w="54" /><ent r="92" t="175" w="662" /><ent r="4" t="176" w="94" /><ent r="4" t="176" w="975" /></phr><phr n="area"><ent r="4" t="1" w="326" /><ent r="3" t="1" w="470" /><ent r="3" t="1" w="507" /><ent r="4" t="4" w="181" /><ent r="3" t="14" w="72" /><ent r="3" t="21" w="333" /><ent r="3" t="21" w="346" /><ent r="3" t="21" w="389" /><ent r="4" t="26" w="220" /><ent r="4" t="26" w="237" /><ent r="4" t="26" w="255" /><ent r="4" t="40" w="174" /><ent r="4" t="40" w="184" /><ent r="4" t="40" w="192" /><ent r="4" t="47" w="77" /><ent r="3" t="47" w="95" /><ent r="3" t="47" w="114" /><ent r="4" t="49" w="179" /><ent r="4" t="49" w="209" /><ent r="4" t="49" w="268" /><ent r="4" t="49" w="286" /><ent r="3" t="49" w="312" /><ent r="3" t="49" w="319" /><ent r="3" t="49" w="330" /><ent r="3" t="49" w="375" /><ent r="3" t="49" w="389" /><ent r="3" t="49" w="405" /><ent r="3" t="49" w="424" /><ent r="4" t="58" w="82" /><ent r="3" t="68" w="56" /><ent r="4" t="69" w="120" /><ent r="3" t="76" w="250" /><ent r="3" t="80" w="402" /><ent r="3" t="80" w="422" /><ent r="4" t="84" w="82" /><ent r="4" t="84" w="166" /><ent r="4" t="84" w="268" /><ent r="3" t="86" w="133" /><ent r="3" t="86" w="152" /><ent r="3" t="86" w="163" /><ent r="3" t="86" w="173" /><ent r="3" t="88" w="26" /><ent r="3" t="88" w="45" /><ent r="3" t="88" w="67" /><ent r="3" t="88" w="77" /><ent r="5" t="90" w="130" /><ent r="3" t="101" w="146" /><ent r="4" t="105" w="215" /><ent r="3" t="105" w="251" /><ent r="3" t="105" w="426" /><ent r="3" t="112" w="321" /><ent r="3" t="112" w="343" /><ent r="3" t="112" w="347" /><ent r="3" t="112" w="355" /><ent r="3" t="112" w="473" /><ent r="3" t="112" w="522" /><ent r="5" t="113" w="201" /><ent r="4" t="117" w="99" /><ent r="4" t="123" w="74" /><ent r="3" t="138" w="579" /><ent r="6" t="149" w="134" /><ent r="3" t="149" w="282" /><ent r="3" t="151" w="172" /><ent r="3" t="151" w="238" /><ent r="3" t="153" w="286" /><ent r="4" t="153" w="363" /><ent r="3" t="155" w="175" /><ent r="3" t="159" w="223" /><ent r="3" t="159" w="245" /><ent r="3" t="163" w="404" /><ent r="3" t="163" w="954" /><ent r="4" t="163" w="1034" /><ent r="3" t="165" w="41" /><ent r="4" t="171" w="124" /><ent r="4" t="173" w="392" /><ent r="3" t="173" w="635" /><ent r="3" t="173" w="646" /><ent r="3" t="173" w="661" /><ent r="3" t="173" w="695" /><ent r="3" t="173" w="798" /><ent r="4" t="173" w="2224" /><ent r="4" t="173" w="2235" /><ent r="4" t="174" w="542" /><ent r="4" t="174" w="741" /><ent r="4" t="174" w="2611" /><ent r="3" t="174" w="2674" /><ent r="3" t="175" w="79" /><ent r="4" t="175" w="254" /><ent r="4" t="175" w="567" /><ent r="4" t="175" w="582" /><ent r="4" t="176" w="214" /><ent r="4" t="176" w="1065" /><ent r="4" t="176" w="1099" /><ent r="4" t="176" w="1563" /><ent r="3" t="177" w="267" /><ent r="4" t="177" w="492" /><ent r="4" t="177" w="686" /><ent r="4" t="177" w="769" /><ent r="3" t="178" w="256" /><ent r="4" t="178" w="477" /><ent r="4" t="180" w="368" /><ent r="3" t="180" w="1126" /><ent r="4" t="181" w="474" /><ent r="3" t="181" w="490" /><ent r="4" t="181" w="521" /><ent r="3" t="181" w="538" /><ent r="4" t="181" w="624" /><ent r="3" t="181" w="691" /><ent r="4" t="181" w="713" /><ent r="4" t="181" w="778" /><ent r="4" t="182" w="279" /><ent r="4" t="182" w="568" /><ent r="4" t="182" w="604" /><ent r="4" t="182" w="654" /><ent r="4" t="208" w="151" /><ent r="4" t="208" w="168" /><ent r="4" t="208" w="186" /><ent r="4" t="209" w="82" /><ent r="4" t="209" w="99" /><ent r="4" t="209" w="117" /><ent r="4" t="210" w="41" /><ent r="4" t="210" w="58" /><ent r="4" t="210" w="76" /><ent r="4" t="211" w="80" /><ent r="4" t="211" w="97" /><ent r="4" t="211" w="115" /><ent r="7" t="235" w="130" /></phr><phr n="areas"><ent r="3" t="76" w="202" /><ent r="3" t="76" w="405" /><ent r="3" t="153" w="346" /><ent r="4" t="173" w="1711" /><ent r="4" t="173" w="2029" /><ent r="4" t="173" w="2035" /><ent r="4" t="173" w="2082" /><ent r="3" t="174" w="2056" /><ent r="3" t="177" w="1147" /></phr></stem><stem n="special"><phr n="specialized"><ent r="3" t="1" w="231" /><ent r="3" t="4" w="28" /><ent r="3" t="38" w="16" /></phr><phr n="Special"><ent r="4" t="43" w="97" /></phr><phr n="special"><ent r="3" t="163" w="282" /><ent r="4" t="166" w="195" /></phr></stem><stem n="exampl"><phr n="example"><ent r="3" t="1" w="234" /><ent r="3" t="4" w="31" /><ent r="3" t="37" w="162" /><ent r="3" t="40" w="241" /><ent r="3" t="43" w="139" /><ent r="3" t="44" w="276" /><ent r="3" t="48" w="31" /><ent r="3" t="56" w="30" /><ent r="3" t="80" w="226" /><ent r="3" t="95" w="222" /><ent r="3" t="120" w="180" /><ent r="3" t="122" w="157" /><ent r="3" t="122" w="627" /><ent r="5" t="148" w="392" /><ent r="5" t="148" w="460" /><ent r="5" t="148" w="815" /><ent r="5" t="148" w="883" /><ent r="4" t="149" w="440" /><ent r="3" t="152" w="215" /><ent r="5" t="156" w="267" /><ent r="5" t="156" w="335" /><ent r="3" t="158" w="120" /><ent r="5" t="161" w="388" /><ent r="5" t="161" w="456" /><ent r="4" t="163" w="736" /><ent r="3" t="172" w="26" /><ent r="3" t="174" w="1477" /><ent r="3" t="174" w="1847" /><ent r="3" t="175" w="1532" /><ent r="3" t="175" w="1572" /><ent r="3" t="177" w="288" /><ent r="3" t="177" w="1161" /><ent r="3" t="178" w="277" /><ent r="3" t="178" w="1230" /><ent r="3" t="178" w="1268" /><ent r="3" t="181" w="978" /><ent r="3" t="192" w="124" /><ent r="7" t="193" w="141" /><ent r="3" t="202" w="58" /><ent r="3" t="202" w="86" /><ent r="3" t="221" w="19" /><ent r="3" t="221" w="53" /><ent r="3" t="221" w="164" /><ent r="4" t="229" w="30" /><ent r="4" t="229" w="98" /></phr><phr n="Example"><ent r="3" t="19" w="85" /><ent r="92" t="44" w="183" /><ent r="4" t="91" w="142" /><ent r="4" t="120" w="260" /><ent r="4" t="120" w="401" /><ent r="4" t="120" w="538" /><ent r="6" t="122" w="362" /><ent r="4" t="181" w="1582" /><ent r="4" t="181" w="1607" /><ent r="4" t="181" w="1629" /><ent r="4" t="181" w="1650" /><ent r="3" t="181" w="1687" /></phr><phr n="examples"><ent r="7" t="172" w="292" /><ent r="7" t="173" w="509" /><ent r="7" t="174" w="659" /><ent r="7" t="175" w="371" /><ent r="7" t="176" w="331" /><ent r="7" t="177" w="609" /><ent r="7" t="178" w="594" /><ent r="7" t="179" w="218" /><ent r="7" t="180" w="485" /><ent r="7" t="181" w="406" /><ent r="3" t="181" w="1567" /><ent r="7" t="182" w="396" /><ent r="3" t="186" w="69" /></phr><phr n="Examples"><ent r="3" t="174" w="424" /></phr></stem><stem n="annot"><phr n="Annotation"><ent r="3" t="1" w="236" /><ent r="3" t="4" w="33" /><ent r="3" t="4" w="99" /><ent r="64" t="4" w="242" /><ent r="68" t="5" w="94" /><ent r="68" t="5" w="97" /><ent r="68" t="5" w="130" /><ent r="68" t="5" w="133" /><ent r="68" t="5" w="167" /><ent r="68" t="5" w="170" /><ent r="1000" t="11" w="1" /><ent r="100" t="11" w="4" /><ent r="100" t="11" w="8" /><ent r="102" t="11" w="10" /><ent r="4" t="11" w="14" /><ent r="3" t="11" w="52" /><ent r="64" t="11" w="77" /><ent r="64" t="11" w="84" /><ent r="7" t="11" w="101" /><ent r="68" t="11" w="106" /><ent r="68" t="11" w="189" /><ent r="68" t="11" w="196" /><ent r="68" t="11" w="213" /><ent r="68" t="11" w="228" /><ent r="68" t="11" w="239" /><ent r="68" t="11" w="250" /><ent r="68" t="11" w="260" /><ent r="68" t="11" w="275" /><ent r="68" t="11" w="290" /><ent r="68" t="11" w="304" /><ent r="68" t="11" w="318" /><ent r="64" t="16" w="32" /><ent r="4" t="22" w="182" /><ent r="4" t="55" w="89" /><ent r="3" t="56" w="37" /><ent r="3" t="56" w="49" /><ent r="3" t="56" w="57" /><ent r="1000" t="63" w="1" /><ent r="100" t="63" w="4" /><ent r="100" t="63" w="8" /><ent r="102" t="63" w="10" /><ent r="64" t="63" w="33" /><ent r="64" t="63" w="95" /><ent r="64" t="63" w="100" /><ent r="64" t="63" w="108" /><ent r="64" t="63" w="112" /><ent r="1000" t="64" w="1" /><ent r="100" t="64" w="6" /><ent r="100" t="64" w="14" /><ent r="102" t="64" w="16" /><ent r="3" t="64" w="22" /><ent r="5" t="64" w="45" /><ent r="64" t="64" w="66" /><ent r="3" t="64" w="71" /><ent r="3" t="64" w="221" /><ent r="3" t="64" w="242" /><ent r="64" t="64" w="247" /><ent r="1000" t="65" w="3" /><ent r="102" t="65" w="8" /><ent r="100" t="65" w="11" /><ent r="4" t="65" w="22" /><ent r="3" t="65" w="36" /><ent r="65" t="65" w="42" /><ent r="4" t="65" w="48" /><ent r="65" t="65" w="69" /><ent r="65" t="65" w="194" /><ent r="65" t="65" w="222" /><ent r="4" t="65" w="227" /><ent r="65" t="65" w="264" /><ent r="4" t="65" w="269" /><ent r="64" t="65" w="298" /><ent r="4" t="66" w="100" /><ent r="64" t="66" w="137" /><ent r="64" t="66" w="140" /><ent r="1000" t="67" w="3" /><ent r="102" t="67" w="13" /><ent r="100" t="67" w="17" /><ent r="3" t="67" w="30" /><ent r="3" t="67" w="44" /><ent r="65" t="67" w="51" /><ent r="4" t="67" w="57" /><ent r="4" t="67" w="63" /><ent r="65" t="67" w="159" /><ent r="65" t="67" w="176" /><ent r="65" t="67" w="206" /><ent r="4" t="67" w="211" /><ent r="65" t="67" w="252" /><ent r="64" t="67" w="276" /><ent r="1000" t="68" w="1" /><ent r="102" t="68" w="9" /><ent r="3" t="68" w="32" /><ent r="4" t="68" w="44" /><ent r="4" t="68" w="60" /><ent r="3" t="68" w="79" /><ent r="3" t="68" w="91" /><ent r="3" t="68" w="97" /><ent r="3" t="68" w="130" /><ent r="3" t="68" w="145" /><ent r="64" t="68" w="162" /><ent r="64" t="68" w="169" /><ent r="1000" t="69" w="1" /><ent r="102" t="69" w="6" /><ent r="3" t="69" w="17" /><ent r="5" t="69" w="67" /><ent r="5" t="69" w="243" /><ent r="64" t="69" w="297" /><ent r="1000" t="70" w="2" /><ent r="100" t="70" w="9" /><ent r="102" t="70" w="14" /><ent r="3" t="70" w="18" /><ent r="5" t="70" w="69" /><ent r="4" t="71" w="50" /><ent r="6" t="90" w="167" /><ent r="66" t="90" w="172" /><ent r="64" t="127" w="82" /><ent r="64" t="141" w="25" /><ent r="1000" t="142" w="1" /><ent r="102" t="142" w="5" /><ent r="100" t="142" w="9" /><ent r="100" t="142" w="14" /><ent r="3" t="142" w="18" /><ent r="4" t="142" w="71" /><ent r="5" t="142" w="122" /><ent r="64" t="153" w="403" /><ent r="64" t="153" w="421" /><ent r="1000" t="158" w="1" /><ent r="100" t="158" w="5" /><ent r="100" t="158" w="10" /><ent r="102" t="158" w="13" /><ent r="3" t="158" w="18" /><ent r="3" t="158" w="52" /><ent r="4" t="158" w="59" /><ent r="65" t="158" w="97" /><ent r="5" t="158" w="104" /><ent r="4" t="158" w="110" /><ent r="64" t="158" w="159" /><ent r="4" t="173" w="1587" /><ent r="4" t="174" w="390" /><ent r="64" t="174" w="475" /><ent r="5" t="174" w="2549" /><ent r="4" t="174" w="2562" /><ent r="4" t="174" w="2575" /><ent r="4" t="174" w="2581" /><ent r="4" t="174" w="2634" /><ent r="4" t="174" w="2641" /><ent r="3" t="174" w="2651" /><ent r="4" t="174" w="2736" /><ent r="64" t="177" w="425" /><ent r="3" t="177" w="998" /><ent r="4" t="177" w="1049" /><ent r="4" t="177" w="1053" /><ent r="4" t="180" w="132" /><ent r="64" t="180" w="299" /><ent r="5" t="180" w="566" /><ent r="3" t="180" w="571" /><ent r="3" t="180" w="577" /><ent r="4" t="180" w="620" /><ent r="3" t="180" w="638" /><ent r="3" t="180" w="642" /><ent r="5" t="180" w="770" /><ent r="4" t="180" w="775" /><ent r="4" t="180" w="810" /><ent r="3" t="180" w="1038" /><ent r="3" t="180" w="1085" /><ent r="4" t="180" w="1212" /><ent r="4" t="180" w="1218" /><ent r="1000" t="184" w="1" /><ent r="100" t="184" w="4" /><ent r="102" t="184" w="7" /><ent r="64" t="184" w="13" /><ent r="3" t="184" w="19" /><ent r="64" t="184" w="38" /><ent r="68" t="184" w="186" /><ent r="5" t="219" w="79" /><ent r="3" t="220" w="73" /><ent r="1000" t="223" w="3" /><ent r="100" t="223" w="6" /><ent r="102" t="223" w="12" /><ent r="6" t="223" w="22" /></phr><phr n="annotation"><ent r="3" t="1" w="255" /><ent r="6" t="3" w="25" /><ent r="3" t="4" w="53" /><ent r="7" t="5" w="64" /><ent r="7" t="5" w="73" /><ent r="7" t="5" w="85" /><ent r="7" t="5" w="103" /><ent r="7" t="5" w="109" /><ent r="7" t="5" w="121" /><ent r="7" t="5" w="149" /><ent r="7" t="5" w="158" /><ent r="4" t="11" w="24" /><ent r="4" t="11" w="29" /><ent r="7" t="11" w="164" /><ent r="7" t="11" w="176" /><ent r="7" t="11" w="186" /><ent r="7" t="11" w="269" /><ent r="7" t="11" w="284" /><ent r="7" t="11" w="298" /><ent r="7" t="11" w="312" /><ent r="4" t="20" w="137" /><ent r="4" t="28" w="221" /><ent r="3" t="48" w="66" /><ent r="4" t="48" w="145" /><ent r="3" t="62" w="161" /><ent r="3" t="63" w="14" /><ent r="3" t="63" w="54" /><ent r="3" t="63" w="75" /><ent r="3" t="64" w="34" /><ent r="5" t="64" w="40" /><ent r="3" t="64" w="216" /><ent r="4" t="65" w="17" /><ent r="4" t="65" w="199" /><ent r="3" t="66" w="32" /><ent r="4" t="66" w="77" /><ent r="4" t="66" w="90" /><ent r="100" t="67" w="9" /><ent r="3" t="67" w="24" /><ent r="4" t="67" w="96" /><ent r="100" t="68" w="5" /><ent r="3" t="68" w="14" /><ent r="3" t="68" w="26" /><ent r="3" t="68" w="153" /><ent r="100" t="69" w="11" /><ent r="3" t="69" w="28" /><ent r="100" t="70" w="6" /><ent r="64" t="70" w="23" /><ent r="3" t="70" w="38" /><ent r="3" t="70" w="43" /><ent r="3" t="70" w="51" /><ent r="4" t="70" w="82" /><ent r="3" t="70" w="101" /><ent r="3" t="70" w="116" /><ent r="65" t="71" w="37" /><ent r="5" t="90" w="185" /><ent r="3" t="127" w="48" /><ent r="3" t="127" w="75" /><ent r="4" t="142" w="151" /><ent r="4" t="142" w="188" /><ent r="4" t="142" w="209" /><ent r="4" t="142" w="233" /><ent r="3" t="153" w="36" /><ent r="3" t="153" w="51" /><ent r="3" t="153" w="386" /><ent r="3" t="153" w="399" /><ent r="3" t="158" w="31" /><ent r="4" t="158" w="76" /><ent r="3" t="169" w="29" /><ent r="3" t="169" w="74" /><ent r="3" t="169" w="79" /><ent r="3" t="169" w="83" /><ent r="3" t="169" w="111" /><ent r="64" t="170" w="28" /><ent r="3" t="174" w="409" /><ent r="3" t="174" w="420" /><ent r="3" t="174" w="426" /><ent r="4" t="174" w="2555" /><ent r="4" t="177" w="873" /><ent r="4" t="177" w="1128" /><ent r="3" t="180" w="98" /><ent r="4" t="180" w="126" /><ent r="4" t="180" w="138" /><ent r="4" t="180" w="742" /><ent r="7" t="184" w="179" /><ent r="7" t="184" w="218" /><ent r="5" t="184" w="266" /><ent r="6" t="223" w="105" /></phr><phr n="annotations"><ent r="3" t="21" w="77" /><ent r="3" t="142" w="30" /><ent r="4" t="174" w="121" /><ent r="3" t="177" w="321" /><ent r="3" t="178" w="308" /><ent r="4" t="180" w="204" /><ent r="3" t="180" w="1023" /></phr><phr n="Annotations"><ent r="64" t="172" w="334" /><ent r="102" t="174" w="30" /></phr><phr n="annotate"><ent r="3" t="174" w="70" /><ent r="3" t="174" w="2965" /><ent r="5" t="184" w="254" /></phr><phr n="Annotating"><ent r="92" t="174" w="2439" /></phr></stem><stem n="mean"><phr n="means"><ent r="3" t="1" w="242" /><ent r="3" t="4" w="40" /><ent r="4" t="28" w="75" /><ent r="4" t="28" w="117" /><ent r="4" t="28" w="172" /><ent r="4" t="28" w="281" /><ent r="4" t="91" w="167" /><ent r="4" t="105" w="295" /><ent r="3" t="106" w="502" /><ent r="3" t="107" w="206" /><ent r="3" t="112" w="428" /><ent r="3" t="122" w="921" /><ent r="5" t="161" w="223" /><ent r="3" t="175" w="1539" /><ent r="3" t="181" w="149" /><ent r="3" t="181" w="1321" /><ent r="3" t="182" w="1250" /><ent r="3" t="216" w="36" /><ent r="3" t="231" w="97" /><ent r="3" t="231" w="437" /></phr><phr n="meaning"><ent r="6" t="89" w="377" /><ent r="7" t="113" w="244" /><ent r="7" t="113" w="278" /><ent r="4" t="148" w="323" /><ent r="4" t="148" w="348" /><ent r="4" t="148" w="746" /><ent r="4" t="148" w="771" /><ent r="3" t="149" w="377" /><ent r="4" t="156" w="237" /><ent r="4" t="161" w="358" /><ent r="3" t="181" w="791" /><ent r="7" t="234" w="146" /><ent r="7" t="234" w="184" /></phr><phr n="mean"><ent r="4" t="106" w="455" /><ent r="3" t="107" w="159" /><ent r="3" t="187" w="91" /><ent r="3" t="231" w="63" /><ent r="3" t="231" w="354" /></phr></stem><stem n="creat"><phr n="create"><ent r="3" t="1" w="244" /><ent r="3" t="2" w="36" /><ent r="3" t="4" w="42" /><ent r="7" t="11" w="183" /><ent r="3" t="26" w="52" /><ent r="3" t="44" w="38" /><ent r="82" t="44" w="394" /><ent r="3" t="49" w="24" /><ent r="3" t="49" w="41" /><ent r="3" t="49" w="74" /><ent r="3" t="49" w="107" /><ent r="3" t="50" w="29" /><ent r="3" t="50" w="84" /><ent r="4" t="50" w="107" /><ent r="4" t="53" w="88" /><ent r="100" t="55" w="11" /><ent r="100" t="55" w="16" /><ent r="3" t="55" w="20" /><ent r="4" t="55" w="79" /><ent r="4" t="55" w="82" /><ent r="100" t="58" w="6" /><ent r="3" t="58" w="125" /><ent r="3" t="58" w="144" /><ent r="7" t="59" w="92" /><ent r="7" t="59" w="104" /><ent r="7" t="59" w="155" /><ent r="7" t="59" w="167" /><ent r="3" t="63" w="38" /><ent r="3" t="63" w="79" /><ent r="3" t="65" w="34" /><ent r="3" t="66" w="24" /><ent r="4" t="66" w="73" /><ent r="3" t="67" w="42" /><ent r="4" t="69" w="153" /><ent r="64" t="76" w="337" /><ent r="64" t="77" w="105" /><ent r="100" t="78" w="11" /><ent r="100" t="78" w="16" /><ent r="100" t="78" w="21" /><ent r="3" t="78" w="32" /><ent r="4" t="78" w="38" /><ent r="3" t="80" w="333" /><ent r="3" t="94" w="266" /><ent r="3" t="95" w="16" /><ent r="100" t="95" w="38" /><ent r="100" t="95" w="44" /><ent r="3" t="112" w="46" /><ent r="3" t="112" w="246" /><ent r="100" t="114" w="9" /><ent r="100" t="114" w="13" /><ent r="3" t="114" w="227" /><ent r="4" t="120" w="77" /><ent r="3" t="120" w="183" /><ent r="3" t="120" w="304" /><ent r="3" t="120" w="436" /><ent r="3" t="120" w="582" /><ent r="3" t="127" w="43" /><ent r="100" t="128" w="7" /><ent r="100" t="128" w="9" /><ent r="100" t="134" w="7" /><ent r="100" t="134" w="11" /><ent r="4" t="134" w="32" /><ent r="3" t="137" w="283" /><ent r="3" t="148" w="1154" /><ent r="3" t="152" w="291" /><ent r="3" t="153" w="32" /><ent r="3" t="161" w="719" /><ent r="3" t="163" w="426" /><ent r="4" t="166" w="194" /><ent r="100" t="168" w="5" /><ent r="100" t="168" w="74" /><ent r="3" t="168" w="77" /><ent r="4" t="168" w="191" /><ent r="4" t="170" w="105" /><ent r="3" t="173" w="300" /><ent r="3" t="174" w="2679" /><ent r="3" t="175" w="125" /><ent r="4" t="175" w="560" /><ent r="4" t="175" w="872" /><ent r="3" t="175" w="1600" /><ent r="4" t="176" w="710" /><ent r="3" t="176" w="730" /><ent r="3" t="176" w="920" /><ent r="3" t="176" w="992" /><ent r="4" t="176" w="1062" /><ent r="4" t="176" w="1531" /><ent r="3" t="178" w="1306" /><ent r="3" t="180" w="94" /><ent r="4" t="180" w="175" /><ent r="4" t="180" w="219" /><ent r="3" t="180" w="1292" /><ent r="3" t="182" w="624" /><ent r="3" t="183" w="80" /><ent r="7" t="184" w="88" /><ent r="7" t="184" w="100" /><ent r="7" t="184" w="124" /><ent r="7" t="184" w="136" /><ent r="3" t="192" w="240" /><ent r="4" t="192" w="372" /><ent r="3" t="202" w="202" /><ent r="3" t="205" w="24" /><ent r="100" t="221" w="9" /><ent r="100" t="221" w="15" /><ent r="3" t="221" w="22" /><ent r="3" t="221" w="32" /><ent r="3" t="224" w="237" /><ent r="3" t="225" w="9" /></phr><phr n="Creating"><ent r="64" t="1" w="575" /><ent r="64" t="2" w="43" /><ent r="64" t="2" w="152" /><ent r="64" t="137" w="325" /><ent r="64" t="167" w="342" /><ent r="1000" t="168" w="1" /><ent r="102" t="168" w="9" /><ent r="3" t="176" w="576" /><ent r="64" t="219" w="59" /><ent r="1000" t="221" w="1" /><ent r="102" t="221" w="5" /></phr><phr n="Create"><ent r="64" t="8" w="36" /><ent r="64" t="11" w="35" /><ent r="4" t="14" w="52" /><ent r="3" t="49" w="160" /><ent r="4" t="49" w="246" /><ent r="1000" t="50" w="1" /><ent r="64" t="53" w="193" /><ent r="64" t="54" w="97" /><ent r="1000" t="55" w="1" /><ent r="102" t="55" w="6" /><ent r="64" t="63" w="83" /><ent r="65" t="71" w="35" /><ent r="64" t="75" w="137" /><ent r="64" t="76" w="431" /><ent r="64" t="77" w="140" /><ent r="1000" t="78" w="1" /><ent r="102" t="78" w="6" /><ent r="64" t="79" w="251" /><ent r="64" t="94" w="275" /><ent r="1000" t="95" w="1" /><ent r="102" t="95" w="6" /><ent r="5" t="95" w="104" /><ent r="4" t="107" w="278" /><ent r="64" t="112" w="490" /><ent r="64" t="112" w="560" /><ent r="1000" t="114" w="1" /><ent r="102" t="114" w="15" /><ent r="64" t="118" w="116" /><ent r="64" t="119" w="235" /><ent r="64" t="123" w="433" /><ent r="64" t="127" w="111" /><ent r="1000" t="128" w="1" /><ent r="102" t="128" w="12" /><ent r="3" t="128" w="17" /><ent r="64" t="129" w="106" /><ent r="64" t="131" w="93" /><ent r="1000" t="134" w="1" /><ent r="102" t="134" w="4" /><ent r="5" t="134" w="58" /><ent r="64" t="135" w="127" /><ent r="64" t="136" w="55" /><ent r="4" t="173" w="2186" /><ent r="4" t="173" w="2240" /><ent r="4" t="174" w="1519" /><ent r="4" t="175" w="106" /><ent r="4" t="175" w="667" /><ent r="4" t="176" w="553" /><ent r="92" t="176" w="717" /><ent r="4" t="178" w="58" /><ent r="92" t="178" w="777" /><ent r="4" t="180" w="62" /><ent r="92" t="180" w="899" /><ent r="5" t="182" w="554" /><ent r="7" t="182" w="1074" /><ent r="3" t="182" w="1352" /><ent r="92" t="225" w="35" /><ent r="4" t="225" w="41" /></phr><phr n="created"><ent r="7" t="8" w="143" /><ent r="4" t="20" w="431" /><ent r="4" t="21" w="314" /><ent r="3" t="32" w="51" /><ent r="3" t="32" w="68" /><ent r="3" t="70" w="49" /><ent r="3" t="74" w="26" /><ent r="3" t="81" w="52" /><ent r="3" t="122" w="673" /><ent r="3" t="128" w="56" /><ent r="3" t="128" w="180" /><ent r="3" t="129" w="58" /><ent r="3" t="130" w="35" /><ent r="3" t="151" w="38" /><ent r="3" t="151" w="52" /><ent r="3" t="157" w="52" /><ent r="3" t="161" w="60" /><ent r="3" t="163" w="129" /><ent r="3" t="164" w="34" /><ent r="3" t="173" w="251" /><ent r="4" t="173" w="2257" /><ent r="3" t="174" w="257" /><ent r="3" t="174" w="405" /><ent r="3" t="177" w="402" /><ent r="3" t="178" w="388" /><ent r="4" t="180" w="257" /><ent r="3" t="180" w="1181" /><ent r="3" t="181" w="1399" /><ent r="3" t="182" w="51" /><ent r="3" t="182" w="116" /><ent r="4" t="182" w="466" /><ent r="6" t="182" w="1410" /><ent r="3" t="182" w="1457" /></phr><phr n="creates"><ent r="5" t="13" w="67" /><ent r="4" t="44" w="408" /><ent r="4" t="58" w="190" /><ent r="3" t="64" w="202" /><ent r="3" t="120" w="474" /><ent r="3" t="128" w="21" /><ent r="3" t="128" w="80" /><ent r="3" t="129" w="18" /><ent r="3" t="134" w="66" /><ent r="3" t="208" w="16" /></phr><phr n="creating"><ent r="64" t="37" w="42" /><ent r="4" t="58" w="217" /><ent r="3" t="58" w="277" /><ent r="4" t="80" w="92" /><ent r="3" t="80" w="153" /><ent r="6" t="89" w="335" /><ent r="3" t="94" w="31" /><ent r="3" t="142" w="29" /><ent r="3" t="143" w="29" /><ent r="3" t="144" w="29" /><ent r="3" t="150" w="34" /><ent r="4" t="167" w="204" /><ent r="3" t="168" w="24" /><ent r="3" t="175" w="52" /><ent r="4" t="175" w="1316" /><ent r="4" t="175" w="1506" /><ent r="4" t="176" w="705" /><ent r="3" t="178" w="34" /><ent r="3" t="180" w="31" /><ent r="4" t="180" w="166" /><ent r="3" t="205" w="36" /><ent r="3" t="221" w="27" /><ent r="3" t="231" w="235" /></phr><phr n="Creates"><ent r="4" t="53" w="114" /><ent r="7" t="59" w="72" /><ent r="7" t="59" w="82" /><ent r="7" t="59" w="118" /><ent r="7" t="59" w="125" /><ent r="7" t="59" w="130" /><ent r="7" t="59" w="135" /><ent r="7" t="59" w="181" /><ent r="7" t="59" w="192" /><ent r="7" t="113" w="23" /><ent r="7" t="184" w="42" /><ent r="7" t="184" w="46" /><ent r="7" t="184" w="53" /><ent r="7" t="184" w="57" /><ent r="7" t="184" w="61" /><ent r="7" t="184" w="68" /><ent r="7" t="184" w="114" /><ent r="7" t="184" w="150" /><ent r="7" t="184" w="163" /><ent r="5" t="184" w="263" /><ent r="7" t="233" w="75" /></phr></stem></index>