﻿<?xml version="1.0" encoding="utf-8"?><index><stem n="/pause."><phr n="/Pause."><ent r="6" t="14" w="130" /></phr></stem><stem n="switch"><phr n="switches"><ent r="7" t="14" w="147" /><ent r="3" t="66" w="269" /><ent r="3" t="168" w="706" /></phr><phr n="Switching"><ent r="3" t="117" w="184" /></phr></stem><stem n="tep"><phr n="tep"><ent r="7" t="14" w="160" /></phr></stem><stem n="step"><phr n="Steps"><ent r="6" t="14" w="163" /><ent r="6" t="14" w="173" /><ent r="4" t="21" w="507" /><ent r="4" t="88" w="146" /><ent r="3" t="92" w="64" /><ent r="3" t="100" w="396" /></phr><phr n="Step"><ent r="7" t="14" w="170" /><ent r="3" t="92" w="104" /><ent r="3" t="126" w="76" /><ent r="3" t="126" w="82" /><ent r="4" t="126" w="115" /><ent r="4" t="126" w="120" /><ent r="5" t="157" w="224" /><ent r="3" t="157" w="236" /><ent r="3" t="157" w="319" /><ent r="3" t="157" w="337" /><ent r="4" t="164" w="2219" /><ent r="4" t="164" w="2246" /><ent r="4" t="164" w="2367" /><ent r="4" t="166" w="571" /><ent r="4" t="166" w="674" /></phr><phr n="steps"><ent r="3" t="30" w="18" /><ent r="3" t="70" w="17" /><ent r="3" t="71" w="25" /><ent r="3" t="72" w="17" /><ent r="3" t="77" w="17" /><ent r="3" t="78" w="17" /><ent r="3" t="88" w="157" /><ent r="3" t="92" w="52" /><ent r="3" t="92" w="56" /><ent r="3" t="92" w="69" /><ent r="3" t="92" w="85" /><ent r="3" t="92" w="119" /><ent r="3" t="92" w="133" /><ent r="3" t="113" w="168" /><ent r="3" t="113" w="337" /><ent r="3" t="164" w="2090" /><ent r="3" t="165" w="833" /><ent r="4" t="168" w="957" /><ent r="3" t="170" w="157" /></phr><phr n="step"><ent r="7" t="82" w="348" /><ent r="3" t="85" w="24" /><ent r="4" t="85" w="143" /><ent r="3" t="92" w="112" /><ent r="4" t="157" w="202" /><ent r="4" t="157" w="210" /><ent r="3" t="157" w="257" /><ent r="4" t="157" w="270" /><ent r="4" t="157" w="303" /><ent r="3" t="158" w="32" /><ent r="4" t="158" w="296" /><ent r="3" t="159" w="73" /><ent r="4" t="166" w="554" /><ent r="4" t="166" w="558" /><ent r="3" t="166" w="588" /><ent r="3" t="166" w="633" /><ent r="3" t="166" w="662" /><ent r="3" t="213" w="192" /></phr></stem><stem n="back"><phr n="back"><ent r="6" t="14" w="166" /><ent r="3" t="77" w="149" /><ent r="3" t="77" w="217" /><ent r="4" t="126" w="67" /><ent r="3" t="163" w="1715" /><ent r="4" t="163" w="1917" /><ent r="4" t="163" w="1940" /><ent r="4" t="164" w="1515" /><ent r="3" t="164" w="2080" /><ent r="4" t="166" w="886" /><ent r="4" t="166" w="1080" /></phr><phr n="Back"><ent r="3" t="57" w="135" /><ent r="92" t="77" w="139" /></phr></stem><stem n="slow"><phr n="Slow"><ent r="7" t="14" w="180" /><ent r="5" t="99" w="280" /></phr><phr n="Slows"><ent r="6" t="14" w="183" /></phr><phr n="slowing"><ent r="6" t="14" w="505" /></phr><phr n="slow"><ent r="3" t="99" w="307" /></phr></stem><stem n="speed"><phr n="speed"><ent r="6" t="14" w="187" /><ent r="6" t="14" w="196" /><ent r="7" t="14" w="201" /><ent r="6" t="14" w="212" /><ent r="5" t="14" w="246" /><ent r="5" t="14" w="253" /><ent r="6" t="14" w="495" /><ent r="3" t="37" w="105" /><ent r="3" t="37" w="130" /><ent r="3" t="40" w="105" /><ent r="3" t="40" w="109" /><ent r="3" t="99" w="251" /><ent r="3" t="99" w="317" /><ent r="3" t="125" w="96" /><ent r="3" t="125" w="114" /><ent r="100" t="175" w="8" /><ent r="3" t="175" w="12" /><ent r="3" t="175" w="56" /><ent r="3" t="175" w="117" /><ent r="3" t="175" w="192" /><ent r="3" t="175" w="212" /><ent r="3" t="205" w="177" /><ent r="3" t="205" w="191" /><ent r="4" t="205" w="214" /><ent r="3" t="205" w="226" /><ent r="4" t="205" w="230" /></phr><phr n="Speed"><ent r="67" t="14" w="219" /><ent r="6" t="14" w="240" /><ent r="92" t="99" w="232" /><ent r="3" t="99" w="236" /><ent r="1000" t="175" w="2" /><ent r="102" t="175" w="5" /><ent r="6" t="175" w="78" /></phr><phr n="speeds"><ent r="5" t="130" w="170" /><ent r="3" t="175" w="72" /><ent r="3" t="205" w="26" /><ent r="3" t="205" w="52" /><ent r="3" t="205" w="162" /><ent r="3" t="205" w="167" /><ent r="3" t="205" w="170" /></phr></stem><stem n="reflect"><phr n="reflected"><ent r="6" t="14" w="192" /><ent r="5" t="14" w="249" /><ent r="3" t="76" w="41" /></phr><phr n="reflects"><ent r="3" t="79" w="135" /><ent r="3" t="81" w="28" /></phr><phr n="reflect"><ent r="3" t="86" w="125" /><ent r="4" t="138" w="488" /><ent r="4" t="138" w="889" /><ent r="4" t="139" w="388" /><ent r="5" t="146" w="258" /><ent r="5" t="151" w="411" /><ent r="4" t="212" w="21" /></phr><phr n="reflectance"><ent r="4" t="138" w="504" /><ent r="4" t="138" w="905" /><ent r="5" t="146" w="274" /><ent r="5" t="151" w="427" /><ent r="3" t="164" w="303" /><ent r="3" t="164" w="310" /><ent r="4" t="212" w="37" /></phr><phr n="Reflectance"><ent r="3" t="179" w="781" /></phr></stem><stem n="field"><phr n="field"><ent r="6" t="14" w="197" /><ent r="5" t="14" w="254" /><ent r="4" t="21" w="321" /><ent r="5" t="21" w="351" /><ent r="4" t="23" w="51" /><ent r="5" t="26" w="478" /><ent r="5" t="26" w="519" /><ent r="3" t="29" w="58" /><ent r="4" t="43" w="187" /><ent r="3" t="73" w="251" /><ent r="3" t="73" w="297" /><ent r="6" t="82" w="314" /><ent r="4" t="84" w="130" /><ent r="4" t="100" w="446" /><ent r="4" t="107" w="82" /><ent r="4" t="112" w="210" /><ent r="4" t="113" w="245" /><ent r="4" t="113" w="388" /><ent r="4" t="113" w="527" /><ent r="4" t="115" w="98" /><ent r="4" t="115" w="130" /><ent r="4" t="117" w="374" /><ent r="4" t="117" w="440" /><ent r="4" t="129" w="554" /><ent r="4" t="138" w="466" /><ent r="4" t="138" w="883" /><ent r="3" t="142" w="227" /><ent r="4" t="146" w="246" /><ent r="4" t="151" w="399" /><ent r="3" t="155" w="146" /><ent r="4" t="155" w="230" /><ent r="4" t="155" w="266" /><ent r="4" t="155" w="313" /><ent r="3" t="162" w="97" /><ent r="3" t="164" w="871" /><ent r="3" t="165" w="1393" /><ent r="4" t="168" w="1015" /><ent r="3" t="168" w="1227" /><ent r="3" t="168" w="1233" /><ent r="4" t="170" w="790" /><ent r="4" t="170" w="811" /><ent r="4" t="170" w="896" /><ent r="4" t="170" w="917" /><ent r="3" t="171" w="785" /><ent r="4" t="180" w="91" /><ent r="3" t="188" w="70" /><ent r="3" t="188" w="89" /><ent r="3" t="188" w="100" /><ent r="3" t="188" w="107" /><ent r="3" t="188" w="118" /><ent r="4" t="194" w="246" /><ent r="3" t="197" w="157" /><ent r="3" t="197" w="176" /><ent r="4" t="197" w="202" /><ent r="4" t="197" w="209" /><ent r="4" t="197" w="212" /><ent r="4" t="197" w="234" /><ent r="3" t="197" w="256" /><ent r="4" t="197" w="281" /><ent r="3" t="198" w="153" /><ent r="3" t="200" w="158" /><ent r="4" t="201" w="91" /><ent r="3" t="205" w="132" /><ent r="4" t="209" w="104" /></phr><phr n="Fields"><ent r="4" t="21" w="344" /><ent r="5" t="97" w="122" /><ent r="3" t="197" w="147" /></phr><phr n="fields"><ent r="4" t="26" w="392" /><ent r="4" t="95" w="46" /><ent r="3" t="97" w="23" /><ent r="3" t="98" w="388" /><ent r="4" t="115" w="186" /><ent r="4" t="129" w="221" /><ent r="4" t="129" w="238" /><ent r="3" t="131" w="158" /><ent r="3" t="131" w="192" /><ent r="3" t="131" w="261" /><ent r="3" t="131" w="295" /><ent r="3" t="131" w="465" /><ent r="3" t="131" w="499" /><ent r="3" t="131" w="629" /><ent r="3" t="131" w="663" /><ent r="3" t="155" w="172" /><ent r="3" t="168" w="1216" /><ent r="3" t="178" w="87" /><ent r="3" t="188" w="78" /><ent r="3" t="188" w="94" /><ent r="3" t="188" w="104" /><ent r="3" t="188" w="111" /><ent r="3" t="196" w="258" /><ent r="3" t="198" w="64" /><ent r="3" t="200" w="69" /></phr><phr n="Field"><ent r="92" t="197" w="145" /><ent r="5" t="197" w="188" /><ent r="3" t="197" w="194" /><ent r="92" t="197" w="251" /><ent r="5" t="197" w="268" /><ent r="3" t="197" w="274" /><ent r="5" t="197" w="290" /></phr></stem><stem n="increas"><phr n="Increases"><ent r="5" t="14" w="243" /><ent r="7" t="106" w="234" /><ent r="7" t="216" w="136" /></phr><phr n="increase"><ent r="4" t="43" w="283" /><ent r="3" t="163" w="1431" /><ent r="100" t="216" w="6" /></phr><phr n="increases"><ent r="3" t="163" w="827" /><ent r="3" t="166" w="578" /></phr><phr n="Increase"><ent r="7" t="216" w="129" /></phr></stem><stem n="direct"><phr n="Direction"><ent r="6" t="14" w="257" /><ent r="64" t="16" w="37" /><ent r="1000" t="64" w="3" /><ent r="102" t="64" w="11" /><ent r="3" t="64" w="15" /><ent r="5" t="64" w="98" /><ent r="4" t="64" w="105" /></phr><phr n="direction"><ent r="5" t="14" w="261" /><ent r="4" t="37" w="84" /><ent r="100" t="64" w="7" /><ent r="4" t="64" w="76" /><ent r="4" t="64" w="85" /><ent r="3" t="64" w="128" /><ent r="3" t="128" w="53" /><ent r="6" t="174" w="47" /><ent r="6" t="174" w="56" /><ent r="6" t="174" w="71" /></phr><phr n="directed"><ent r="4" t="156" w="264" /></phr><phr n="directions"><ent r="7" t="179" w="536" /><ent r="3" t="213" w="414" /></phr></stem><stem n="revers"><phr n="Reverses"><ent r="5" t="14" w="259" /></phr><phr n="reversed"><ent r="3" t="128" w="63" /></phr></stem><stem n="playback"><phr n="playback"><ent r="5" t="14" w="264" /><ent r="5" t="14" w="308" /><ent r="3" t="125" w="162" /><ent r="3" t="128" w="17" /></phr></stem><stem n="cycl"><phr n="Cycle"><ent r="7" t="14" w="267" /><ent r="67" t="14" w="285" /><ent r="1000" t="174" w="2" /><ent r="102" t="174" w="5" /><ent r="6" t="174" w="30" /><ent r="3" t="205" w="131" /><ent r="64" t="205" w="154" /></phr><phr n="cycles"><ent r="3" t="125" w="17" /><ent r="3" t="170" w="1103" /><ent r="3" t="171" w="861" /><ent r="3" t="205" w="150" /></phr><phr n="cycle"><ent r="3" t="125" w="100" /><ent r="3" t="125" w="110" /><ent r="4" t="126" w="14" /><ent r="5" t="130" w="166" /><ent r="100" t="174" w="8" /><ent r="3" t="174" w="12" /><ent r="3" t="205" w="22" /><ent r="3" t="205" w="36" /><ent r="4" t="205" w="124" /><ent r="3" t="205" w="142" /></phr></stem><stem n="determin"><phr n="Determines"><ent r="6" t="14" w="269" /><ent r="4" t="95" w="21" /><ent r="4" t="95" w="44" /><ent r="4" t="143" w="349" /><ent r="7" t="179" w="579" /></phr><phr n="determine"><ent r="3" t="20" w="19" /><ent r="3" t="36" w="16" /><ent r="3" t="96" w="16" /><ent r="3" t="97" w="21" /><ent r="3" t="99" w="169" /><ent r="4" t="99" w="205" /><ent r="4" t="133" w="147" /><ent r="4" t="133" w="185" /><ent r="4" t="133" w="201" /><ent r="3" t="139" w="374" /></phr><phr n="determined"><ent r="3" t="37" w="107" /></phr><phr n="determines"><ent r="4" t="41" w="248" /><ent r="3" t="73" w="311" /><ent r="4" t="73" w="422" /><ent r="6" t="82" w="303" /><ent r="3" t="96" w="210" /><ent r="4" t="100" w="377" /><ent r="4" t="138" w="455" /><ent r="4" t="138" w="872" /><ent r="3" t="139" w="278" /><ent r="3" t="143" w="225" /><ent r="4" t="146" w="235" /><ent r="4" t="151" w="388" /><ent r="4" t="154" w="206" /><ent r="3" t="174" w="13" /><ent r="3" t="205" w="37" /><ent r="6" t="208" w="80" /></phr></stem><stem n="behavior"><phr n="behavior"><ent r="6" t="14" w="271" /><ent r="3" t="174" w="15" /><ent r="3" t="205" w="39" /></phr><phr n="Behavior"><ent r="3" t="162" w="61" /></phr></stem><stem n="player"><phr n="player"><ent r="6" t="14" w="275" /><ent r="6" t="14" w="365" /><ent r="3" t="174" w="19" /><ent r="3" t="175" w="21" /><ent r="3" t="205" w="43" /><ent r="3" t="205" w="61" /></phr><phr n="players"><ent r="6" t="14" w="368" /><ent r="6" t="14" w="405" /><ent r="3" t="175" w="46" /><ent r="3" t="175" w="106" /></phr></stem><stem n="final"><phr n="final"><ent r="6" t="14" w="278" /><ent r="3" t="174" w="22" /><ent r="3" t="205" w="46" /></phr></stem><stem n="bumper"><phr n="bumpers"><ent r="5" t="14" w="304" /><ent r="3" t="125" w="126" /><ent r="4" t="128" w="72" /><ent r="4" t="128" w="163" /><ent r="4" t="128" w="266" /><ent r="3" t="128" w="324" /><ent r="3" t="128" w="333" /><ent r="3" t="128" w="346" /><ent r="3" t="128" w="452" /><ent r="3" t="128" w="455" /><ent r="3" t="128" w="505" /><ent r="3" t="128" w="524" /><ent r="3" t="128" w="531" /><ent r="3" t="128" w="539" /><ent r="3" t="128" w="559" /><ent r="3" t="128" w="600" /><ent r="3" t="128" w="614" /><ent r="3" t="128" w="620" /><ent r="3" t="128" w="670" /><ent r="3" t="128" w="678" /></phr><phr n="Bumpers"><ent r="66" t="14" w="316" /><ent r="64" t="125" w="145" /><ent r="1000" t="128" w="2" /><ent r="100" t="128" w="5" /><ent r="102" t="128" w="8" /><ent r="3" t="128" w="11" /><ent r="92" t="128" w="67" /><ent r="4" t="128" w="105" /><ent r="4" t="128" w="144" /><ent r="4" t="128" w="283" /><ent r="4" t="128" w="285" /><ent r="4" t="128" w="289" /><ent r="4" t="128" w="292" /><ent r="4" t="128" w="309" /><ent r="3" t="128" w="327" /><ent r="92" t="128" w="340" /><ent r="4" t="128" w="359" /><ent r="5" t="128" w="366" /><ent r="4" t="128" w="391" /><ent r="92" t="128" w="448" /><ent r="4" t="128" w="480" /><ent r="4" t="128" w="501" /><ent r="92" t="128" w="520" /><ent r="4" t="128" w="575" /><ent r="4" t="128" w="596" /><ent r="92" t="128" w="610" /><ent r="4" t="128" w="644" /><ent r="4" t="128" w="666" /></phr><phr n="bumper"><ent r="3" t="128" w="36" /><ent r="3" t="128" w="44" /><ent r="4" t="128" w="93" /><ent r="4" t="128" w="134" /><ent r="3" t="128" w="188" /><ent r="4" t="128" w="239" /></phr><phr n="Bumper"><ent r="5" t="128" w="113" /><ent r="5" t="128" w="154" /><ent r="5" t="128" w="218" /><ent r="5" t="128" w="257" /><ent r="4" t="128" w="296" /><ent r="4" t="128" w="303" /><ent r="3" t="128" w="396" /><ent r="3" t="128" w="473" /><ent r="3" t="128" w="568" /><ent r="3" t="128" w="637" /></phr></stem><stem n="limit"><phr n="limit"><ent r="5" t="14" w="306" /><ent r="3" t="22" w="37" /><ent r="3" t="22" w="70" /><ent r="3" t="99" w="312" /><ent r="4" t="99" w="531" /><ent r="4" t="99" w="546" /><ent r="3" t="128" w="15" /><ent r="3" t="141" w="264" /><ent r="3" t="153" w="402" /></phr><phr n="limits"><ent r="4" t="42" w="299" /><ent r="4" t="99" w="472" /><ent r="3" t="99" w="484" /><ent r="3" t="99" w="506" /></phr><phr n="Limits"><ent r="92" t="99" w="465" /></phr><phr n="Limit"><ent r="5" t="99" w="468" /><ent r="3" t="99" w="477" /><ent r="3" t="99" w="487" /><ent r="3" t="99" w="500" /><ent r="4" t="141" w="260" /></phr><phr n="limited"><ent r="3" t="153" w="532" /></phr><phr n="limitations"><ent r="3" t="167" w="326" /><ent r="3" t="168" w="313" /><ent r="3" t="175" w="200" /></phr><phr n="limitation"><ent r="3" t="167" w="346" /><ent r="3" t="168" w="333" /></phr></stem><stem n="progress"><phr n="Progress"><ent r="7" t="14" w="319" /><ent r="4" t="73" w="377" /></phr><phr n="progress"><ent r="6" t="14" w="324" /><ent r="3" t="73" w="390" /><ent r="3" t="94" w="42" /><ent r="3" t="94" w="58" /><ent r="3" t="94" w="71" /><ent r="3" t="94" w="87" /><ent r="3" t="94" w="218" /></phr></stem><stem n="channel"><phr n="channel"><ent r="6" t="14" w="344" /><ent r="3" t="125" w="165" /></phr><phr n="channels"><ent r="5" t="151" w="328" /></phr></stem><stem n="increment"><phr n="increment"><ent r="6" t="14" w="346" /></phr><phr n="incrementally"><ent r="4" t="163" w="858" /><ent r="3" t="163" w="1766" /></phr></stem><stem n="small"><phr n="small"><ent r="6" t="14" w="352" /><ent r="3" t="21" w="195" /><ent r="3" t="40" w="28" /><ent r="3" t="41" w="15" /><ent r="4" t="58" w="96" /><ent r="4" t="60" w="116" /><ent r="4" t="129" w="382" /><ent r="3" t="163" w="1429" /><ent r="4" t="167" w="842" /><ent r="4" t="169" w="1275" /><ent r="3" t="188" w="654" /></phr></stem><stem n="movi"><phr n="movie"><ent r="6" t="14" w="364" /><ent r="6" t="14" w="486" /><ent r="6" t="14" w="500" /><ent r="5" t="130" w="192" /><ent r="3" t="131" w="26" /><ent r="3" t="131" w="559" /><ent r="3" t="174" w="18" /><ent r="3" t="175" w="127" /><ent r="6" t="175" w="147" /><ent r="6" t="175" w="161" /><ent r="6" t="175" w="177" /><ent r="3" t="205" w="42" /></phr><phr n="Movie"><ent r="4" t="131" w="89" /><ent r="92" t="131" w="548" /></phr></stem><stem n="/y"><phr n="/y"><ent r="6" t="14" w="383" /><ent r="3" t="161" w="60" /><ent r="3" t="166" w="1252" /></phr></stem><stem n="x/y"><phr n="x/y"><ent r="6" t="14" w="383" /><ent r="6" t="14" w="382" /><ent r="3" t="161" w="60" /><ent r="3" t="161" w="59" /><ent r="3" t="166" w="1252" /><ent r="3" t="166" w="1251" /></phr></stem><stem n="yyyi"><phr n="yyyy"><ent r="6" t="14" w="418" /><ent r="7" t="14" w="426" /></phr><phr n="YYYY"><ent r="6" t="218" w="209" /></phr></stem><stem n="yyyy/mm"><phr n="yyyy/MM"><ent r="6" t="14" w="419" /><ent r="6" t="14" w="418" /></phr></stem><stem n="mm"><phr n="MM"><ent r="6" t="14" w="419" /><ent r="7" t="14" w="432" /><ent r="6" t="218" w="207" /><ent r="6" t="218" w="212" /></phr><phr n="mm"><ent r="6" t="14" w="422" /><ent r="7" t="14" w="450" /></phr></stem><stem n="/mm/dd"><phr n="/MM/dd"><ent r="6" t="14" w="420" /></phr></stem><stem n="yyyy/mm/dd"><phr n="yyyy/MM/dd"><ent r="6" t="14" w="420" /><ent r="6" t="14" w="418" /></phr></stem><stem n="dd"><phr n="dd"><ent r="6" t="14" w="420" /><ent r="7" t="14" w="438" /></phr><phr n="DD"><ent r="6" t="218" w="208" /></phr></stem><stem n="hh"><phr n="hh"><ent r="6" t="14" w="421" /><ent r="7" t="14" w="444" /></phr><phr n="HH"><ent r="6" t="218" w="211" /></phr></stem><stem n="hh.mm"><phr n="hh.mm"><ent r="6" t="14" w="422" /><ent r="6" t="14" w="421" /></phr></stem><stem n="hh.mm.ss"><phr n="hh.mm.ss"><ent r="6" t="14" w="423" /><ent r="6" t="14" w="421" /></phr></stem><stem n="ss"><phr n="ss"><ent r="6" t="14" w="423" /><ent r="7" t="14" w="456" /></phr><phr n="SS"><ent r="6" t="218" w="213" /></phr></stem><stem n=".mm.ss.zzzz"><phr n=".mm.ss.zzzZ"><ent r="6" t="14" w="424" /></phr></stem><stem n="hh.mm.ss.zzzz"><phr n="hh.mm.ss.zzzZ"><ent r="6" t="14" w="424" /><ent r="6" t="14" w="421" /></phr></stem><stem n="zzzz"><phr n="zzzZ"><ent r="6" t="14" w="424" /></phr></stem><stem n="year"><phr n="year"><ent r="6" t="14" w="430" /><ent r="4" t="129" w="471" /><ent r="4" t="129" w="516" /></phr></stem><stem n="month"><phr n="month"><ent r="6" t="14" w="436" /><ent r="4" t="129" w="468" /><ent r="4" t="129" w="513" /><ent r="3" t="166" w="54" /></phr></stem><stem n="dai"><phr n="day"><ent r="6" t="14" w="442" /></phr></stem><stem n="hour"><phr n="hour"><ent r="6" t="14" w="448" /></phr></stem><stem n="minut"><phr n="minute"><ent r="6" t="14" w="454" /><ent r="3" t="164" w="1404" /></phr><phr n="minutes"><ent r="3" t="68" w="117" /><ent r="3" t="72" w="60" /><ent r="4" t="73" w="465" /><ent r="3" t="108" w="145" /><ent r="3" t="136" w="164" /><ent r="4" t="164" w="1336" /><ent r="7" t="211" w="54" /><ent r="7" t="211" w="63" /><ent r="7" t="211" w="66" /><ent r="7" t="211" w="74" /></phr></stem><stem n="second"><phr n="second"><ent r="6" t="14" w="460" /><ent r="5" t="26" w="458" /><ent r="5" t="26" w="499" /><ent r="4" t="44" w="218" /><ent r="3" t="91" w="51" /><ent r="3" t="114" w="843" /><ent r="4" t="139" w="303" /><ent r="4" t="139" w="323" /><ent r="4" t="139" w="345" /><ent r="4" t="139" w="365" /><ent r="3" t="139" w="381" /><ent r="3" t="153" w="94" /><ent r="3" t="153" w="238" /><ent r="5" t="153" w="350" /><ent r="3" t="164" w="1406" /><ent r="4" t="166" w="1300" /><ent r="3" t="175" w="43" /><ent r="3" t="175" w="66" /><ent r="6" t="175" w="87" /><ent r="6" t="175" w="94" /><ent r="3" t="175" w="125" /><ent r="3" t="175" w="132" /><ent r="6" t="175" w="151" /><ent r="6" t="175" w="159" /><ent r="6" t="175" w="165" /><ent r="6" t="175" w="181" /></phr><phr n="Second"><ent r="6" t="26" w="475" /><ent r="6" t="26" w="516" /><ent r="4" t="139" w="540" /><ent r="3" t="153" w="199" /><ent r="3" t="153" w="206" /><ent r="3" t="153" w="222" /><ent r="3" t="153" w="263" /><ent r="3" t="153" w="303" /><ent r="92" t="171" w="582" /></phr><phr n="seconds"><ent r="3" t="136" w="165" /><ent r="4" t="164" w="1338" /><ent r="6" t="175" w="103" /><ent r="6" t="175" w="145" /><ent r="6" t="175" w="175" /><ent r="7" t="211" w="67" /><ent r="7" t="211" w="77" /></phr></stem><stem n="zzz"><phr n="zzz"><ent r="7" t="14" w="462" /></phr></stem><stem n="millisecond"><phr n="millisecond"><ent r="6" t="14" w="466" /></phr></stem><stem n="zulu"><phr n="Zulu"><ent r="6" t="14" w="471" /></phr></stem><stem n="),"><phr n="),"><ent r="6" t="14" w="485" /><ent r="3" t="57" w="182" /><ent r="3" t="57" w="187" /><ent r="3" t="92" w="105" /><ent r="5" t="138" w="192" /><ent r="3" t="159" w="83" /><ent r="3" t="165" w="52" /><ent r="3" t="170" w="257" /><ent r="3" t="188" w="316" /></phr></stem><stem n="maintain"><phr n="maintain"><ent r="6" t="14" w="491" /><ent r="3" t="131" w="539" /></phr></stem><stem n="request"><phr n="requested"><ent r="6" t="14" w="493" /><ent r="3" t="175" w="190" /><ent r="3" t="175" w="211" /></phr></stem><stem n=":aspam"><phr n=":ASPAM"><ent r="100" t="15" w="8" /><ent r="100" t="180" w="13" /></phr></stem><stem n="viewer"><phr n="Viewer"><ent r="64" t="15" w="22" /><ent r="8" t="114" w="421" /><ent r="1000" t="178" w="2" /><ent r="102" t="178" w="5" /><ent r="100" t="178" w="8" /><ent r="3" t="178" w="37" /><ent r="3" t="178" w="63" /><ent r="92" t="178" w="72" /><ent r="3" t="178" w="219" /><ent r="4" t="178" w="247" /><ent r="64" t="180" w="182" /></phr><phr n="viewer"><ent r="8" t="114" w="424" /><ent r="3" t="178" w="14" /></phr></stem><stem n="band"><phr n="Band"><ent r="64" t="16" w="21" /><ent r="4" t="26" w="308" /><ent r="4" t="26" w="313" /><ent r="68" t="82" w="239" /><ent r="5" t="82" w="326" /><ent r="1000" t="84" w="1" /><ent r="102" t="84" w="12" /><ent r="3" t="84" w="16" /><ent r="4" t="84" w="114" /><ent r="1000" t="86" w="2" /><ent r="100" t="86" w="5" /><ent r="102" t="86" w="8" /><ent r="5" t="86" w="70" /><ent r="4" t="86" w="104" /><ent r="5" t="146" w="175" /><ent r="1000" t="154" w="1" /><ent r="102" t="154" w="7" /><ent r="3" t="154" w="11" /><ent r="3" t="154" w="59" /><ent r="5" t="154" w="73" /><ent r="3" t="154" w="78" /><ent r="3" t="154" w="109" /><ent r="3" t="154" w="235" /><ent r="64" t="162" w="330" /><ent r="4" t="163" w="1910" /><ent r="1000" t="164" w="5" /><ent r="102" t="164" w="24" /><ent r="4" t="164" w="225" /><ent r="92" t="164" w="1781" /><ent r="5" t="164" w="1818" /><ent r="3" t="164" w="1823" /><ent r="3" t="164" w="1841" /><ent r="4" t="164" w="1891" /><ent r="3" t="164" w="1908" /><ent r="4" t="164" w="1921" /><ent r="4" t="164" w="1955" /><ent r="4" t="164" w="1968" /><ent r="4" t="164" w="2375" /><ent r="4" t="164" w="2416" /><ent r="4" t="164" w="2430" /><ent r="4" t="164" w="2571" /><ent r="4" t="165" w="481" /><ent r="4" t="165" w="483" /><ent r="5" t="170" w="644" /><ent r="4" t="170" w="682" /><ent r="4" t="170" w="702" /><ent r="3" t="170" w="1170" /><ent r="3" t="170" w="1197" /><ent r="3" t="170" w="1218" /><ent r="4" t="170" w="1396" /><ent r="7" t="170" w="1426" /><ent r="7" t="170" w="1437" /><ent r="3" t="170" w="1643" /><ent r="7" t="171" w="1090" /><ent r="7" t="171" w="1103" /><ent r="7" t="171" w="1113" /><ent r="7" t="171" w="1131" /><ent r="7" t="171" w="1134" /><ent r="7" t="171" w="1151" /><ent r="3" t="171" w="1160" /><ent r="3" t="171" w="1394" /><ent r="1000" t="177" w="1" /><ent r="102" t="177" w="9" /><ent r="3" t="179" w="800" /><ent r="3" t="179" w="806" /><ent r="3" t="179" w="812" /><ent r="3" t="179" w="818" /><ent r="3" t="179" w="824" /><ent r="3" t="179" w="830" /><ent r="3" t="179" w="836" /><ent r="3" t="188" w="255" /><ent r="4" t="191" w="80" /><ent r="4" t="191" w="85" /><ent r="4" t="193" w="234" /><ent r="4" t="193" w="239" /><ent r="4" t="194" w="170" /><ent r="4" t="194" w="175" /><ent r="4" t="195" w="123" /><ent r="4" t="195" w="128" /><ent r="4" t="196" w="168" /><ent r="4" t="196" w="173" /><ent r="5" t="204" w="246" /><ent r="5" t="204" w="256" /></phr><phr n="bands"><ent r="3" t="26" w="213" /><ent r="4" t="26" w="258" /><ent r="4" t="84" w="154" /><ent r="4" t="84" w="191" /><ent r="3" t="85" w="46" /><ent r="3" t="125" w="20" /><ent r="4" t="146" w="181" /><ent r="3" t="151" w="294" /><ent r="4" t="151" w="338" /><ent r="3" t="153" w="22" /><ent r="3" t="153" w="33" /><ent r="3" t="153" w="89" /><ent r="3" t="153" w="538" /><ent r="3" t="154" w="137" /><ent r="4" t="154" w="151" /><ent r="3" t="163" w="212" /><ent r="4" t="163" w="1935" /><ent r="4" t="163" w="1968" /><ent r="3" t="164" w="239" /><ent r="3" t="164" w="1833" /><ent r="4" t="165" w="94" /><ent r="4" t="165" w="438" /><ent r="4" t="165" w="443" /><ent r="3" t="165" w="497" /><ent r="5" t="165" w="1165" /><ent r="3" t="165" w="1403" /><ent r="4" t="165" w="1488" /><ent r="4" t="165" w="1499" /><ent r="3" t="165" w="1581" /><ent r="7" t="179" w="114" /><ent r="7" t="179" w="118" /><ent r="7" t="179" w="472" /><ent r="7" t="179" w="682" /><ent r="7" t="179" w="687" /><ent r="3" t="179" w="725" /><ent r="3" t="188" w="110" /><ent r="3" t="191" w="36" /><ent r="4" t="193" w="184" /><ent r="4" t="194" w="120" /><ent r="4" t="195" w="73" /><ent r="4" t="196" w="118" /></phr><phr n="Bands"><ent r="5" t="26" w="253" /><ent r="5" t="26" w="289" /><ent r="4" t="26" w="339" /><ent r="4" t="84" w="162" /><ent r="5" t="151" w="331" /><ent r="3" t="164" w="1837" /><ent r="4" t="165" w="464" /><ent r="7" t="179" w="486" /><ent r="4" t="191" w="61" /><ent r="3" t="191" w="111" /><ent r="5" t="193" w="179" /><ent r="5" t="193" w="215" /><ent r="4" t="193" w="265" /><ent r="5" t="194" w="115" /><ent r="5" t="194" w="151" /><ent r="4" t="194" w="201" /><ent r="5" t="195" w="68" /><ent r="5" t="195" w="104" /><ent r="4" t="195" w="154" /><ent r="5" t="196" w="113" /><ent r="5" t="196" w="149" /><ent r="4" t="196" w="199" /></phr><phr n="band"><ent r="3" t="69" w="160" /><ent r="3" t="69" w="182" /><ent r="3" t="79" w="89" /><ent r="6" t="82" w="320" /><ent r="5" t="82" w="333" /><ent r="100" t="84" w="8" /><ent r="3" t="84" w="31" /><ent r="4" t="84" w="178" /><ent r="3" t="86" w="17" /><ent r="4" t="86" w="109" /><ent r="3" t="86" w="129" /><ent r="3" t="91" w="65" /><ent r="4" t="138" w="472" /><ent r="4" t="138" w="691" /><ent r="4" t="138" w="1092" /><ent r="4" t="144" w="73" /><ent r="4" t="146" w="189" /><ent r="4" t="146" w="227" /><ent r="4" t="151" w="346" /><ent r="4" t="151" w="380" /><ent r="3" t="153" w="122" /><ent r="100" t="154" w="4" /><ent r="3" t="154" w="22" /><ent r="3" t="154" w="163" /><ent r="3" t="154" w="178" /><ent r="3" t="154" w="265" /><ent r="4" t="156" w="130" /><ent r="4" t="163" w="1108" /><ent r="3" t="163" w="1178" /><ent r="3" t="163" w="1207" /><ent r="3" t="163" w="1227" /><ent r="3" t="163" w="1243" /><ent r="3" t="163" w="1308" /><ent r="3" t="163" w="1336" /><ent r="3" t="163" w="1347" /><ent r="3" t="163" w="1359" /><ent r="4" t="163" w="1576" /><ent r="3" t="163" w="1765" /><ent r="4" t="163" w="1890" /><ent r="4" t="163" w="1952" /><ent r="100" t="164" w="8" /><ent r="3" t="164" w="64" /><ent r="4" t="164" w="109" /><ent r="3" t="164" w="249" /><ent r="3" t="164" w="255" /><ent r="3" t="164" w="2067" /><ent r="3" t="164" w="2083" /><ent r="4" t="164" w="2532" /><ent r="4" t="164" w="2544" /><ent r="3" t="164" w="2959" /><ent r="3" t="165" w="1524" /><ent r="3" t="165" w="1533" /><ent r="3" t="165" w="1543" /><ent r="3" t="168" w="687" /><ent r="3" t="168" w="693" /><ent r="3" t="168" w="698" /><ent r="100" t="177" w="5" /><ent r="7" t="179" w="101" /><ent r="7" t="179" w="112" /><ent r="7" t="179" w="305" /><ent r="7" t="179" w="308" /><ent r="7" t="179" w="314" /><ent r="7" t="179" w="478" /><ent r="7" t="179" w="599" /><ent r="7" t="179" w="609" /><ent r="7" t="179" w="623" /><ent r="7" t="179" w="649" /><ent r="7" t="179" w="669" /><ent r="7" t="179" w="674" /><ent r="3" t="179" w="796" /><ent r="3" t="188" w="269" /><ent r="5" t="204" w="266" /><ent r="5" t="204" w="276" /><ent r="5" t="204" w="296" /><ent r="5" t="204" w="316" /></phr></stem></index>