﻿<?xml version="1.0" encoding="utf-8"?><index><stem n="(lower"><phr n="(lower"><ent r="3" t="181" w="1274" /><ent r="3" t="182" w="1202" /></phr></stem><stem n="(s)."><phr n="(s)."><ent r="3" t="181" w="1337" /><ent r="3" t="182" w="1266" /></phr></stem><stem n="twice"><phr n="twice"><ent r="4" t="181" w="1343" /></phr></stem><stem n="charact"><phr n="characters"><ent r="4" t="181" w="1448" /><ent r="4" t="212" w="219" /><ent r="3" t="225" w="87" /><ent r="3" t="225" w="94" /><ent r="3" t="226" w="36" /><ent r="3" t="226" w="110" /></phr><phr n="character"><ent r="7" t="193" w="81" /><ent r="3" t="226" w="31" /><ent r="3" t="226" w="67" /><ent r="3" t="226" w="117" /></phr><phr n="Characters"><ent r="1000" t="226" w="2" /><ent r="102" t="226" w="5" /></phr></stem><stem n="([,])"><phr n="([,])"><ent r="4" t="181" w="1449" /></phr></stem><stem n="slash"><phr n="slash"><ent r="4" t="181" w="1454" /><ent r="3" t="181" w="1477" /><ent r="3" t="181" w="1507" /><ent r="3" t="181" w="1550" /><ent r="3" t="181" w="1557" /></phr><phr n="Slashes"><ent r="6" t="236" w="243" /><ent r="6" t="236" w="674" /></phr></stem><stem n="(/)"><phr n="(/)"><ent r="4" t="181" w="1455" /></phr></stem><stem n="submenu"><phr n="submenu"><ent r="4" t="181" w="1456" /></phr><phr n="submenus"><ent r="3" t="181" w="1486" /></phr></stem><stem n="[wizards]/mywizard"><phr n="[Wizards]/MyWizard"><ent r="4" t="181" w="1621" /></phr></stem><stem n="&amp;help/mywizard"><phr n="&amp;Help/MyWizard"><ent r="4" t="181" w="1642" /></phr></stem><stem n="help/mywizard"><phr n="Help/MyWizard"><ent r="4" t="181" w="1642" /><ent r="4" t="181" w="1641" /></phr></stem><stem n="[geo]/mywizard"><phr n="[Geo]/MyWizard"><ent r="4" t="181" w="1662" /></phr></stem><stem n="mywizard.wiz"><phr n="MyWizard.wiz"><ent r="4" t="181" w="1742" /><ent r="4" t="181" w="1741" /><ent r="5" t="182" w="461" /><ent r="5" t="182" w="460" /><ent r="5" t="182" w="482" /><ent r="5" t="182" w="481" /></phr></stem><stem n="(mywizard.wiz)"><phr n="(MyWizard.wiz)"><ent r="4" t="181" w="1743" /></phr></stem><stem n="ast"><phr n="AST"><ent r="5" t="181" w="1808" /></phr></stem><stem n="ast_lib"><phr n="AST_LIB"><ent r="5" t="181" w="1809" /><ent r="5" t="181" w="1808" /></phr></stem><stem n="lib"><phr n="LIB"><ent r="5" t="181" w="1809" /></phr></stem><stem n="ast_lib_00305042006183231"><phr n="AST_LIB_00305042006183231"><ent r="5" t="181" w="1810" /><ent r="5" t="181" w="1808" /></phr></stem><stem n="00305042006183231"><phr n="00305042006183231"><ent r="5" t="181" w="1810" /></phr></stem><stem n="ast_lib_00305042006183231_05082006132132"><phr n="AST_LIB_00305042006183231_05082006132132"><ent r="5" t="181" w="1811" /><ent r="5" t="181" w="1808" /></phr></stem><stem n="05082006132132"><phr n="05082006132132"><ent r="5" t="181" w="1811" /></phr></stem><stem n="ast_lib_00305042006183231_05082006132132_tir"><phr n="AST_LIB_00305042006183231_05082006132132_TIR"><ent r="5" t="181" w="1812" /><ent r="5" t="181" w="1808" /></phr></stem><stem n="tir"><phr n="TIR"><ent r="5" t="181" w="1812" /></phr></stem><stem n="ast_lib_00305042006183231_05082006132132_tir_swath"><phr n="AST_LIB_00305042006183231_05082006132132_TIR_Swath"><ent r="5" t="181" w="1813" /><ent r="5" t="181" w="1808" /></phr></stem><stem n="_lib_00305042006183231_05082006132132_tir_swath.tif"><phr n="_LIB_00305042006183231_05082006132132_TIR_Swath.tif"><ent r="5" t="181" w="1814" /></phr></stem><stem n="ast_lib_00305042006183231_05082006132132_tir_swath.tif"><phr n="AST_LIB_00305042006183231_05082006132132_TIR_Swath.tif"><ent r="5" t="181" w="1814" /><ent r="5" t="181" w="1808" /></phr></stem><stem n="/plug-in"><phr n="/Plug-In"><ent r="4" t="182" w="81" /></phr></stem><stem n="item/item"><phr n="Item/Item"><ent r="4" t="182" w="83" /><ent r="4" t="182" w="80" /></phr></stem><stem n="/valu"><phr n="/Value"><ent r="4" t="182" w="84" /></phr></stem><stem n="item/item/valu"><phr n="Item/Item/Value"><ent r="4" t="182" w="84" /><ent r="4" t="182" w="80" /></phr></stem><stem n="regular"><phr n="regular"><ent r="3" t="182" w="134" /><ent r="3" t="190" w="264" /><ent r="3" t="203" w="81" /></phr></stem><stem n="consecut"><phr n="consecutively"><ent r="5" t="182" w="162" /></phr></stem><stem n=".wiz"><phr n=".wiz"><ent r="5" t="182" w="461" /><ent r="5" t="182" w="482" /><ent r="5" t="182" w="1427" /></phr></stem><stem n="usedegre"><phr n="useDegrees"><ent r="3" t="182" w="669" /><ent r="7" t="182" w="1049" /><ent r="7" t="182" w="1051" /><ent r="4" t="182" w="1303" /><ent r="3" t="182" w="1341" /></phr></stem><stem n="landsat6band.ice.h5."><phr n="landsat6band.ice.h5."><ent r="4" t="182" w="715" /><ent r="4" t="182" w="713" /></phr></stem><stem n=".ice.h5."><phr n=".ice.h5."><ent r="4" t="182" w="716" /></phr></stem><stem n="new_landsat6band"><phr n="new_landsat6band"><ent r="4" t="182" w="738" /><ent r="4" t="182" w="737" /></phr></stem><stem n="new_landsat6band.ic"><phr n="new_landsat6band.ice"><ent r="4" t="182" w="739" /><ent r="4" t="182" w="737" /></phr></stem><stem n="_landsat6band.ice.h5"><phr n="_landsat6band.ice.h5"><ent r="4" t="182" w="740" /></phr></stem><stem n="new_landsat6band.ice.h5"><phr n="new_landsat6band.ice.h5"><ent r="4" t="182" w="740" /><ent r="4" t="182" w="737" /></phr></stem><stem n="-input"><phr n="-input"><ent r="7" t="182" w="1024" /><ent r="7" t="182" w="1024" /><ent r="3" t="182" w="1323" /><ent r="3" t="182" w="1323" /></phr></stem><stem n="value-input"><phr n="Value-input"><ent r="7" t="182" w="1024" /><ent r="3" t="182" w="1323" /></phr></stem><stem n="greeninput"><phr n="greeninput"><ent r="7" t="182" w="1046" /></phr></stem><stem n="-usedegre"><phr n="-useDegrees"><ent r="7" t="182" w="1048" /><ent r="7" t="182" w="1048" /><ent r="3" t="182" w="1340" /><ent r="3" t="182" w="1340" /></phr></stem><stem n="value-usedegre"><phr n="Value-useDegrees"><ent r="7" t="182" w="1048" /><ent r="3" t="182" w="1340" /></phr></stem><stem n="displayresult"><phr n="displayResults"><ent r="7" t="182" w="1061" /><ent r="5" t="182" w="1276" /></phr></stem><stem n="-output"><phr n="-output"><ent r="7" t="182" w="1069" /><ent r="7" t="182" w="1069" /><ent r="3" t="182" w="1348" /><ent r="3" t="182" w="1348" /></phr></stem><stem n="value-output"><phr n="Value-output"><ent r="7" t="182" w="1069" /><ent r="3" t="182" w="1348" /></phr></stem><stem n="**import"><phr n="**Import"><ent r="7" t="182" w="1094" /></phr></stem><stem n="**to"><phr n="**To"><ent r="3" t="182" w="1107" /></phr></stem><stem n="(next"><phr n="(next"><ent r="3" t="182" w="1127" /></phr></stem><stem n="7"><phr n="7"><ent r="3" t="182" w="1347" /><ent r="7" t="193" w="146" /><ent r="3" t="193" w="726" /><ent r="3" t="193" w="837" /></phr></stem><stem n="&quot;save"><phr n="&quot;Save"><ent r="6" t="182" w="1396" /></phr></stem><stem n="&quot;save&quot;"><phr n="&quot;Save&quot;"><ent r="6" t="182" w="1401" /></phr></stem><stem n="bandmath"><phr n="BandMath"><ent r="5" t="182" w="1426" /></phr><phr n="bandmath"><ent r="3" t="182" w="1631" /><ent r="3" t="182" w="1643" /></phr></stem><stem n="bandmath.wiz"><phr n="BandMath.wiz"><ent r="5" t="182" w="1427" /><ent r="5" t="182" w="1426" /></phr></stem><stem n=".xml"><phr n=".xml"><ent r="4" t="182" w="1440" /></phr></stem><stem n="cmd"><phr n="cmd"><ent r="5" t="182" w="1546" /></phr></stem><stem n="termin"><phr n="terminal"><ent r="3" t="182" w="1565" /></phr></stem><stem n=":\program"><phr n=":\Program"><ent r="4" t="182" w="1589" /></phr></stem><stem n="4.0"><phr n="4.0"><ent r="4" t="182" w="1593" /><ent r="4" t="182" w="1592" /></phr></stem><stem n="4.0."><phr n="4.0."><ent r="4" t="182" w="1593" /><ent r="4" t="182" w="1592" /></phr></stem><stem n="\opticks\4.0."><phr n="\Opticks\4.0."><ent r="4" t="182" w="1594" /></phr></stem><stem n="opt"><phr n="opt"><ent r="4" t="182" w="1602" /></phr></stem><stem n="opt/optick"><phr n="opt/Opticks"><ent r="4" t="182" w="1603" /><ent r="4" t="182" w="1602" /></phr></stem><stem n="opt/opticks/4"><phr n="opt/Opticks/4"><ent r="4" t="182" w="1604" /><ent r="4" t="182" w="1602" /></phr></stem><stem n="/opt/opticks/4.0"><phr n="/opt/Opticks/4.0"><ent r="4" t="182" w="1605" /></phr></stem><stem n="opt/opticks/4.0"><phr n="opt/Opticks/4.0"><ent r="4" t="182" w="1605" /><ent r="4" t="182" w="1602" /></phr></stem><stem n="opticksbatch"><phr n="opticksbatch"><ent r="3" t="182" w="1628" /></phr><phr n="OpticksBatch"><ent r="3" t="182" w="1640" /></phr></stem><stem n="opticksbatch/input"><phr n="opticksbatch/input"><ent r="3" t="182" w="1629" /><ent r="3" t="182" w="1628" /></phr></stem><stem n="\opticksbatch/input:wizards\bandmath.xml"><phr n="\opticksbatch/input:wizards\bandmath.xml"><ent r="3" t="182" w="1632" /></phr></stem><stem n="bandmath.xml"><phr n="bandmath.xml"><ent r="3" t="182" w="1632" /><ent r="3" t="182" w="1631" /></phr></stem><stem n="wizards/bandmath"><phr n="wizards/bandmath"><ent r="3" t="182" w="1643" /><ent r="3" t="182" w="1642" /></phr></stem><stem n=":wizards/bandmath.xml"><phr n=":wizards/bandmath.xml"><ent r="3" t="182" w="1644" /></phr></stem><stem n="wizards/bandmath.xml"><phr n="wizards/bandmath.xml"><ent r="3" t="182" w="1644" /><ent r="3" t="182" w="1642" /></phr></stem><stem n="(…/sampledata/geotiff)."><phr n="(…/SampleData/GeoTIFF)."><ent r="4" t="182" w="1677" /></phr></stem><stem n="consult"><phr n="Consult"><ent r="4" t="182" w="1677" /></phr></stem><stem n="icd"><phr n="ICD"><ent r="4" t="182" w="1681" /></phr></stem><stem n="round"><phr n="rounded"><ent r="7" t="184" w="50" /></phr><phr n="Rounded"><ent r="6" t="223" w="149" /><ent r="6" t="223" w="199" /><ent r="6" t="223" w="241" /><ent r="6" t="223" w="303" /><ent r="6" t="223" w="371" /><ent r="6" t="223" w="413" /><ent r="6" t="223" w="452" /><ent r="6" t="223" w="487" /><ent r="6" t="223" w="533" /></phr></stem><stem n="ellips"><phr n="ellipse"><ent r="7" t="184" w="55" /></phr><phr n="Ellipse"><ent r="6" t="223" w="143" /><ent r="6" t="223" w="195" /><ent r="6" t="223" w="237" /><ent r="6" t="223" w="299" /><ent r="6" t="223" w="365" /><ent r="6" t="223" w="409" /><ent r="6" t="223" w="446" /><ent r="6" t="223" w="481" /><ent r="6" t="223" w="527" /></phr></stem><stem n="arrowhead"><phr n="arrowhead"><ent r="7" t="184" w="168" /></phr></stem><stem n="east"><phr n="east"><ent r="5" t="184" w="241" /></phr><phr n="easting"><ent r="7" t="193" w="440" /></phr><phr n="East"><ent r="6" t="223" w="159" /><ent r="6" t="223" w="211" /><ent r="6" t="223" w="383" /><ent r="6" t="223" w="499" /><ent r="6" t="223" w="545" /><ent r="6" t="223" w="580" /></phr></stem><stem n="(base"><phr n="(based"><ent r="6" t="185" w="45" /></phr></stem><stem n="bounc"><phr n="Bounce"><ent r="7" t="185" w="51" /></phr></stem><stem n="opposit"><phr n="opposite"><ent r="6" t="185" w="64" /></phr></stem><stem n="strict"><phr n="strict"><ent r="3" t="186" w="37" /></phr></stem><stem n=".25"><phr n=".25"><ent r="6" t="186" w="97" /><ent r="6" t="186" w="171" /><ent r="6" t="186" w="174" /></phr></stem><stem n="0.25"><phr n="0.25"><ent r="6" t="186" w="97" /><ent r="6" t="186" w="96" /><ent r="6" t="186" w="171" /><ent r="6" t="186" w="170" /><ent r="6" t="186" w="174" /><ent r="6" t="186" w="173" /></phr></stem><stem n="achiev"><phr n="achieved"><ent r="3" t="186" w="208" /><ent r="3" t="188" w="162" /></phr></stem><stem n="peak"><phr n="peaks"><ent r="3" t="188" w="18" /></phr></stem><stem n="vallei"><phr n="valleys"><ent r="3" t="188" w="20" /></phr></stem><stem n="propag"><phr n="propagation"><ent r="3" t="188" w="26" /></phr></stem><stem n="harmon"><phr n="harmonic"><ent r="3" t="188" w="29" /></phr></stem><stem n="frequenc"><phr n="frequency"><ent r="3" t="188" w="37" /></phr></stem><stem n="f"><phr n="f"><ent r="4" t="188" w="39" /><ent r="3" t="188" w="46" /></phr><phr n="F"><ent r="64" t="192" w="139" /><ent r="3" t="192" w="228" /><ent r="1000" t="198" w="2" /><ent r="102" t="198" w="5" /><ent r="5" t="219" w="355" /></phr></stem><stem n="="><phr n="="><ent r="3" t="188" w="46" /><ent r="3" t="188" w="212" /><ent r="3" t="188" w="230" /><ent r="3" t="188" w="242" /><ent r="7" t="193" w="192" /><ent r="7" t="193" w="197" /><ent r="7" t="193" w="203" /><ent r="7" t="193" w="210" /><ent r="7" t="193" w="216" /><ent r="6" t="193" w="224" /><ent r="6" t="193" w="235" /><ent r="6" t="193" w="256" /><ent r="6" t="193" w="262" /><ent r="6" t="193" w="269" /><ent r="7" t="193" w="283" /><ent r="3" t="193" w="701" /><ent r="3" t="193" w="720" /><ent r="3" t="193" w="723" /><ent r="3" t="193" w="726" /><ent r="3" t="193" w="730" /><ent r="3" t="193" w="734" /><ent r="3" t="193" w="739" /><ent r="3" t="193" w="742" /><ent r="3" t="193" w="746" /><ent r="3" t="193" w="751" /><ent r="3" t="193" w="755" /><ent r="3" t="193" w="772" /><ent r="3" t="193" w="780" /><ent r="3" t="193" w="785" /><ent r="3" t="193" w="792" /><ent r="3" t="193" w="798" /><ent r="3" t="193" w="843" /><ent r="3" t="193" w="860" /></phr></stem><stem n="veloc"><phr n="velocity"><ent r="3" t="188" w="53" /></phr></stem><stem n="(fwhm)"><phr n="(FWHM)"><ent r="3" t="188" w="64" /><ent r="3" t="190" w="375" /><ent r="3" t="203" w="192" /></phr></stem><stem n="proper"><phr n="proper"><ent r="3" t="188" w="159" /></phr></stem><stem n="bandwidth"><phr n="bandwidth"><ent r="3" t="188" w="160" /></phr><phr n="bandwidths"><ent r="3" t="188" w="174" /></phr></stem><stem n="1.0"><phr n="1.0"><ent r="3" t="188" w="171" /><ent r="3" t="188" w="170" /><ent r="3" t="188" w="182" /><ent r="3" t="188" w="181" /><ent r="3" t="190" w="659" /><ent r="3" t="190" w="658" /><ent r="6" t="223" w="95" /><ent r="6" t="223" w="94" /></phr></stem><stem n="1.0,"><phr n="1.0,"><ent r="3" t="188" w="171" /><ent r="3" t="188" w="170" /></phr></stem><stem n=".0,"><phr n=".0,"><ent r="3" t="188" w="172" /></phr></stem><stem n="1.0."><phr n="1.0."><ent r="3" t="188" w="182" /><ent r="3" t="188" w="181" /><ent r="6" t="223" w="95" /><ent r="6" t="223" w="94" /></phr></stem><stem n=".0."><phr n=".0."><ent r="3" t="188" w="183" /><ent r="6" t="223" w="96" /></phr></stem><stem n="((band"><phr n="((Band"><ent r="3" t="188" w="212" /></phr></stem><stem n="n+1"><phr n="N+1"><ent r="3" t="188" w="213" /></phr></stem><stem n="*"><phr n="*"><ent r="3" t="188" w="220" /><ent r="3" t="225" w="88" /><ent r="3" t="226" w="28" /><ent r="3" t="226" w="43" /></phr></stem><stem n="fourth"><phr n="fourth"><ent r="4" t="189" w="214" /></phr></stem><stem n="delimit"><phr n="delimited"><ent r="3" t="189" w="220" /></phr></stem><stem n="deprec"><phr n="Deprecated"><ent r="92" t="189" w="274" /></phr><phr n="deprecated"><ent r="3" t="189" w="280" /></phr></stem><stem n=":wavelength"><phr n=":Wavelengths"><ent r="100" t="190" w="15" /><ent r="100" t="203" w="21" /></phr></stem><stem n="retriev"><phr n="retrieves"><ent r="3" t="190" w="326" /><ent r="3" t="203" w="143" /></phr></stem><stem n=".wav,"><phr n=".wav,"><ent r="4" t="190" w="521" /><ent r="4" t="190" w="750" /></phr></stem><stem n=".wave,"><phr n=".wave,"><ent r="4" t="190" w="522" /><ent r="4" t="190" w="751" /></phr></stem><stem n=".wmd."><phr n=".wmd."><ent r="4" t="190" w="524" /></phr></stem><stem n=".0),"><phr n=".0),"><ent r="3" t="190" w="660" /></phr></stem><stem n="k"><phr n="K"><ent r="4" t="190" w="666" /><ent r="4" t="190" w="778" /><ent r="3" t="192" w="110" /><ent r="3" t="194" w="161" /><ent r="5" t="224" w="60" /></phr></stem><stem n="av"><phr n="ave"><ent r="5" t="190" w="699" /></phr></stem><stem n=".wmd"><phr n=".wmd"><ent r="4" t="190" w="752" /></phr></stem><stem n=":oper"><phr n=":operators"><ent r="100" t="191" w="7" /></phr></stem><stem n="sine"><phr n="Sine"><ent r="7" t="191" w="26" /></phr><phr n="sine"><ent r="7" t="191" w="39" /><ent r="7" t="191" w="57" /></phr></stem><stem n="cosin"><phr n="Cosine"><ent r="7" t="191" w="28" /></phr><phr n="cosine"><ent r="7" t="191" w="42" /><ent r="7" t="191" w="60" /></phr></stem><stem n="tangent"><phr n="Tangent"><ent r="7" t="191" w="30" /></phr><phr n="tangent"><ent r="7" t="191" w="45" /><ent r="7" t="191" w="63" /></phr></stem><stem n="secant"><phr n="Secant"><ent r="7" t="191" w="32" /></phr><phr n="secant"><ent r="7" t="191" w="48" /><ent r="7" t="191" w="66" /></phr></stem><stem n="cosec"><phr n="Cosecant"><ent r="7" t="191" w="34" /></phr><phr n="cosecant"><ent r="7" t="191" w="51" /><ent r="7" t="191" w="69" /></phr></stem><stem n="cotang"><phr n="Cotangent"><ent r="7" t="191" w="36" /></phr><phr n="cotangent"><ent r="7" t="191" w="54" /><ent r="7" t="191" w="72" /></phr></stem><stem n="invers"><phr n="Inverse"><ent r="7" t="191" w="38" /><ent r="7" t="191" w="41" /><ent r="7" t="191" w="44" /><ent r="7" t="191" w="47" /><ent r="7" t="191" w="50" /><ent r="7" t="191" w="53" /></phr></stem><stem n="hyperbol"><phr n="Hyperbolic"><ent r="7" t="191" w="56" /><ent r="7" t="191" w="59" /><ent r="7" t="191" w="62" /><ent r="7" t="191" w="65" /><ent r="7" t="191" w="68" /><ent r="7" t="191" w="71" /></phr></stem><stem n="1n"><phr n="1n"><ent r="7" t="191" w="80" /></phr></stem><stem n="paragraph"><phr n="Paragraph"><ent r="82" t="192" w="75" /><ent r="64" t="192" w="129" /><ent r="64" t="192" w="132" /><ent r="64" t="192" w="135" /><ent r="64" t="192" w="138" /><ent r="64" t="192" w="141" /><ent r="64" t="192" w="144" /><ent r="64" t="192" w="147" /><ent r="1000" t="195" w="1" /><ent r="102" t="195" w="4" /><ent r="1000" t="196" w="1" /><ent r="102" t="196" w="4" /><ent r="1000" t="197" w="1" /><ent r="102" t="197" w="4" /><ent r="1000" t="198" w="1" /><ent r="102" t="198" w="4" /><ent r="1000" t="199" w="1" /><ent r="102" t="199" w="4" /><ent r="1000" t="200" w="1" /><ent r="102" t="200" w="4" /><ent r="1000" t="201" w="1" /><ent r="102" t="201" w="4" /></phr><phr n="paragraph"><ent r="3" t="192" w="79" /><ent r="3" t="192" w="98" /><ent r="4" t="192" w="253" /><ent r="3" t="194" w="142" /></phr><phr n="Paragraphs"><ent r="3" t="192" w="106" /><ent r="3" t="192" w="226" /></phr><phr n="paragraphs"><ent r="3" t="194" w="130" /><ent r="3" t="194" w="151" /><ent r="3" t="194" w="157" /></phr></stem><stem n="h"><phr n="H"><ent r="64" t="192" w="145" /><ent r="3" t="192" w="229" /><ent r="1000" t="200" w="2" /><ent r="102" t="200" w="5" /><ent r="5" t="219" w="218" /></phr></stem><stem n="j"><phr n="J"><ent r="64" t="192" w="148" /><ent r="3" t="192" w="231" /><ent r="1000" t="201" w="2" /><ent r="102" t="201" w="5" /></phr></stem><stem n="unload"><phr n="Unload"><ent r="82" t="192" w="193" /><ent r="3" t="192" w="198" /></phr></stem><stem n="tabular"><phr n="tabular"><ent r="3" t="192" w="233" /></phr></stem><stem n="curv"><phr n="curves"><ent r="4" t="192" w="342" /><ent r="4" t="192" w="363" /><ent r="4" t="192" w="378" /></phr></stem><stem n="“envi”."><phr n="“ENVI”."><ent r="3" t="193" w="30" /></phr></stem><stem n="keyword"><phr n="Keywords"><ent r="3" t="193" w="30" /></phr><phr n="keywords"><ent r="3" t="193" w="75" /></phr></stem><stem n="user'"><phr n="User's"><ent r="5" t="193" w="58" /><ent r="5" t="193" w="57" /></phr></stem><stem n="guid"><phr n="Guide"><ent r="5" t="193" w="59" /></phr></stem><stem n="3.4"><phr n="3.4"><ent r="5" t="193" w="64" /><ent r="5" t="193" w="63" /></phr></stem><stem n="3.4."><phr n="3.4."><ent r="5" t="193" w="64" /><ent r="5" t="193" w="63" /></phr></stem><stem n=".4."><phr n=".4."><ent r="5" t="193" w="65" /></phr></stem><stem n="septemb"><phr n="September"><ent r="5" t="193" w="65" /></phr></stem><stem n="2000"><phr n="2000"><ent r="5" t="193" w="66" /></phr></stem><stem n="copyright"><phr n="Copyright"><ent r="5" t="193" w="68" /></phr></stem><stem n="research"><phr n="Research"><ent r="5" t="193" w="69" /></phr></stem><stem n="inc"><phr n="Inc"><ent r="5" t="193" w="71" /></phr></stem><stem n="(pixels)"><phr n="(pixels)"><ent r="7" t="193" w="96" /></phr></stem><stem n="embed"><phr n="embedded"><ent r="7" t="193" w="133" /></phr></stem><stem n="128"><phr n="128"><ent r="7" t="193" w="142" /></phr></stem><stem n="erda"><phr n="ERDAS"><ent r="7" t="193" w="145" /></phr></stem><stem n=".5"><phr n=".5"><ent r="7" t="193" w="147" /><ent r="3" t="231" w="523" /><ent r="3" t="231" w="544" /></phr></stem><stem n="7.5"><phr n="7.5"><ent r="7" t="193" w="147" /><ent r="7" t="193" w="146" /></phr></stem><stem n=".lan"><phr n=".lan"><ent r="7" t="193" w="148" /></phr></stem><stem n="lan"><phr n="lan"><ent r="7" t="193" w="148" /></phr></stem><stem n="envi-defin"><phr n="ENVI-defined"><ent r="7" t="193" w="167" /></phr></stem><stem n="8-bit"><phr n="8-bit"><ent r="7" t="193" w="192" /></phr></stem><stem n="16-bit"><phr n="16-bit"><ent r="7" t="193" w="197" /><ent r="6" t="193" w="256" /></phr></stem><stem n="2x32"><phr n="2x32"><ent r="6" t="193" w="224" /></phr></stem><stem n="2x32-bit"><phr n="2x32-bit"><ent r="6" t="193" w="224" /></phr></stem><stem n="-imaginari"><phr n="-imaginary"><ent r="6" t="193" w="227" /><ent r="6" t="193" w="227" /><ent r="6" t="193" w="240" /><ent r="6" t="193" w="240" /></phr></stem><stem n="real-imaginari"><phr n="real-imaginary"><ent r="6" t="193" w="227" /><ent r="6" t="193" w="240" /></phr></stem><stem n="2x64"><phr n="2x64"><ent r="6" t="193" w="235" /></phr></stem><stem n="2x64-bit"><phr n="2x64-bit"><ent r="6" t="193" w="235" /></phr></stem><stem n="(not"><phr n="(not"><ent r="6" t="193" w="246" /><ent r="6" t="193" w="273" /><ent r="7" t="193" w="288" /></phr></stem><stem n="comet"><phr n="COMET"><ent r="57" t="193" w="250" /><ent r="57" t="193" w="277" /><ent r="58" t="193" w="292" /><ent r="57" t="193" w="466" /></phr></stem><stem n="12"><phr n="12"><ent r="6" t="193" w="255" /></phr></stem><stem n="13"><phr n="13"><ent r="6" t="193" w="261" /><ent r="3" t="193" w="766" /></phr></stem><stem n="14"><phr n="14"><ent r="6" t="193" w="268" /></phr></stem><stem n="interleav"><phr n="interleave"><ent r="7" t="193" w="297" /><ent r="3" t="193" w="741" /><ent r="3" t="202" w="239" /><ent r="3" t="202" w="287" /><ent r="4" t="202" w="393" /><ent r="4" t="202" w="604" /></phr><phr n="interleaved"><ent r="7" t="193" w="309" /><ent r="7" t="193" w="315" /></phr><phr n="Interleave"><ent r="92" t="202" w="217" /><ent r="4" t="202" w="223" /><ent r="4" t="202" w="544" /><ent r="3" t="202" w="663" /></phr><phr n="interleaving"><ent r="4" t="202" w="557" /><ent r="3" t="202" w="658" /><ent r="3" t="202" w="720" /></phr></stem><stem n="sequenti"><phr n="sequential"><ent r="7" t="193" w="306" /></phr></stem><stem n="bsq"><phr n="BSQ"><ent r="7" t="193" w="307" /><ent r="3" t="202" w="235" /><ent r="3" t="202" w="275" /><ent r="3" t="202" w="313" /></phr><phr n="bsq"><ent r="3" t="193" w="742" /></phr></stem><stem n="(bsq),"><phr n="(BSQ),"><ent r="7" t="193" w="308" /></phr></stem><stem n="(bip),"><phr n="(BIP),"><ent r="7" t="193" w="313" /></phr></stem><stem n="bil"><phr n="BIL"><ent r="7" t="193" w="318" /><ent r="3" t="202" w="232" /><ent r="3" t="202" w="315" /></phr></stem><stem n="(bil)."><phr n="(BIL)."><ent r="7" t="193" w="319" /></phr></stem><stem n="instrument"><phr n="instruments"><ent r="7" t="193" w="326" /></phr></stem><stem n="tm"><phr n="TM"><ent r="7" t="193" w="330" /><ent r="3" t="193" w="747" /></phr><phr n="tm"><ent r="3" t="193" w="803" /><ent r="3" t="193" w="809" /><ent r="3" t="193" w="815" /><ent r="3" t="193" w="821" /><ent r="3" t="193" w="827" /><ent r="3" t="193" w="833" /><ent r="3" t="193" w="839" /></phr></stem><stem n="spot"><phr n="SPOT"><ent r="7" t="193" w="331" /></phr></stem><stem n="radarsat"><phr n="RadarSat"><ent r="7" t="193" w="332" /></phr></stem><stem n="=0"><phr n="=0"><ent r="7" t="193" w="359" /></phr></stem><stem n="signific"><phr n="Significant"><ent r="7" t="193" w="362" /><ent r="7" t="193" w="378" /></phr><phr n="significant"><ent r="3" t="217" w="206" /></phr></stem><stem n="lsf"><phr n="LSF"><ent r="7" t="193" w="365" /></phr></stem><stem n="(lsf)"><phr n="(LSF)"><ent r="7" t="193" w="366" /></phr></stem><stem n="(dec"><phr n="(DEC"><ent r="7" t="193" w="367" /></phr></stem><stem n="dec"><phr n="DEC"><ent r="7" t="193" w="367" /></phr><phr n="Dec"><ent r="3" t="193" w="712" /></phr></stem><stem n="-do"><phr n="-DOS"><ent r="7" t="193" w="369" /><ent r="7" t="193" w="369" /></phr></stem><stem n="ms"><phr n="MS"><ent r="7" t="193" w="369" /></phr></stem><stem n="ms-do"><phr n="MS-DOS"><ent r="7" t="193" w="369" /></phr></stem><stem n="=1"><phr n="=1"><ent r="7" t="193" w="375" /></phr></stem><stem n="msf"><phr n="MSF"><ent r="7" t="193" w="381" /></phr></stem><stem n="(msf)"><phr n="(MSF)"><ent r="7" t="193" w="382" /></phr></stem><stem n="(all"><phr n="(all"><ent r="7" t="193" w="383" /></phr></stem><stem n="sun"><phr n="SUN"><ent r="7" t="193" w="385" /></phr></stem><stem n="sgi"><phr n="SGI"><ent r="7" t="193" w="386" /></phr></stem><stem n="ibm"><phr n="IBM"><ent r="7" t="193" w="387" /></phr></stem><stem n="hp"><phr n="HP"><ent r="7" t="193" w="388" /></phr></stem><stem n="dg"><phr n="DG"><ent r="7" t="193" w="389" /></phr></stem><stem n="-start"><phr n="-start"><ent r="7" t="193" w="391" /><ent r="7" t="193" w="391" /><ent r="7" t="193" w="394" /><ent r="7" t="193" w="394" /></phr></stem><stem n="x-start"><phr n="x-start"><ent r="7" t="193" w="391" /></phr></stem><stem n="y-start"><phr n="y-start"><ent r="7" t="193" w="394" /></phr></stem><stem n="magic"><phr n="magic"><ent r="7" t="193" w="430" /><ent r="7" t="193" w="434" /><ent r="7" t="193" w="438" /><ent r="7" t="193" w="441" /></phr></stem><stem n="zone"><phr n="Zone"><ent r="7" t="193" w="451" /></phr></stem><stem n="“north”"><phr n="“North”"><ent r="7" t="193" w="453" /></phr></stem><stem n="“south”"><phr n="“South”"><ent r="7" t="193" w="455" /></phr></stem><stem n="titl"><phr n="titles"><ent r="7" t="193" w="545" /><ent r="7" t="193" w="555" /><ent r="3" t="193" w="779" /></phr></stem><stem n="-georeferenc"><phr n="-georeferenced"><ent r="7" t="193" w="572" /><ent r="7" t="193" w="572" /></phr></stem><stem n="non-georeferenc"><phr n="non-georeferenced"><ent r="7" t="193" w="572" /></phr></stem><stem n="(%"><phr n="(%"><ent r="7" t="193" w="584" /></phr></stem><stem n="gaussian"><phr n="Gaussian"><ent r="7" t="193" w="587" /></phr></stem><stem n="-width-half-max"><phr n="-width-half-max"><ent r="7" t="193" w="642" /><ent r="7" t="193" w="644" /></phr></stem><stem n="full-width"><phr n="full-width"><ent r="7" t="193" w="642" /></phr></stem><stem n="full-width-half"><phr n="full-width-half"><ent r="7" t="193" w="642" /></phr></stem><stem n="full-width-half-max"><phr n="full-width-half-max"><ent r="7" t="193" w="642" /></phr></stem><stem n="width-half"><phr n="width-half"><ent r="7" t="193" w="643" /></phr></stem><stem n="width-half-max"><phr n="width-half-max"><ent r="7" t="193" w="643" /></phr></stem><stem n="half-max"><phr n="half-max"><ent r="7" t="193" w="644" /></phr></stem><stem n="bbl"><phr n="bbl"><ent r="7" t="193" w="664" /></phr></stem><stem n="good"><phr n="good"><ent r="7" t="193" w="686" /></phr></stem><stem n="{"><phr n="{"><ent r="3" t="193" w="701" /><ent r="3" t="193" w="798" /><ent r="3" t="193" w="843" /><ent r="3" t="193" w="860" /></phr></stem><stem n="registr"><phr n="Registration"><ent r="3" t="193" w="702" /></phr></stem><stem n="1st"><phr n="1st"><ent r="3" t="193" w="705" /></phr></stem><stem n="nearest"><phr n="nearest"><ent r="3" t="193" w="709" /></phr></stem><stem n="neighbor"><phr n="neighbor"><ent r="3" t="193" w="710" /></phr></stem><stem n="[wed"><phr n="[Wed"><ent r="3" t="193" w="711" /></phr></stem><stem n="wed"><phr n="Wed"><ent r="3" t="193" w="711" /></phr></stem><stem n="23"><phr n="23"><ent r="3" t="193" w="714" /></phr></stem><stem n="59"><phr n="59"><ent r="3" t="193" w="715" /></phr></stem><stem n=":59:19"><phr n=":59:19"><ent r="3" t="193" w="716" /></phr></stem><stem n="1995"><phr n="1995"><ent r="3" t="193" w="717" /></phr></stem><stem n="]"><phr n="]"><ent r="3" t="193" w="718" /></phr></stem><stem n="}"><phr n="}"><ent r="3" t="193" w="718" /><ent r="3" t="193" w="768" /><ent r="3" t="193" w="782" /></phr></stem></index>