﻿<?xml version="1.0" encoding="utf-8"?><index><stem n=".&quot;"><phr n=".&quot;"><ent r="3" t="37" w="32" /><ent r="4" t="62" w="127" /></phr></stem><stem n="particularli"><phr n="particularly"><ent r="3" t="37" w="36" /><ent r="3" t="162" w="85" /></phr></stem><stem n="differ"><phr n="different"><ent r="3" t="37" w="51" /><ent r="3" t="42" w="43" /><ent r="3" t="43" w="311" /><ent r="4" t="47" w="111" /><ent r="3" t="55" w="151" /><ent r="3" t="66" w="281" /><ent r="4" t="72" w="156" /><ent r="3" t="88" w="305" /><ent r="4" t="110" w="107" /><ent r="3" t="117" w="205" /><ent r="3" t="143" w="72" /><ent r="3" t="153" w="20" /><ent r="3" t="153" w="214" /><ent r="4" t="153" w="720" /><ent r="3" t="156" w="58" /><ent r="4" t="157" w="52" /><ent r="3" t="158" w="43" /><ent r="4" t="160" w="347" /><ent r="7" t="162" w="296" /><ent r="7" t="163" w="513" /><ent r="3" t="163" w="1240" /><ent r="3" t="163" w="1259" /><ent r="3" t="163" w="1450" /><ent r="7" t="164" w="663" /><ent r="7" t="165" w="375" /><ent r="3" t="166" w="131" /><ent r="7" t="166" w="335" /><ent r="3" t="166" w="746" /><ent r="4" t="166" w="1154" /><ent r="7" t="167" w="613" /><ent r="7" t="168" w="598" /><ent r="7" t="169" w="489" /><ent r="7" t="170" w="503" /><ent r="5" t="171" w="164" /><ent r="7" t="171" w="400" /><ent r="3" t="178" w="84" /><ent r="3" t="178" w="180" /><ent r="3" t="188" w="636" /><ent r="3" t="202" w="189" /></phr><phr n="Different"><ent r="5" t="151" w="315" /></phr><phr n="Difference"><ent r="3" t="164" w="280" /><ent r="3" t="164" w="1860" /></phr><phr n="difference"><ent r="5" t="202" w="162" /><ent r="3" t="202" w="196" /></phr></stem><stem n="'s"><phr n="'s"><ent r="3" t="37" w="111" /><ent r="4" t="62" w="114" /><ent r="3" t="88" w="292" /><ent r="4" t="99" w="441" /><ent r="3" t="112" w="193" /><ent r="3" t="164" w="2483" /><ent r="4" t="164" w="2759" /><ent r="4" t="166" w="928" /><ent r="5" t="179" w="58" /></phr></stem><stem n="mouse'"><phr n="mouse's"><ent r="3" t="37" w="111" /><ent r="3" t="37" w="110" /></phr></stem><stem n="closer"><phr n="closer"><ent r="3" t="37" w="118" /><ent r="4" t="99" w="528" /><ent r="3" t="164" w="2053" /></phr></stem><stem n="slower"><phr n="slower"><ent r="3" t="37" w="127" /><ent r="4" t="160" w="283" /><ent r="4" t="188" w="490" /></phr></stem><stem n="exit"><phr n="exit"><ent r="3" t="37" w="133" /><ent r="4" t="164" w="1936" /><ent r="4" t="169" w="1283" /></phr><phr n="Exit"><ent r="5" t="171" w="1549" /><ent r="7" t="177" w="106" /></phr></stem><stem n="-clockwis"><phr n="-clockwise"><ent r="7" t="38" w="81" /><ent r="7" t="38" w="81" /></phr></stem><stem n="counter"><phr n="counter"><ent r="7" t="38" w="81" /></phr></stem><stem n="counter-clockwis"><phr n="counter-clockwise"><ent r="7" t="38" w="81" /></phr></stem><stem n="free"><phr n="Free"><ent r="7" t="38" w="162" /><ent r="4" t="163" w="1005" /></phr><phr n="free"><ent r="3" t="77" w="59" /></phr></stem><stem n="(you"><phr n="(You"><ent r="3" t="39" w="24" /><ent r="3" t="105" w="409" /><ent r="3" t="204" w="37" /></phr></stem><stem n="level"><phr n="level"><ent r="3" t="39" w="31" /><ent r="3" t="41" w="273" /><ent r="3" t="69" w="403" /><ent r="4" t="98" w="291" /><ent r="3" t="100" w="135" /><ent r="3" t="100" w="153" /><ent r="3" t="129" w="19" /><ent r="3" t="129" w="70" /><ent r="3" t="131" w="362" /><ent r="4" t="158" w="231" /><ent r="82" t="162" w="70" /><ent r="3" t="163" w="832" /><ent r="3" t="164" w="345" /><ent r="3" t="166" w="934" /><ent r="3" t="170" w="1847" /><ent r="3" t="170" w="1928" /><ent r="3" t="213" w="54" /><ent r="3" t="213" w="71" /><ent r="3" t="213" w="474" /></phr><phr n="Level"><ent r="5" t="129" w="211" /><ent r="5" t="129" w="296" /><ent r="4" t="129" w="422" /><ent r="4" t="131" w="390" /></phr><phr n="levels"><ent r="3" t="129" w="406" /><ent r="3" t="163" w="156" /><ent r="4" t="170" w="1710" /></phr></stem><stem n="center"><phr n="Center"><ent r="5" t="39" w="86" /><ent r="4" t="43" w="386" /><ent r="3" t="57" w="179" /><ent r="4" t="165" w="950" /></phr><phr n="center"><ent r="4" t="39" w="97" /><ent r="4" t="39" w="218" /><ent r="3" t="43" w="367" /><ent r="3" t="43" w="382" /><ent r="3" t="43" w="397" /><ent r="3" t="57" w="181" /><ent r="3" t="91" w="48" /><ent r="3" t="141" w="234" /><ent r="3" t="143" w="253" /><ent r="4" t="158" w="135" /><ent r="4" t="163" w="1029" /><ent r="4" t="164" w="1673" /><ent r="4" t="164" w="2409" /><ent r="4" t="166" w="834" /><ent r="3" t="166" w="1457" /><ent r="4" t="169" w="692" /><ent r="7" t="179" w="618" /></phr><phr n="centers"><ent r="3" t="57" w="208" /><ent r="4" t="164" w="2862" /></phr></stem><stem n="-menu"><phr n="-menu"><ent r="4" t="39" w="103" /><ent r="4" t="39" w="103" /><ent r="4" t="39" w="128" /><ent r="4" t="39" w="128" /><ent r="4" t="39" w="160" /><ent r="4" t="39" w="160" /><ent r="4" t="78" w="107" /><ent r="4" t="78" w="107" /><ent r="3" t="113" w="307" /><ent r="3" t="113" w="307" /><ent r="3" t="113" w="439" /><ent r="3" t="113" w="439" /><ent r="3" t="113" w="587" /><ent r="3" t="113" w="587" /></phr></stem><stem n="percent"><phr n="Percent"><ent r="5" t="39" w="144" /></phr><phr n="percent"><ent r="4" t="41" w="260" /><ent r="4" t="41" w="266" /><ent r="3" t="96" w="222" /><ent r="3" t="96" w="228" /><ent r="3" t="131" w="533" /></phr></stem><stem n="so"><phr n="so"><ent r="4" t="39" w="193" /><ent r="3" t="42" w="184" /><ent r="4" t="42" w="217" /><ent r="4" t="51" w="208" /><ent r="4" t="64" w="70" /><ent r="4" t="71" w="84" /><ent r="4" t="98" w="267" /><ent r="5" t="106" w="202" /><ent r="3" t="114" w="847" /><ent r="3" t="151" w="116" /><ent r="3" t="153" w="657" /><ent r="3" t="161" w="52" /><ent r="3" t="163" w="280" /><ent r="4" t="163" w="2043" /><ent r="3" t="164" w="339" /><ent r="4" t="164" w="1516" /><ent r="3" t="164" w="2031" /><ent r="4" t="164" w="2197" /><ent r="4" t="164" w="2607" /><ent r="4" t="164" w="2756" /><ent r="3" t="164" w="2876" /><ent r="4" t="166" w="787" /><ent r="3" t="168" w="763" /><ent r="3" t="170" w="1558" /><ent r="4" t="171" w="648" /><ent r="4" t="171" w="804" /><ent r="3" t="171" w="1277" /><ent r="6" t="171" w="1450" /><ent r="3" t="176" w="64" /><ent r="4" t="188" w="461" /><ent r="3" t="213" w="431" /><ent r="7" t="217" w="131" /></phr><phr n="So"><ent r="3" t="162" w="149" /><ent r="3" t="170" w="1206" /></phr></stem><stem n="normal"><phr n="Normally"><ent r="3" t="40" w="12" /></phr><phr n="normal"><ent r="3" t="145" w="153" /><ent r="4" t="156" w="289" /><ent r="3" t="163" w="760" /></phr><phr n="Normalized"><ent r="3" t="164" w="279" /><ent r="3" t="164" w="1859" /></phr></stem><stem n="prepar"><phr n="prepares"><ent r="3" t="40" w="14" /></phr></stem><stem n="portion"><phr n="portions"><ent r="3" t="40" w="15" /></phr><phr n="portion"><ent r="3" t="40" w="47" /><ent r="4" t="51" w="104" /><ent r="3" t="165" w="836" /><ent r="4" t="169" w="834" /></phr></stem><stem n="'re"><phr n="'re"><ent r="3" t="40" w="23" /><ent r="3" t="68" w="31" /><ent r="3" t="73" w="334" /><ent r="3" t="90" w="21" /><ent r="3" t="90" w="54" /><ent r="4" t="151" w="172" /><ent r="4" t="160" w="194" /><ent r="3" t="188" w="176" /></phr></stem><stem n="they'r"><phr n="they're"><ent r="3" t="40" w="23" /><ent r="3" t="40" w="22" /></phr></stem><stem n="re"><phr n="re"><ent r="3" t="40" w="23" /><ent r="3" t="68" w="31" /><ent r="3" t="73" w="334" /><ent r="3" t="90" w="21" /><ent r="3" t="90" w="54" /><ent r="4" t="143" w="152" /><ent r="4" t="146" w="73" /><ent r="4" t="149" w="91" /><ent r="4" t="151" w="172" /><ent r="4" t="160" w="194" /><ent r="6" t="163" w="2351" /><ent r="3" t="171" w="1262" /><ent r="3" t="188" w="176" /><ent r="4" t="188" w="521" /><ent r="3" t="188" w="622" /><ent r="3" t="188" w="669" /></phr><phr n="Re"><ent r="3" t="128" w="663" /><ent r="4" t="166" w="1483" /><ent r="4" t="168" w="911" /><ent r="3" t="188" w="684" /></phr></stem><stem n="take"><phr n="takes"><ent r="3" t="40" w="26" /></phr><phr n="take"><ent r="3" t="99" w="183" /><ent r="4" t="99" w="286" /><ent r="4" t="188" w="384" /><ent r="4" t="188" w="573" /><ent r="4" t="188" w="605" /></phr><phr n="Take"><ent r="5" t="204" w="322" /></phr></stem><stem n="notic"><phr n="noticeable"><ent r="3" t="40" w="30" /></phr><phr n="notice"><ent r="4" t="157" w="101" /><ent r="4" t="163" w="1798" /><ent r="3" t="166" w="505" /><ent r="5" t="202" w="160" /></phr><phr n="Notice"><ent r="4" t="163" w="1394" /><ent r="3" t="164" w="816" /><ent r="3" t="164" w="949" /><ent r="4" t="164" w="1089" /><ent r="4" t="164" w="2413" /><ent r="4" t="169" w="741" /><ent r="4" t="170" w="1505" /></phr></stem><stem n="caus"><phr n="cause"><ent r="3" t="40" w="36" /></phr></stem><stem n="smooth"><phr n="smooth"><ent r="3" t="40" w="38" /><ent r="3" t="40" w="103" /><ent r="3" t="40" w="119" /><ent r="3" t="40" w="153" /><ent r="3" t="40" w="166" /><ent r="3" t="99" w="244" /><ent r="3" t="99" w="315" /></phr><phr n="Smooth"><ent r="4" t="141" w="306" /></phr><phr n="smoothed"><ent r="3" t="141" w="328" /></phr><phr n="smoothing"><ent r="4" t="161" w="187" /><ent r="4" t="161" w="196" /><ent r="4" t="161" w="205" /></phr></stem><stem n="hesit"><phr n="hesitate"><ent r="3" t="40" w="42" /></phr><phr n="hesitation"><ent r="3" t="40" w="55" /></phr></stem><stem n="avoid"><phr n="avoid"><ent r="3" t="40" w="53" /></phr></stem><stem n="hardwar"><phr n="hardware"><ent r="3" t="40" w="117" /><ent r="4" t="146" w="597" /><ent r="4" t="151" w="750" /><ent r="3" t="175" w="199" /></phr></stem><stem n="redraw"><phr n="redraw"><ent r="3" t="40" w="123" /><ent r="3" t="40" w="141" /></phr></stem><stem n="fast"><phr n="fast"><ent r="3" t="40" w="125" /><ent r="3" t="99" w="242" /><ent r="3" t="175" w="18" /><ent r="3" t="205" w="58" /></phr><phr n="Fast"><ent r="4" t="99" w="267" /><ent r="5" t="138" w="236" /></phr></stem><stem n="capabl"><phr n="capable"><ent r="3" t="40" w="130" /><ent r="3" t="156" w="115" /></phr><phr n="capabilities"><ent r="3" t="43" w="70" /><ent r="3" t="171" w="141" /><ent r="3" t="213" w="233" /><ent r="3" t="213" w="256" /></phr><phr n="capability"><ent r="4" t="146" w="582" /><ent r="4" t="151" w="735" /></phr></stem><stem n="rapidli"><phr n="rapidly"><ent r="3" t="40" w="168" /></phr></stem><stem n="depict"><phr n="depicting"><ent r="4" t="41" w="75" /></phr></stem><stem n="left-click"><phr n="Left-click"><ent r="3" t="41" w="86" /></phr></stem><stem n="shift+left"><phr n="Shift+left"><ent r="3" t="41" w="98" /></phr><phr n="Shift+Left"><ent r="4" t="161" w="323" /></phr></stem><stem n="shift+left-click"><phr n="Shift+left-click"><ent r="3" t="41" w="98" /></phr></stem><stem n="trail"><phr n="Trail"><ent r="92" t="41" w="118" /><ent r="4" t="41" w="184" /><ent r="4" t="41" w="203" /><ent r="5" t="41" w="233" /><ent r="4" t="41" w="240" /><ent r="4" t="41" w="304" /><ent r="5" t="96" w="179" /></phr><phr n="trail"><ent r="3" t="41" w="130" /><ent r="3" t="41" w="142" /><ent r="3" t="41" w="153" /><ent r="4" t="41" w="171" /><ent r="4" t="41" w="190" /><ent r="4" t="41" w="252" /><ent r="4" t="41" w="316" /><ent r="3" t="41" w="338" /><ent r="4" t="95" w="26" /><ent r="4" t="95" w="39" /><ent r="3" t="96" w="21" /><ent r="3" t="96" w="36" /><ent r="3" t="96" w="89" /><ent r="3" t="96" w="101" /><ent r="3" t="96" w="114" /><ent r="3" t="96" w="192" /><ent r="3" t="96" w="214" /><ent r="3" t="96" w="238" /></phr></stem><stem n="leav"><phr n="leaves"><ent r="3" t="41" w="126" /><ent r="3" t="96" w="85" /></phr><phr n="leave"><ent r="3" t="55" w="206" /><ent r="3" t="75" w="53" /><ent r="4" t="88" w="233" /><ent r="3" t="141" w="355" /><ent r="3" t="142" w="147" /><ent r="3" t="143" w="181" /><ent r="3" t="144" w="185" /><ent r="3" t="145" w="84" /><ent r="3" t="146" w="102" /><ent r="3" t="147" w="257" /><ent r="3" t="148" w="186" /><ent r="3" t="149" w="120" /><ent r="3" t="150" w="216" /><ent r="3" t="151" w="201" /><ent r="3" t="153" w="934" /><ent r="4" t="154" w="229" /><ent r="3" t="164" w="1493" /><ent r="4" t="165" w="1313" /><ent r="3" t="166" w="667" /></phr><phr n="Leave"><ent r="4" t="163" w="2109" /></phr></stem><stem n="&quot;snail"><phr n="&quot;snail"><ent r="3" t="41" w="129" /><ent r="3" t="96" w="88" /></phr></stem><stem n="snail"><phr n="snail"><ent r="3" t="41" w="129" /><ent r="3" t="96" w="88" /></phr></stem><stem n="&quot;"><phr n="&quot;"><ent r="3" t="41" w="131" /><ent r="4" t="44" w="167" /><ent r="4" t="44" w="221" /><ent r="3" t="46" w="99" /><ent r="3" t="96" w="90" /><ent r="3" t="99" w="478" /><ent r="3" t="99" w="491" /><ent r="3" t="99" w="506" /><ent r="3" t="128" w="37" /><ent r="3" t="128" w="45" /><ent r="4" t="164" w="1335" /><ent r="6" t="171" w="1447" /><ent r="3" t="188" w="100" /></phr></stem><stem n="'ve"><phr n="'ve"><ent r="3" t="41" w="134" /><ent r="3" t="96" w="93" /><ent r="3" t="128" w="321" /><ent r="4" t="166" w="424" /></phr></stem><stem n="you'v"><phr n="you've"><ent r="3" t="41" w="134" /><ent r="3" t="41" w="133" /><ent r="3" t="96" w="93" /><ent r="3" t="96" w="92" /><ent r="3" t="128" w="321" /><ent r="3" t="128" w="320" /><ent r="4" t="166" w="424" /><ent r="4" t="166" w="423" /></phr></stem><stem n="ve"><phr n="ve"><ent r="3" t="41" w="134" /><ent r="3" t="96" w="93" /><ent r="3" t="118" w="12" /><ent r="3" t="128" w="321" /><ent r="4" t="166" w="424" /></phr></stem><stem n="look"><phr n="looked"><ent r="3" t="41" w="135" /><ent r="3" t="96" w="94" /></phr><phr n="looking"><ent r="3" t="42" w="35" /></phr><phr n="look"><ent r="3" t="113" w="267" /><ent r="3" t="113" w="409" /><ent r="3" t="113" w="547" /><ent r="4" t="163" w="2009" /><ent r="4" t="167" w="976" /><ent r="4" t="171" w="1192" /><ent r="3" t="171" w="1415" /><ent r="3" t="202" w="187" /></phr><phr n="looks"><ent r="4" t="133" w="152" /><ent r="4" t="153" w="718" /><ent r="4" t="171" w="809" /></phr><phr n="Look"><ent r="1000" t="156" w="4" /><ent r="100" t="156" w="11" /><ent r="100" t="156" w="20" /><ent r="102" t="156" w="27" /><ent r="3" t="156" w="36" /><ent r="64" t="156" w="316" /><ent r="1000" t="157" w="4" /><ent r="100" t="157" w="11" /><ent r="102" t="157" w="21" /><ent r="4" t="157" w="150" /><ent r="5" t="157" w="159" /><ent r="4" t="157" w="277" /><ent r="3" t="159" w="15" /><ent r="64" t="162" w="356" /><ent r="1000" t="166" w="3" /><ent r="100" t="166" w="10" /><ent r="102" t="166" w="20" /><ent r="3" t="166" w="59" /><ent r="4" t="166" w="80" /><ent r="4" t="166" w="109" /><ent r="4" t="166" w="397" /><ent r="3" t="166" w="405" /><ent r="4" t="166" w="415" /><ent r="3" t="166" w="640" /><ent r="4" t="166" w="697" /><ent r="4" t="166" w="779" /><ent r="4" t="166" w="948" /><ent r="4" t="166" w="1487" /><ent r="3" t="166" w="1556" /></phr></stem><stem n="opac"><phr n="opacity"><ent r="3" t="41" w="147" /><ent r="4" t="41" w="221" /><ent r="5" t="41" w="234" /><ent r="4" t="41" w="247" /><ent r="3" t="96" w="108" /><ent r="4" t="133" w="167" /><ent r="4" t="146" w="155" /><ent r="4" t="151" w="273" /></phr><phr n="Opacity"><ent r="4" t="41" w="241" /><ent r="4" t="96" w="208" /><ent r="5" t="146" w="151" /><ent r="5" t="151" w="269" /></phr></stem><stem n="snapshot"><phr n="snapshot"><ent r="3" t="41" w="159" /><ent r="100" t="44" w="8" /><ent r="100" t="44" w="12" /><ent r="3" t="44" w="31" /><ent r="3" t="44" w="72" /><ent r="3" t="44" w="86" /><ent r="4" t="44" w="109" /><ent r="5" t="44" w="157" /><ent r="4" t="44" w="166" /><ent r="4" t="44" w="180" /><ent r="5" t="44" w="211" /><ent r="4" t="44" w="220" /><ent r="4" t="44" w="246" /><ent r="5" t="204" w="324" /></phr><phr n="Snapshot"><ent r="1000" t="44" w="3" /><ent r="102" t="44" w="6" /><ent r="3" t="44" w="225" /><ent r="4" t="44" w="233" /><ent r="92" t="98" w="312" /></phr></stem><stem n="clear"><phr n="Clear"><ent r="4" t="41" w="182" /><ent r="3" t="154" w="284" /><ent r="92" t="197" w="118" /><ent r="4" t="197" w="139" /><ent r="92" t="209" w="266" /><ent r="5" t="209" w="314" /></phr><phr n="clear"><ent r="4" t="63" w="85" /><ent r="3" t="63" w="104" /><ent r="3" t="154" w="278" /><ent r="3" t="209" w="25" /></phr></stem><stem n="opaqu"><phr n="opaque"><ent r="4" t="41" w="250" /><ent r="4" t="41" w="269" /><ent r="3" t="96" w="212" /><ent r="3" t="96" w="231" /><ent r="4" t="161" w="255" /><ent r="3" t="166" w="1390" /><ent r="6" t="208" w="62" /></phr></stem><stem n="zero"><phr n="Zero"><ent r="4" t="41" w="259" /><ent r="3" t="96" w="221" /></phr><phr n="zero"><ent r="3" t="153" w="679" /><ent r="7" t="179" w="679" /></phr></stem><stem n="complet"><phr n="completely"><ent r="4" t="41" w="262" /><ent r="4" t="41" w="268" /><ent r="3" t="96" w="224" /><ent r="3" t="96" w="230" /><ent r="4" t="166" w="1356" /><ent r="4" t="169" w="222" /><ent r="5" t="171" w="176" /><ent r="4" t="171" w="525" /></phr><phr n="complete"><ent r="4" t="64" w="113" /><ent r="3" t="100" w="195" /><ent r="3" t="102" w="40" /><ent r="4" t="163" w="583" /><ent r="4" t="163" w="2296" /><ent r="3" t="164" w="242" /><ent r="4" t="165" w="812" /><ent r="4" t="165" w="995" /><ent r="4" t="169" w="262" /><ent r="3" t="170" w="971" /><ent r="3" t="213" w="84" /></phr><phr n="completion"><ent r="4" t="73" w="383" /><ent r="3" t="164" w="2133" /></phr><phr n="completed"><ent r="3" t="94" w="98" /><ent r="3" t="94" w="217" /><ent r="4" t="94" w="238" /><ent r="3" t="118" w="13" /><ent r="4" t="160" w="325" /><ent r="4" t="165" w="1453" /></phr><phr n="completes"><ent r="3" t="94" w="103" /></phr></stem><stem n="transpar"><phr n="transparent"><ent r="4" t="41" w="263" /><ent r="3" t="96" w="225" /><ent r="4" t="161" w="253" /><ent r="4" t="166" w="1357" /><ent r="3" t="166" w="1388" /><ent r="6" t="208" w="53" /></phr><phr n="transparency"><ent r="3" t="161" w="58" /><ent r="3" t="161" w="238" /><ent r="4" t="161" w="246" /><ent r="4" t="161" w="251" /><ent r="3" t="166" w="1250" /><ent r="3" t="166" w="1373" /><ent r="3" t="166" w="1381" /><ent r="3" t="166" w="1386" /><ent r="6" t="208" w="35" /></phr></stem><stem n="hundr"><phr n="hundred"><ent r="4" t="41" w="265" /><ent r="3" t="96" w="227" /></phr></stem><stem n="won"><phr n="won"><ent r="4" t="41" w="312" /><ent r="3" t="73" w="362" /><ent r="3" t="96" w="234" /><ent r="4" t="99" w="380" /><ent r="3" t="165" w="1471" /></phr></stem><stem n="'t"><phr n="'t"><ent r="4" t="41" w="313" /><ent r="3" t="73" w="363" /><ent r="3" t="96" w="235" /><ent r="4" t="98" w="507" /><ent r="4" t="98" w="511" /><ent r="4" t="99" w="381" /><ent r="4" t="99" w="524" /><ent r="4" t="99" w="539" /><ent r="3" t="141" w="50" /><ent r="3" t="159" w="97" /><ent r="4" t="164" w="2308" /><ent r="3" t="165" w="1472" /><ent r="3" t="170" w="1192" /><ent r="6" t="171" w="1453" /><ent r="92" t="192" w="98" /><ent r="3" t="202" w="186" /></phr></stem><stem n="won't"><phr n="won't"><ent r="4" t="41" w="313" /><ent r="4" t="41" w="312" /><ent r="3" t="73" w="363" /><ent r="3" t="73" w="362" /><ent r="3" t="96" w="235" /><ent r="3" t="96" w="234" /><ent r="4" t="99" w="381" /><ent r="4" t="99" w="380" /><ent r="3" t="165" w="1472" /><ent r="3" t="165" w="1471" /></phr></stem><stem n="reach"><phr n="reach"><ent r="4" t="41" w="319" /><ent r="3" t="96" w="241" /></phr></stem><stem n=":link/unliink"><phr n=":link/unliink"><ent r="100" t="42" w="7" /></phr></stem><stem n="link/unliink"><phr n="link/unliink"><ent r="100" t="42" w="7" /><ent r="100" t="42" w="6" /></phr></stem><stem n="unliink"><phr n="unliink"><ent r="100" t="42" w="7" /></phr></stem><stem n="aspect"><phr n="aspects"><ent r="3" t="42" w="25" /><ent r="3" t="42" w="52" /></phr><phr n="aspect"><ent r="4" t="44" w="255" /><ent r="3" t="98" w="406" /><ent r="3" t="131" w="210" /><ent r="3" t="131" w="313" /><ent r="3" t="131" w="517" /><ent r="3" t="131" w="681" /><ent r="3" t="198" w="81" /><ent r="4" t="199" w="48" /><ent r="3" t="200" w="86" /><ent r="4" t="201" w="66" /><ent r="4" t="202" w="77" /><ent r="4" t="203" w="51" /></phr><phr n="Aspect"><ent r="4" t="44" w="260" /><ent r="3" t="198" w="86" /><ent r="4" t="199" w="53" /><ent r="3" t="200" w="91" /><ent r="4" t="201" w="71" /><ent r="4" t="202" w="82" /><ent r="4" t="203" w="56" /></phr></stem><stem n="taken"><phr n="taken"><ent r="3" t="42" w="40" /><ent r="3" t="44" w="74" /><ent r="3" t="156" w="56" /><ent r="3" t="166" w="46" /><ent r="3" t="166" w="129" /><ent r="3" t="179" w="52" /></phr></stem><stem n="duplic"><phr n="duplicate"><ent r="3" t="42" w="64" /><ent r="4" t="42" w="143" /></phr></stem><stem n="link/unlink."><phr n="Link/Unlink."><ent r="5" t="42" w="94" /><ent r="5" t="42" w="93" /></phr></stem><stem n="/unlink..."><phr n="/Unlink..."><ent r="5" t="42" w="95" /></phr></stem><stem n="sourc"><phr n="source"><ent r="4" t="42" w="121" /><ent r="3" t="42" w="242" /><ent r="3" t="42" w="254" /><ent r="3" t="53" w="102" /><ent r="3" t="53" w="119" /><ent r="3" t="154" w="46" /><ent r="3" t="167" w="1194" /></phr><phr n="Source"><ent r="4" t="164" w="2234" /><ent r="4" t="164" w="2272" /><ent r="3" t="164" w="2345" /></phr></stem><stem n="next&gt;"><phr n="Next&gt;"><ent r="5" t="42" w="133" /><ent r="4" t="42" w="263" /><ent r="5" t="157" w="308" /><ent r="5" t="158" w="288" /><ent r="4" t="159" w="107" /><ent r="5" t="164" w="2240" /><ent r="4" t="164" w="2360" /><ent r="5" t="166" w="692" /><ent r="5" t="166" w="955" /><ent r="5" t="166" w="1088" /></phr></stem><stem n="individu"><phr n="individual"><ent r="4" t="42" w="163" /><ent r="3" t="69" w="423" /><ent r="3" t="75" w="45" /><ent r="4" t="107" w="173" /><ent r="3" t="112" w="107" /><ent r="3" t="112" w="163" /><ent r="3" t="114" w="779" /><ent r="3" t="116" w="131" /><ent r="3" t="117" w="97" /><ent r="3" t="117" w="153" /><ent r="3" t="163" w="211" /><ent r="3" t="165" w="732" /><ent r="3" t="213" w="383" /></phr><phr n="individually"><ent r="3" t="134" w="203" /><ent r="3" t="139" w="241" /><ent r="3" t="140" w="217" /></phr></stem><stem n="both"><phr n="both"><ent r="3" t="42" w="191" /><ent r="4" t="53" w="117" /><ent r="3" t="66" w="27" /><ent r="4" t="73" w="85" /><ent r="4" t="116" w="146" /><ent r="3" t="150" w="55" /><ent r="3" t="155" w="96" /><ent r="4" t="160" w="134" /><ent r="3" t="164" w="178" /><ent r="3" t="164" w="2035" /><ent r="3" t="164" w="2147" /><ent r="4" t="164" w="2198" /><ent r="3" t="164" w="2354" /><ent r="3" t="165" w="48" /><ent r="4" t="166" w="419" /><ent r="3" t="166" w="668" /><ent r="4" t="166" w="1075" /><ent r="3" t="166" w="1186" /><ent r="4" t="169" w="892" /><ent r="3" t="179" w="40" /><ent r="3" t="193" w="96" /><ent r="3" t="213" w="287" /></phr><phr n="Both"><ent r="4" t="166" w="1532" /><ent r="4" t="169" w="995" /></phr></stem><stem n="mirror"><phr n="Mirror"><ent r="5" t="42" w="203" /><ent r="4" t="164" w="2300" /></phr></stem><stem n="/longitud"><phr n="/Longitude"><ent r="5" t="42" w="206" /><ent r="5" t="66" w="238" /><ent r="1000" t="136" w="2" /><ent r="1000" t="149" w="2" /><ent r="100" t="149" w="7" /><ent r="102" t="149" w="17" /><ent r="5" t="149" w="158" /><ent r="4" t="164" w="876" /><ent r="3" t="164" w="933" /><ent r="4" t="164" w="2312" /><ent r="3" t="164" w="2774" /><ent r="6" t="208" w="250" /><ent r="6" t="208" w="312" /><ent r="6" t="208" w="461" /></phr><phr n="/longitude"><ent r="4" t="42" w="216" /><ent r="4" t="67" w="44" /><ent r="4" t="67" w="67" /><ent r="100" t="136" w="12" /><ent r="3" t="164" w="167" /><ent r="3" t="164" w="1655" /><ent r="3" t="164" w="2143" /><ent r="4" t="167" w="668" /><ent r="3" t="213" w="88" /><ent r="3" t="213" w="112" /><ent r="3" t="213" w="173" /><ent r="3" t="213" w="206" /><ent r="3" t="213" w="325" /><ent r="3" t="213" w="377" /><ent r="3" t="213" w="390" /><ent r="3" t="213" w="441" /><ent r="3" t="213" w="462" /></phr></stem><stem n="-wai"><phr n="-Way"><ent r="4" t="42" w="235" /><ent r="4" t="42" w="235" /><ent r="4" t="164" w="2332" /><ent r="4" t="164" w="2332" /></phr></stem><stem n="two-wai"><phr n="Two-Way"><ent r="4" t="42" w="235" /><ent r="4" t="164" w="2332" /></phr></stem><stem n="destin"><phr n="destination"><ent r="3" t="42" w="246" /><ent r="3" t="42" w="250" /><ent r="4" t="42" w="273" /><ent r="3" t="67" w="18" /><ent r="3" t="100" w="479" /><ent r="3" t="213" w="219" /><ent r="3" t="213" w="290" /></phr><phr n="Destination"><ent r="3" t="164" w="2350" /><ent r="4" t="164" w="2382" /></phr></stem><stem n="third"><phr n="third"><ent r="4" t="42" w="268" /></phr></stem><stem n="disabl"><phr n="disabled"><ent r="4" t="42" w="301" /><ent r="3" t="117" w="290" /><ent r="3" t="120" w="82" /><ent r="3" t="149" w="286" /><ent r="4" t="161" w="353" /></phr><phr n="disable"><ent r="5" t="130" w="220" /><ent r="4" t="161" w="195" /><ent r="3" t="207" w="21" /><ent r="4" t="207" w="147" /></phr></stem><stem n="corner"><phr n="Corner"><ent r="3" t="43" w="96" /><ent r="3" t="142" w="318" /><ent r="3" t="147" w="41" /><ent r="3" t="147" w="43" /><ent r="3" t="154" w="48" /><ent r="4" t="164" w="791" /><ent r="4" t="164" w="2117" /><ent r="4" t="164" w="2810" /></phr><phr n="corner"><ent r="3" t="46" w="85" /><ent r="7" t="52" w="80" /><ent r="4" t="67" w="32" /><ent r="3" t="92" w="231" /><ent r="3" t="97" w="42" /><ent r="4" t="163" w="752" /><ent r="4" t="164" w="1017" /><ent r="4" t="165" w="523" /><ent r="4" t="165" w="620" /><ent r="4" t="167" w="1036" /><ent r="4" t="169" w="1281" /><ent r="3" t="170" w="595" /><ent r="4" t="170" w="664" /><ent r="3" t="170" w="835" /></phr><phr n="corners"><ent r="7" t="52" w="90" /><ent r="7" t="52" w="142" /><ent r="4" t="58" w="101" /><ent r="4" t="60" w="121" /><ent r="7" t="173" w="51" /><ent r="7" t="173" w="76" /><ent r="7" t="173" w="121" /></phr></stem><stem n="warn"><phr n="warning"><ent r="3" t="43" w="101" /><ent r="4" t="157" w="100" /><ent r="4" t="165" w="1428" /><ent r="3" t="166" w="504" /><ent r="3" t="166" w="1216" /></phr><phr n="warns"><ent r="4" t="63" w="77" /></phr><phr n="warnings"><ent r="3" t="92" w="71" /></phr></stem><stem n="exact"><phr n="exact"><ent r="4" t="43" w="178" /></phr></stem><stem n="cursor"><phr n="cursor"><ent r="4" t="43" w="190" /><ent r="4" t="99" w="341" /><ent r="3" t="100" w="211" /><ent r="4" t="116" w="48" /><ent r="4" t="163" w="2183" /><ent r="4" t="164" w="1720" /><ent r="4" t="165" w="556" /><ent r="3" t="166" w="1449" /><ent r="3" t="169" w="1115" /><ent r="3" t="169" w="1232" /><ent r="4" t="205" w="201" /><ent r="3" t="213" w="101" /></phr></stem><stem n="(in"><phr n="(in"><ent r="4" t="43" w="192" /><ent r="4" t="164" w="2824" /><ent r="4" t="165" w="945" /></phr></stem><stem n="“custom”"><phr n="“Custom”"><ent r="4" t="43" w="204" /></phr></stem><stem n="“creat"><phr n="“Create"><ent r="4" t="43" w="246" /></phr></stem><stem n=".”"><phr n=".”"><ent r="4" t="43" w="249" /><ent r="3" t="147" w="43" /><ent r="3" t="153" w="431" /><ent r="4" t="165" w="753" /><ent r="4" t="165" w="893" /></phr></stem><stem n="“export"><phr n="“Export"><ent r="4" t="43" w="249" /><ent r="4" t="43" w="424" /></phr></stem><stem n="”"><phr n="”"><ent r="4" t="43" w="252" /><ent r="4" t="51" w="257" /><ent r="3" t="53" w="108" /><ent r="6" t="82" w="314" /><ent r="4" t="84" w="165" /><ent r="3" t="113" w="192" /><ent r="3" t="113" w="266" /><ent r="3" t="113" w="408" /><ent r="3" t="113" w="546" /><ent r="4" t="138" w="466" /><ent r="4" t="138" w="883" /><ent r="4" t="146" w="246" /><ent r="3" t="147" w="39" /><ent r="3" t="147" w="45" /><ent r="4" t="151" w="399" /><ent r="4" t="156" w="281" /><ent r="4" t="156" w="286" /><ent r="4" t="168" w="906" /><ent r="3" t="168" w="1228" /><ent r="6" t="208" w="406" /></phr></stem></index>