﻿<?xml version="1.0" encoding="utf-8"?><index><stem n="align"><phr n="Align"><ent r="92" t="64" w="168" /></phr><phr n="align"><ent r="3" t="64" w="174" /></phr><phr n="alignment"><ent r="6" t="223" w="264" /></phr></stem><stem n="&amp;"><phr n="&amp;"><ent r="92" t="64" w="169" /></phr></stem><stem n="distribut"><phr n="Distribute"><ent r="92" t="64" w="169" /><ent r="4" t="95" w="208" /></phr><phr n="distribute"><ent r="3" t="64" w="194" /><ent r="3" t="95" w="212" /></phr><phr n="distributed"><ent r="3" t="95" w="201" /></phr><phr n="distribution"><ent r="4" t="173" w="1090" /></phr></stem><stem n="(vertic"><phr n="(vertical"><ent r="3" t="64" w="180" /></phr></stem><stem n="(horizont"><phr n="(horizontal"><ent r="3" t="64" w="185" /></phr></stem><stem n="space"><phr n="spacing"><ent r="3" t="64" w="204" /><ent r="3" t="159" w="265" /><ent r="3" t="159" w="312" /></phr><phr n="space"><ent r="4" t="105" w="240" /><ent r="3" t="163" w="44" /><ent r="3" t="189" w="225" /><ent r="4" t="202" w="642" /></phr><phr n="Spacing"><ent r="92" t="159" w="241" /><ent r="3" t="159" w="244" /></phr><phr n="spaces"><ent r="4" t="212" w="230" /></phr></stem><stem n="(small"><phr n="(small"><ent r="4" t="65" w="96" /></phr></stem><stem n="(left)"><phr n="(left)"><ent r="4" t="65" w="127" /><ent r="4" t="65" w="165" /><ent r="4" t="67" w="126" /><ent r="3" t="181" w="1077" /></phr></stem><stem n="insid"><phr n="inside"><ent r="4" t="65" w="157" /><ent r="4" t="67" w="118" /><ent r="4" t="73" w="110" /></phr></stem><stem n="scale"><phr n="Scale"><ent r="1000" t="66" w="2" /><ent r="100" t="66" w="6" /><ent r="102" t="66" w="17" /><ent r="5" t="163" w="620" /><ent r="5" t="175" w="1223" /><ent r="66" t="184" w="285" /><ent r="82" t="190" w="379" /><ent r="3" t="190" w="382" /><ent r="5" t="190" w="562" /><ent r="82" t="203" w="196" /><ent r="3" t="203" w="199" /><ent r="6" t="223" w="162" /><ent r="6" t="223" w="205" /><ent r="6" t="223" w="247" /><ent r="6" t="223" w="309" /><ent r="6" t="223" w="377" /><ent r="6" t="223" w="419" /><ent r="6" t="223" w="458" /><ent r="6" t="223" w="493" /><ent r="6" t="223" w="547" /><ent r="5" t="223" w="619" /><ent r="5" t="223" w="622" /></phr><phr n="scale"><ent r="100" t="66" w="11" /><ent r="64" t="66" w="27" /><ent r="3" t="66" w="37" /><ent r="4" t="66" w="75" /><ent r="7" t="89" w="218" /><ent r="3" t="95" w="218" /><ent r="3" t="163" w="681" /><ent r="3" t="174" w="431" /><ent r="5" t="184" w="267" /><ent r="5" t="184" w="279" /><ent r="7" t="193" w="490" /><ent r="5" t="223" w="616" /></phr><phr n="scaled"><ent r="5" t="148" w="400" /><ent r="5" t="148" w="823" /><ent r="5" t="156" w="275" /><ent r="5" t="161" w="396" /><ent r="3" t="163" w="656" /><ent r="3" t="174" w="2037" /><ent r="3" t="188" w="177" /><ent r="4" t="229" w="38" /></phr><phr n="scaling"><ent r="3" t="173" w="233" /><ent r="3" t="188" w="147" /><ent r="3" t="231" w="547" /></phr><phr n="scales"><ent r="3" t="190" w="384" /><ent r="3" t="203" w="201" /></phr></stem><stem n="bar"><phr n="Bar"><ent r="1000" t="66" w="3" /><ent r="100" t="66" w="7" /><ent r="102" t="66" w="18" /><ent r="65" t="102" w="42" /><ent r="1000" t="104" w="3" /><ent r="102" t="104" w="8" /><ent r="3" t="104" w="19" /><ent r="4" t="104" w="62" /><ent r="5" t="104" w="116" /><ent r="66" t="184" w="286" /><ent r="6" t="223" w="163" /><ent r="6" t="223" w="206" /><ent r="6" t="223" w="248" /><ent r="6" t="223" w="310" /><ent r="6" t="223" w="378" /><ent r="6" t="223" w="420" /><ent r="6" t="223" w="459" /><ent r="6" t="223" w="494" /><ent r="6" t="223" w="548" /><ent r="5" t="223" w="620" /><ent r="5" t="223" w="623" /></phr><phr n="bar"><ent r="100" t="66" w="12" /><ent r="64" t="66" w="28" /><ent r="3" t="66" w="38" /><ent r="4" t="66" w="76" /><ent r="3" t="82" w="85" /><ent r="3" t="95" w="190" /><ent r="3" t="101" w="88" /><ent r="4" t="102" w="52" /><ent r="100" t="104" w="13" /><ent r="3" t="104" w="29" /><ent r="4" t="106" w="392" /><ent r="3" t="107" w="239" /><ent r="3" t="107" w="485" /><ent r="4" t="120" w="53" /><ent r="3" t="120" w="164" /><ent r="4" t="134" w="49" /><ent r="5" t="139" w="257" /><ent r="4" t="173" w="530" /><ent r="4" t="173" w="601" /><ent r="4" t="173" w="674" /><ent r="3" t="173" w="782" /><ent r="3" t="173" w="950" /><ent r="3" t="173" w="1053" /><ent r="4" t="173" w="1163" /><ent r="4" t="173" w="1816" /><ent r="4" t="173" w="2117" /><ent r="4" t="173" w="2163" /><ent r="4" t="173" w="2319" /><ent r="4" t="173" w="2348" /><ent r="4" t="174" w="680" /><ent r="3" t="174" w="954" /><ent r="4" t="174" w="986" /><ent r="4" t="174" w="1116" /><ent r="4" t="174" w="1221" /><ent r="4" t="174" w="1789" /><ent r="4" t="174" w="2164" /><ent r="4" t="174" w="2487" /><ent r="4" t="175" w="392" /><ent r="4" t="175" w="1027" /><ent r="3" t="176" w="1443" /><ent r="4" t="177" w="630" /><ent r="4" t="178" w="615" /><ent r="4" t="179" w="239" /><ent r="4" t="180" w="507" /><ent r="4" t="180" w="664" /><ent r="4" t="180" w="868" /><ent r="4" t="180" w="881" /><ent r="4" t="180" w="909" /><ent r="4" t="180" w="969" /><ent r="4" t="181" w="426" /><ent r="3" t="181" w="1543" /><ent r="4" t="181" w="1861" /><ent r="4" t="182" w="418" /><ent r="5" t="184" w="268" /><ent r="5" t="184" w="280" /><ent r="4" t="194" w="65" /><ent r="5" t="223" w="617" /><ent r="3" t="231" w="123" /></phr><phr n="bars"><ent r="3" t="112" w="396" /><ent r="4" t="114" w="122" /><ent r="3" t="174" w="432" /><ent r="3" t="176" w="1425" /><ent r="3" t="176" w="1478" /></phr></stem><stem n="meter"><phr n="meters"><ent r="3" t="66" w="43" /><ent r="4" t="66" w="124" /><ent r="4" t="174" w="1745" /><ent r="4" t="174" w="1758" /><ent r="7" t="193" w="570" /><ent r="3" t="231" w="524" /><ent r="3" t="231" w="545" /></phr><phr n="Meters"><ent r="7" t="227" w="55" /></phr></stem><stem n="meters/kilomet"><phr n="meters/kilometers"><ent r="4" t="66" w="125" /><ent r="4" t="66" w="124" /></phr></stem><stem n="kilomet"><phr n="kilometers"><ent r="4" t="66" w="125" /></phr><phr n="Kilometers"><ent r="7" t="227" w="47" /></phr></stem><stem n="meters/kilometers,"><phr n="meters/kilometers,"><ent r="4" t="66" w="125" /><ent r="4" t="66" w="124" /></phr></stem><stem n="/kilometers,"><phr n="/kilometers,"><ent r="4" t="66" w="126" /></phr></stem><stem n="feet"><phr n="feet"><ent r="4" t="66" w="126" /><ent r="4" t="66" w="129" /></phr><phr n="Feet"><ent r="7" t="227" w="59" /></phr></stem><stem n="feet/kilofeet"><phr n="feet/kilofeet"><ent r="4" t="66" w="127" /><ent r="4" t="66" w="126" /></phr></stem><stem n="kilofeet"><phr n="kilofeet"><ent r="4" t="66" w="127" /></phr></stem><stem n="feet/kilofeet,"><phr n="feet/kilofeet,"><ent r="4" t="66" w="127" /><ent r="4" t="66" w="126" /></phr></stem><stem n="/kilofeet,"><phr n="/kilofeet,"><ent r="4" t="66" w="128" /></phr></stem><stem n="feet/mil"><phr n="feet/miles"><ent r="4" t="66" w="130" /><ent r="4" t="66" w="129" /></phr></stem><stem n="mile"><phr n="miles"><ent r="4" t="66" w="130" /><ent r="7" t="227" w="50" /><ent r="7" t="227" w="53" /></phr></stem><stem n="feet/miles."><phr n="feet/miles."><ent r="4" t="66" w="130" /><ent r="4" t="66" w="129" /></phr></stem><stem n="/miles."><phr n="/miles."><ent r="4" t="66" w="131" /></phr></stem><stem n="palett"><phr n="Palette"><ent r="1000" t="68" w="3" /><ent r="102" t="68" w="11" /><ent r="3" t="68" w="34" /><ent r="4" t="68" w="46" /><ent r="4" t="68" w="62" /><ent r="3" t="68" w="93" /><ent r="3" t="68" w="99" /><ent r="64" t="68" w="171" /><ent r="1000" t="69" w="3" /><ent r="102" t="69" w="8" /><ent r="3" t="69" w="19" /><ent r="5" t="69" w="69" /><ent r="4" t="69" w="81" /><ent r="4" t="69" w="108" /><ent r="4" t="69" w="125" /><ent r="92" t="69" w="217" /><ent r="5" t="69" w="245" /><ent r="4" t="69" w="252" /><ent r="64" t="69" w="299" /><ent r="92" t="112" w="264" /><ent r="100" t="112" w="268" /><ent r="3" t="112" w="277" /><ent r="3" t="122" w="56" /><ent r="4" t="123" w="53" /><ent r="4" t="123" w="276" /><ent r="4" t="181" w="455" /><ent r="4" t="181" w="505" /><ent r="4" t="181" w="612" /><ent r="4" t="181" w="701" /><ent r="4" t="182" w="548" /><ent r="4" t="182" w="586" /><ent r="4" t="182" w="637" /><ent r="7" t="235" w="85" /></phr><phr n="palette"><ent r="100" t="68" w="7" /><ent r="3" t="68" w="16" /><ent r="3" t="68" w="66" /><ent r="100" t="69" w="13" /><ent r="4" t="69" w="75" /><ent r="4" t="69" w="148" /><ent r="4" t="69" w="176" /><ent r="100" t="112" w="270" /><ent r="3" t="112" w="290" /><ent r="3" t="122" w="176" /><ent r="4" t="183" w="43" /><ent r="4" t="183" w="63" /><ent r="4" t="183" w="97" /></phr></stem><stem n="easili"><phr n="easily"><ent r="3" t="68" w="20" /></phr></stem><stem n="initi"><phr n="initial"><ent r="3" t="69" w="32" /><ent r="3" t="105" w="255" /><ent r="4" t="202" w="511" /><ent r="3" t="202" w="693" /></phr><phr n="Initial"><ent r="5" t="69" w="199" /></phr><phr n="initially"><ent r="4" t="105" w="266" /><ent r="4" t="105" w="284" /><ent r="4" t="202" w="425" /><ent r="4" t="202" w="616" /></phr><phr n="initialized"><ent r="3" t="128" w="186" /><ent r="3" t="129" w="37" /></phr></stem><stem n="it'"><phr n="it's"><ent r="4" t="69" w="114" /><ent r="4" t="69" w="113" /><ent r="4" t="106" w="465" /><ent r="4" t="106" w="464" /><ent r="4" t="174" w="2755" /><ent r="4" t="174" w="2754" /><ent r="4" t="176" w="942" /><ent r="4" t="176" w="941" /></phr><phr n="It's"><ent r="4" t="123" w="278" /><ent r="4" t="123" w="277" /></phr></stem><stem n="just"><phr n="just"><ent r="4" t="69" w="121" /><ent r="3" t="208" w="110" /></phr></stem><stem n="banner"><phr n="banner"><ent r="4" t="69" w="124" /></phr></stem><stem n="&quot;palett"><phr n="&quot;Palette"><ent r="4" t="69" w="125" /></phr></stem><stem n=":flatten"><phr n=":flatten"><ent r="100" t="70" w="11" /></phr></stem><stem n="histori"><phr n="history"><ent r="4" t="70" w="88" /><ent r="3" t="70" w="107" /></phr></stem><stem n="ye"><phr n="Yes"><ent r="4" t="70" w="96" /><ent r="5" t="78" w="74" /><ent r="5" t="173" w="2337" /><ent r="4" t="174" w="1202" /><ent r="4" t="174" w="1324" /><ent r="5" t="175" w="1452" /><ent r="5" t="224" w="199" /><ent r="5" t="224" w="281" /><ent r="5" t="224" w="349" /></phr></stem><stem n="&quot;up&quot;"><phr n="&quot;up&quot;"><ent r="4" t="71" w="85" /></phr></stem><stem n="reorient"><phr n="reoriented"><ent r="3" t="71" w="125" /><ent r="3" t="171" w="27" /></phr></stem><stem n="(gcp)"><phr n="(GCP)"><ent r="3" t="72" w="12" /><ent r="3" t="73" w="16" /><ent r="3" t="231" w="161" /></phr></stem><stem n="/longitude,"><phr n="/longitude,"><ent r="3" t="72" w="26" /><ent r="3" t="72" w="87" /><ent r="3" t="107" w="84" /><ent r="3" t="107" w="255" /><ent r="3" t="187" w="35" /></phr><phr n="/Longitude,"><ent r="6" t="223" w="156" /><ent r="6" t="223" w="209" /><ent r="6" t="223" w="381" /><ent r="6" t="223" w="497" /><ent r="6" t="223" w="578" /></phr></stem><stem n="univers"><phr n="Universal"><ent r="5" t="72" w="29" /><ent r="4" t="73" w="248" /><ent r="3" t="107" w="84" /><ent r="4" t="159" w="177" /><ent r="7" t="228" w="79" /></phr></stem><stem n="transvers"><phr n="Transverse"><ent r="5" t="72" w="30" /><ent r="4" t="73" w="249" /><ent r="3" t="107" w="85" /><ent r="4" t="159" w="178" /><ent r="7" t="228" w="80" /></phr></stem><stem n="mercat"><phr n="Mercator"><ent r="5" t="72" w="31" /><ent r="4" t="73" w="250" /><ent r="3" t="107" w="86" /><ent r="4" t="159" w="179" /><ent r="7" t="228" w="81" /></phr></stem><stem n="militari"><phr n="Military"><ent r="5" t="72" w="37" /><ent r="4" t="73" w="255" /><ent r="3" t="107" w="89" /><ent r="4" t="159" w="184" /><ent r="7" t="228" w="86" /></phr></stem><stem n="refer"><phr n="Reference"><ent r="5" t="72" w="39" /><ent r="4" t="73" w="257" /><ent r="3" t="107" w="91" /><ent r="4" t="159" w="186" /><ent r="4" t="174" w="1271" /><ent r="3" t="174" w="1286" /><ent r="7" t="174" w="1531" /><ent r="7" t="174" w="1534" /><ent r="7" t="228" w="88" /></phr><phr n="reference"><ent r="3" t="74" w="20" /><ent r="4" t="82" w="158" /><ent r="3" t="83" w="34" /><ent r="3" t="160" w="57" /><ent r="3" t="187" w="88" /><ent r="3" t="231" w="221" /><ent r="3" t="231" w="294" /></phr><phr n="referred"><ent r="4" t="175" w="437" /></phr><phr n="refer"><ent r="3" t="180" w="1307" /></phr><phr n="Refers"><ent r="7" t="193" w="126" /><ent r="7" t="193" w="164" /><ent r="7" t="193" w="299" /><ent r="7" t="193" w="323" /></phr><phr n="Refer"><ent r="7" t="193" w="397" /></phr></stem><stem n="flag"><phr n="flagged"><ent r="3" t="72" w="47" /></phr></stem><stem n="“x”"><phr n="“X”"><ent r="3" t="72" w="59" /><ent r="4" t="173" w="746" /></phr><phr n="“x”"><ent r="4" t="180" w="1275" /><ent r="3" t="231" w="412" /></phr></stem><stem n="map"><phr n="map"><ent r="3" t="72" w="99" /><ent r="6" t="89" w="338" /><ent r="3" t="94" w="34" /><ent r="3" t="94" w="47" /><ent r="4" t="94" w="153" /><ent r="3" t="94" w="173" /><ent r="3" t="94" w="271" /><ent r="3" t="95" w="20" /><ent r="4" t="95" w="135" /><ent r="3" t="95" w="265" /><ent r="3" t="95" w="307" /><ent r="3" t="107" w="117" /><ent r="4" t="170" w="236" /><ent r="7" t="193" w="417" /><ent r="3" t="193" w="753" /></phr><phr n="Map"><ent r="6" t="89" w="318" /><ent r="66" t="89" w="348" /><ent r="1000" t="94" w="2" /><ent r="100" t="94" w="6" /><ent r="100" t="94" w="9" /><ent r="102" t="94" w="12" /><ent r="3" t="94" w="15" /><ent r="5" t="94" w="92" /><ent r="5" t="94" w="104" /><ent r="5" t="94" w="217" /><ent r="100" t="94" w="229" /><ent r="5" t="94" w="233" /><ent r="4" t="94" w="239" /><ent r="64" t="94" w="278" /><ent r="1000" t="95" w="4" /><ent r="102" t="95" w="9" /><ent r="100" t="95" w="37" /><ent r="100" t="95" w="41" /><ent r="100" t="95" w="46" /><ent r="100" t="95" w="50" /><ent r="5" t="95" w="94" /><ent r="5" t="95" w="107" /><ent r="64" t="95" w="331" /></phr><phr n="Maps"><ent r="4" t="94" w="114" /></phr><phr n="mapped"><ent r="4" t="148" w="309" /><ent r="4" t="148" w="732" /><ent r="4" t="156" w="211" /><ent r="4" t="161" w="336" /></phr><phr n="maps"><ent r="3" t="169" w="49" /><ent r="4" t="170" w="204" /></phr><phr n="mapping"><ent r="3" t="173" w="730" /></phr></stem><stem n=":gcp"><phr n=":GCP"><ent r="100" t="73" w="5" /><ent r="100" t="144" w="14" /><ent r="100" t="157" w="10" /></phr></stem><stem n="highlight"><phr n="Highlight"><ent r="4" t="73" w="97" /><ent r="4" t="73" w="179" /><ent r="4" t="130" w="65" /><ent r="4" t="174" w="2175" /><ent r="4" t="176" w="432" /><ent r="3" t="176" w="908" /><ent r="4" t="212" w="64" /></phr><phr n="highlighting"><ent r="4" t="73" w="153" /></phr><phr n="highlight"><ent r="4" t="138" w="475" /><ent r="4" t="138" w="520" /><ent r="4" t="212" w="91" /></phr><phr n="highlighted"><ent r="3" t="175" w="503" /><ent r="4" t="176" w="943" /></phr><phr n="highlights"><ent r="3" t="177" w="1146" /></phr></stem><stem n="chosen"><phr n="chosen"><ent r="3" t="73" w="275" /><ent r="3" t="173" w="1762" /></phr></stem><stem n="deriv"><phr n="derived"><ent r="4" t="74" w="34" /><ent r="4" t="180" w="59" /><ent r="4" t="180" w="169" /><ent r="4" t="180" w="191" /><ent r="4" t="180" w="216" /><ent r="4" t="180" w="678" /></phr><phr n="deriving"><ent r="3" t="80" w="158" /><ent r="3" t="180" w="33" /></phr><phr n="Derive"><ent r="64" t="127" w="116" /><ent r="64" t="128" w="214" /><ent r="1000" t="129" w="1" /><ent r="102" t="129" w="12" /><ent r="3" t="129" w="16" /><ent r="4" t="129" w="95" /><ent r="64" t="131" w="98" /><ent r="5" t="168" w="187" /><ent r="4" t="176" w="916" /><ent r="4" t="180" w="53" /><ent r="92" t="180" w="499" /><ent r="82" t="180" w="657" /><ent r="5" t="180" w="673" /></phr><phr n="derive"><ent r="100" t="129" w="6" /><ent r="100" t="129" w="8" /><ent r="4" t="129" w="85" /><ent r="3" t="174" w="382" /><ent r="3" t="174" w="2462" /><ent r="4" t="180" w="177" /><ent r="3" t="180" w="1294" /><ent r="3" t="190" w="615" /></phr></stem><stem n="period"><phr n="period"><ent r="3" t="75" w="11" /><ent r="3" t="176" w="55" /></phr><phr n="periods"><ent r="4" t="148" w="269" /></phr></stem><stem n="you'r"><phr n="you're"><ent r="3" t="75" w="31" /><ent r="3" t="75" w="30" /><ent r="3" t="80" w="466" /><ent r="3" t="80" w="465" /><ent r="3" t="97" w="21" /><ent r="3" t="97" w="20" /><ent r="3" t="97" w="54" /><ent r="3" t="97" w="53" /><ent r="4" t="161" w="140" /><ent r="4" t="161" w="139" /><ent r="4" t="170" w="194" /><ent r="4" t="170" w="193" /></phr></stem><stem n="do"><phr n="doing"><ent r="3" t="75" w="32" /><ent r="4" t="148" w="271" /></phr><phr n="DOS"><ent r="3" t="100" w="17" /><ent r="7" t="193" w="370" /></phr><phr n="Doing"><ent r="4" t="173" w="2077" /></phr></stem><stem n="rather"><phr n="rather"><ent r="3" t="75" w="33" /><ent r="3" t="112" w="421" /><ent r="6" t="182" w="1398" /></phr></stem><stem n="have"><phr n="having"><ent r="3" t="75" w="35" /></phr></stem><stem n="placement"><phr n="placement"><ent r="3" t="75" w="50" /><ent r="3" t="79" w="34" /><ent r="3" t="151" w="211" /></phr></stem><stem n="power"><phr n="powerful"><ent r="3" t="75" w="67" /></phr></stem><stem n="complex"><phr n="complex"><ent r="3" t="75" w="73" /><ent r="5" t="148" w="182" /><ent r="5" t="161" w="218" /><ent r="4" t="178" w="59" /><ent r="6" t="193" w="226" /><ent r="6" t="193" w="239" /><ent r="7" t="193" w="353" /></phr><phr n="Complex"><ent r="5" t="148" w="170" /><ent r="5" t="156" w="141" /><ent r="5" t="161" w="208" /></phr></stem><stem n="everi"><phr n="every"><ent r="3" t="75" w="115" /><ent r="3" t="79" w="58" /><ent r="4" t="80" w="686" /><ent r="3" t="107" w="208" /><ent r="3" t="176" w="636" /><ent r="6" t="186" w="101" /><ent r="7" t="193" w="498" /><ent r="3" t="231" w="99" /></phr><phr n="Every"><ent r="5" t="148" w="689" /><ent r="5" t="148" w="1112" /><ent r="5" t="156" w="559" /><ent r="5" t="161" w="680" /></phr></stem><stem n="15"><phr n="15"><ent r="3" t="75" w="116" /><ent r="3" t="79" w="59" /><ent r="4" t="80" w="687" /><ent r="8" t="174" w="1559" /><ent r="7" t="193" w="282" /></phr></stem><stem n="interv"><phr n="interval"><ent r="3" t="75" w="122" /><ent r="3" t="79" w="65" /><ent r="4" t="80" w="672" /></phr></stem><stem n="four"><phr n="four"><ent r="3" t="76" w="84" /><ent r="4" t="80" w="68" /><ent r="4" t="142" w="135" /><ent r="5" t="161" w="229" /><ent r="4" t="173" w="1578" /><ent r="3" t="175" w="498" /><ent r="4" t="178" w="959" /><ent r="3" t="181" w="1566" /><ent r="3" t="189" w="230" /></phr><phr n="Four"><ent r="5" t="189" w="149" /><ent r="4" t="189" w="152" /></phr></stem><stem n="etc"><phr n="etc"><ent r="3" t="76" w="161" /><ent r="3" t="180" w="1028" /><ent r="7" t="193" w="333" /><ent r="6" t="223" w="442" /><ent r="3" t="226" w="26" /></phr></stem><stem n="-and-drop"><phr n="-and-drop"><ent r="3" t="76" w="239" /><ent r="3" t="76" w="240" /></phr></stem><stem n="drag-and"><phr n="drag-and"><ent r="3" t="76" w="239" /><ent r="3" t="76" w="257" /><ent r="3" t="123" w="36" /></phr></stem><stem n="drag-and-drop"><phr n="drag-and-drop"><ent r="3" t="76" w="239" /><ent r="3" t="76" w="257" /><ent r="3" t="123" w="36" /></phr></stem><stem n="and-drop"><phr n="and-drop"><ent r="3" t="76" w="240" /><ent r="3" t="76" w="258" /><ent r="3" t="123" w="37" /></phr></stem><stem n="-and-drop."><phr n="-and-drop."><ent r="3" t="76" w="260" /><ent r="3" t="76" w="261" /></phr></stem><stem n="addit"><phr n="additional"><ent r="3" t="76" w="302" /><ent r="3" t="107" w="49" /><ent r="3" t="138" w="447" /><ent r="3" t="139" w="27" /><ent r="3" t="174" w="394" /><ent r="4" t="180" w="209" /><ent r="3" t="180" w="1305" /><ent r="4" t="192" w="282" /><ent r="3" t="211" w="265" /></phr><phr n="addition"><ent r="4" t="165" w="154" /><ent r="4" t="166" w="287" /><ent r="4" t="174" w="1955" /><ent r="3" t="182" w="113" /><ent r="4" t="202" w="482" /></phr><phr n="Additional"><ent r="4" t="192" w="335" /></phr></stem><stem n=":session"><phr n=":session"><ent r="100" t="77" w="13" /><ent r="100" t="79" w="13" /></phr></stem><stem n="previous"><phr n="previously"><ent r="3" t="77" w="21" /><ent r="3" t="107" w="112" /><ent r="4" t="175" w="1287" /><ent r="4" t="182" w="72" /><ent r="3" t="182" w="1456" /><ent r="3" t="182" w="1707" /></phr></stem><stem n="pen"><phr n="pen"><ent r="5" t="77" w="62" /></phr></stem><stem n=":save"><phr n=":save"><ent r="100" t="79" w="10" /><ent r="100" t="98" w="9" /><ent r="100" t="117" w="9" /><ent r="100" t="132" w="6" /></phr></stem><stem n="opticks.sess"><phr n="Opticks.session"><ent r="4" t="79" w="127" /><ent r="4" t="79" w="126" /></phr></stem><stem n="opticks.session."><phr n="Opticks.session."><ent r="4" t="79" w="127" /><ent r="4" t="79" w="126" /></phr></stem><stem n=".session."><phr n=".session."><ent r="4" t="79" w="128" /></phr></stem><stem n="&quot;.session.&quot;"><phr n="&quot;.session.&quot;"><ent r="4" t="79" w="217" /></phr></stem><stem n="layout"><phr n="Layout"><ent r="3" t="80" w="164" /><ent r="3" t="120" w="221" /><ent r="3" t="127" w="61" /><ent r="3" t="127" w="69" /><ent r="4" t="128" w="43" /><ent r="3" t="128" w="202" /><ent r="3" t="129" w="91" /><ent r="3" t="130" w="26" /><ent r="4" t="130" w="42" /><ent r="3" t="131" w="37" /><ent r="5" t="131" w="76" /><ent r="5" t="132" w="46" /><ent r="4" t="133" w="44" /><ent r="4" t="153" w="57" /><ent r="92" t="153" w="373" /><ent r="3" t="153" w="377" /><ent r="3" t="153" w="411" /><ent r="3" t="158" w="40" /><ent r="4" t="180" w="113" /><ent r="4" t="180" w="120" /><ent r="5" t="180" w="272" /><ent r="5" t="180" w="668" /><ent r="5" t="180" w="712" /><ent r="5" t="180" w="766" /><ent r="5" t="180" w="859" /><ent r="5" t="180" w="961" /></phr><phr n="layout"><ent r="3" t="132" w="27" /><ent r="3" t="153" w="64" /></phr></stem><stem n="extern"><phr n="external"><ent r="3" t="80" w="189" /><ent r="3" t="80" w="268" /><ent r="3" t="124" w="20" /><ent r="3" t="124" w="64" /></phr><phr n="External"><ent r="64" t="123" w="427" /><ent r="1000" t="124" w="3" /><ent r="102" t="124" w="8" /></phr></stem><stem n="invok"><phr n="invoked"><ent r="3" t="80" w="194" /></phr><phr n="invoking"><ent r="3" t="80" w="219" /></phr></stem><stem n="&lt;string&gt;"><phr n="&lt;string&gt;"><ent r="64" t="80" w="200" /></phr></stem><stem n="argument"><phr n="Arguments"><ent r="3" t="80" w="206" /><ent r="3" t="80" w="253" /></phr><phr n="arguments"><ent r="3" t="80" w="210" /></phr></stem><stem n="would"><phr n="would"><ent r="3" t="80" w="212" /><ent r="3" t="120" w="609" /><ent r="3" t="173" w="1364" /><ent r="3" t="173" w="1375" /><ent r="3" t="173" w="1387" /><ent r="3" t="177" w="296" /><ent r="3" t="181" w="1008" /><ent r="3" t="231" w="537" /></phr></stem><stem n="sole"><phr n="solely"><ent r="3" t="80" w="263" /><ent r="3" t="189" w="284" /></phr></stem><stem n="string"><phr n="string"><ent r="4" t="80" w="297" /><ent r="3" t="138" w="599" /><ent r="3" t="138" w="651" /><ent r="3" t="181" w="246" /><ent r="4" t="181" w="619" /><ent r="4" t="181" w="653" /><ent r="3" t="181" w="1475" /><ent r="3" t="181" w="1526" /><ent r="3" t="181" w="1545" /><ent r="3" t="193" w="28" /><ent r="7" t="193" w="82" /><ent r="3" t="226" w="34" /><ent r="6" t="236" w="223" /></phr><phr n="strings"><ent r="3" t="138" w="592" /></phr><phr n="String"><ent r="6" t="223" w="586" /></phr></stem><stem n="mru"><phr n="MRU"><ent r="3" t="80" w="355" /><ent r="4" t="80" w="380" /></phr></stem><stem n="(mru)"><phr n="(MRU)"><ent r="3" t="80" w="356" /><ent r="4" t="80" w="381" /></phr></stem><stem n="16"><phr n="16"><ent r="3" t="80" w="396" /><ent r="3" t="175" w="1412" /><ent r="3" t="175" w="1417" /><ent r="7" t="193" w="197" /><ent r="6" t="193" w="256" /></phr></stem><stem n="asid"><phr n="aside"><ent r="3" t="80" w="400" /><ent r="4" t="176" w="1024" /></phr></stem><stem n="memori"><phr n="memory"><ent r="3" t="80" w="404" /><ent r="3" t="163" w="43" /><ent r="3" t="163" w="934" /><ent r="3" t="164" w="36" /><ent r="3" t="166" w="73" /><ent r="4" t="170" w="262" /><ent r="4" t="170" w="268" /><ent r="5" t="170" w="276" /><ent r="4" t="174" w="706" /><ent r="3" t="192" w="206" /><ent r="4" t="202" w="374" /><ent r="4" t="202" w="403" /><ent r="4" t="202" w="456" /><ent r="4" t="202" w="586" /></phr><phr n="Memory"><ent r="3" t="202" w="346" /><ent r="5" t="202" w="362" /><ent r="4" t="202" w="460" /><ent r="4" t="202" w="528" /><ent r="3" t="202" w="681" /></phr></stem><stem n="/redo"><phr n="/Redo"><ent r="4" t="80" w="412" /></phr></stem><stem n="undo/redo"><phr n="Undo/Redo"><ent r="4" t="80" w="412" /><ent r="4" t="80" w="411" /></phr></stem><stem n="buffer"><phr n="Buffer"><ent r="4" t="80" w="426" /><ent r="4" t="155" w="118" /></phr><phr n="buffer"><ent r="3" t="155" w="139" /></phr></stem><stem n="parallel"><phr n="parallel"><ent r="3" t="80" w="436" /><ent r="3" t="80" w="450" /><ent r="3" t="80" w="498" /></phr></stem><stem n="-thread"><phr n="-threading"><ent r="4" t="80" w="439" /><ent r="4" t="80" w="439" /></phr></stem><stem n="multi"><phr n="Multi"><ent r="4" t="80" w="439" /><ent r="5" t="164" w="92" /><ent r="3" t="164" w="121" /><ent r="3" t="177" w="214" /><ent r="3" t="178" w="203" /><ent r="3" t="178" w="1203" /><ent r="6" t="236" w="373" /><ent r="6" t="236" w="392" /><ent r="6" t="236" w="410" /><ent r="6" t="236" w="429" /><ent r="6" t="236" w="447" /><ent r="6" t="236" w="466" /><ent r="6" t="236" w="484" /><ent r="6" t="236" w="503" /><ent r="5" t="236" w="522" /><ent r="5" t="236" w="540" /><ent r="5" t="236" w="558" /><ent r="5" t="236" w="577" /><ent r="6" t="236" w="595" /><ent r="6" t="236" w="613" /><ent r="6" t="236" w="631" /><ent r="6" t="236" w="649" /><ent r="6" t="236" w="664" /></phr><phr n="multi"><ent r="3" t="164" w="165" /><ent r="3" t="177" w="192" /><ent r="3" t="177" w="204" /><ent r="3" t="178" w="182" /><ent r="3" t="178" w="193" /><ent r="3" t="178" w="1289" /></phr></stem><stem n="multi-thread"><phr n="Multi-threading"><ent r="4" t="80" w="439" /></phr></stem><stem n="thread"><phr n="threading"><ent r="4" t="80" w="440" /></phr><phr n="Threads"><ent r="4" t="80" w="476" /></phr></stem><stem n="cpu"><phr n="CPUs"><ent r="3" t="80" w="460" /><ent r="3" t="80" w="484" /><ent r="3" t="80" w="504" /></phr></stem><stem n="attach"><phr n="attached"><ent r="3" t="80" w="461" /></phr><phr n="attach"><ent r="3" t="181" w="983" /></phr></stem><stem n="worker"><phr n="Worker"><ent r="4" t="80" w="475" /></phr></stem><stem n="&quot;1,&quot;"><phr n="&quot;1,&quot;"><ent r="3" t="80" w="492" /></phr></stem><stem n="regardless"><phr n="regardless"><ent r="3" t="80" w="499" /><ent r="3" t="112" w="297" /><ent r="4" t="163" w="596" /><ent r="3" t="181" w="290" /></phr></stem><stem n="/automat"><phr n="/Automatically"><ent r="4" t="80" w="511" /></phr></stem><stem n="dialog/automat"><phr n="Dialog/Automatically"><ent r="4" t="80" w="511" /><ent r="4" t="80" w="510" /></phr></stem><stem n="success"><phr n="successful"><ent r="3" t="80" w="521" /><ent r="3" t="110" w="31" /></phr><phr n="success"><ent r="3" t="99" w="115" /><ent r="3" t="194" w="137" /></phr></stem><stem n="altern"><phr n="Alternate"><ent r="4" t="80" w="551" /><ent r="4" t="80" w="586" /></phr></stem><stem n="awai"><phr n="away"><ent r="3" t="80" w="574" /><ent r="3" t="80" w="607" /><ent r="4" t="171" w="279" /></phr></stem></index>