﻿<?xml version="1.0" encoding="utf-8"?><index><stem n="gcp"><phr n="GCP"><ent r="7" t="9" w="36" /><ent r="6" t="9" w="49" /><ent r="7" t="9" w="58" /><ent r="7" t="9" w="67" /><ent r="68" t="9" w="72" /><ent r="3" t="48" w="69" /><ent r="4" t="48" w="148" /><ent r="3" t="49" w="98" /><ent r="4" t="55" w="91" /><ent r="1000" t="72" w="1" /><ent r="100" t="72" w="3" /><ent r="102" t="72" w="5" /><ent r="3" t="72" w="11" /><ent r="64" t="72" w="67" /><ent r="64" t="72" w="109" /><ent r="1000" t="73" w="1" /><ent r="100" t="73" w="4" /><ent r="100" t="73" w="5" /><ent r="102" t="73" w="8" /><ent r="3" t="73" w="15" /><ent r="3" t="73" w="34" /><ent r="3" t="73" w="41" /><ent r="3" t="73" w="47" /><ent r="4" t="73" w="66" /><ent r="3" t="73" w="80" /><ent r="3" t="73" w="85" /><ent r="3" t="73" w="94" /><ent r="4" t="73" w="102" /><ent r="3" t="73" w="132" /><ent r="3" t="73" w="177" /><ent r="4" t="73" w="184" /><ent r="4" t="73" w="198" /><ent r="3" t="73" w="282" /><ent r="3" t="73" w="287" /><ent r="3" t="73" w="291" /><ent r="3" t="73" w="299" /><ent r="64" t="73" w="310" /><ent r="1000" t="74" w="1" /><ent r="100" t="74" w="4" /><ent r="102" t="74" w="7" /><ent r="3" t="74" w="11" /><ent r="3" t="74" w="23" /><ent r="65" t="74" w="72" /><ent r="3" t="107" w="102" /><ent r="64" t="107" w="183" /><ent r="65" t="107" w="283" /><ent r="3" t="107" w="390" /><ent r="64" t="107" w="500" /><ent r="64" t="107" w="502" /><ent r="64" t="141" w="33" /><ent r="1000" t="144" w="1" /><ent r="102" t="144" w="5" /><ent r="100" t="144" w="9" /><ent r="100" t="144" w="14" /><ent r="3" t="144" w="18" /><ent r="4" t="144" w="84" /><ent r="3" t="152" w="263" /><ent r="1000" t="157" w="1" /><ent r="100" t="157" w="5" /><ent r="100" t="157" w="10" /><ent r="102" t="157" w="13" /><ent r="3" t="157" w="19" /><ent r="3" t="157" w="37" /><ent r="3" t="157" w="50" /><ent r="4" t="157" w="70" /><ent r="4" t="157" w="87" /><ent r="65" t="157" w="107" /><ent r="3" t="157" w="120" /><ent r="3" t="157" w="158" /><ent r="4" t="166" w="161" /><ent r="64" t="168" w="157" /><ent r="3" t="168" w="165" /><ent r="4" t="168" w="196" /><ent r="4" t="173" w="2263" /><ent r="4" t="174" w="780" /><ent r="83" t="174" w="972" /><ent r="4" t="174" w="978" /><ent r="5" t="174" w="993" /><ent r="3" t="174" w="1000" /><ent r="4" t="174" w="1010" /><ent r="4" t="174" w="1030" /><ent r="4" t="174" w="1052" /><ent r="4" t="174" w="1103" /><ent r="5" t="174" w="1122" /><ent r="3" t="174" w="1127" /><ent r="4" t="174" w="1136" /><ent r="5" t="174" w="1148" /><ent r="5" t="174" w="1159" /><ent r="3" t="174" w="1207" /><ent r="5" t="174" w="1227" /><ent r="3" t="174" w="1234" /><ent r="3" t="174" w="1244" /><ent r="4" t="174" w="1253" /><ent r="4" t="174" w="1265" /><ent r="4" t="174" w="1274" /><ent r="3" t="174" w="1304" /><ent r="8" t="174" w="1540" /><ent r="8" t="174" w="1551" /><ent r="3" t="174" w="1567" /><ent r="3" t="174" w="2116" /><ent r="4" t="174" w="2799" /><ent r="3" t="176" w="612" /><ent r="3" t="176" w="882" /><ent r="3" t="176" w="889" /><ent r="4" t="176" w="926" /><ent r="1000" t="187" w="1" /><ent r="100" t="187" w="5" /><ent r="102" t="187" w="9" /><ent r="3" t="187" w="104" /><ent r="3" t="204" w="27" /><ent r="100" t="231" w="154" /><ent r="3" t="231" w="160" /><ent r="3" t="231" w="186" /><ent r="3" t="231" w="210" /><ent r="3" t="231" w="229" /><ent r="3" t="231" w="237" /><ent r="3" t="231" w="241" /><ent r="3" t="231" w="244" /><ent r="3" t="231" w="266" /><ent r="3" t="231" w="270" /><ent r="3" t="231" w="334" /><ent r="3" t="231" w="384" /><ent r="3" t="231" w="449" /></phr><phr n="gcp"><ent r="4" t="22" w="190" /></phr><phr n="GCPs"><ent r="3" t="99" w="39" /><ent r="3" t="107" w="33" /><ent r="3" t="107" w="69" /><ent r="3" t="107" w="127" /><ent r="3" t="107" w="145" /><ent r="4" t="107" w="279" /><ent r="3" t="144" w="30" /><ent r="3" t="144" w="79" /><ent r="3" t="152" w="254" /><ent r="4" t="168" w="178" /><ent r="3" t="168" w="210" /><ent r="3" t="173" w="725" /><ent r="3" t="174" w="152" /><ent r="3" t="174" w="153" /><ent r="4" t="174" w="1166" /><ent r="4" t="174" w="1522" /><ent r="4" t="174" w="1597" /><ent r="3" t="176" w="911" /><ent r="4" t="176" w="1526" /><ent r="4" t="180" w="205" /><ent r="3" t="187" w="64" /><ent r="3" t="187" w="70" /><ent r="3" t="204" w="18" /><ent r="3" t="231" w="26" /><ent r="3" t="231" w="50" /><ent r="3" t="231" w="248" /><ent r="3" t="231" w="329" /><ent r="3" t="231" w="470" /></phr><phr n="Gcp"><ent r="5" t="144" w="136" /></phr></stem><stem n="&quot;no&quot;"><phr n="&quot;NO&quot;"><ent r="6" t="9" w="46" /></phr><phr n="&quot;No&quot;"><ent r="3" t="157" w="146" /></phr></stem><stem n="editor"><phr n="Editor"><ent r="7" t="9" w="68" /><ent r="68" t="9" w="73" /><ent r="7" t="10" w="113" /><ent r="68" t="10" w="126" /><ent r="64" t="72" w="110" /><ent r="1000" t="73" w="2" /><ent r="100" t="73" w="6" /><ent r="102" t="73" w="9" /><ent r="3" t="73" w="35" /><ent r="4" t="73" w="67" /><ent r="3" t="73" w="81" /><ent r="3" t="73" w="86" /><ent r="65" t="74" w="73" /><ent r="4" t="80" w="183" /><ent r="64" t="81" w="85" /><ent r="1000" t="82" w="3" /><ent r="100" t="82" w="7" /><ent r="102" t="82" w="11" /><ent r="3" t="82" w="16" /><ent r="3" t="82" w="57" /><ent r="3" t="82" w="99" /><ent r="3" t="82" w="112" /><ent r="4" t="82" w="127" /><ent r="3" t="82" w="133" /><ent r="4" t="95" w="111" /><ent r="64" t="107" w="184" /><ent r="65" t="107" w="284" /><ent r="3" t="108" w="133" /><ent r="64" t="123" w="428" /><ent r="1000" t="124" w="4" /><ent r="102" t="124" w="9" /><ent r="65" t="157" w="108" /><ent r="1000" t="165" w="3" /><ent r="100" t="165" w="9" /><ent r="102" t="165" w="12" /><ent r="3" t="165" w="19" /><ent r="4" t="165" w="31" /><ent r="4" t="165" w="47" /><ent r="64" t="168" w="158" /><ent r="83" t="174" w="973" /><ent r="4" t="174" w="979" /><ent r="5" t="174" w="994" /><ent r="3" t="174" w="1001" /><ent r="4" t="174" w="1011" /><ent r="4" t="174" w="1053" /><ent r="5" t="174" w="1123" /><ent r="3" t="174" w="1128" /><ent r="4" t="174" w="1137" /><ent r="5" t="174" w="1228" /><ent r="3" t="174" w="1235" /><ent r="3" t="174" w="1245" /><ent r="4" t="174" w="1254" /><ent r="3" t="174" w="1568" /><ent r="3" t="176" w="883" /><ent r="3" t="188" w="105" /><ent r="3" t="231" w="230" /></phr><phr n="editor"><ent r="3" t="32" w="72" /><ent r="3" t="73" w="48" /><ent r="3" t="80" w="191" /><ent r="3" t="80" w="217" /><ent r="3" t="80" w="229" /><ent r="3" t="80" w="269" /><ent r="3" t="124" w="21" /><ent r="4" t="124" w="29" /><ent r="3" t="124" w="52" /><ent r="3" t="124" w="65" /><ent r="3" t="165" w="51" /></phr></stem><stem n=":tie"><phr n=":Tie"><ent r="100" t="10" w="10" /><ent r="100" t="150" w="17" /><ent r="100" t="160" w="12" /></phr><phr n=":tie"><ent r="100" t="168" w="6" /></phr></stem><stem n="sure"><phr n="sure"><ent r="4" t="10" w="18" /><ent r="4" t="20" w="309" /><ent r="4" t="21" w="468" /><ent r="3" t="44" w="436" /><ent r="4" t="49" w="114" /><ent r="4" t="50" w="138" /><ent r="4" t="50" w="160" /><ent r="4" t="50" w="192" /><ent r="4" t="50" w="214" /><ent r="3" t="51" w="18" /><ent r="4" t="58" w="238" /><ent r="5" t="64" w="43" /><ent r="4" t="65" w="20" /><ent r="3" t="67" w="28" /><ent r="4" t="71" w="53" /><ent r="4" t="83" w="65" /><ent r="3" t="89" w="43" /><ent r="3" t="90" w="71" /><ent r="3" t="97" w="30" /><ent r="3" t="120" w="355" /><ent r="3" t="120" w="497" /><ent r="3" t="128" w="200" /><ent r="4" t="134" w="37" /><ent r="4" t="167" w="126" /><ent r="4" t="173" w="439" /><ent r="4" t="173" w="550" /><ent r="4" t="174" w="589" /><ent r="3" t="174" w="786" /><ent r="4" t="174" w="1163" /><ent r="4" t="174" w="1753" /><ent r="4" t="174" w="1967" /><ent r="4" t="175" w="301" /><ent r="4" t="175" w="472" /><ent r="4" t="175" w="679" /><ent r="4" t="175" w="713" /><ent r="3" t="175" w="728" /><ent r="4" t="176" w="261" /><ent r="4" t="176" w="373" /><ent r="4" t="176" w="940" /><ent r="3" t="176" w="946" /><ent r="4" t="176" w="1374" /><ent r="3" t="177" w="396" /><ent r="4" t="177" w="539" /><ent r="3" t="177" w="740" /><ent r="3" t="178" w="382" /><ent r="4" t="178" w="524" /><ent r="4" t="180" w="415" /><ent r="4" t="180" w="525" /><ent r="4" t="180" w="934" /><ent r="4" t="181" w="541" /><ent r="4" t="181" w="651" /><ent r="4" t="181" w="740" /><ent r="7" t="181" w="1162" /><ent r="3" t="181" w="1363" /><ent r="4" t="182" w="326" /><ent r="4" t="182" w="1311" /><ent r="3" t="192" w="40" /><ent r="3" t="221" w="37" /><ent r="4" t="224" w="39" /><ent r="4" t="224" w="174" /><ent r="4" t="224" w="256" /><ent r="4" t="224" w="324" /><ent r="4" t="225" w="121" /><ent r="3" t="225" w="169" /><ent r="4" t="225" w="199" /></phr></stem><stem n="alreadi"><phr n="already"><ent r="4" t="10" w="34" /><ent r="3" t="14" w="61" /><ent r="4" t="20" w="398" /><ent r="4" t="20" w="430" /><ent r="3" t="57" w="94" /><ent r="4" t="79" w="120" /><ent r="6" t="103" w="59" /><ent r="6" t="105" w="55" /><ent r="6" t="106" w="56" /><ent r="3" t="120" w="486" /><ent r="4" t="123" w="172" /><ent r="6" t="139" w="66" /><ent r="6" t="142" w="53" /><ent r="6" t="143" w="53" /><ent r="6" t="144" w="53" /><ent r="6" t="145" w="60" /><ent r="6" t="146" w="56" /><ent r="6" t="147" w="52" /><ent r="6" t="148" w="49" /><ent r="6" t="149" w="49" /><ent r="6" t="150" w="59" /><ent r="3" t="152" w="427" /><ent r="3" t="163" w="244" /><ent r="3" t="163" w="917" /><ent r="3" t="175" w="1112" /><ent r="4" t="175" w="1265" /><ent r="4" t="175" w="1276" /><ent r="4" t="175" w="1448" /><ent r="4" t="176" w="427" /><ent r="4" t="176" w="1032" /><ent r="3" t="176" w="1218" /><ent r="3" t="190" w="133" /><ent r="3" t="190" w="198" /><ent r="3" t="190" w="208" /><ent r="3" t="190" w="330" /><ent r="3" t="203" w="147" /><ent r="3" t="221" w="47" /><ent r="6" t="222" w="53" /><ent r="4" t="224" w="108" /></phr></stem><stem n="appli"><phr n="apply"><ent r="3" t="10" w="51" /><ent r="4" t="43" w="176" /><ent r="3" t="44" w="127" /><ent r="4" t="62" w="184" /><ent r="3" t="62" w="201" /><ent r="3" t="73" w="337" /><ent r="4" t="88" w="107" /><ent r="3" t="88" w="147" /><ent r="4" t="91" w="148" /><ent r="4" t="95" w="226" /><ent r="3" t="95" w="246" /><ent r="4" t="138" w="259" /><ent r="3" t="138" w="352" /><ent r="4" t="139" w="266" /><ent r="6" t="148" w="284" /><ent r="6" t="148" w="707" /><ent r="4" t="151" w="337" /><ent r="3" t="151" w="351" /><ent r="5" t="152" w="124" /><ent r="3" t="152" w="142" /><ent r="4" t="153" w="159" /><ent r="3" t="153" w="176" /><ent r="5" t="154" w="163" /><ent r="3" t="154" w="180" /><ent r="6" t="155" w="61" /><ent r="3" t="155" w="79" /><ent r="4" t="156" w="80" /><ent r="3" t="156" w="97" /><ent r="4" t="157" w="235" /><ent r="3" t="157" w="252" /><ent r="3" t="158" w="164" /><ent r="3" t="158" w="181" /><ent r="4" t="159" w="98" /><ent r="3" t="159" w="115" /><ent r="4" t="160" w="194" /><ent r="3" t="160" w="211" /><ent r="4" t="161" w="147" /><ent r="3" t="161" w="164" /><ent r="3" t="165" w="184" /><ent r="3" t="174" w="1319" /><ent r="3" t="180" w="853" /><ent r="3" t="236" w="15" /></phr><phr n="applied"><ent r="7" t="12" w="69" /><ent r="3" t="80" w="151" /><ent r="3" t="80" w="178" /><ent r="6" t="89" w="390" /><ent r="3" t="92" w="43" /><ent r="6" t="103" w="44" /><ent r="6" t="103" w="71" /><ent r="6" t="105" w="40" /><ent r="6" t="105" w="67" /><ent r="6" t="106" w="41" /><ent r="6" t="106" w="68" /><ent r="3" t="118" w="89" /><ent r="6" t="139" w="51" /><ent r="6" t="139" w="78" /><ent r="6" t="142" w="38" /><ent r="6" t="142" w="65" /><ent r="6" t="143" w="38" /><ent r="6" t="143" w="65" /><ent r="6" t="144" w="38" /><ent r="6" t="144" w="65" /><ent r="6" t="145" w="45" /><ent r="6" t="145" w="72" /><ent r="6" t="146" w="41" /><ent r="6" t="146" w="68" /><ent r="6" t="147" w="37" /><ent r="6" t="147" w="64" /><ent r="6" t="148" w="34" /><ent r="6" t="148" w="61" /><ent r="4" t="148" w="361" /><ent r="4" t="148" w="784" /><ent r="6" t="149" w="34" /><ent r="6" t="149" w="61" /><ent r="6" t="150" w="44" /><ent r="6" t="150" w="71" /><ent r="3" t="163" w="447" /><ent r="3" t="169" w="50" /><ent r="3" t="210" w="290" /><ent r="6" t="222" w="38" /><ent r="6" t="222" w="65" /></phr><phr n="applies"><ent r="6" t="12" w="85" /><ent r="3" t="22" w="19" /><ent r="3" t="85" w="153" /><ent r="3" t="88" w="273" /><ent r="4" t="148" w="570" /><ent r="4" t="148" w="993" /><ent r="3" t="157" w="180" /><ent r="4" t="167" w="294" /><ent r="3" t="176" w="658" /><ent r="3" t="193" w="38" /><ent r="6" t="223" w="73" /></phr><phr n="Apply"><ent r="92" t="44" w="42" /><ent r="4" t="62" w="214" /><ent r="5" t="73" w="124" /><ent r="5" t="73" w="170" /><ent r="5" t="73" w="213" /><ent r="3" t="73" w="318" /><ent r="3" t="73" w="323" /><ent r="3" t="73" w="334" /><ent r="5" t="95" w="241" /><ent r="3" t="151" w="348" /><ent r="4" t="152" w="155" /><ent r="4" t="153" w="189" /><ent r="4" t="154" w="193" /><ent r="4" t="155" w="92" /><ent r="4" t="156" w="110" /><ent r="4" t="157" w="265" /><ent r="4" t="158" w="194" /><ent r="4" t="159" w="128" /><ent r="4" t="160" w="224" /><ent r="4" t="161" w="177" /><ent r="3" t="162" w="171" /><ent r="4" t="165" w="180" /><ent r="4" t="174" w="1180" /><ent r="5" t="174" w="1579" /></phr><phr n="Applies"><ent r="4" t="156" w="605" /><ent r="4" t="161" w="788" /><ent r="4" t="210" w="236" /><ent r="6" t="223" w="19" /></phr></stem><stem n="(when"><phr n="(When"><ent r="7" t="10" w="96" /></phr></stem><stem n="still"><phr n="still"><ent r="7" t="10" w="105" /><ent r="4" t="163" w="586" /><ent r="3" t="173" w="1766" /><ent r="4" t="181" w="547" /><ent r="4" t="182" w="202" /><ent r="3" t="221" w="170" /></phr></stem><stem n=":annot"><phr n=":Annotation"><ent r="100" t="11" w="8" /><ent r="100" t="63" w="8" /><ent r="100" t="64" w="14" /><ent r="100" t="142" w="14" /><ent r="100" t="158" w="10" /></phr><phr n=":annotation"><ent r="100" t="67" w="9" /></phr></stem><stem n="check"><phr n="Check"><ent r="6" t="11" w="111" /><ent r="4" t="26" w="566" /><ent r="4" t="26" w="582" /><ent r="3" t="140" w="338" /><ent r="4" t="163" w="377" /><ent r="4" t="175" w="1233" /><ent r="4" t="209" w="255" /><ent r="4" t="209" w="268" /><ent r="4" t="216" w="100" /></phr><phr n="check"><ent r="4" t="48" w="161" /><ent r="3" t="57" w="102" /><ent r="3" t="76" w="127" /><ent r="4" t="91" w="155" /><ent r="4" t="105" w="493" /><ent r="3" t="150" w="243" /><ent r="3" t="151" w="322" /><ent r="3" t="160" w="183" /><ent r="4" t="164" w="223" /><ent r="4" t="167" w="282" /><ent r="4" t="170" w="161" /><ent r="4" t="170" w="223" /><ent r="4" t="170" w="232" /><ent r="4" t="170" w="271" /><ent r="4" t="174" w="2260" /><ent r="4" t="176" w="1138" /><ent r="3" t="207" w="27" /><ent r="3" t="207" w="56" /><ent r="3" t="207" w="76" /><ent r="3" t="207" w="104" /><ent r="4" t="222" w="127" /><ent r="3" t="224" w="74" /><ent r="3" t="225" w="24" /></phr><phr n="checked"><ent r="4" t="57" w="54" /><ent r="3" t="73" w="326" /><ent r="3" t="80" w="519" /><ent r="3" t="80" w="558" /><ent r="3" t="80" w="594" /><ent r="3" t="105" w="324" /><ent r="3" t="105" w="343" /><ent r="4" t="105" w="496" /><ent r="4" t="105" w="509" /><ent r="4" t="106" w="467" /><ent r="4" t="106" w="478" /><ent r="3" t="140" w="130" /><ent r="3" t="140" w="233" /><ent r="3" t="140" w="437" /><ent r="3" t="140" w="601" /><ent r="3" t="151" w="227" /><ent r="3" t="159" w="279" /><ent r="3" t="164" w="234" /><ent r="3" t="213" w="32" /><ent r="3" t="215" w="37" /><ent r="4" t="225" w="128" /><ent r="4" t="225" w="204" /></phr><phr n="Checking"><ent r="3" t="153" w="244" /></phr><phr n="checks"><ent r="3" t="163" w="231" /></phr><phr n="checking"><ent r="3" t="176" w="648" /></phr></stem><stem n="lock"><phr n="lock"><ent r="6" t="11" w="115" /><ent r="4" t="50" w="253" /><ent r="3" t="213" w="78" /><ent r="4" t="214" w="46" /><ent r="3" t="215" w="83" /><ent r="4" t="216" w="64" /><ent r="4" t="217" w="76" /><ent r="4" t="218" w="49" /></phr><phr n="Lock"><ent r="4" t="50" w="259" /><ent r="3" t="213" w="84" /><ent r="4" t="214" w="52" /><ent r="3" t="215" w="89" /><ent r="4" t="216" w="70" /><ent r="4" t="217" w="82" /><ent r="4" t="218" w="55" /></phr><phr n="locked"><ent r="3" t="165" w="85" /></phr></stem><stem n="uncheck"><phr n="Uncheck"><ent r="6" t="11" w="118" /><ent r="3" t="150" w="250" /><ent r="4" t="222" w="138" /></phr><phr n="unchecked"><ent r="4" t="57" w="63" /><ent r="4" t="164" w="231" /><ent r="3" t="164" w="253" /><ent r="3" t="176" w="686" /></phr><phr n="uncheck"><ent r="3" t="140" w="149" /><ent r="3" t="140" w="252" /><ent r="3" t="140" w="456" /><ent r="3" t="140" w="620" /><ent r="3" t="160" w="185" /><ent r="3" t="213" w="51" /><ent r="3" t="215" w="56" /></phr><phr n="unchecking"><ent r="4" t="174" w="2809" /></phr></stem><stem n="unlock"><phr n="unlock"><ent r="6" t="11" w="122" /></phr><phr n="unlocked"><ent r="3" t="165" w="106" /></phr></stem><stem n="primarili"><phr n="primarily"><ent r="6" t="11" w="128" /><ent r="3" t="114" w="219" /></phr></stem><stem n="shape"><phr n="shape"><ent r="6" t="11" w="131" /><ent r="4" t="20" w="492" /><ent r="100" t="21" w="6" /><ent r="100" t="21" w="9" /><ent r="3" t="21" w="18" /><ent r="3" t="21" w="60" /><ent r="3" t="21" w="74" /><ent r="3" t="21" w="82" /><ent r="3" t="21" w="93" /><ent r="3" t="21" w="137" /><ent r="3" t="21" w="188" /><ent r="3" t="21" w="207" /><ent r="4" t="21" w="258" /><ent r="4" t="21" w="304" /><ent r="3" t="21" w="360" /><ent r="3" t="21" w="414" /><ent r="3" t="21" w="442" /><ent r="3" t="21" w="460" /><ent r="4" t="21" w="497" /><ent r="100" t="29" w="5" /><ent r="100" t="29" w="10" /><ent r="3" t="29" w="20" /><ent r="4" t="29" w="76" /><ent r="3" t="59" w="30" /><ent r="3" t="61" w="19" /><ent r="4" t="61" w="54" /><ent r="3" t="62" w="25" /><ent r="3" t="62" w="80" /><ent r="3" t="62" w="87" /><ent r="5" t="88" w="210" /><ent r="5" t="88" w="241" /><ent r="3" t="109" w="18" /><ent r="5" t="148" w="621" /><ent r="5" t="148" w="654" /><ent r="5" t="148" w="1044" /><ent r="5" t="148" w="1077" /><ent r="5" t="156" w="491" /><ent r="5" t="156" w="521" /><ent r="3" t="157" w="25" /><ent r="3" t="157" w="130" /><ent r="3" t="157" w="133" /><ent r="5" t="161" w="612" /><ent r="5" t="161" w="642" /><ent r="4" t="174" w="1718" /><ent r="100" t="177" w="7" /><ent r="3" t="177" w="34" /><ent r="3" t="177" w="45" /><ent r="3" t="177" w="54" /><ent r="4" t="177" w="67" /><ent r="4" t="177" w="72" /><ent r="4" t="177" w="81" /><ent r="4" t="177" w="88" /><ent r="3" t="177" w="165" /><ent r="3" t="177" w="277" /><ent r="3" t="177" w="290" /><ent r="3" t="177" w="312" /><ent r="3" t="177" w="318" /><ent r="3" t="177" w="329" /><ent r="3" t="177" w="336" /><ent r="3" t="177" w="352" /><ent r="3" t="177" w="364" /><ent r="3" t="177" w="387" /><ent r="3" t="177" w="399" /><ent r="4" t="177" w="905" /><ent r="4" t="177" w="980" /><ent r="3" t="177" w="1181" /><ent r="3" t="177" w="1196" /><ent r="3" t="177" w="1218" /><ent r="3" t="177" w="1227" /><ent r="100" t="178" w="6" /><ent r="100" t="178" w="11" /><ent r="3" t="178" w="37" /><ent r="3" t="178" w="46" /><ent r="4" t="178" w="65" /><ent r="4" t="178" w="69" /><ent r="4" t="178" w="78" /><ent r="3" t="178" w="155" /><ent r="3" t="178" w="266" /><ent r="3" t="178" w="279" /><ent r="3" t="178" w="299" /><ent r="3" t="178" w="305" /><ent r="3" t="178" w="316" /><ent r="3" t="178" w="323" /><ent r="3" t="178" w="339" /><ent r="3" t="178" w="351" /><ent r="3" t="178" w="373" /><ent r="3" t="178" w="385" /><ent r="3" t="178" w="788" /><ent r="4" t="178" w="1058" /><ent r="92" t="178" w="1148" /><ent r="4" t="178" w="1157" /><ent r="4" t="178" w="1175" /><ent r="3" t="178" w="1189" /><ent r="3" t="178" w="1257" /><ent r="3" t="178" w="1291" /><ent r="3" t="178" w="1311" /><ent r="3" t="212" w="31" /></phr><phr n="Shape"><ent r="5" t="20" w="482" /><ent r="4" t="20" w="487" /><ent r="65" t="20" w="505" /><ent r="64" t="20" w="568" /><ent r="1000" t="21" w="2" /><ent r="102" t="21" w="14" /><ent r="3" t="21" w="55" /><ent r="92" t="21" w="233" /><ent r="4" t="21" w="283" /><ent r="64" t="21" w="528" /><ent r="64" t="21" w="534" /><ent r="4" t="22" w="156" /><ent r="1000" t="29" w="2" /><ent r="102" t="29" w="14" /><ent r="4" t="29" w="61" /><ent r="65" t="29" w="104" /><ent r="64" t="29" w="122" /><ent r="64" t="31" w="58" /><ent r="6" t="59" w="61" /><ent r="4" t="62" w="172" /><ent r="4" t="108" w="53" /><ent r="4" t="108" w="58" /><ent r="4" t="108" w="63" /><ent r="64" t="172" w="363" /><ent r="64" t="172" w="368" /><ent r="1000" t="177" w="4" /><ent r="102" t="177" w="13" /><ent r="3" t="177" w="145" /><ent r="3" t="177" w="177" /><ent r="92" t="177" w="755" /><ent r="5" t="177" w="804" /><ent r="1000" t="178" w="3" /><ent r="102" t="178" w="16" /><ent r="3" t="178" w="135" /><ent r="3" t="178" w="167" /><ent r="92" t="178" w="975" /><ent r="5" t="178" w="1020" /><ent r="4" t="178" w="1033" /><ent r="4" t="178" w="1041" /><ent r="3" t="178" w="1072" /><ent r="4" t="178" w="1115" /><ent r="3" t="178" w="1207" /><ent r="1000" t="212" w="1" /><ent r="100" t="212" w="6" /><ent r="102" t="212" w="11" /><ent r="3" t="212" w="17" /><ent r="4" t="212" w="44" /><ent r="4" t="212" w="87" /><ent r="3" t="212" w="132" /><ent r="3" t="212" w="168" /><ent r="4" t="212" w="180" /><ent r="4" t="212" w="260" /></phr><phr n="shapes"><ent r="3" t="21" w="172" /><ent r="3" t="21" w="223" /><ent r="3" t="21" w="375" /><ent r="4" t="61" w="48" /><ent r="3" t="62" w="153" /><ent r="6" t="177" w="936" /><ent r="6" t="177" w="950" /><ent r="5" t="177" w="965" /><ent r="3" t="183" w="32" /></phr></stem><stem n="prevent"><phr n="prevents"><ent r="6" t="11" w="140" /></phr><phr n="prevent"><ent r="3" t="163" w="641" /><ent r="3" t="163" w="862" /><ent r="4" t="175" w="434" /></phr></stem><stem n="accident"><phr n="accidentally"><ent r="6" t="11" w="143" /><ent r="3" t="174" w="1389" /></phr></stem><stem n="especi"><phr n="especially"><ent r="6" t="11" w="149" /><ent r="3" t="106" w="298" /><ent r="3" t="163" w="23" /><ent r="5" t="217" w="142" /></phr></stem><stem n="those"><phr n="those"><ent r="6" t="11" w="150" /><ent r="3" t="118" w="110" /><ent r="3" t="140" w="194" /><ent r="3" t="140" w="297" /><ent r="3" t="140" w="501" /><ent r="3" t="140" w="665" /><ent r="3" t="153" w="417" /><ent r="3" t="172" w="86" /><ent r="3" t="172" w="227" /><ent r="3" t="173" w="1342" /><ent r="7" t="193" w="633" /><ent r="7" t="193" w="659" /></phr></stem><stem n="accord"><phr n="according"><ent r="6" t="11" w="152" /><ent r="6" t="14" w="375" /><ent r="6" t="14" w="412" /><ent r="3" t="181" w="160" /><ent r="3" t="181" w="166" /><ent r="3" t="181" w="283" /><ent r="3" t="186" w="49" /><ent r="3" t="186" w="109" /></phr></stem><stem n="lat"><phr n="lat"><ent r="6" t="11" w="154" /><ent r="4" t="48" w="223" /><ent r="3" t="174" w="2874" /></phr><phr n="Lat"><ent r="4" t="106" w="378" /><ent r="64" t="141" w="37" /><ent r="102" t="145" w="6" /><ent r="3" t="145" w="17" /><ent r="4" t="145" w="78" /><ent r="5" t="145" w="133" /><ent r="3" t="159" w="22" /><ent r="3" t="159" w="31" /><ent r="4" t="159" w="49" /></phr></stem><stem n="/long"><phr n="/long"><ent r="6" t="11" w="155" /><ent r="4" t="48" w="224" /><ent r="3" t="174" w="2875" /></phr><phr n="/Long"><ent r="3" t="159" w="23" /><ent r="3" t="159" w="32" /><ent r="4" t="159" w="50" /></phr></stem><stem n="lat/long"><phr n="lat/long"><ent r="6" t="11" w="155" /><ent r="6" t="11" w="154" /><ent r="4" t="48" w="224" /><ent r="4" t="48" w="223" /><ent r="3" t="174" w="2875" /><ent r="3" t="174" w="2874" /></phr><phr n="Lat/Long"><ent r="3" t="159" w="23" /><ent r="3" t="159" w="22" /><ent r="3" t="159" w="32" /><ent r="3" t="159" w="31" /><ent r="4" t="159" w="50" /><ent r="4" t="159" w="49" /></phr></stem><stem n="long"><phr n="long"><ent r="6" t="11" w="155" /><ent r="4" t="48" w="224" /><ent r="4" t="148" w="268" /><ent r="3" t="174" w="2875" /><ent r="7" t="193" w="206" /><ent r="6" t="193" w="265" /><ent r="7" t="193" w="286" /><ent r="7" t="193" w="346" /><ent r="6" t="236" w="113" /><ent r="6" t="236" w="126" /></phr><phr n="Long"><ent r="3" t="159" w="23" /><ent r="3" t="159" w="32" /><ent r="4" t="159" w="50" /></phr></stem><stem n="coordin"><phr n="coordinates"><ent r="6" t="11" w="156" /><ent r="3" t="21" w="110" /><ent r="4" t="49" w="194" /><ent r="3" t="72" w="17" /><ent r="3" t="74" w="21" /><ent r="4" t="74" w="33" /><ent r="4" t="82" w="155" /><ent r="4" t="82" w="170" /><ent r="4" t="96" w="88" /><ent r="4" t="96" w="92" /><ent r="4" t="106" w="481" /><ent r="3" t="107" w="14" /><ent r="3" t="107" w="141" /><ent r="3" t="107" w="197" /><ent r="3" t="107" w="233" /><ent r="3" t="107" w="250" /><ent r="3" t="107" w="272" /><ent r="3" t="107" w="475" /><ent r="3" t="164" w="49" /><ent r="3" t="173" w="734" /><ent r="3" t="174" w="141" /><ent r="3" t="174" w="799" /><ent r="3" t="174" w="831" /><ent r="3" t="174" w="948" /><ent r="4" t="174" w="1015" /><ent r="3" t="174" w="1305" /><ent r="4" t="176" w="830" /><ent r="7" t="193" w="422" /><ent r="5" t="219" w="336" /><ent r="6" t="223" w="122" /><ent r="6" t="223" w="134" /><ent r="6" t="223" w="139" /><ent r="7" t="228" w="41" /><ent r="3" t="231" w="45" /><ent r="3" t="231" w="89" /><ent r="3" t="231" w="117" /><ent r="3" t="231" w="166" /><ent r="3" t="231" w="184" /><ent r="3" t="231" w="222" /><ent r="3" t="231" w="391" /><ent r="3" t="231" w="442" /></phr><phr n="coordinate"><ent r="3" t="21" w="88" /><ent r="3" t="21" w="97" /><ent r="3" t="21" w="116" /><ent r="4" t="26" w="561" /><ent r="4" t="40" w="215" /><ent r="3" t="72" w="20" /><ent r="3" t="72" w="42" /><ent r="3" t="72" w="45" /><ent r="3" t="72" w="74" /><ent r="3" t="72" w="90" /><ent r="3" t="72" w="101" /><ent r="3" t="73" w="264" /><ent r="4" t="105" w="475" /><ent r="4" t="106" w="359" /><ent r="3" t="107" w="94" /><ent r="3" t="107" w="99" /><ent r="3" t="107" w="124" /><ent r="3" t="107" w="221" /><ent r="3" t="107" w="265" /><ent r="3" t="163" w="106" /><ent r="4" t="168" w="124" /><ent r="4" t="168" w="131" /><ent r="3" t="174" w="168" /><ent r="3" t="174" w="895" /><ent r="3" t="177" w="340" /><ent r="3" t="177" w="393" /><ent r="3" t="177" w="405" /><ent r="3" t="178" w="327" /><ent r="3" t="178" w="379" /><ent r="3" t="178" w="391" /><ent r="3" t="187" w="38" /><ent r="3" t="231" w="21" /><ent r="3" t="231" w="113" /><ent r="3" t="231" w="169" /><ent r="3" t="231" w="174" /><ent r="3" t="231" w="197" /><ent r="3" t="231" w="207" /><ent r="3" t="231" w="291" /><ent r="3" t="231" w="295" /><ent r="3" t="231" w="378" /></phr><phr n="Coordinate"><ent r="5" t="26" w="537" /><ent r="3" t="73" w="220" /><ent r="3" t="73" w="225" /><ent r="5" t="106" w="353" /><ent r="5" t="107" w="456" /><ent r="3" t="159" w="152" /><ent r="4" t="174" w="867" /><ent r="3" t="174" w="886" /></phr><phr n="Coordinates"><ent r="3" t="49" w="97" /><ent r="5" t="73" w="246" /><ent r="4" t="73" w="251" /><ent r="5" t="106" w="444" /><ent r="3" t="152" w="466" /><ent r="3" t="157" w="42" /><ent r="3" t="157" w="44" /><ent r="92" t="159" w="148" /><ent r="5" t="159" w="175" /><ent r="4" t="159" w="180" /><ent r="4" t="174" w="791" /><ent r="4" t="174" w="2112" /></phr></stem></index>