﻿<?xml version="1.0" encoding="utf-8"?><index><stem n="point"><phr n="point"><ent r="6" t="3" w="43" /><ent r="6" t="3" w="55" /><ent r="6" t="3" w="63" /><ent r="6" t="7" w="119" /><ent r="7" t="8" w="108" /><ent r="7" t="10" w="74" /><ent r="7" t="10" w="92" /><ent r="7" t="13" w="141" /><ent r="3" t="21" w="185" /><ent r="4" t="40" w="122" /><ent r="4" t="40" w="142" /><ent r="7" t="59" w="108" /><ent r="7" t="59" w="171" /><ent r="3" t="81" w="12" /><ent r="3" t="82" w="26" /><ent r="4" t="82" w="194" /><ent r="3" t="82" w="200" /><ent r="3" t="82" w="222" /><ent r="4" t="82" w="246" /><ent r="4" t="82" w="284" /><ent r="4" t="82" w="301" /><ent r="4" t="82" w="318" /><ent r="3" t="83" w="61" /><ent r="3" t="107" w="72" /><ent r="3" t="150" w="209" /><ent r="3" t="160" w="36" /><ent r="3" t="163" w="648" /><ent r="4" t="167" w="269" /><ent r="4" t="167" w="302" /><ent r="3" t="168" w="31" /><ent r="3" t="168" w="36" /><ent r="3" t="168" w="62" /><ent r="3" t="168" w="80" /><ent r="4" t="168" w="194" /><ent r="3" t="168" w="208" /><ent r="4" t="168" w="226" /><ent r="4" t="168" w="250" /><ent r="4" t="168" w="263" /><ent r="3" t="174" w="156" /><ent r="4" t="174" w="2597" /><ent r="3" t="176" w="579" /><ent r="3" t="176" w="626" /><ent r="3" t="176" w="634" /><ent r="3" t="176" w="663" /><ent r="4" t="176" w="707" /><ent r="4" t="176" w="715" /><ent r="3" t="176" w="735" /><ent r="3" t="176" w="738" /><ent r="3" t="176" w="769" /><ent r="3" t="176" w="923" /><ent r="3" t="176" w="995" /><ent r="4" t="176" w="1534" /><ent r="3" t="177" w="205" /><ent r="3" t="177" w="212" /><ent r="3" t="177" w="215" /><ent r="3" t="178" w="194" /><ent r="3" t="178" w="201" /><ent r="3" t="178" w="204" /><ent r="4" t="178" w="937" /><ent r="4" t="178" w="950" /><ent r="4" t="178" w="969" /><ent r="3" t="178" w="1287" /><ent r="3" t="178" w="1290" /><ent r="7" t="184" w="104" /><ent r="7" t="184" w="140" /><ent r="7" t="193" w="213" /><ent r="7" t="193" w="221" /><ent r="7" t="193" w="349" /><ent r="100" t="231" w="152" /><ent r="3" t="231" w="159" /><ent r="3" t="231" w="446" /><ent r="6" t="236" w="48" /><ent r="6" t="236" w="61" /><ent r="6" t="236" w="73" /><ent r="6" t="236" w="86" /><ent r="6" t="236" w="98" /><ent r="6" t="236" w="111" /><ent r="6" t="236" w="123" /><ent r="6" t="236" w="136" /><ent r="5" t="236" w="149" /><ent r="5" t="236" w="161" /><ent r="5" t="236" w="173" /><ent r="5" t="236" w="186" /><ent r="6" t="236" w="197" /><ent r="6" t="236" w="209" /><ent r="6" t="236" w="382" /><ent r="6" t="236" w="401" /><ent r="6" t="236" w="419" /><ent r="6" t="236" w="438" /><ent r="6" t="236" w="456" /><ent r="6" t="236" w="475" /><ent r="6" t="236" w="493" /><ent r="6" t="236" w="512" /><ent r="5" t="236" w="531" /><ent r="5" t="236" w="549" /><ent r="5" t="236" w="567" /><ent r="5" t="236" w="586" /><ent r="6" t="236" w="604" /><ent r="6" t="236" w="622" /></phr><phr n="Point"><ent r="3" t="4" w="103" /><ent r="64" t="4" w="239" /><ent r="7" t="8" w="90" /><ent r="1000" t="10" w="2" /><ent r="100" t="10" w="6" /><ent r="100" t="10" w="11" /><ent r="102" t="10" w="14" /><ent r="4" t="10" w="21" /><ent r="4" t="10" w="30" /><ent r="3" t="10" w="48" /><ent r="7" t="10" w="65" /><ent r="7" t="10" w="112" /><ent r="7" t="10" w="120" /><ent r="68" t="10" w="125" /><ent r="7" t="13" w="133" /><ent r="4" t="21" w="141" /><ent r="4" t="21" w="143" /><ent r="5" t="40" w="111" /><ent r="5" t="40" w="207" /><ent r="4" t="55" w="95" /><ent r="3" t="72" w="10" /><ent r="3" t="73" w="14" /><ent r="64" t="81" w="80" /><ent r="64" t="81" w="84" /><ent r="1000" t="82" w="2" /><ent r="100" t="82" w="6" /><ent r="102" t="82" w="10" /><ent r="3" t="82" w="15" /><ent r="3" t="82" w="56" /><ent r="3" t="82" w="98" /><ent r="64" t="82" w="105" /><ent r="3" t="82" w="111" /><ent r="4" t="82" w="126" /><ent r="3" t="82" w="132" /><ent r="3" t="83" w="20" /><ent r="65" t="83" w="69" /><ent r="64" t="141" w="59" /><ent r="1000" t="150" w="2" /><ent r="102" t="150" w="7" /><ent r="100" t="150" w="12" /><ent r="100" t="150" w="18" /><ent r="3" t="150" w="23" /><ent r="4" t="150" w="78" /><ent r="5" t="150" w="130" /><ent r="3" t="150" w="241" /><ent r="1000" t="160" w="2" /><ent r="100" t="160" w="7" /><ent r="100" t="160" w="13" /><ent r="102" t="160" w="17" /><ent r="3" t="160" w="24" /><ent r="4" t="160" w="66" /><ent r="4" t="160" w="84" /><ent r="3" t="160" w="101" /><ent r="4" t="166" w="164" /><ent r="5" t="167" w="223" /><ent r="3" t="167" w="235" /><ent r="3" t="167" w="256" /><ent r="3" t="167" w="318" /><ent r="3" t="167" w="336" /><ent r="3" t="175" w="738" /><ent r="4" t="176" w="572" /><ent r="4" t="176" w="675" /><ent r="92" t="176" w="720" /><ent r="4" t="176" w="818" /><ent r="4" t="176" w="932" /><ent r="4" t="176" w="938" /><ent r="3" t="178" w="1186" /><ent r="3" t="178" w="1201" /><ent r="3" t="178" w="1204" /></phr><phr n="points"><ent r="7" t="8" w="101" /><ent r="3" t="13" w="24" /><ent r="3" t="21" w="191" /><ent r="7" t="59" w="77" /><ent r="7" t="59" w="87" /><ent r="7" t="59" w="140" /><ent r="7" t="59" w="153" /><ent r="4" t="71" w="73" /><ent r="100" t="81" w="5" /><ent r="3" t="81" w="35" /><ent r="3" t="81" w="51" /><ent r="3" t="81" w="56" /><ent r="3" t="81" w="73" /><ent r="3" t="82" w="22" /><ent r="3" t="82" w="35" /><ent r="3" t="82" w="42" /><ent r="3" t="82" w="47" /><ent r="3" t="82" w="257" /><ent r="3" t="82" w="290" /><ent r="100" t="83" w="6" /><ent r="100" t="83" w="11" /><ent r="3" t="83" w="31" /><ent r="3" t="83" w="50" /><ent r="4" t="83" w="92" /><ent r="4" t="83" w="101" /><ent r="4" t="101" w="189" /><ent r="3" t="150" w="36" /><ent r="4" t="167" w="206" /><ent r="100" t="168" w="7" /><ent r="3" t="168" w="26" /><ent r="3" t="168" w="50" /><ent r="100" t="168" w="73" /><ent r="4" t="168" w="278" /><ent r="3" t="173" w="724" /><ent r="3" t="174" w="151" /><ent r="3" t="174" w="844" /><ent r="3" t="174" w="854" /><ent r="4" t="174" w="2800" /><ent r="3" t="176" w="752" /><ent r="3" t="177" w="191" /><ent r="3" t="177" w="193" /><ent r="3" t="177" w="222" /><ent r="3" t="177" w="304" /><ent r="3" t="178" w="181" /><ent r="3" t="178" w="183" /><ent r="3" t="178" w="211" /><ent r="3" t="178" w="291" /><ent r="3" t="178" w="794" /><ent r="3" t="178" w="806" /><ent r="3" t="178" w="818" /><ent r="7" t="184" w="73" /><ent r="7" t="184" w="86" /><ent r="7" t="184" w="119" /><ent r="7" t="184" w="155" /><ent r="5" t="184" w="225" /><ent r="5" t="184" w="240" /></phr><phr n="Points"><ent r="4" t="22" w="189" /><ent r="4" t="22" w="195" /><ent r="1000" t="81" w="2" /><ent r="102" t="81" w="8" /><ent r="64" t="81" w="89" /><ent r="1000" t="83" w="3" /><ent r="102" t="83" w="15" /><ent r="3" t="107" w="32" /><ent r="64" t="167" w="344" /><ent r="1000" t="168" w="3" /><ent r="102" t="168" w="11" /><ent r="3" t="174" w="821" /><ent r="4" t="174" w="1144" /><ent r="3" t="174" w="2781" /><ent r="4" t="176" w="91" /><ent r="4" t="176" w="555" /><ent r="3" t="177" w="197" /><ent r="3" t="178" w="187" /><ent r="93" t="231" w="148" /></phr><phr n="pointing"><ent r="3" t="71" w="132" /><ent r="4" t="174" w="2606" /></phr></stem><stem n="drag"><phr n="dragging"><ent r="6" t="3" w="45" /><ent r="6" t="7" w="229" /><ent r="7" t="11" w="167" /><ent r="3" t="49" w="351" /><ent r="3" t="86" w="167" /><ent r="3" t="88" w="71" /><ent r="4" t="177" w="1039" /><ent r="4" t="178" w="1173" /><ent r="3" t="181" w="1080" /><ent r="3" t="182" w="870" /></phr><phr n="drag"><ent r="6" t="14" w="339" /><ent r="3" t="19" w="114" /><ent r="3" t="47" w="89" /><ent r="3" t="68" w="102" /><ent r="3" t="76" w="239" /><ent r="3" t="76" w="257" /><ent r="3" t="112" w="364" /><ent r="3" t="112" w="373" /><ent r="3" t="122" w="172" /><ent r="3" t="122" w="209" /><ent r="3" t="122" w="248" /><ent r="3" t="123" w="36" /><ent r="4" t="123" w="69" /><ent r="4" t="123" w="322" /><ent r="4" t="125" w="66" /><ent r="3" t="173" w="633" /><ent r="3" t="173" w="966" /><ent r="4" t="173" w="1407" /><ent r="4" t="173" w="2217" /><ent r="4" t="174" w="1725" /><ent r="4" t="174" w="2593" /><ent r="4" t="175" w="556" /><ent r="4" t="175" w="896" /><ent r="3" t="180" w="1123" /><ent r="4" t="181" w="468" /><ent r="4" t="181" w="515" /><ent r="4" t="181" w="617" /><ent r="4" t="181" w="706" /><ent r="4" t="182" w="562" /><ent r="4" t="182" w="598" /><ent r="4" t="182" w="648" /></phr><phr n="Drag"><ent r="4" t="37" w="72" /><ent r="4" t="123" w="330" /><ent r="4" t="217" w="93" /></phr></stem><stem n="wheel"><phr n="Wheel"><ent r="6" t="3" w="49" /><ent r="6" t="3" w="57" /><ent r="4" t="80" w="538" /></phr><phr n="wheel"><ent r="3" t="49" w="367" /><ent r="4" t="80" w="553" /><ent r="3" t="80" w="562" /><ent r="3" t="80" w="573" /><ent r="4" t="80" w="588" /><ent r="3" t="80" w="598" /><ent r="3" t="80" w="606" /><ent r="3" t="173" w="871" /></phr></stem><stem n="up"><phr n="up"><ent r="6" t="3" w="50" /><ent r="100" t="71" w="6" /><ent r="4" t="71" w="84" /><ent r="4" t="95" w="139" /><ent r="3" t="108" w="30" /><ent r="4" t="137" w="449" /><ent r="4" t="173" w="1705" /><ent r="4" t="173" w="2060" /><ent r="3" t="174" w="2773" /><ent r="3" t="176" w="1428" /><ent r="3" t="177" w="299" /><ent r="4" t="177" w="987" /><ent r="4" t="182" w="1288" /><ent r="4" t="202" w="615" /><ent r="4" t="202" w="641" /><ent r="3" t="213" w="153" /><ent r="3" t="215" w="158" /><ent r="5" t="219" w="114" /></phr><phr n="Up"><ent r="66" t="7" w="251" /><ent r="66" t="7" w="269" /><ent r="6" t="14" w="242" /><ent r="64" t="16" w="36" /><ent r="1000" t="42" w="2" /><ent r="102" t="42" w="5" /><ent r="100" t="42" w="8" /><ent r="3" t="42" w="12" /><ent r="4" t="42" w="44" /><ent r="1000" t="43" w="2" /><ent r="102" t="43" w="5" /><ent r="100" t="43" w="8" /><ent r="3" t="43" w="11" /><ent r="3" t="43" w="183" /><ent r="3" t="43" w="205" /><ent r="3" t="64" w="146" /><ent r="1000" t="71" w="2" /><ent r="102" t="71" w="10" /><ent r="3" t="71" w="14" /><ent r="5" t="71" w="97" /><ent r="4" t="71" w="104" /><ent r="3" t="82" w="74" /><ent r="4" t="181" w="1255" /><ent r="4" t="181" w="1340" /></phr></stem><stem n="out"><phr n="out"><ent r="6" t="3" w="53" /><ent r="6" t="7" w="29" /><ent r="6" t="7" w="49" /><ent r="6" t="38" w="77" /><ent r="3" t="40" w="20" /><ent r="4" t="40" w="94" /><ent r="4" t="40" w="119" /><ent r="3" t="49" w="363" /><ent r="3" t="58" w="271" /><ent r="3" t="80" w="578" /><ent r="3" t="80" w="602" /><ent r="3" t="101" w="114" /><ent r="4" t="106" w="565" /><ent r="5" t="113" w="193" /><ent r="3" t="173" w="124" /><ent r="4" t="173" w="903" /><ent r="4" t="174" w="2423" /><ent r="3" t="177" w="745" /><ent r="4" t="182" w="1667" /><ent r="3" t="219" w="32" /><ent r="5" t="219" w="361" /><ent r="7" t="235" w="113" /></phr><phr n="Out"><ent r="4" t="40" w="109" /><ent r="4" t="40" w="134" /><ent r="5" t="106" w="559" /><ent r="4" t="151" w="291" /><ent r="4" t="171" w="321" /><ent r="4" t="173" w="849" /><ent r="4" t="173" w="894" /><ent r="3" t="174" w="2868" /><ent r="7" t="235" w="110" /></phr></stem><stem n="dynam"><phr n="dynamic"><ent r="6" t="3" w="72" /><ent r="3" t="106" w="175" /></phr><phr n="Dynamic"><ent r="92" t="106" w="165" /><ent r="5" t="148" w="199" /><ent r="92" t="156" w="571" /><ent r="5" t="156" w="576" /><ent r="92" t="161" w="754" /><ent r="5" t="161" w="759" /></phr><phr n="dynamically"><ent r="4" t="156" w="584" /><ent r="4" t="161" w="767" /></phr></stem><stem n="inset"><phr n="inset"><ent r="6" t="3" w="73" /><ent r="3" t="106" w="176" /><ent r="5" t="219" w="352" /><ent r="5" t="219" w="381" /></phr><phr n="Inset"><ent r="92" t="106" w="166" /></phr></stem><stem n="(the"><phr n="(the"><ent r="6" t="3" w="74" /><ent r="6" t="14" w="487" /><ent r="3" t="80" w="171" /><ent r="3" t="163" w="276" /><ent r="4" t="173" w="1592" /><ent r="3" t="174" w="2050" /><ent r="3" t="174" w="2339" /><ent r="3" t="190" w="654" /></phr><phr n="(The"><ent r="4" t="25" w="95" /><ent r="3" t="72" w="52" /><ent r="3" t="162" w="170" /></phr></stem><stem n="zoomed-in"><phr n="zoomed-in"><ent r="6" t="3" w="75" /><ent r="3" t="173" w="693" /><ent r="3" t="173" w="708" /><ent r="3" t="173" w="1662" /></phr></stem><stem n="region"><phr n="region"><ent r="6" t="3" w="77" /><ent r="4" t="58" w="71" /><ent r="4" t="58" w="87" /><ent r="3" t="83" w="62" /><ent r="4" t="83" w="84" /><ent r="4" t="83" w="105" /><ent r="4" t="94" w="158" /><ent r="4" t="142" w="216" /><ent r="3" t="163" w="420" /><ent r="3" t="170" w="35" /><ent r="4" t="173" w="1688" /><ent r="3" t="174" w="307" /><ent r="3" t="174" w="315" /><ent r="4" t="176" w="1091" /><ent r="4" t="176" w="1095" /></phr><phr n="regions"><ent r="3" t="83" w="28" /></phr><phr n="Region"><ent r="5" t="163" w="380" /><ent r="3" t="169" w="61" /><ent r="4" t="169" w="148" /><ent r="5" t="170" w="116" /><ent r="5" t="175" w="1236" /></phr></stem><stem n="scene"><phr n="scene"><ent r="6" t="3" w="80" /><ent r="6" t="11" w="148" /><ent r="3" t="49" w="339" /><ent r="4" t="58" w="62" /><ent r="4" t="58" w="74" /><ent r="4" t="58" w="107" /><ent r="4" t="74" w="50" /><ent r="4" t="82" w="161" /><ent r="4" t="82" w="174" /><ent r="3" t="83" w="37" /><ent r="3" t="83" w="45" /><ent r="3" t="83" w="55" /><ent r="3" t="151" w="267" /><ent r="4" t="173" w="989" /><ent r="4" t="173" w="1024" /><ent r="3" t="174" w="295" /><ent r="4" t="174" w="1021" /><ent r="3" t="174" w="1862" /><ent r="4" t="177" w="1027" /><ent r="4" t="177" w="1037" /><ent r="3" t="231" w="515" /></phr><phr n="scenes"><ent r="3" t="81" w="19" /><ent r="3" t="81" w="44" /><ent r="3" t="160" w="60" /><ent r="4" t="168" w="120" /><ent r="3" t="174" w="423" /><ent r="4" t="174" w="2301" /><ent r="4" t="174" w="2311" /><ent r="4" t="176" w="1102" /></phr></stem><stem n=".)"><phr n=".)"><ent r="6" t="3" w="81" /><ent r="3" t="4" w="113" /><ent r="7" t="10" w="110" /><ent r="4" t="25" w="104" /><ent r="3" t="40" w="32" /><ent r="4" t="50" w="168" /><ent r="4" t="50" w="222" /><ent r="4" t="54" w="65" /><ent r="4" t="69" w="132" /><ent r="3" t="72" w="71" /><ent r="4" t="87" w="72" /><ent r="3" t="95" w="186" /><ent r="4" t="105" w="241" /><ent r="3" t="112" w="411" /><ent r="4" t="123" w="245" /><ent r="3" t="157" w="66" /><ent r="3" t="174" w="857" /><ent r="3" t="174" w="904" /><ent r="4" t="174" w="930" /><ent r="4" t="174" w="1048" /><ent r="4" t="174" w="1678" /><ent r="4" t="175" w="608" /><ent r="3" t="175" w="932" /><ent r="3" t="175" w="1568" /><ent r="4" t="176" w="944" /><ent r="7" t="181" w="1171" /><ent r="3" t="181" w="1723" /><ent r="6" t="182" w="1414" /><ent r="4" t="183" w="61" /><ent r="3" t="219" w="48" /><ent r="6" t="223" w="443" /><ent r="3" t="224" w="307" /></phr></stem><stem n="context"><phr n="context"><ent r="5" t="3" w="87" /><ent r="4" t="26" w="123" /><ent r="3" t="176" w="619" /><ent r="3" t="177" w="132" /><ent r="3" t="178" w="122" /></phr></stem><stem n="load"><phr n="load"><ent r="3" t="4" w="73" /><ent r="3" t="20" w="11" /><ent r="4" t="20" w="146" /><ent r="4" t="20" w="158" /><ent r="4" t="20" w="327" /><ent r="4" t="20" w="387" /><ent r="4" t="20" w="415" /><ent r="4" t="20" w="435" /><ent r="4" t="20" w="467" /><ent r="3" t="21" w="459" /><ent r="3" t="22" w="64" /><ent r="3" t="22" w="91" /><ent r="3" t="23" w="16" /><ent r="3" t="32" w="15" /><ent r="3" t="33" w="62" /><ent r="3" t="81" w="42" /><ent r="100" t="94" w="4" /><ent r="3" t="94" w="44" /><ent r="4" t="94" w="132" /><ent r="3" t="95" w="303" /><ent r="6" t="103" w="48" /><ent r="6" t="105" w="44" /><ent r="6" t="106" w="45" /><ent r="3" t="108" w="40" /><ent r="3" t="108" w="50" /><ent r="3" t="121" w="55" /><ent r="100" t="130" w="6" /><ent r="100" t="130" w="8" /><ent r="3" t="130" w="17" /><ent r="4" t="130" w="64" /><ent r="6" t="139" w="55" /><ent r="6" t="142" w="42" /><ent r="6" t="143" w="42" /><ent r="6" t="144" w="42" /><ent r="6" t="145" w="49" /><ent r="6" t="146" w="45" /><ent r="6" t="147" w="41" /><ent r="6" t="148" w="38" /><ent r="6" t="149" w="38" /><ent r="6" t="150" w="48" /><ent r="3" t="152" w="330" /><ent r="5" t="163" w="316" /><ent r="3" t="165" w="252" /><ent r="3" t="167" w="37" /><ent r="4" t="173" w="2375" /><ent r="3" t="174" w="802" /><ent r="3" t="175" w="146" /><ent r="4" t="175" w="594" /><ent r="4" t="178" w="1160" /><ent r="3" t="189" w="286" /><ent r="3" t="190" w="36" /><ent r="7" t="193" w="482" /><ent r="4" t="202" w="385" /><ent r="4" t="202" w="559" /><ent r="4" t="202" w="635" /><ent r="3" t="202" w="707" /><ent r="3" t="206" w="23" /><ent r="3" t="207" w="51" /><ent r="3" t="210" w="280" /><ent r="6" t="222" w="42" /></phr><phr n="loading"><ent r="3" t="18" w="175" /><ent r="3" t="69" w="35" /><ent r="6" t="89" w="333" /><ent r="3" t="94" w="29" /><ent r="5" t="161" w="217" /><ent r="3" t="163" w="551" /><ent r="4" t="175" w="607" /><ent r="3" t="177" w="328" /><ent r="3" t="177" w="335" /><ent r="3" t="178" w="315" /><ent r="3" t="178" w="322" /></phr><phr n="Loads"><ent r="5" t="20" w="54" /><ent r="4" t="20" w="132" /><ent r="4" t="20" w="523" /></phr><phr n="loads"><ent r="4" t="20" w="210" /><ent r="4" t="20" w="347" /><ent r="3" t="33" w="31" /><ent r="3" t="128" w="28" /><ent r="3" t="129" w="24" /><ent r="3" t="189" w="19" /><ent r="3" t="190" w="346" /><ent r="3" t="194" w="27" /><ent r="3" t="203" w="163" /></phr><phr n="loaded"><ent r="4" t="20" w="496" /><ent r="3" t="20" w="562" /><ent r="3" t="21" w="64" /><ent r="4" t="25" w="99" /><ent r="3" t="47" w="24" /><ent r="3" t="68" w="112" /><ent r="4" t="69" w="178" /><ent r="3" t="76" w="220" /><ent r="3" t="76" w="367" /><ent r="3" t="76" w="390" /><ent r="3" t="77" w="116" /><ent r="4" t="94" w="112" /><ent r="6" t="103" w="61" /><ent r="6" t="105" w="57" /><ent r="6" t="106" w="58" /><ent r="6" t="108" w="17" /><ent r="3" t="110" w="41" /><ent r="3" t="112" w="115" /><ent r="6" t="139" w="68" /><ent r="6" t="142" w="55" /><ent r="6" t="143" w="55" /><ent r="6" t="144" w="55" /><ent r="6" t="145" w="62" /><ent r="6" t="146" w="58" /><ent r="6" t="147" w="54" /><ent r="6" t="148" w="51" /><ent r="6" t="149" w="51" /><ent r="6" t="150" w="61" /><ent r="3" t="152" w="343" /><ent r="3" t="157" w="58" /><ent r="3" t="163" w="451" /><ent r="3" t="163" w="537" /><ent r="4" t="173" w="2104" /><ent r="4" t="174" w="704" /><ent r="4" t="175" w="444" /><ent r="4" t="175" w="1184" /><ent r="4" t="176" w="428" /><ent r="3" t="177" w="380" /><ent r="4" t="177" w="908" /><ent r="4" t="177" w="983" /><ent r="3" t="178" w="366" /><ent r="3" t="179" w="133" /><ent r="4" t="180" w="184" /><ent r="3" t="180" w="1047" /><ent r="3" t="180" w="1058" /><ent r="3" t="189" w="297" /><ent r="3" t="190" w="49" /><ent r="83" t="190" w="400" /><ent r="4" t="190" w="528" /><ent r="3" t="190" w="541" /><ent r="3" t="192" w="100" /><ent r="3" t="192" w="161" /><ent r="3" t="194" w="145" /><ent r="3" t="194" w="154" /><ent r="3" t="202" w="244" /><ent r="3" t="202" w="283" /><ent r="4" t="202" w="499" /><ent r="4" t="202" w="653" /><ent r="3" t="207" w="116" /><ent r="3" t="207" w="135" /><ent r="6" t="222" w="55" /></phr><phr n="Load"><ent r="5" t="94" w="102" /><ent r="4" t="95" w="311" /><ent r="64" t="127" w="120" /><ent r="64" t="128" w="218" /><ent r="64" t="129" w="111" /><ent r="1000" t="130" w="1" /><ent r="102" t="130" w="11" /><ent r="5" t="130" w="46" /><ent r="4" t="130" w="52" /><ent r="64" t="131" w="102" /><ent r="64" t="132" w="83" /><ent r="6" t="163" w="308" /><ent r="92" t="165" w="246" /><ent r="5" t="165" w="289" /><ent r="4" t="175" w="1092" /><ent r="4" t="175" w="1098" /><ent r="4" t="176" w="86" /><ent r="4" t="178" w="68" /><ent r="92" t="178" w="1147" /><ent r="82" t="190" w="341" /><ent r="3" t="190" w="344" /><ent r="5" t="190" w="504" /><ent r="82" t="203" w="158" /><ent r="3" t="203" w="161" /><ent r="92" t="207" w="24" /></phr><phr n="Loaded"><ent r="82" t="192" w="150" /><ent r="92" t="207" w="100" /></phr></stem><stem n="follow"><phr n="following"><ent r="3" t="4" w="87" /><ent r="3" t="20" w="45" /><ent r="3" t="21" w="136" /><ent r="3" t="22" w="17" /><ent r="3" t="22" w="93" /><ent r="3" t="22" w="122" /><ent r="3" t="25" w="18" /><ent r="3" t="28" w="18" /><ent r="3" t="43" w="82" /><ent r="4" t="53" w="51" /><ent r="4" t="55" w="84" /><ent r="4" t="70" w="74" /><ent r="3" t="80" w="632" /><ent r="3" t="82" w="144" /><ent r="3" t="84" w="23" /><ent r="3" t="102" w="11" /><ent r="3" t="119" w="21" /><ent r="3" t="122" w="727" /><ent r="3" t="126" w="36" /><ent r="5" t="137" w="290" /><ent r="3" t="164" w="40" /><ent r="3" t="171" w="96" /><ent r="4" t="171" w="311" /><ent r="3" t="173" w="53" /><ent r="4" t="173" w="1135" /><ent r="4" t="173" w="2036" /><ent r="3" t="174" w="92" /><ent r="4" t="174" w="1525" /><ent r="3" t="174" w="2082" /><ent r="3" t="175" w="89" /><ent r="3" t="175" w="841" /><ent r="3" t="175" w="1575" /><ent r="3" t="176" w="72" /><ent r="4" t="176" w="349" /><ent r="4" t="176" w="829" /><ent r="3" t="177" w="58" /><ent r="4" t="177" w="922" /><ent r="3" t="178" w="50" /><ent r="3" t="179" w="61" /><ent r="3" t="180" w="50" /><ent r="3" t="181" w="1479" /><ent r="3" t="182" w="144" /><ent r="4" t="182" w="642" /><ent r="4" t="182" w="1318" /><ent r="3" t="189" w="33" /><ent r="3" t="232" w="34" /><ent r="3" t="233" w="37" /><ent r="3" t="234" w="34" /><ent r="3" t="235" w="22" /></phr><phr n="follow"><ent r="5" t="20" w="60" /><ent r="3" t="180" w="1174" /><ent r="3" t="181" w="1510" /><ent r="3" t="194" w="33" /></phr><phr n="Follow"><ent r="3" t="30" w="16" /><ent r="3" t="77" w="15" /><ent r="3" t="78" w="23" /><ent r="3" t="79" w="15" /><ent r="3" t="84" w="15" /><ent r="3" t="85" w="15" /><ent r="3" t="120" w="166" /><ent r="3" t="120" w="333" /></phr><phr n="follows"><ent r="4" t="43" w="115" /><ent r="4" t="120" w="251" /><ent r="3" t="120" w="309" /><ent r="4" t="120" w="392" /><ent r="3" t="120" w="441" /><ent r="4" t="120" w="531" /><ent r="3" t="120" w="587" /><ent r="3" t="122" w="354" /><ent r="3" t="174" w="1865" /><ent r="4" t="178" w="674" /><ent r="3" t="181" w="1368" /></phr><phr n="followed"><ent r="4" t="74" w="62" /></phr><phr n="Following"><ent r="3" t="172" w="215" /></phr></stem><stem n="aoi"><phr n="AOI"><ent r="3" t="4" w="98" /><ent r="64" t="4" w="232" /><ent r="1000" t="8" w="1" /><ent r="100" t="8" w="4" /><ent r="100" t="8" w="8" /><ent r="102" t="8" w="10" /><ent r="3" t="8" w="14" /><ent r="3" t="8" w="25" /><ent r="3" t="8" w="30" /><ent r="7" t="8" w="57" /><ent r="7" t="8" w="62" /><ent r="7" t="8" w="67" /><ent r="7" t="8" w="73" /><ent r="7" t="8" w="78" /><ent r="7" t="8" w="85" /><ent r="7" t="8" w="98" /><ent r="7" t="8" w="115" /><ent r="7" t="8" w="124" /><ent r="7" t="8" w="131" /><ent r="7" t="8" w="140" /><ent r="7" t="8" w="150" /><ent r="68" t="8" w="160" /><ent r="7" t="8" w="167" /><ent r="7" t="8" w="173" /><ent r="7" t="8" w="188" /><ent r="7" t="8" w="192" /><ent r="7" t="8" w="195" /><ent r="7" t="8" w="203" /><ent r="68" t="8" w="208" /><ent r="7" t="8" w="212" /><ent r="7" t="8" w="220" /><ent r="4" t="22" w="200" /><ent r="4" t="29" w="42" /><ent r="3" t="37" w="171" /><ent r="3" t="48" w="67" /><ent r="4" t="48" w="146" /><ent r="4" t="55" w="90" /><ent r="1000" t="58" w="1" /><ent r="100" t="58" w="4" /><ent r="100" t="58" w="7" /><ent r="100" t="58" w="9" /><ent r="102" t="58" w="11" /><ent r="3" t="58" w="21" /><ent r="100" t="58" w="116" /><ent r="3" t="58" w="129" /><ent r="3" t="58" w="146" /><ent r="4" t="58" w="167" /><ent r="5" t="58" w="187" /><ent r="4" t="58" w="202" /><ent r="4" t="58" w="205" /><ent r="4" t="58" w="212" /><ent r="4" t="58" w="224" /><ent r="65" t="58" w="230" /><ent r="100" t="58" w="233" /><ent r="4" t="58" w="240" /><ent r="4" t="58" w="255" /><ent r="64" t="58" w="305" /><ent r="64" t="58" w="309" /><ent r="1000" t="59" w="1" /><ent r="100" t="59" w="10" /><ent r="102" t="59" w="15" /><ent r="3" t="59" w="21" /><ent r="3" t="59" w="33" /><ent r="3" t="59" w="38" /><ent r="64" t="59" w="46" /><ent r="3" t="59" w="56" /><ent r="100" t="60" w="7" /><ent r="65" t="60" w="33" /><ent r="3" t="60" w="43" /><ent r="5" t="60" w="126" /><ent r="4" t="60" w="134" /><ent r="1000" t="61" w="2" /><ent r="100" t="61" w="6" /><ent r="102" t="61" w="12" /><ent r="3" t="61" w="22" /><ent r="65" t="61" w="29" /><ent r="4" t="61" w="34" /><ent r="1000" t="62" w="1" /><ent r="100" t="62" w="5" /><ent r="100" t="62" w="10" /><ent r="102" t="62" w="13" /><ent r="3" t="62" w="19" /><ent r="4" t="62" w="36" /><ent r="4" t="62" w="54" /><ent r="3" t="62" w="70" /><ent r="3" t="62" w="156" /><ent r="3" t="106" w="299" /><ent r="64" t="141" w="29" /><ent r="1000" t="143" w="1" /><ent r="102" t="143" w="5" /><ent r="100" t="143" w="9" /><ent r="100" t="143" w="14" /><ent r="3" t="143" w="18" /><ent r="4" t="143" w="71" /><ent r="3" t="143" w="195" /><ent r="64" t="163" w="433" /><ent r="3" t="163" w="749" /><ent r="4" t="163" w="782" /><ent r="3" t="163" w="792" /><ent r="4" t="170" w="93" /><ent r="65" t="170" w="102" /><ent r="64" t="172" w="348" /><ent r="1000" t="175" w="3" /><ent r="100" t="175" w="9" /><ent r="102" t="175" w="20" /><ent r="3" t="175" w="57" /><ent r="3" t="175" w="75" /><ent r="3" t="175" w="82" /><ent r="4" t="175" w="108" /><ent r="3" t="175" w="132" /><ent r="3" t="175" w="141" /><ent r="64" t="175" w="184" /><ent r="92" t="175" w="665" /><ent r="4" t="175" w="670" /><ent r="5" t="175" w="703" /><ent r="4" t="175" w="709" /><ent r="4" t="175" w="715" /><ent r="4" t="175" w="722" /><ent r="3" t="175" w="730" /><ent r="3" t="175" w="748" /><ent r="4" t="175" w="759" /><ent r="4" t="175" w="760" /><ent r="4" t="175" w="772" /><ent r="4" t="175" w="791" /><ent r="92" t="175" w="838" /><ent r="3" t="175" w="851" /><ent r="5" t="175" w="869" /><ent r="4" t="175" w="874" /><ent r="4" t="175" w="878" /><ent r="4" t="175" w="884" /><ent r="4" t="175" w="899" /><ent r="4" t="175" w="902" /><ent r="5" t="175" w="920" /><ent r="4" t="175" w="935" /><ent r="4" t="175" w="942" /><ent r="4" t="175" w="972" /><ent r="4" t="175" w="978" /><ent r="5" t="175" w="1249" /><ent r="64" t="176" w="147" /><ent r="4" t="176" w="978" /><ent r="92" t="176" w="985" /><ent r="3" t="176" w="1000" /><ent r="3" t="176" w="1008" /><ent r="5" t="176" w="1059" /><ent r="4" t="176" w="1072" /><ent r="4" t="176" w="1076" /><ent r="4" t="176" w="1180" /><ent r="4" t="178" w="61" /><ent r="64" t="178" w="411" /><ent r="92" t="178" w="780" /><ent r="3" t="178" w="802" /><ent r="3" t="178" w="809" /><ent r="5" t="178" w="844" /><ent r="4" t="178" w="849" /><ent r="4" t="178" w="855" /><ent r="4" t="178" w="895" /><ent r="4" t="178" w="905" /><ent r="4" t="178" w="915" /><ent r="7" t="178" w="998" /><ent r="3" t="178" w="1279" /></phr><phr n="AOIs"><ent r="7" t="8" w="178" /><ent r="7" t="8" w="183" /><ent r="68" t="8" w="186" /><ent r="64" t="37" w="43" /><ent r="3" t="58" w="122" /><ent r="3" t="58" w="278" /><ent r="1000" t="60" w="2" /><ent r="100" t="60" w="5" /><ent r="102" t="60" w="11" /><ent r="4" t="60" w="15" /><ent r="4" t="60" w="24" /><ent r="3" t="60" w="28" /><ent r="4" t="60" w="39" /><ent r="4" t="60" w="53" /><ent r="4" t="60" w="72" /><ent r="3" t="60" w="103" /><ent r="3" t="60" w="120" /><ent r="3" t="99" w="38" /><ent r="3" t="143" w="30" /><ent r="3" t="175" w="115" /><ent r="3" t="175" w="126" /><ent r="3" t="175" w="144" /><ent r="3" t="175" w="148" /><ent r="3" t="175" w="1601" /><ent r="3" t="178" w="783" /><ent r="3" t="178" w="790" /><ent r="3" t="178" w="1245" /><ent r="3" t="178" w="1266" /><ent r="4" t="180" w="206" /></phr><phr n="aoi"><ent r="4" t="22" w="201" /></phr><phr n="Aoi"><ent r="5" t="143" w="122" /></phr></stem></index>