﻿<?xml version="1.0" encoding="utf-8"?><index><stem n="709"><phr n="709"><ent r="3" t="193" w="720" /></phr></stem><stem n="946"><phr n="946"><ent r="3" t="193" w="723" /></phr></stem><stem n="{utm,"><phr n="{UTM,"><ent r="3" t="193" w="756" /></phr></stem><stem n="295380"><phr n="295380"><ent r="3" t="193" w="758" /></phr></stem><stem n="295380.000"><phr n="295380.000"><ent r="3" t="193" w="759" /><ent r="3" t="193" w="758" /></phr></stem><stem n="295380.000,"><phr n="295380.000,"><ent r="3" t="193" w="759" /><ent r="3" t="193" w="758" /></phr></stem><stem n=".000,"><phr n=".000,"><ent r="3" t="193" w="760" /><ent r="3" t="193" w="762" /></phr></stem><stem n="4763640"><phr n="4763640"><ent r="3" t="193" w="760" /></phr></stem><stem n="4763640.000"><phr n="4763640.000"><ent r="3" t="193" w="761" /><ent r="3" t="193" w="760" /></phr></stem><stem n="4763640.000,"><phr n="4763640.000,"><ent r="3" t="193" w="761" /><ent r="3" t="193" w="760" /></phr></stem><stem n="30"><phr n="30"><ent r="3" t="193" w="762" /><ent r="3" t="193" w="764" /><ent r="3" t="193" w="785" /><ent r="3" t="193" w="787" /></phr></stem><stem n="30.000000"><phr n="30.000000"><ent r="3" t="193" w="763" /><ent r="3" t="193" w="762" /><ent r="3" t="193" w="765" /><ent r="3" t="193" w="764" /><ent r="3" t="193" w="786" /><ent r="3" t="193" w="785" /><ent r="3" t="193" w="788" /><ent r="3" t="193" w="787" /></phr></stem><stem n="000000"><phr n="000000"><ent r="3" t="193" w="763" /><ent r="3" t="193" w="765" /><ent r="3" t="193" w="786" /><ent r="3" t="193" w="788" /></phr></stem><stem n="30.000000,"><phr n="30.000000,"><ent r="3" t="193" w="763" /><ent r="3" t="193" w="762" /><ent r="3" t="193" w="765" /><ent r="3" t="193" w="764" /><ent r="3" t="193" w="786" /><ent r="3" t="193" w="785" /></phr></stem><stem n=".000000,"><phr n=".000000,"><ent r="3" t="193" w="764" /><ent r="3" t="193" w="766" /></phr></stem><stem n="0.00"><phr n="0.00"><ent r="3" t="193" w="773" /><ent r="3" t="193" w="772" /></phr></stem><stem n="0.00,"><phr n="0.00,"><ent r="3" t="193" w="773" /><ent r="3" t="193" w="772" /></phr></stem><stem n="{0.00,"><phr n="{0.00,"><ent r="3" t="193" w="774" /></phr></stem><stem n="255.00"><phr n="255.00"><ent r="3" t="193" w="775" /><ent r="3" t="193" w="774" /></phr></stem><stem n=".00}"><phr n=".00}"><ent r="3" t="193" w="776" /></phr></stem><stem n="{wavelength,"><phr n="{Wavelength,"><ent r="3" t="193" w="781" /></phr></stem><stem n="{30.000000,"><phr n="{30.000000,"><ent r="3" t="193" w="787" /></phr></stem><stem n=".000000}"><phr n=".000000}"><ent r="3" t="193" w="789" /></phr></stem><stem n="5.0"><phr n="5.0"><ent r="3" t="193" w="793" /><ent r="3" t="193" w="792" /></phr></stem><stem n=".0%"><phr n=".0%"><ent r="3" t="193" w="794" /></phr></stem><stem n="warp"><phr n="Warp"><ent r="3" t="193" w="799" /><ent r="3" t="193" w="805" /><ent r="3" t="193" w="811" /><ent r="3" t="193" w="817" /><ent r="3" t="193" w="823" /><ent r="3" t="193" w="829" /><ent r="3" t="193" w="835" /></phr></stem><stem n="(band"><phr n="(Band"><ent r="3" t="193" w="800" /><ent r="3" t="193" w="806" /><ent r="3" t="193" w="812" /><ent r="3" t="193" w="818" /><ent r="3" t="193" w="824" /><ent r="3" t="193" w="830" /><ent r="3" t="193" w="836" /></phr></stem><stem n="rs"><phr n="rs"><ent r="3" t="193" w="802" /><ent r="3" t="193" w="808" /><ent r="3" t="193" w="814" /><ent r="3" t="193" w="820" /><ent r="3" t="193" w="826" /><ent r="3" t="193" w="832" /><ent r="3" t="193" w="838" /></phr></stem><stem n="rs_tm"><phr n="rs_tm"><ent r="3" t="193" w="803" /><ent r="3" t="193" w="802" /><ent r="3" t="193" w="809" /><ent r="3" t="193" w="808" /><ent r="3" t="193" w="815" /><ent r="3" t="193" w="814" /><ent r="3" t="193" w="821" /><ent r="3" t="193" w="820" /><ent r="3" t="193" w="827" /><ent r="3" t="193" w="826" /><ent r="3" t="193" w="833" /><ent r="3" t="193" w="832" /><ent r="3" t="193" w="839" /><ent r="3" t="193" w="838" /></phr></stem><stem n="rs_tm.img"><phr n="rs_tm.img"><ent r="3" t="193" w="804" /><ent r="3" t="193" w="802" /><ent r="3" t="193" w="810" /><ent r="3" t="193" w="808" /><ent r="3" t="193" w="816" /><ent r="3" t="193" w="814" /><ent r="3" t="193" w="822" /><ent r="3" t="193" w="820" /><ent r="3" t="193" w="828" /><ent r="3" t="193" w="826" /><ent r="3" t="193" w="834" /><ent r="3" t="193" w="832" /><ent r="3" t="193" w="840" /><ent r="3" t="193" w="838" /></phr></stem><stem n="img"><phr n="img"><ent r="3" t="193" w="804" /><ent r="3" t="193" w="810" /><ent r="3" t="193" w="816" /><ent r="3" t="193" w="822" /><ent r="3" t="193" w="828" /><ent r="3" t="193" w="834" /><ent r="3" t="193" w="840" /></phr></stem><stem n=":rs_tm.img),"><phr n=":rs_tm.img),"><ent r="3" t="193" w="805" /><ent r="3" t="193" w="811" /><ent r="3" t="193" w="817" /><ent r="3" t="193" w="823" /><ent r="3" t="193" w="829" /><ent r="3" t="193" w="835" /></phr></stem><stem n=":rs_tm.img)}"><phr n=":rs_tm.img)}"><ent r="3" t="193" w="841" /></phr></stem><stem n="0.485000"><phr n="0.485000"><ent r="3" t="193" w="845" /><ent r="3" t="193" w="844" /></phr></stem><stem n="485000"><phr n="485000"><ent r="3" t="193" w="845" /></phr></stem><stem n="0.485000,"><phr n="0.485000,"><ent r="3" t="193" w="845" /><ent r="3" t="193" w="844" /></phr></stem><stem n=".485000,"><phr n=".485000,"><ent r="3" t="193" w="846" /></phr></stem><stem n="0.560000"><phr n="0.560000"><ent r="3" t="193" w="847" /><ent r="3" t="193" w="846" /></phr></stem><stem n="560000"><phr n="560000"><ent r="3" t="193" w="847" /></phr></stem><stem n="0.560000,"><phr n="0.560000,"><ent r="3" t="193" w="847" /><ent r="3" t="193" w="846" /></phr></stem><stem n=".560000,"><phr n=".560000,"><ent r="3" t="193" w="848" /></phr></stem><stem n="0.660000"><phr n="0.660000"><ent r="3" t="193" w="849" /><ent r="3" t="193" w="848" /></phr></stem><stem n="660000"><phr n="660000"><ent r="3" t="193" w="849" /></phr></stem><stem n="0.660000,"><phr n="0.660000,"><ent r="3" t="193" w="849" /><ent r="3" t="193" w="848" /></phr></stem><stem n=".660000,"><phr n=".660000,"><ent r="3" t="193" w="850" /></phr></stem><stem n="0.830000"><phr n="0.830000"><ent r="3" t="193" w="851" /><ent r="3" t="193" w="850" /></phr></stem><stem n="830000"><phr n="830000"><ent r="3" t="193" w="851" /></phr></stem><stem n="0.830000,"><phr n="0.830000,"><ent r="3" t="193" w="851" /><ent r="3" t="193" w="850" /></phr></stem><stem n=".830000,"><phr n=".830000,"><ent r="3" t="193" w="852" /></phr></stem><stem n="1.650000"><phr n="1.650000"><ent r="3" t="193" w="853" /><ent r="3" t="193" w="852" /></phr></stem><stem n="650000"><phr n="650000"><ent r="3" t="193" w="853" /></phr></stem><stem n="1.650000,"><phr n="1.650000,"><ent r="3" t="193" w="853" /><ent r="3" t="193" w="852" /></phr></stem><stem n=".650000,"><phr n=".650000,"><ent r="3" t="193" w="854" /></phr></stem><stem n="11"><phr n="11"><ent r="3" t="193" w="854" /><ent r="4" t="212" w="218" /></phr></stem><stem n="11.400000"><phr n="11.400000"><ent r="3" t="193" w="855" /><ent r="3" t="193" w="854" /></phr></stem><stem n="400000"><phr n="400000"><ent r="3" t="193" w="855" /></phr></stem><stem n="11.400000,"><phr n="11.400000,"><ent r="3" t="193" w="855" /><ent r="3" t="193" w="854" /></phr></stem><stem n=".400000,"><phr n=".400000,"><ent r="3" t="193" w="856" /></phr></stem><stem n="2.215000"><phr n="2.215000"><ent r="3" t="193" w="857" /><ent r="3" t="193" w="856" /></phr></stem><stem n="215000"><phr n="215000"><ent r="3" t="193" w="857" /></phr></stem><stem n=".215000}"><phr n=".215000}"><ent r="3" t="193" w="858" /></phr></stem><stem n="0.070000"><phr n="0.070000"><ent r="3" t="193" w="862" /><ent r="3" t="193" w="861" /></phr></stem><stem n="070000"><phr n="070000"><ent r="3" t="193" w="862" /></phr></stem><stem n="0.070000,"><phr n="0.070000,"><ent r="3" t="193" w="862" /><ent r="3" t="193" w="861" /></phr></stem><stem n=".070000,"><phr n=".070000,"><ent r="3" t="193" w="863" /></phr></stem><stem n="0.080000"><phr n="0.080000"><ent r="3" t="193" w="864" /><ent r="3" t="193" w="863" /></phr></stem><stem n="080000"><phr n="080000"><ent r="3" t="193" w="864" /></phr></stem><stem n="0.080000,"><phr n="0.080000,"><ent r="3" t="193" w="864" /><ent r="3" t="193" w="863" /></phr></stem><stem n=".080000,"><phr n=".080000,"><ent r="3" t="193" w="865" /></phr></stem><stem n="0.060000"><phr n="0.060000"><ent r="3" t="193" w="866" /><ent r="3" t="193" w="865" /></phr></stem><stem n="060000"><phr n="060000"><ent r="3" t="193" w="866" /></phr></stem><stem n="0.060000,"><phr n="0.060000,"><ent r="3" t="193" w="866" /><ent r="3" t="193" w="865" /></phr></stem><stem n=".060000,"><phr n=".060000,"><ent r="3" t="193" w="867" /></phr></stem><stem n="0.140000"><phr n="0.140000"><ent r="3" t="193" w="868" /><ent r="3" t="193" w="867" /></phr></stem><stem n="140000"><phr n="140000"><ent r="3" t="193" w="868" /></phr></stem><stem n="0.140000,"><phr n="0.140000,"><ent r="3" t="193" w="868" /><ent r="3" t="193" w="867" /></phr></stem><stem n=".140000,"><phr n=".140000,"><ent r="3" t="193" w="869" /></phr></stem><stem n="0.200000"><phr n="0.200000"><ent r="3" t="193" w="870" /><ent r="3" t="193" w="869" /></phr></stem><stem n="200000"><phr n="200000"><ent r="3" t="193" w="870" /></phr></stem><stem n="0.200000,"><phr n="0.200000,"><ent r="3" t="193" w="870" /><ent r="3" t="193" w="869" /></phr></stem><stem n=".200000,"><phr n=".200000,"><ent r="3" t="193" w="871" /></phr></stem><stem n="2.100000"><phr n="2.100000"><ent r="3" t="193" w="872" /><ent r="3" t="193" w="871" /></phr></stem><stem n="100000"><phr n="100000"><ent r="3" t="193" w="872" /></phr></stem><stem n="2.100000,"><phr n="2.100000,"><ent r="3" t="193" w="872" /><ent r="3" t="193" w="871" /></phr></stem><stem n=".100000,"><phr n=".100000,"><ent r="3" t="193" w="873" /></phr></stem><stem n="0.270000"><phr n="0.270000"><ent r="3" t="193" w="874" /><ent r="3" t="193" w="873" /></phr></stem><stem n="270000"><phr n="270000"><ent r="3" t="193" w="874" /></phr></stem><stem n=".270000}"><phr n=".270000}"><ent r="3" t="193" w="875" /></phr></stem><stem n="atmospher"><phr n="Atmospheric"><ent r="5" t="194" w="20" /></phr></stem><stem n="slant"><phr n="Slant"><ent r="5" t="194" w="21" /></phr></stem><stem n="wxdata"><phr n="wxdata"><ent r="4" t="194" w="110" /></phr></stem><stem n="(.wxdata)"><phr n="(.wxdata)"><ent r="4" t="194" w="111" /></phr></stem><stem n="&quot;paragraphs&quot;"><phr n="&quot;paragraphs&quot;"><ent r="3" t="194" w="131" /></phr></stem><stem n="fail"><phr n="fails"><ent r="3" t="194" w="148" /></phr></stem><stem n="&quot;name&quot;"><phr n="&quot;Name&quot;"><ent r="3" t="202" w="89" /></phr></stem><stem n="implic"><phr n="implications"><ent r="92" t="202" w="215" /><ent r="3" t="202" w="250" /><ent r="3" t="202" w="359" /></phr></stem><stem n="-statist"><phr n="-statistics"><ent r="3" t="202" w="304" /><ent r="3" t="202" w="304" /></phr></stem><stem n="band-statist"><phr n="band-statistics"><ent r="3" t="202" w="304" /></phr></stem><stem n="mildli"><phr n="mildly"><ent r="3" t="202" w="310" /></phr></stem><stem n="pronounc"><phr n="pronounced"><ent r="3" t="202" w="322" /></phr></stem><stem n="(read"><phr n="(Read"><ent r="3" t="202" w="333" /><ent r="3" t="202" w="349" /><ent r="5" t="202" w="439" /><ent r="4" t="202" w="595" /><ent r="4" t="202" w="621" /><ent r="3" t="202" w="729" /></phr></stem><stem n="alloc"><phr n="allocate"><ent r="4" t="202" w="369" /></phr></stem><stem n="suffici"><phr n="sufficient"><ent r="4" t="202" w="402" /></phr></stem><stem n="subsequ"><phr n="subsequent"><ent r="4" t="202" w="432" /><ent r="4" t="202" w="530" /></phr></stem><stem n="fastest"><phr n="fastest"><ent r="4" t="202" w="507" /></phr></stem><stem n="“data”"><phr n="“Data”"><ent r="4" t="202" w="549" /><ent r="3" t="202" w="668" /></phr></stem><stem n="“file”"><phr n="“File”"><ent r="4" t="202" w="554" /><ent r="3" t="202" w="678" /></phr></stem><stem n="(no"><phr n="(no"><ent r="4" t="202" w="555" /></phr></stem><stem n="-interleav"><phr n="-interleaving"><ent r="4" t="202" w="556" /><ent r="4" t="202" w="556" /><ent r="3" t="202" w="657" /><ent r="3" t="202" w="657" /><ent r="3" t="202" w="719" /><ent r="3" t="202" w="719" /></phr></stem><stem n="re-interleav"><phr n="re-interleaving"><ent r="4" t="202" w="556" /><ent r="3" t="202" w="657" /></phr><phr n="Re-interleaving"><ent r="3" t="202" w="719" /></phr></stem><stem n="usag"><phr n="usage"><ent r="4" t="202" w="587" /></phr></stem><stem n="drive"><phr n="drive"><ent r="4" t="202" w="647" /></phr></stem><stem n="-organ"><phr n="-organized"><ent r="3" t="202" w="704" /><ent r="3" t="202" w="704" /></phr></stem><stem n="re-organ"><phr n="re-organized"><ent r="3" t="202" w="704" /></phr></stem><stem n="creation"><phr n="creation"><ent r="3" t="202" w="711" /></phr></stem><stem n=":subset"><phr n=":Subset"><ent r="100" t="206" w="9" /></phr></stem><stem n="zip"><phr n="zipped"><ent r="4" t="210" w="230" /></phr></stem><stem n="shuffle+gzip"><phr n="Shuffle+GZIP"><ent r="4" t="210" w="235" /></phr></stem><stem n="rearrang"><phr n="rearranges"><ent r="4" t="210" w="241" /></phr></stem><stem n="compression/decompress"><phr n="compression/decompression"><ent r="3" t="210" w="258" /><ent r="3" t="210" w="257" /></phr></stem><stem n="decompress"><phr n="decompression"><ent r="3" t="210" w="258" /></phr></stem><stem n="compression/decompression."><phr n="compression/decompression."><ent r="3" t="210" w="258" /><ent r="3" t="210" w="257" /></phr></stem><stem n="/decompression."><phr n="/decompression."><ent r="3" t="210" w="259" /></phr></stem><stem n="split"><phr n="splits"><ent r="3" t="210" w="267" /></phr></stem><stem n="impact"><phr n="impact"><ent r="3" t="210" w="277" /></phr></stem><stem n="-std-2500c"><phr n="-STD-2500C"><ent r="3" t="211" w="234" /><ent r="3" t="211" w="235" /></phr></stem><stem n="mil"><phr n="MIL"><ent r="3" t="211" w="234" /></phr></stem><stem n="mil-std"><phr n="MIL-STD"><ent r="3" t="211" w="234" /></phr></stem><stem n="mil-std-2500c"><phr n="MIL-STD-2500C"><ent r="3" t="211" w="234" /></phr></stem><stem n="std"><phr n="STD"><ent r="3" t="211" w="235" /></phr></stem><stem n="std-2500c"><phr n="STD-2500C"><ent r="3" t="211" w="235" /></phr></stem><stem n="2500c"><phr n="2500C"><ent r="3" t="211" w="236" /></phr></stem><stem n="classfic"><phr n="classfication"><ent r="3" t="211" w="237" /></phr></stem><stem n="refin"><phr n="refine"><ent r="3" t="212" w="24" /></phr></stem><stem n="alphanumer"><phr n="alphanumeric"><ent r="4" t="212" w="223" /></phr></stem><stem n="underscor"><phr n="underscores"><ent r="4" t="212" w="227" /></phr></stem><stem n="advanc"><phr n="Advanced"><ent r="92" t="213" w="163" /><ent r="92" t="215" w="168" /></phr><phr n="advanced"><ent r="3" t="213" w="171" /><ent r="3" t="215" w="176" /></phr></stem><stem n="balanc"><phr n="balance"><ent r="4" t="217" w="44" /></phr></stem><stem n="lossi"><phr n="lossy"><ent r="5" t="217" w="126" /></phr><phr n="Lossy"><ent r="5" t="217" w="129" /></phr></stem><stem n="perman"><phr n="permanently"><ent r="5" t="217" w="138" /></phr></stem><stem n="uncompress"><phr n="uncompressed"><ent r="5" t="217" w="149" /></phr></stem><stem n="lost"><phr n="lost"><ent r="3" t="217" w="168" /></phr></stem><stem n="too"><phr n="too"><ent r="3" t="217" w="174" /></phr></stem><stem n=":default"><phr n=":default"><ent r="100" t="219" w="7" /><ent r="100" t="219" w="11" /></phr></stem><stem n="pdf"><phr n="PDF"><ent r="3" t="219" w="23" /><ent r="3" t="219" w="47" /></phr></stem><stem n="adob"><phr n="Adobe"><ent r="3" t="219" w="42" /></phr></stem><stem n="reader"><phr n="Reader"><ent r="3" t="219" w="43" /></phr></stem><stem n="/paus"><phr n="/Pause"><ent r="5" t="219" w="74" /></phr></stem><stem n="&lt;space&gt;"><phr n="&lt;Space&gt;"><ent r="5" t="219" w="77" /></phr></stem><stem n="&lt;down"><phr n="&lt;down"><ent r="5" t="219" w="88" /></phr></stem><stem n="arrow&gt;"><phr n="arrow&gt;"><ent r="5" t="219" w="89" /><ent r="5" t="219" w="99" /><ent r="5" t="219" w="109" /><ent r="5" t="219" w="119" /></phr></stem><stem n="&lt;left"><phr n="&lt;left"><ent r="5" t="219" w="98" /></phr></stem><stem n="&lt;right"><phr n="&lt;right"><ent r="5" t="219" w="108" /></phr></stem><stem n="&lt;up"><phr n="&lt;up"><ent r="5" t="219" w="118" /></phr></stem><stem n="setup"><phr n="Setup"><ent r="5" t="219" w="170" /></phr></stem><stem n="l"><phr n="L"><ent r="5" t="219" w="194" /></phr></stem><stem n="pgup"><phr n="PgUp"><ent r="5" t="219" w="248" /></phr></stem><stem n="pgdown"><phr n="PgDown"><ent r="5" t="219" w="258" /></phr></stem><stem n="keystrok"><phr n="keystroke"><ent r="3" t="221" w="42" /></phr><phr n="keystrokes"><ent r="3" t="221" w="181" /><ent r="3" t="221" w="192" /></phr></stem><stem n="our"><phr n="our"><ent r="3" t="221" w="52" /></phr></stem><stem n="&quot;alt&quot;"><phr n="&quot;Alt&quot;"><ent r="3" t="221" w="168" /></phr></stem><stem n="&quot;a&quot;"><phr n="&quot;A&quot;"><ent r="3" t="221" w="177" /></phr></stem><stem n="record"><phr n="records"><ent r="3" t="221" w="179" /></phr></stem><stem n="[optick"><phr n="[Opticks"><ent r="3" t="221" w="182" /></phr></stem><stem n=".]"><phr n=".]"><ent r="3" t="221" w="193" /></phr></stem><stem n="(annot"><phr n="(Annotation"><ent r="6" t="223" w="22" /></phr></stem><stem n="caption"><phr n="Caption"><ent r="6" t="223" w="26" /></phr></stem><stem n="alpha"><phr n="Alpha"><ent r="6" t="223" w="28" /></phr><phr n="alpha"><ent r="6" t="223" w="31" /><ent r="6" t="223" w="331" /></phr></stem><stem n="0.0"><phr n="0.0"><ent r="6" t="223" w="92" /><ent r="6" t="223" w="91" /></phr></stem><stem n="surround"><phr n="surrounded"><ent r="6" t="223" w="108" /></phr></stem><stem n="(bold,"><phr n="(bold,"><ent r="6" t="223" w="268" /></phr></stem><stem n="“hatch.”"><phr n="“Hatch.”"><ent r="6" t="223" w="297" /></phr></stem><stem n="“object"><phr n="“Object"><ent r="6" t="223" w="404" /></phr></stem><stem n="solid"><phr n="solid"><ent r="6" t="223" w="439" /></phr></stem><stem n="(solid,"><phr n="(solid,"><ent r="6" t="223" w="440" /></phr></stem><stem n="dash"><phr n="dashed"><ent r="6" t="223" w="440" /></phr></stem><stem n="(east"><phr n="(East"><ent r="6" t="223" w="545" /></phr></stem><stem n="wedg"><phr n="Wedge"><ent r="6" t="223" w="625" /><ent r="6" t="223" w="628" /><ent r="6" t="223" w="650" /></phr></stem><stem n="sibl"><phr n="Sibling"><ent r="5" t="224" w="102" /></phr></stem><stem n="(there"><phr n="(There"><ent r="3" t="224" w="302" /></phr></stem><stem n="wildcard"><phr n="Wildcarding"><ent r="3" t="225" w="70" /></phr><phr n="wildcard"><ent r="3" t="225" w="86" /></phr><phr n="Wildcard"><ent r="1000" t="226" w="1" /><ent r="102" t="226" w="4" /></phr></stem><stem n="?."><phr n="?."><ent r="3" t="225" w="89" /></phr></stem><stem n="let'"><phr n="Let's"><ent r="3" t="226" w="8" /><ent r="3" t="226" w="7" /></phr></stem><stem n="sai"><phr n="say"><ent r="3" t="226" w="9" /></phr></stem><stem n="mydata"><phr n="mydata"><ent r="3" t="226" w="15" /><ent r="3" t="226" w="42" /><ent r="3" t="226" w="51" /><ent r="3" t="226" w="73" /><ent r="3" t="226" w="112" /></phr></stem><stem n="&quot;mydata&quot;"><phr n="&quot;mydata&quot;"><ent r="3" t="226" w="16" /><ent r="3" t="226" w="113" /></phr></stem><stem n="mydata1"><phr n="mydata1"><ent r="4" t="226" w="23" /><ent r="4" t="226" w="56" /><ent r="4" t="226" w="82" /></phr></stem><stem n="mydata2"><phr n="mydata2"><ent r="4" t="226" w="24" /></phr></stem><stem n="search"><phr n="search"><ent r="3" t="226" w="45" /><ent r="3" t="226" w="76" /><ent r="3" t="226" w="104" /></phr></stem><stem n="everyth"><phr n="everything"><ent r="3" t="226" w="49" /></phr></stem><stem n="&quot;mydata.&quot;"><phr n="&quot;mydata.&quot;"><ent r="3" t="226" w="52" /></phr></stem><stem n="mydata20"><phr n="mydata20"><ent r="4" t="226" w="60" /><ent r="4" t="226" w="96" /></phr></stem><stem n="?"><phr n="?"><ent r="3" t="226" w="63" /><ent r="3" t="226" w="74" /></phr></stem><stem n="mydata9"><phr n="mydata9"><ent r="4" t="226" w="86" /></phr></stem><stem n="—"><phr n="—"><ent r="3" t="226" w="91" /></phr></stem><stem n="mydata10"><phr n="mydata10"><ent r="4" t="226" w="92" /></phr></stem><stem n="—will"><phr n="—will"><ent r="3" t="226" w="98" /></phr></stem><stem n="statut"><phr n="Statute"><ent r="7" t="227" w="49" /></phr></stem><stem n="nautic"><phr n="Nautical"><ent r="7" t="227" w="52" /></phr></stem><stem n="yard"><phr n="Yards"><ent r="7" t="227" w="57" /></phr></stem><stem n="decim"><phr n="Decimal"><ent r="7" t="228" w="43" /><ent r="7" t="228" w="53" /><ent r="6" t="236" w="196" /><ent r="6" t="236" w="208" /></phr><phr n="decimal"><ent r="7" t="228" w="50" /><ent r="7" t="228" w="62" /><ent r="7" t="228" w="76" /><ent r="6" t="236" w="47" /><ent r="6" t="236" w="60" /><ent r="6" t="236" w="72" /><ent r="6" t="236" w="85" /><ent r="6" t="236" w="97" /><ent r="6" t="236" w="110" /><ent r="6" t="236" w="122" /><ent r="6" t="236" w="135" /><ent r="5" t="236" w="148" /><ent r="5" t="236" w="160" /><ent r="5" t="236" w="172" /><ent r="5" t="236" w="185" /><ent r="6" t="236" w="381" /><ent r="6" t="236" w="400" /><ent r="6" t="236" w="418" /><ent r="6" t="236" w="437" /><ent r="6" t="236" w="455" /><ent r="6" t="236" w="474" /><ent r="6" t="236" w="492" /><ent r="6" t="236" w="511" /><ent r="5" t="236" w="530" /><ent r="5" t="236" w="548" /><ent r="5" t="236" w="566" /><ent r="5" t="236" w="585" /><ent r="6" t="236" w="603" /><ent r="6" t="236" w="621" /></phr></stem><stem n="understand"><phr n="Understanding"><ent r="93" t="231" w="9" /><ent r="93" t="231" w="311" /></phr></stem><stem n="two-step"><phr n="two-step"><ent r="3" t="231" w="191" /></phr></stem><stem n="-exist"><phr n="-existing"><ent r="3" t="231" w="246" /><ent r="3" t="231" w="246" /></phr></stem><stem n="pre-exist"><phr n="pre-existing"><ent r="3" t="231" w="246" /></phr></stem><stem n="except"><phr n="except"><ent r="3" t="231" w="262" /></phr></stem><stem n="displac"><phr n="displaced"><ent r="3" t="231" w="340" /></phr><phr n="displacement"><ent r="3" t="231" w="347" /></phr></stem><stem n="actual"><phr n="actual"><ent r="3" t="231" w="343" /><ent r="3" t="231" w="460" /></phr></stem><stem n="regress"><phr n="regression"><ent r="3" t="231" w="399" /></phr></stem><stem n="“y”"><phr n="“y”"><ent r="3" t="231" w="414" /></phr></stem><stem n="overal"><phr n="overall"><ent r="3" t="231" w="420" /></phr></stem><stem n="predict"><phr n="predicted"><ent r="3" t="231" w="445" /></phr></stem><stem n="-pixel"><phr n="-pixel"><ent r="3" t="231" w="453" /><ent r="3" t="231" w="453" /></phr></stem><stem n="5-pixel"><phr n="5-pixel"><ent r="3" t="231" w="453" /></phr></stem><stem n="radiu"><phr n="radius"><ent r="3" t="231" w="455" /></phr></stem><stem n="rule"><phr n="rule"><ent r="3" t="231" w="495" /></phr></stem><stem n="thumb"><phr n="thumb"><ent r="3" t="231" w="497" /></phr></stem><stem n="28"><phr n="28"><ent r="3" t="231" w="522" /><ent r="3" t="231" w="543" /></phr></stem><stem n="28.5"><phr n="28.5"><ent r="3" t="231" w="523" /><ent r="3" t="231" w="522" /><ent r="3" t="231" w="544" /><ent r="3" t="231" w="543" /></phr></stem><stem n="therefor"><phr n="Therefore"><ent r="3" t="231" w="525" /></phr></stem><stem n="ctrl+"><phr n="Ctrl+"><ent r="7" t="233" w="189" /></phr></stem><stem n=":item"><phr n=":Item"><ent r="100" t="234" w="25" /></phr></stem><stem n=":type"><phr n=":types"><ent r="100" t="236" w="7" /></phr></stem><stem n="char"><phr n="char"><ent r="6" t="236" w="38" /><ent r="6" t="236" w="51" /></phr></stem><stem n="short"><phr n="short"><ent r="6" t="236" w="63" /><ent r="6" t="236" w="76" /></phr></stem><stem n="int"><phr n="int"><ent r="6" t="236" w="88" /><ent r="6" t="236" w="101" /></phr></stem><stem n="int64"><phr n="int64"><ent r="5" t="236" w="138" /></phr><phr n="Int64"><ent r="5" t="236" w="151" /></phr></stem><stem n="_t"><phr n="_t"><ent r="5" t="236" w="139" /><ent r="5" t="236" w="176" /></phr></stem><stem n="int64_t"><phr n="int64_t"><ent r="5" t="236" w="139" /><ent r="5" t="236" w="138" /></phr></stem><stem n="uint64"><phr n="UInt64"><ent r="5" t="236" w="163" /></phr><phr n="uint64"><ent r="5" t="236" w="175" /></phr></stem><stem n="uint64_t"><phr n="uint64_t"><ent r="5" t="236" w="176" /><ent r="5" t="236" w="175" /></phr></stem><stem n="mutual"><phr n="Mutually"><ent r="6" t="236" w="214" /></phr></stem><stem n="exclus"><phr n="exclusive"><ent r="6" t="236" w="215" /></phr></stem><stem n="colortyp"><phr n="ColorType"><ent r="5" t="236" w="249" /></phr></stem><stem n="datetim"><phr n="DateTime"><ent r="6" t="236" w="257" /></phr></stem><stem n="spin"><phr n="Spin"><ent r="6" t="236" w="259" /></phr></stem><stem n="mm/dd"><phr n="MM/DD"><ent r="6" t="236" w="266" /><ent r="6" t="236" w="265" /></phr></stem><stem n="/dd/yyyi"><phr n="/DD/YYYY"><ent r="6" t="236" w="267" /></phr></stem><stem n="mm/dd/yyyi"><phr n="MM/DD/YYYY"><ent r="6" t="236" w="267" /><ent r="6" t="236" w="265" /></phr></stem><stem n=":mm:ss"><phr n=":MM:SS"><ent r="6" t="236" w="271" /></phr></stem><stem n="displaymod"><phr n="DisplayMode"><ent r="6" t="236" w="274" /></phr></stem><stem n="encodingtyp"><phr n="EncodingType"><ent r="6" t="236" w="282" /></phr></stem><stem n="endiantyp"><phr n="EndianType"><ent r="5" t="236" w="290" /></phr></stem><stem n="geocoordtyp"><phr n="GeocoordType"><ent r="6" t="236" w="298" /></phr></stem><stem n="interleaveformattyp"><phr n="InterleaveFormatType"><ent r="6" t="236" w="306" /></phr></stem><stem n="layertyp"><phr n="LayerType"><ent r="5" t="236" w="314" /></phr></stem><stem n="passarea"><phr n="PassArea"><ent r="6" t="236" w="322" /></phr></stem><stem n="rasterchanneltyp"><phr n="RasterChannelType"><ent r="5" t="236" w="339" /></phr></stem><stem n="regionunit"><phr n="RegionUnits"><ent r="5" t="236" w="347" /></phr></stem><stem n="symboltyp"><phr n="SymbolType"><ent r="5" t="236" w="355" /></phr></stem><stem n="unittyp"><phr n="UnitType"><ent r="6" t="236" w="363" /></phr></stem><stem n="vector&lt;char&gt;"><phr n="vector&lt;char&gt;"><ent r="6" t="236" w="371" /></phr></stem><stem n="-line"><phr n="-line"><ent r="6" t="236" w="373" /><ent r="6" t="236" w="373" /><ent r="6" t="236" w="392" /><ent r="6" t="236" w="392" /><ent r="6" t="236" w="410" /><ent r="6" t="236" w="410" /><ent r="6" t="236" w="429" /><ent r="6" t="236" w="429" /><ent r="6" t="236" w="447" /><ent r="6" t="236" w="447" /><ent r="6" t="236" w="466" /><ent r="6" t="236" w="466" /><ent r="6" t="236" w="484" /><ent r="6" t="236" w="484" /><ent r="6" t="236" w="503" /><ent r="6" t="236" w="503" /><ent r="5" t="236" w="522" /><ent r="5" t="236" w="522" /><ent r="5" t="236" w="540" /><ent r="5" t="236" w="540" /><ent r="5" t="236" w="558" /><ent r="5" t="236" w="558" /><ent r="5" t="236" w="577" /><ent r="5" t="236" w="577" /><ent r="6" t="236" w="595" /><ent r="6" t="236" w="595" /><ent r="6" t="236" w="613" /><ent r="6" t="236" w="613" /><ent r="6" t="236" w="631" /><ent r="6" t="236" w="631" /><ent r="6" t="236" w="649" /><ent r="6" t="236" w="649" /><ent r="6" t="236" w="664" /><ent r="6" t="236" w="664" /></phr></stem><stem n="multi-lin"><phr n="Multi-line"><ent r="6" t="236" w="373" /><ent r="6" t="236" w="392" /><ent r="6" t="236" w="410" /><ent r="6" t="236" w="429" /><ent r="6" t="236" w="447" /><ent r="6" t="236" w="466" /><ent r="6" t="236" w="484" /><ent r="6" t="236" w="503" /><ent r="5" t="236" w="522" /><ent r="5" t="236" w="540" /><ent r="5" t="236" w="558" /><ent r="5" t="236" w="577" /><ent r="6" t="236" w="595" /><ent r="6" t="236" w="613" /><ent r="6" t="236" w="631" /><ent r="6" t="236" w="649" /><ent r="6" t="236" w="664" /></phr></stem><stem n="vector&lt;unsign"><phr n="vector&lt;unsigned"><ent r="6" t="236" w="389" /><ent r="6" t="236" w="426" /><ent r="6" t="236" w="463" /><ent r="6" t="236" w="500" /></phr></stem><stem n="char&gt;"><phr n="char&gt;"><ent r="6" t="236" w="390" /></phr></stem><stem n="vector&lt;short&gt;"><phr n="vector&lt;short&gt;"><ent r="6" t="236" w="408" /></phr></stem><stem n="short&gt;"><phr n="short&gt;"><ent r="6" t="236" w="427" /></phr></stem></index>