﻿<?xml version="1.0" encoding="utf-8"?><index><stem n="onlin"><phr n="online"><ent r="54" t="0" w="109" /><ent r="7" t="5" w="215" /></phr></stem><stem n="tutori"><phr n="Tutorials"><ent r="115" t="0" w="111" /><ent r="1000" t="162" w="1" /><ent r="102" t="162" w="3" /><ent r="92" t="162" w="308" /></phr><phr n="Tutorial"><ent r="64" t="21" w="531" /><ent r="64" t="162" w="320" /><ent r="64" t="162" w="326" /><ent r="64" t="162" w="341" /><ent r="64" t="162" w="354" /><ent r="64" t="162" w="362" /><ent r="64" t="162" w="368" /><ent r="64" t="162" w="373" /><ent r="64" t="162" w="377" /><ent r="64" t="162" w="381" /><ent r="1000" t="163" w="1" /><ent r="103" t="163" w="12" /><ent r="1000" t="164" w="1" /><ent r="102" t="164" w="20" /><ent r="1000" t="165" w="1" /><ent r="102" t="165" w="11" /><ent r="1000" t="166" w="1" /><ent r="102" t="166" w="18" /><ent r="1000" t="167" w="1" /><ent r="102" t="167" w="10" /><ent r="1000" t="168" w="1" /><ent r="102" t="168" w="14" /><ent r="1000" t="169" w="1" /><ent r="103" t="169" w="10" /><ent r="1000" t="170" w="1" /><ent r="102" t="170" w="10" /><ent r="1000" t="171" w="1" /><ent r="103" t="171" w="14" /><ent r="64" t="171" w="56" /><ent r="65" t="171" w="477" /><ent r="6" t="171" w="1461" /></phr><phr n="tutorials"><ent r="100" t="162" w="5" /><ent r="3" t="162" w="12" /><ent r="3" t="162" w="14" /><ent r="3" t="162" w="22" /><ent r="3" t="162" w="39" /><ent r="3" t="162" w="77" /><ent r="3" t="162" w="220" /><ent r="7" t="162" w="269" /><ent r="100" t="163" w="18" /><ent r="7" t="163" w="486" /><ent r="100" t="164" w="18" /><ent r="100" t="164" w="35" /><ent r="7" t="164" w="636" /><ent r="100" t="165" w="24" /><ent r="7" t="165" w="348" /><ent r="100" t="166" w="16" /><ent r="100" t="166" w="26" /><ent r="7" t="166" w="308" /><ent r="100" t="167" w="16" /><ent r="7" t="167" w="586" /><ent r="100" t="168" w="19" /><ent r="7" t="168" w="571" /><ent r="100" t="169" w="16" /><ent r="7" t="169" w="462" /><ent r="100" t="170" w="8" /><ent r="100" t="170" w="14" /><ent r="7" t="170" w="476" /><ent r="100" t="171" w="12" /><ent r="100" t="171" w="22" /><ent r="7" t="171" w="373" /></phr><phr n="tutorial"><ent r="7" t="162" w="292" /><ent r="3" t="162" w="318" /><ent r="3" t="163" w="27" /><ent r="3" t="163" w="44" /><ent r="3" t="163" w="316" /><ent r="7" t="163" w="509" /><ent r="4" t="163" w="2271" /><ent r="3" t="164" w="47" /><ent r="3" t="164" w="83" /><ent r="3" t="164" w="461" /><ent r="7" t="164" w="659" /><ent r="3" t="165" w="37" /><ent r="3" t="165" w="69" /><ent r="3" t="165" w="182" /><ent r="7" t="165" w="371" /><ent r="3" t="166" w="35" /><ent r="3" t="166" w="67" /><ent r="3" t="166" w="142" /><ent r="7" t="166" w="331" /><ent r="3" t="166" w="666" /><ent r="3" t="167" w="25" /><ent r="3" t="167" w="39" /><ent r="3" t="167" w="420" /><ent r="7" t="167" w="609" /><ent r="3" t="168" w="28" /><ent r="3" t="168" w="42" /><ent r="3" t="168" w="406" /><ent r="7" t="168" w="594" /><ent r="3" t="169" w="25" /><ent r="3" t="169" w="41" /><ent r="4" t="169" w="291" /><ent r="3" t="169" w="297" /><ent r="7" t="169" w="485" /><ent r="3" t="170" w="23" /><ent r="3" t="170" w="44" /><ent r="3" t="170" w="316" /><ent r="7" t="170" w="499" /><ent r="3" t="171" w="31" /><ent r="3" t="171" w="63" /><ent r="4" t="171" w="212" /><ent r="7" t="171" w="396" /><ent r="4" t="171" w="475" /></phr></stem><stem n="toolbar"><phr n="toolbars"><ent r="100" t="1" w="20" /><ent r="3" t="1" w="57" /><ent r="3" t="1" w="60" /><ent r="3" t="1" w="66" /><ent r="3" t="1" w="188" /><ent r="3" t="1" w="211" /><ent r="3" t="1" w="273" /><ent r="4" t="1" w="292" /><ent r="4" t="1" w="296" /><ent r="4" t="1" w="340" /><ent r="4" t="1" w="344" /><ent r="3" t="1" w="366" /><ent r="3" t="1" w="437" /><ent r="3" t="1" w="501" /><ent r="100" t="4" w="3" /><ent r="3" t="4" w="8" /><ent r="3" t="4" w="88" /><ent r="100" t="4" w="114" /><ent r="3" t="4" w="128" /><ent r="4" t="4" w="147" /><ent r="4" t="4" w="151" /><ent r="4" t="4" w="197" /><ent r="4" t="4" w="201" /><ent r="100" t="5" w="7" /><ent r="100" t="6" w="7" /><ent r="100" t="7" w="7" /><ent r="100" t="8" w="7" /><ent r="100" t="9" w="7" /><ent r="100" t="10" w="9" /><ent r="100" t="11" w="7" /><ent r="100" t="12" w="10" /><ent r="100" t="13" w="7" /><ent r="100" t="14" w="4" /><ent r="100" t="15" w="7" /><ent r="3" t="69" w="142" /><ent r="4" t="69" w="319" /><ent r="100" t="105" w="11" /><ent r="100" t="106" w="5" /><ent r="4" t="107" w="125" /><ent r="3" t="113" w="94" /><ent r="3" t="113" w="616" /><ent r="3" t="163" w="339" /><ent r="4" t="163" w="358" /><ent r="4" t="163" w="362" /><ent r="4" t="163" w="408" /><ent r="4" t="163" w="412" /><ent r="3" t="164" w="489" /><ent r="4" t="164" w="508" /><ent r="4" t="164" w="512" /><ent r="4" t="164" w="558" /><ent r="4" t="164" w="562" /><ent r="4" t="164" w="1702" /><ent r="3" t="165" w="201" /><ent r="4" t="165" w="220" /><ent r="4" t="165" w="224" /><ent r="4" t="165" w="270" /><ent r="4" t="165" w="274" /><ent r="3" t="166" w="161" /><ent r="4" t="166" w="180" /><ent r="4" t="166" w="184" /><ent r="4" t="166" w="230" /><ent r="4" t="166" w="234" /><ent r="3" t="167" w="439" /><ent r="4" t="167" w="458" /><ent r="4" t="167" w="462" /><ent r="4" t="167" w="508" /><ent r="4" t="167" w="512" /><ent r="3" t="168" w="424" /><ent r="4" t="168" w="443" /><ent r="4" t="168" w="447" /><ent r="4" t="168" w="493" /><ent r="4" t="168" w="497" /><ent r="3" t="169" w="315" /><ent r="4" t="169" w="334" /><ent r="4" t="169" w="338" /><ent r="4" t="169" w="384" /><ent r="4" t="169" w="388" /><ent r="3" t="170" w="329" /><ent r="4" t="170" w="348" /><ent r="4" t="170" w="352" /><ent r="4" t="170" w="398" /><ent r="4" t="170" w="402" /><ent r="3" t="171" w="226" /><ent r="4" t="171" w="245" /><ent r="4" t="171" w="249" /><ent r="4" t="171" w="295" /><ent r="4" t="171" w="299" /></phr><phr n="toolbar"><ent r="3" t="1" w="113" /><ent r="3" t="1" w="205" /><ent r="4" t="1" w="306" /><ent r="4" t="1" w="325" /><ent r="4" t="1" w="354" /><ent r="3" t="1" w="400" /><ent r="4" t="1" w="411" /><ent r="4" t="1" w="422" /><ent r="3" t="1" w="596" /><ent r="3" t="4" w="65" /><ent r="3" t="4" w="82" /><ent r="4" t="4" w="161" /><ent r="4" t="4" w="180" /><ent r="4" t="4" w="211" /><ent r="100" t="9" w="5" /><ent r="3" t="11" w="54" /><ent r="7" t="13" w="55" /><ent r="6" t="13" w="167" /><ent r="3" t="14" w="71" /><ent r="3" t="17" w="14" /><ent r="65" t="21" w="473" /><ent r="4" t="48" w="85" /><ent r="3" t="61" w="55" /><ent r="3" t="69" w="174" /><ent r="3" t="76" w="21" /><ent r="3" t="92" w="248" /><ent r="3" t="94" w="145" /><ent r="4" t="98" w="235" /><ent r="100" t="105" w="228" /><ent r="3" t="105" w="237" /><ent r="3" t="105" w="254" /><ent r="100" t="106" w="11" /><ent r="3" t="111" w="102" /><ent r="4" t="113" w="70" /><ent r="3" t="113" w="468" /><ent r="3" t="113" w="475" /><ent r="3" t="113" w="479" /><ent r="3" t="113" w="482" /><ent r="3" t="113" w="497" /><ent r="3" t="113" w="503" /><ent r="3" t="113" w="610" /><ent r="3" t="155" w="40" /><ent r="4" t="163" w="372" /><ent r="4" t="163" w="391" /><ent r="4" t="163" w="422" /><ent r="4" t="163" w="456" /><ent r="3" t="163" w="1753" /><ent r="4" t="163" w="1796" /><ent r="4" t="163" w="1907" /><ent r="3" t="164" w="61" /><ent r="4" t="164" w="522" /><ent r="4" t="164" w="541" /><ent r="4" t="164" w="572" /><ent r="4" t="164" w="606" /><ent r="4" t="164" w="741" /><ent r="4" t="165" w="234" /><ent r="4" t="165" w="253" /><ent r="4" t="165" w="284" /><ent r="4" t="165" w="318" /><ent r="4" t="166" w="194" /><ent r="4" t="166" w="213" /><ent r="4" t="166" w="244" /><ent r="4" t="166" w="278" /><ent r="4" t="167" w="472" /><ent r="4" t="167" w="491" /><ent r="4" t="167" w="522" /><ent r="4" t="167" w="556" /><ent r="4" t="167" w="687" /><ent r="4" t="167" w="770" /><ent r="4" t="168" w="457" /><ent r="4" t="168" w="476" /><ent r="4" t="168" w="507" /><ent r="4" t="168" w="541" /><ent r="4" t="168" w="915" /><ent r="4" t="169" w="279" /><ent r="4" t="169" w="348" /><ent r="4" t="169" w="367" /><ent r="4" t="169" w="398" /><ent r="4" t="169" w="432" /><ent r="4" t="170" w="362" /><ent r="4" t="170" w="381" /><ent r="4" t="170" w="412" /><ent r="4" t="170" w="446" /><ent r="4" t="170" w="625" /><ent r="4" t="170" w="1704" /><ent r="3" t="170" w="1721" /><ent r="3" t="170" w="1734" /><ent r="3" t="170" w="1748" /><ent r="3" t="170" w="1757" /><ent r="3" t="170" w="1765" /><ent r="3" t="170" w="1776" /><ent r="3" t="170" w="1784" /><ent r="3" t="170" w="1869" /><ent r="3" t="170" w="1924" /><ent r="3" t="170" w="1954" /><ent r="4" t="171" w="259" /><ent r="4" t="171" w="278" /><ent r="4" t="171" w="309" /><ent r="4" t="171" w="343" /><ent r="4" t="171" w="684" /><ent r="3" t="171" w="1226" /></phr><phr n="Toolbar"><ent r="92" t="1" w="207" /><ent r="3" t="1" w="369" /><ent r="3" t="4" w="34" /><ent r="64" t="4" w="223" /><ent r="64" t="4" w="226" /><ent r="64" t="4" w="229" /><ent r="64" t="4" w="233" /><ent r="64" t="4" w="236" /><ent r="64" t="4" w="240" /><ent r="64" t="4" w="243" /><ent r="64" t="4" w="246" /><ent r="64" t="4" w="249" /><ent r="64" t="4" w="252" /><ent r="64" t="4" w="255" /><ent r="64" t="4" w="259" /><ent r="64" t="4" w="263" /><ent r="1000" t="5" w="2" /><ent r="100" t="5" w="5" /><ent r="102" t="5" w="11" /><ent r="68" t="5" w="98" /><ent r="68" t="5" w="134" /><ent r="68" t="5" w="171" /><ent r="1000" t="6" w="2" /><ent r="100" t="6" w="5" /><ent r="102" t="6" w="11" /><ent r="1000" t="7" w="2" /><ent r="100" t="7" w="5" /><ent r="102" t="7" w="11" /><ent r="1000" t="8" w="2" /><ent r="100" t="8" w="5" /><ent r="102" t="8" w="11" /><ent r="3" t="8" w="15" /><ent r="1000" t="9" w="2" /><ent r="102" t="9" w="11" /><ent r="1000" t="10" w="3" /><ent r="100" t="10" w="7" /><ent r="102" t="10" w="15" /><ent r="4" t="10" w="31" /><ent r="3" t="10" w="49" /><ent r="1000" t="11" w="2" /><ent r="100" t="11" w="5" /><ent r="102" t="11" w="11" /><ent r="4" t="11" w="15" /><ent r="1000" t="12" w="2" /><ent r="100" t="12" w="8" /><ent r="102" t="12" w="14" /><ent r="1000" t="13" w="2" /><ent r="100" t="13" w="5" /><ent r="102" t="13" w="11" /><ent r="3" t="13" w="16" /><ent r="1000" t="14" w="2" /><ent r="100" t="14" w="8" /><ent r="102" t="14" w="13" /><ent r="3" t="14" w="20" /><ent r="4" t="14" w="40" /><ent r="1000" t="15" w="2" /><ent r="102" t="15" w="5" /><ent r="100" t="15" w="11" /><ent r="3" t="15" w="15" /><ent r="1000" t="16" w="3" /><ent r="102" t="16" w="7" /><ent r="100" t="16" w="11" /><ent r="3" t="16" w="16" /><ent r="1000" t="17" w="3" /><ent r="102" t="17" w="7" /><ent r="100" t="17" w="11" /><ent r="64" t="18" w="57" /><ent r="64" t="32" w="121" /><ent r="64" t="35" w="47" /><ent r="64" t="38" w="64" /><ent r="64" t="39" w="76" /><ent r="64" t="40" w="68" /><ent r="64" t="41" w="60" /><ent r="64" t="42" w="103" /><ent r="64" t="43" w="150" /><ent r="64" t="45" w="79" /><ent r="3" t="45" w="126" /><ent r="64" t="46" w="66" /><ent r="4" t="51" w="213" /><ent r="4" t="51" w="225" /><ent r="65" t="51" w="231" /><ent r="64" t="51" w="265" /><ent r="64" t="52" w="47" /><ent r="65" t="53" w="34" /><ent r="65" t="54" w="30" /><ent r="64" t="56" w="34" /><ent r="64" t="57" w="67" /><ent r="65" t="58" w="43" /><ent r="65" t="58" w="195" /><ent r="65" t="58" w="223" /><ent r="65" t="58" w="265" /><ent r="65" t="60" w="52" /><ent r="65" t="60" w="219" /><ent r="65" t="60" w="236" /><ent r="65" t="60" w="266" /><ent r="65" t="60" w="312" /><ent r="3" t="61" w="80" /><ent r="3" t="61" w="131" /><ent r="3" t="61" w="146" /><ent r="4" t="63" w="64" /><ent r="4" t="64" w="51" /><ent r="4" t="64" w="92" /><ent r="64" t="66" w="76" /><ent r="65" t="67" w="60" /><ent r="65" t="69" w="66" /><ent r="64" t="74" w="81" /><ent r="64" t="75" w="106" /><ent r="65" t="76" w="70" /><ent r="64" t="77" w="258" /><ent r="64" t="79" w="80" /><ent r="64" t="79" w="204" /><ent r="64" t="92" w="181" /><ent r="64" t="93" w="114" /><ent r="65" t="100" w="292" /><ent r="3" t="101" w="80" /><ent r="3" t="101" w="101" /><ent r="92" t="105" w="232" /><ent r="64" t="105" w="259" /><ent r="1000" t="106" w="3" /><ent r="102" t="106" w="15" /><ent r="64" t="108" w="95" /><ent r="64" t="110" w="56" /><ent r="3" t="113" w="535" /><ent r="3" t="113" w="593" /><ent r="65" t="115" w="167" /><ent r="64" t="116" w="170" /><ent r="64" t="125" w="81" /><ent r="64" t="126" w="24" /><ent r="4" t="128" w="76" /><ent r="65" t="128" w="101" /><ent r="4" t="128" w="141" /><ent r="4" t="128" w="356" /><ent r="3" t="128" w="470" /><ent r="3" t="128" w="565" /><ent r="3" t="128" w="634" /><ent r="66" t="130" w="175" /><ent r="64" t="141" w="85" /><ent r="65" t="148" w="98" /><ent r="65" t="153" w="151" /><ent r="65" t="154" w="69" /><ent r="65" t="157" w="131" /><ent r="65" t="158" w="91" /><ent r="65" t="160" w="103" /><ent r="65" t="163" w="321" /><ent r="64" t="163" w="324" /><ent r="64" t="163" w="327" /><ent r="64" t="163" w="330" /><ent r="3" t="163" w="626" /><ent r="3" t="163" w="776" /><ent r="4" t="163" w="842" /><ent r="4" t="163" w="885" /><ent r="4" t="163" w="939" /><ent r="4" t="163" w="981" /><ent r="4" t="163" w="1002" /><ent r="4" t="163" w="1060" /><ent r="3" t="163" w="1160" /><ent r="92" t="163" w="1736" /><ent r="3" t="163" w="1741" /><ent r="4" t="163" w="1772" /><ent r="4" t="163" w="1836" /><ent r="4" t="163" w="1883" /><ent r="3" t="163" w="1980" /><ent r="3" t="163" w="2101" /><ent r="3" t="163" w="2160" /><ent r="100" t="164" w="41" /><ent r="4" t="164" w="106" /><ent r="65" t="164" w="464" /><ent r="65" t="164" w="467" /><ent r="65" t="164" w="470" /><ent r="65" t="164" w="473" /><ent r="64" t="164" w="476" /><ent r="64" t="164" w="480" /><ent r="4" t="164" w="735" /><ent r="4" t="164" w="752" /><ent r="3" t="164" w="1010" /><ent r="4" t="164" w="1101" /><ent r="4" t="164" w="1112" /><ent r="3" t="164" w="1234" /><ent r="4" t="164" w="1623" /><ent r="92" t="164" w="1662" /><ent r="65" t="164" w="1683" /><ent r="4" t="164" w="1690" /><ent r="4" t="164" w="1712" /><ent r="4" t="164" w="1733" /><ent r="4" t="164" w="1789" /><ent r="4" t="164" w="1815" /><ent r="4" t="164" w="2108" /><ent r="4" t="164" w="2196" /><ent r="4" t="164" w="2215" /><ent r="4" t="164" w="2567" /><ent r="4" t="164" w="2586" /><ent r="4" t="164" w="2646" /><ent r="4" t="164" w="2860" /><ent r="3" t="165" w="142" /><ent r="3" t="165" w="176" /><ent r="64" t="165" w="185" /><ent r="64" t="165" w="188" /><ent r="64" t="165" w="192" /><ent r="4" t="165" w="631" /><ent r="4" t="165" w="649" /><ent r="4" t="165" w="701" /><ent r="4" t="165" w="714" /><ent r="4" t="165" w="872" /><ent r="4" t="165" w="930" /><ent r="4" t="165" w="966" /><ent r="4" t="165" w="1027" /><ent r="64" t="166" w="145" /><ent r="64" t="166" w="148" /><ent r="64" t="166" w="152" /><ent r="4" t="166" w="379" /><ent r="4" t="166" w="810" /><ent r="4" t="166" w="1047" /><ent r="64" t="167" w="423" /><ent r="64" t="167" w="426" /><ent r="64" t="167" w="430" /><ent r="4" t="167" w="682" /><ent r="4" t="167" w="698" /><ent r="4" t="167" w="765" /><ent r="4" t="167" w="783" /><ent r="3" t="167" w="1001" /><ent r="4" t="167" w="1052" /><ent r="64" t="168" w="409" /><ent r="64" t="168" w="412" /><ent r="64" t="168" w="415" /><ent r="3" t="168" w="723" /><ent r="4" t="168" w="855" /><ent r="4" t="168" w="927" /><ent r="64" t="169" w="300" /><ent r="64" t="169" w="303" /><ent r="64" t="169" w="306" /><ent r="3" t="169" w="574" /><ent r="4" t="169" w="623" /><ent r="3" t="169" w="641" /><ent r="5" t="169" w="731" /><ent r="3" t="169" w="1041" /><ent r="4" t="169" w="1083" /><ent r="3" t="169" w="1088" /><ent r="4" t="169" w="1215" /><ent r="64" t="170" w="320" /><ent r="4" t="170" w="546" /><ent r="4" t="170" w="612" /><ent r="4" t="170" w="768" /><ent r="4" t="170" w="874" /><ent r="6" t="170" w="1475" /><ent r="4" t="170" w="1503" /><ent r="64" t="171" w="217" /><ent r="4" t="171" w="547" /><ent r="4" t="171" w="601" /><ent r="4" t="171" w="1345" /><ent r="64" t="173" w="14" /><ent r="3" t="178" w="43" /><ent r="3" t="178" w="49" /><ent r="64" t="205" w="31" /><ent r="3" t="205" w="184" /><ent r="64" t="210" w="14" /><ent r="64" t="211" w="14" /><ent r="6" t="214" w="61" /><ent r="6" t="215" w="67" /><ent r="6" t="216" w="64" /><ent r="6" t="217" w="52" /><ent r="7" t="217" w="66" /></phr><phr n="Toolbars"><ent r="3" t="1" w="258" /><ent r="5" t="1" w="287" /><ent r="3" t="1" w="382" /><ent r="64" t="1" w="440" /><ent r="1000" t="4" w="1" /><ent r="102" t="4" w="5" /><ent r="3" t="4" w="56" /><ent r="92" t="4" w="119" /><ent r="5" t="4" w="142" /><ent r="92" t="4" w="220" /><ent r="3" t="69" w="208" /><ent r="4" t="69" w="313" /><ent r="82" t="162" w="212" /><ent r="3" t="163" w="312" /><ent r="5" t="163" w="353" /><ent r="5" t="163" w="447" /><ent r="5" t="163" w="1783" /><ent r="3" t="164" w="457" /><ent r="5" t="164" w="503" /><ent r="5" t="164" w="597" /><ent r="5" t="164" w="1802" /><ent r="3" t="165" w="178" /><ent r="5" t="165" w="215" /><ent r="5" t="165" w="309" /><ent r="5" t="165" w="1018" /><ent r="3" t="166" w="138" /><ent r="5" t="166" w="175" /><ent r="5" t="166" w="269" /><ent r="3" t="167" w="416" /><ent r="5" t="167" w="453" /><ent r="5" t="167" w="547" /><ent r="3" t="168" w="402" /><ent r="5" t="168" w="438" /><ent r="5" t="168" w="532" /><ent r="3" t="169" w="293" /><ent r="5" t="169" w="329" /><ent r="5" t="169" w="423" /><ent r="3" t="170" w="312" /><ent r="5" t="170" w="343" /><ent r="5" t="170" w="437" /><ent r="4" t="171" w="208" /><ent r="5" t="171" w="240" /><ent r="5" t="171" w="334" /><ent r="7" t="217" w="58" /></phr></stem><stem n="open"><phr n="open"><ent r="3" t="1" w="24" /><ent r="3" t="1" w="132" /><ent r="100" t="18" w="5" /><ent r="100" t="18" w="7" /><ent r="3" t="18" w="174" /><ent r="100" t="19" w="8" /><ent r="100" t="19" w="10" /><ent r="3" t="19" w="21" /><ent r="3" t="19" w="32" /><ent r="3" t="19" w="46" /><ent r="3" t="19" w="65" /><ent r="3" t="19" w="131" /><ent r="3" t="19" w="134" /><ent r="3" t="19" w="144" /><ent r="3" t="19" w="158" /><ent r="3" t="32" w="88" /><ent r="4" t="32" w="183" /><ent r="4" t="46" w="29" /><ent r="4" t="55" w="34" /><ent r="3" t="55" w="210" /><ent r="3" t="66" w="45" /><ent r="4" t="69" w="34" /><ent r="100" t="70" w="10" /><ent r="100" t="70" w="12" /><ent r="3" t="70" w="19" /><ent r="3" t="70" w="29" /><ent r="4" t="70" w="40" /><ent r="3" t="71" w="115" /><ent r="3" t="73" w="25" /><ent r="3" t="75" w="58" /><ent r="3" t="75" w="95" /><ent r="4" t="88" w="237" /><ent r="3" t="92" w="148" /><ent r="3" t="93" w="83" /><ent r="3" t="94" w="117" /><ent r="3" t="96" w="76" /><ent r="4" t="96" w="117" /><ent r="4" t="97" w="58" /><ent r="4" t="98" w="71" /><ent r="4" t="99" w="72" /><ent r="100" t="105" w="15" /><ent r="100" t="105" w="74" /><ent r="3" t="105" w="77" /><ent r="7" t="106" w="40" /><ent r="100" t="108" w="6" /><ent r="100" t="108" w="12" /><ent r="3" t="108" w="18" /><ent r="3" t="108" w="29" /><ent r="4" t="108" w="114" /><ent r="3" t="113" w="102" /><ent r="4" t="113" w="234" /><ent r="4" t="113" w="300" /><ent r="4" t="113" w="377" /><ent r="4" t="113" w="421" /><ent r="4" t="113" w="516" /><ent r="4" t="113" w="580" /><ent r="4" t="131" w="30" /><ent r="4" t="133" w="69" /><ent r="4" t="134" w="69" /><ent r="4" t="135" w="82" /><ent r="4" t="136" w="76" /><ent r="4" t="137" w="68" /><ent r="4" t="138" w="65" /><ent r="4" t="139" w="65" /><ent r="4" t="140" w="75" /><ent r="3" t="141" w="56" /><ent r="3" t="141" w="359" /><ent r="3" t="142" w="74" /><ent r="3" t="142" w="151" /><ent r="4" t="143" w="85" /><ent r="3" t="143" w="185" /><ent r="4" t="143" w="308" /><ent r="4" t="144" w="44" /><ent r="3" t="144" w="189" /><ent r="3" t="145" w="88" /><ent r="3" t="146" w="106" /><ent r="4" t="147" w="68" /><ent r="3" t="147" w="261" /><ent r="4" t="148" w="57" /><ent r="3" t="148" w="190" /><ent r="4" t="149" w="47" /><ent r="3" t="149" w="124" /><ent r="4" t="150" w="63" /><ent r="3" t="150" w="220" /><ent r="3" t="151" w="134" /><ent r="3" t="151" w="205" /><ent r="3" t="154" w="127" /><ent r="4" t="161" w="394" /><ent r="4" t="163" w="1129" /><ent r="4" t="164" w="692" /><ent r="3" t="164" w="1495" /><ent r="3" t="165" w="428" /><ent r="3" t="165" w="1465" /><ent r="4" t="166" w="1018" /><ent r="3" t="166" w="1561" /><ent r="4" t="168" w="1030" /><ent r="4" t="170" w="2032" /><ent r="3" t="171" w="1612" /><ent r="3" t="178" w="34" /><ent r="3" t="205" w="71" /><ent r="4" t="207" w="69" /><ent r="7" t="215" w="92" /><ent r="100" t="215" w="114" /><ent r="7" t="215" w="128" /><ent r="7" t="215" w="205" /></phr><phr n="Opens"><ent r="7" t="5" w="203" /><ent r="7" t="5" w="212" /><ent r="7" t="6" w="73" /><ent r="7" t="9" w="65" /><ent r="7" t="106" w="56" /><ent r="7" t="215" w="118" /><ent r="7" t="216" w="88" /></phr><phr n="Open"><ent r="5" t="18" w="169" /><ent r="64" t="18" w="228" /><ent r="1000" t="19" w="1" /><ent r="102" t="19" w="13" /><ent r="92" t="19" w="37" /><ent r="3" t="19" w="108" /><ent r="5" t="21" w="437" /><ent r="3" t="31" w="41" /><ent r="5" t="32" w="112" /><ent r="3" t="32" w="125" /><ent r="4" t="32" w="145" /><ent r="5" t="32" w="188" /><ent r="64" t="68" w="133" /><ent r="64" t="69" w="432" /><ent r="1000" t="70" w="1" /><ent r="102" t="70" w="5" /><ent r="4" t="70" w="67" /><ent r="5" t="70" w="92" /><ent r="64" t="71" w="124" /><ent r="64" t="72" w="247" /><ent r="5" t="87" w="137" /><ent r="64" t="105" w="588" /><ent r="64" t="107" w="269" /><ent r="1000" t="108" w="1" /><ent r="102" t="108" w="8" /><ent r="5" t="108" w="74" /><ent r="3" t="108" w="99" /><ent r="4" t="108" w="104" /><ent r="5" t="108" w="118" /><ent r="4" t="109" w="24" /><ent r="65" t="109" w="95" /><ent r="5" t="121" w="72" /><ent r="4" t="147" w="104" /><ent r="4" t="163" w="56" /><ent r="5" t="163" w="575" /><ent r="4" t="163" w="665" /><ent r="5" t="163" w="2359" /><ent r="4" t="164" w="95" /><ent r="92" t="164" w="675" /><ent r="5" t="164" w="687" /><ent r="92" t="165" w="387" /><ent r="4" t="165" w="526" /><ent r="5" t="165" w="588" /><ent r="4" t="167" w="61" /><ent r="5" t="167" w="655" /><ent r="5" t="167" w="830" /><ent r="4" t="168" w="53" /><ent r="92" t="168" w="610" /><ent r="4" t="168" w="629" /><ent r="5" t="169" w="548" /><ent r="5" t="169" w="957" /><ent r="5" t="171" w="450" /><ent r="4" t="171" w="454" /><ent r="5" t="171" w="490" /><ent r="4" t="171" w="770" /><ent r="5" t="180" w="119" /><ent r="7" t="215" w="112" /></phr><phr n="opens"><ent r="3" t="19" w="168" /><ent r="3" t="88" w="277" /><ent r="4" t="108" w="53" /><ent r="4" t="109" w="89" /><ent r="4" t="165" w="794" /><ent r="4" t="168" w="658" /><ent r="4" t="171" w="433" /></phr><phr n="opened"><ent r="4" t="67" w="37" /><ent r="3" t="141" w="218" /><ent r="7" t="179" w="503" /></phr><phr n="opening"><ent r="3" t="98" w="182" /><ent r="3" t="111" w="77" /><ent r="3" t="113" w="145" /></phr></stem><stem n="displai"><phr n="displayed"><ent r="3" t="1" w="33" /><ent r="3" t="1" w="171" /><ent r="4" t="1" w="294" /><ent r="4" t="1" w="342" /><ent r="3" t="1" w="467" /><ent r="3" t="1" w="504" /><ent r="4" t="4" w="149" /><ent r="4" t="4" w="199" /><ent r="6" t="7" w="217" /><ent r="4" t="10" w="35" /><ent r="4" t="10" w="39" /><ent r="7" t="10" w="106" /><ent r="6" t="14" w="281" /><ent r="6" t="14" w="378" /><ent r="6" t="14" w="415" /><ent r="4" t="18" w="86" /><ent r="3" t="18" w="203" /><ent r="4" t="21" w="476" /><ent r="4" t="24" w="55" /><ent r="4" t="26" w="190" /><ent r="3" t="27" w="64" /><ent r="4" t="29" w="53" /><ent r="4" t="30" w="48" /><ent r="3" t="31" w="32" /><ent r="4" t="32" w="150" /><ent r="7" t="38" w="147" /><ent r="4" t="41" w="79" /><ent r="4" t="41" w="245" /><ent r="4" t="41" w="310" /><ent r="4" t="42" w="118" /><ent r="3" t="43" w="104" /><ent r="3" t="43" w="166" /><ent r="4" t="43" w="285" /><ent r="3" t="43" w="415" /><ent r="4" t="43" w="432" /><ent r="3" t="44" w="70" /><ent r="4" t="44" w="145" /><ent r="4" t="44" w="199" /><ent r="3" t="44" w="228" /><ent r="4" t="45" w="103" /><ent r="3" t="47" w="28" /><ent r="4" t="47" w="67" /><ent r="4" t="48" w="53" /><ent r="4" t="48" w="70" /><ent r="3" t="49" w="114" /><ent r="4" t="50" w="58" /><ent r="3" t="50" w="95" /><ent r="3" t="50" w="116" /><ent r="4" t="51" w="216" /><ent r="3" t="53" w="48" /><ent r="3" t="55" w="75" /><ent r="4" t="60" w="93" /><ent r="4" t="62" w="116" /><ent r="3" t="66" w="90" /><ent r="3" t="69" w="80" /><ent r="3" t="69" w="120" /><ent r="3" t="69" w="147" /><ent r="3" t="69" w="166" /><ent r="3" t="69" w="191" /><ent r="4" t="70" w="73" /><ent r="4" t="71" w="69" /><ent r="4" t="71" w="83" /><ent r="4" t="72" w="140" /><ent r="4" t="72" w="188" /><ent r="4" t="72" w="236" /><ent r="4" t="73" w="52" /><ent r="4" t="73" w="159" /><ent r="4" t="73" w="185" /><ent r="3" t="73" w="259" /><ent r="3" t="75" w="136" /><ent r="4" t="77" w="93" /><ent r="4" t="77" w="122" /><ent r="4" t="77" w="177" /><ent r="4" t="77" w="206" /><ent r="4" t="77" w="279" /><ent r="4" t="78" w="76" /><ent r="3" t="79" w="33" /><ent r="3" t="79" w="42" /><ent r="3" t="79" w="126" /><ent r="4" t="80" w="60" /><ent r="3" t="80" w="79" /><ent r="3" t="82" w="58" /><ent r="3" t="82" w="100" /><ent r="6" t="82" w="309" /><ent r="5" t="82" w="336" /><ent r="4" t="83" w="61" /><ent r="3" t="83" w="88" /><ent r="5" t="83" w="195" /><ent r="4" t="84" w="82" /><ent r="4" t="84" w="120" /><ent r="3" t="85" w="126" /><ent r="4" t="85" w="140" /><ent r="3" t="86" w="18" /><ent r="4" t="86" w="66" /><ent r="4" t="87" w="123" /><ent r="4" t="87" w="244" /><ent r="4" t="88" w="115" /><ent r="4" t="89" w="65" /><ent r="4" t="89" w="78" /><ent r="3" t="90" w="132" /><ent r="4" t="90" w="151" /><ent r="3" t="91" w="135" /><ent r="4" t="91" w="158" /><ent r="4" t="95" w="28" /><ent r="4" t="95" w="48" /><ent r="4" t="95" w="55" /><ent r="4" t="95" w="70" /><ent r="4" t="95" w="87" /><ent r="3" t="96" w="23" /><ent r="3" t="97" w="25" /><ent r="3" t="97" w="32" /><ent r="3" t="98" w="30" /><ent r="4" t="98" w="303" /><ent r="3" t="99" w="31" /><ent r="4" t="99" w="459" /><ent r="3" t="100" w="236" /><ent r="3" t="100" w="315" /><ent r="3" t="100" w="482" /><ent r="3" t="101" w="136" /><ent r="3" t="105" w="111" /><ent r="3" t="105" w="160" /><ent r="3" t="105" w="343" /><ent r="3" t="105" w="393" /><ent r="7" t="106" w="256" /><ent r="7" t="106" w="290" /><ent r="3" t="107" w="44" /><ent r="4" t="108" w="126" /><ent r="4" t="110" w="75" /><ent r="4" t="112" w="46" /><ent r="3" t="114" w="51" /><ent r="3" t="114" w="149" /><ent r="3" t="114" w="232" /><ent r="3" t="114" w="263" /><ent r="3" t="114" w="561" /><ent r="3" t="114" w="585" /><ent r="4" t="114" w="658" /><ent r="4" t="114" w="696" /><ent r="3" t="115" w="84" /><ent r="4" t="117" w="61" /><ent r="3" t="125" w="23" /><ent r="4" t="128" w="95" /><ent r="4" t="128" w="136" /><ent r="3" t="128" w="190" /><ent r="4" t="128" w="241" /><ent r="3" t="128" w="400" /><ent r="3" t="129" w="38" /><ent r="3" t="129" w="192" /><ent r="3" t="129" w="205" /><ent r="3" t="129" w="282" /><ent r="4" t="129" w="339" /><ent r="3" t="129" w="601" /><ent r="4" t="130" w="133" /><ent r="5" t="130" w="225" /><ent r="4" t="138" w="461" /><ent r="4" t="138" w="878" /><ent r="4" t="141" w="130" /><ent r="3" t="141" w="231" /><ent r="3" t="141" w="270" /><ent r="3" t="142" w="65" /><ent r="3" t="143" w="138" /><ent r="3" t="143" w="231" /><ent r="4" t="143" w="354" /><ent r="3" t="144" w="94" /><ent r="3" t="145" w="58" /><ent r="3" t="145" w="161" /><ent r="3" t="145" w="216" /><ent r="3" t="145" w="253" /><ent r="4" t="146" w="69" /><ent r="4" t="146" w="183" /><ent r="4" t="146" w="241" /><ent r="4" t="146" w="614" /><ent r="3" t="147" w="125" /><ent r="3" t="147" w="155" /><ent r="3" t="149" w="34" /><ent r="4" t="149" w="87" /><ent r="3" t="150" w="106" /><ent r="3" t="151" w="104" /><ent r="3" t="151" w="115" /><ent r="4" t="151" w="168" /><ent r="3" t="151" w="296" /><ent r="5" t="151" w="314" /><ent r="5" t="151" w="319" /><ent r="4" t="151" w="340" /><ent r="4" t="151" w="394" /><ent r="4" t="151" w="767" /><ent r="3" t="152" w="160" /><ent r="4" t="153" w="166" /><ent r="4" t="153" w="714" /><ent r="3" t="153" w="984" /><ent r="3" t="154" w="83" /><ent r="4" t="157" w="134" /><ent r="4" t="157" w="166" /><ent r="4" t="160" w="129" /><ent r="3" t="163" w="160" /><ent r="3" t="163" w="174" /><ent r="4" t="163" w="360" /><ent r="4" t="163" w="410" /><ent r="3" t="163" w="698" /><ent r="4" t="163" w="1166" /><ent r="3" t="163" w="1181" /><ent r="3" t="163" w="1225" /><ent r="3" t="163" w="1277" /><ent r="3" t="163" w="1304" /><ent r="3" t="163" w="1321" /><ent r="4" t="163" w="1662" /><ent r="4" t="163" w="1803" /><ent r="4" t="163" w="1889" /><ent r="4" t="163" w="2071" /><ent r="3" t="163" w="2107" /><ent r="4" t="163" w="2169" /><ent r="4" t="163" w="2253" /><ent r="3" t="164" w="194" /><ent r="3" t="164" w="219" /><ent r="3" t="164" w="368" /><ent r="3" t="164" w="377" /><ent r="4" t="164" w="510" /><ent r="4" t="164" w="560" /><ent r="4" t="164" w="709" /><ent r="4" t="164" w="775" /><ent r="4" t="164" w="926" /><ent r="3" t="164" w="937" /><ent r="3" t="164" w="953" /><ent r="3" t="164" w="1134" /><ent r="3" t="164" w="1242" /><ent r="4" t="164" w="1601" /><ent r="3" t="164" w="1828" /><ent r="3" t="164" w="1834" /><ent r="3" t="164" w="2698" /><ent r="4" t="165" w="222" /><ent r="4" t="165" w="272" /><ent r="4" t="165" w="1195" /><ent r="3" t="165" w="1527" /><ent r="3" t="165" w="1536" /><ent r="4" t="166" w="182" /><ent r="4" t="166" w="232" /><ent r="4" t="166" w="381" /><ent r="3" t="166" w="410" /><ent r="4" t="166" w="428" /><ent r="3" t="166" w="507" /><ent r="3" t="166" w="1218" /><ent r="3" t="167" w="53" /><ent r="4" t="167" w="80" /><ent r="4" t="167" w="460" /><ent r="4" t="167" w="510" /><ent r="3" t="167" w="1228" /><ent r="4" t="168" w="445" /><ent r="4" t="168" w="495" /><ent r="4" t="168" w="737" /><ent r="4" t="169" w="197" /><ent r="4" t="169" w="213" /><ent r="4" t="169" w="336" /><ent r="4" t="169" w="386" /><ent r="3" t="169" w="598" /><ent r="4" t="169" w="752" /><ent r="4" t="169" w="801" /><ent r="4" t="169" w="977" /><ent r="3" t="169" w="1148" /><ent r="4" t="170" w="350" /><ent r="4" t="170" w="400" /><ent r="4" t="170" w="535" /><ent r="4" t="170" w="561" /><ent r="3" t="170" w="590" /><ent r="4" t="170" w="633" /><ent r="4" t="170" w="659" /><ent r="4" t="170" w="783" /><ent r="3" t="170" w="830" /><ent r="4" t="170" w="889" /><ent r="3" t="170" w="1047" /><ent r="3" t="170" w="1135" /><ent r="4" t="171" w="247" /><ent r="4" t="171" w="297" /><ent r="4" t="171" w="458" /><ent r="4" t="171" w="496" /><ent r="4" t="171" w="555" /><ent r="4" t="171" w="609" /><ent r="3" t="171" w="893" /><ent r="4" t="171" w="1563" /><ent r="3" t="171" w="1622" /><ent r="4" t="172" w="47" /><ent r="4" t="172" w="56" /><ent r="4" t="172" w="105" /><ent r="3" t="174" w="25" /><ent r="3" t="175" w="40" /><ent r="3" t="175" w="207" /><ent r="3" t="176" w="81" /><ent r="3" t="178" w="45" /><ent r="3" t="178" w="66" /><ent r="3" t="178" w="81" /><ent r="3" t="178" w="172" /><ent r="3" t="178" w="307" /><ent r="3" t="178" w="392" /><ent r="7" t="179" w="597" /><ent r="3" t="188" w="148" /><ent r="3" t="197" w="62" /><ent r="3" t="197" w="198" /><ent r="3" t="197" w="278" /><ent r="3" t="205" w="49" /><ent r="3" t="205" w="117" /><ent r="3" t="205" w="173" /><ent r="4" t="206" w="88" /><ent r="3" t="207" w="26" /><ent r="4" t="209" w="44" /><ent r="3" t="209" w="97" /><ent r="4" t="209" w="158" /><ent r="3" t="209" w="196" /><ent r="4" t="209" w="219" /><ent r="4" t="209" w="287" /><ent r="3" t="213" w="119" /><ent r="3" t="213" w="408" /><ent r="7" t="216" w="158" /><ent r="7" t="216" w="196" /></phr><phr n="display"><ent r="3" t="1" w="49" /><ent r="3" t="1" w="520" /><ent r="3" t="4" w="126" /><ent r="6" t="7" w="148" /><ent r="6" t="7" w="156" /><ent r="6" t="7" w="166" /><ent r="6" t="7" w="176" /><ent r="6" t="7" w="188" /><ent r="6" t="7" w="200" /><ent r="6" t="7" w="241" /><ent r="6" t="7" w="250" /><ent r="6" t="7" w="257" /><ent r="6" t="7" w="267" /><ent r="7" t="7" w="278" /><ent r="7" t="8" w="83" /><ent r="7" t="8" w="105" /><ent r="7" t="10" w="88" /><ent r="7" t="10" w="100" /><ent r="6" t="13" w="86" /><ent r="7" t="13" w="97" /><ent r="3" t="20" w="13" /><ent r="4" t="20" w="277" /><ent r="3" t="21" w="339" /><ent r="3" t="35" w="16" /><ent r="3" t="36" w="20" /><ent r="4" t="36" w="67" /><ent r="4" t="36" w="78" /><ent r="4" t="36" w="84" /><ent r="3" t="38" w="19" /><ent r="7" t="38" w="80" /><ent r="7" t="38" w="93" /><ent r="7" t="38" w="104" /><ent r="7" t="38" w="117" /><ent r="7" t="38" w="130" /><ent r="7" t="38" w="172" /><ent r="7" t="38" w="179" /><ent r="7" t="38" w="186" /><ent r="3" t="39" w="23" /><ent r="4" t="39" w="100" /><ent r="4" t="39" w="125" /><ent r="4" t="39" w="149" /><ent r="4" t="39" w="172" /><ent r="3" t="40" w="20" /><ent r="4" t="41" w="29" /><ent r="3" t="41" w="94" /><ent r="3" t="41" w="110" /><ent r="3" t="42" w="51" /><ent r="3" t="46" w="19" /><ent r="4" t="47" w="59" /><ent r="3" t="50" w="86" /><ent r="3" t="55" w="177" /><ent r="3" t="66" w="272" /><ent r="3" t="69" w="237" /><ent r="3" t="69" w="293" /><ent r="3" t="77" w="65" /><ent r="3" t="77" w="73" /><ent r="4" t="77" w="87" /><ent r="3" t="77" w="157" /><ent r="4" t="77" w="171" /><ent r="3" t="77" w="225" /><ent r="4" t="77" w="273" /><ent r="3" t="78" w="22" /><ent r="3" t="78" w="34" /><ent r="3" t="78" w="91" /><ent r="3" t="78" w="95" /><ent r="4" t="78" w="115" /><ent r="3" t="78" w="152" /><ent r="3" t="79" w="20" /><ent r="3" t="79" w="49" /><ent r="3" t="79" w="102" /><ent r="4" t="81" w="123" /><ent r="3" t="82" w="29" /><ent r="3" t="82" w="120" /><ent r="7" t="82" w="167" /><ent r="7" t="82" w="237" /><ent r="7" t="82" w="292" /><ent r="7" t="82" w="420" /><ent r="5" t="83" w="155" /><ent r="3" t="84" w="103" /><ent r="4" t="85" w="73" /><ent r="3" t="86" w="97" /><ent r="3" t="86" w="119" /><ent r="5" t="87" w="68" /><ent r="3" t="87" w="84" /><ent r="4" t="87" w="147" /><ent r="5" t="87" w="192" /><ent r="3" t="87" w="209" /><ent r="5" t="88" w="69" /><ent r="3" t="88" w="86" /><ent r="4" t="90" w="92" /><ent r="4" t="91" w="95" /><ent r="4" t="95" w="66" /><ent r="4" t="95" w="82" /><ent r="4" t="96" w="165" /><ent r="4" t="97" w="107" /><ent r="3" t="98" w="26" /><ent r="4" t="98" w="120" /><ent r="3" t="99" w="26" /><ent r="4" t="99" w="121" /><ent r="4" t="100" w="300" /><ent r="3" t="103" w="21" /><ent r="3" t="113" w="605" /><ent r="3" t="114" w="78" /><ent r="3" t="114" w="139" /><ent r="3" t="119" w="188" /><ent r="3" t="120" w="39" /><ent r="3" t="125" w="28" /><ent r="3" t="125" w="171" /><ent r="3" t="129" w="151" /><ent r="3" t="130" w="14" /><ent r="5" t="130" w="208" /><ent r="5" t="130" w="261" /><ent r="4" t="131" w="75" /><ent r="3" t="132" w="22" /><ent r="4" t="133" w="114" /><ent r="4" t="134" w="114" /><ent r="4" t="135" w="128" /><ent r="4" t="136" w="125" /><ent r="4" t="137" w="116" /><ent r="4" t="138" w="110" /><ent r="4" t="138" w="312" /><ent r="5" t="138" w="428" /><ent r="5" t="138" w="845" /><ent r="4" t="139" w="113" /><ent r="4" t="140" w="121" /><ent r="3" t="141" w="14" /><ent r="3" t="141" w="171" /><ent r="3" t="141" w="197" /><ent r="3" t="141" w="237" /><ent r="3" t="141" w="303" /><ent r="3" t="142" w="212" /><ent r="3" t="142" w="229" /><ent r="3" t="142" w="240" /><ent r="3" t="142" w="271" /><ent r="4" t="143" w="371" /><ent r="3" t="146" w="31" /><ent r="4" t="146" w="172" /><ent r="5" t="146" w="560" /><ent r="3" t="150" w="44" /><ent r="3" t="150" w="179" /><ent r="3" t="151" w="127" /><ent r="5" t="151" w="263" /><ent r="5" t="151" w="713" /><ent r="3" t="152" w="119" /><ent r="3" t="155" w="71" /><ent r="4" t="155" w="268" /><ent r="4" t="155" w="315" /><ent r="4" t="157" w="103" /><ent r="3" t="163" w="130" /><ent r="3" t="163" w="151" /><ent r="3" t="163" w="190" /><ent r="3" t="163" w="217" /><ent r="4" t="163" w="460" /><ent r="3" t="163" w="659" /><ent r="3" t="163" w="976" /><ent r="4" t="163" w="1399" /><ent r="3" t="163" w="1415" /><ent r="4" t="163" w="1465" /><ent r="4" t="163" w="1769" /><ent r="4" t="163" w="1824" /><ent r="4" t="163" w="1944" /><ent r="4" t="163" w="2220" /><ent r="4" t="163" w="2370" /><ent r="4" t="164" w="610" /><ent r="3" t="164" w="1208" /><ent r="4" t="165" w="322" /><ent r="4" t="165" w="1023" /><ent r="3" t="165" w="1473" /><ent r="4" t="165" w="1501" /><ent r="3" t="165" w="1521" /><ent r="4" t="166" w="282" /><ent r="3" t="167" w="44" /><ent r="4" t="167" w="560" /><ent r="4" t="167" w="991" /><ent r="3" t="167" w="1146" /><ent r="3" t="167" w="1217" /><ent r="4" t="168" w="545" /><ent r="4" t="168" w="671" /><ent r="3" t="168" w="708" /><ent r="4" t="168" w="874" /><ent r="4" t="168" w="883" /><ent r="4" t="169" w="436" /><ent r="3" t="169" w="590" /><ent r="4" t="169" w="687" /><ent r="4" t="169" w="1002" /><ent r="4" t="170" w="450" /><ent r="3" t="170" w="600" /><ent r="4" t="170" w="669" /><ent r="3" t="170" w="840" /><ent r="3" t="170" w="899" /><ent r="4" t="170" w="933" /><ent r="3" t="170" w="1640" /><ent r="4" t="170" w="2058" /><ent r="4" t="171" w="347" /><ent r="7" t="171" w="1109" /><ent r="3" t="171" w="1387" /><ent r="3" t="172" w="24" /><ent r="4" t="172" w="115" /><ent r="3" t="188" w="55" /><ent r="3" t="188" w="72" /><ent r="3" t="188" w="83" /><ent r="3" t="188" w="91" /><ent r="3" t="188" w="163" /><ent r="3" t="188" w="168" /><ent r="4" t="188" w="477" /><ent r="3" t="188" w="659" /><ent r="3" t="189" w="35" /><ent r="6" t="208" w="393" /><ent r="6" t="208" w="662" /><ent r="7" t="217" w="103" /><ent r="7" t="217" w="118" /></phr><phr n="displaying"><ent r="3" t="1" w="54" /><ent r="100" t="4" w="115" /><ent r="3" t="136" w="29" /><ent r="3" t="167" w="33" /></phr><phr n="Display"><ent r="100" t="1" w="444" /><ent r="92" t="1" w="448" /><ent r="3" t="1" w="453" /><ent r="3" t="1" w="479" /><ent r="64" t="4" w="228" /><ent r="1000" t="7" w="1" /><ent r="100" t="7" w="4" /><ent r="100" t="7" w="8" /><ent r="102" t="7" w="10" /><ent r="4" t="21" w="326" /><ent r="4" t="21" w="331" /><ent r="64" t="21" w="533" /><ent r="64" t="35" w="46" /><ent r="64" t="38" w="63" /><ent r="64" t="39" w="75" /><ent r="64" t="40" w="67" /><ent r="64" t="51" w="264" /><ent r="92" t="77" w="56" /><ent r="92" t="77" w="143" /><ent r="1000" t="78" w="1" /><ent r="102" t="78" w="9" /><ent r="64" t="79" w="234" /><ent r="1000" t="82" w="6" /><ent r="102" t="82" w="16" /><ent r="68" t="82" w="169" /><ent r="64" t="87" w="290" /><ent r="64" t="101" w="146" /><ent r="1000" t="103" w="1" /><ent r="102" t="103" w="4" /><ent r="100" t="103" w="7" /><ent r="3" t="103" w="11" /><ent r="65" t="144" w="129" /><ent r="92" t="146" w="130" /><ent r="5" t="146" w="133" /><ent r="5" t="146" w="162" /><ent r="5" t="146" w="174" /><ent r="4" t="150" w="188" /><ent r="92" t="151" w="229" /><ent r="5" t="151" w="232" /><ent r="5" t="151" w="301" /><ent r="5" t="151" w="330" /><ent r="65" t="158" w="90" /><ent r="64" t="162" w="364" /><ent r="3" t="163" w="625" /><ent r="3" t="163" w="775" /><ent r="4" t="163" w="841" /><ent r="4" t="163" w="884" /><ent r="4" t="163" w="938" /><ent r="4" t="163" w="980" /><ent r="4" t="163" w="1001" /><ent r="4" t="163" w="1059" /><ent r="65" t="164" w="472" /><ent r="65" t="164" w="1682" /><ent r="4" t="164" w="2195" /><ent r="4" t="164" w="2859" /><ent r="64" t="165" w="187" /><ent r="4" t="165" w="630" /><ent r="4" t="165" w="648" /><ent r="64" t="166" w="144" /><ent r="4" t="166" w="809" /><ent r="1000" t="167" w="3" /><ent r="102" t="167" w="12" /><ent r="4" t="167" w="70" /><ent r="5" t="167" w="837" /><ent r="64" t="169" w="305" /><ent r="5" t="169" w="730" /><ent r="7" t="171" w="1116" /><ent r="3" t="188" w="157" /><ent r="4" t="207" w="123" /></phr><phr n="displays"><ent r="3" t="2" w="102" /><ent r="3" t="21" w="390" /><ent r="3" t="41" w="18" /><ent r="100" t="42" w="10" /><ent r="3" t="42" w="183" /><ent r="3" t="42" w="192" /><ent r="4" t="42" w="291" /><ent r="4" t="43" w="188" /><ent r="4" t="47" w="132" /><ent r="4" t="51" w="222" /><ent r="4" t="54" w="43" /><ent r="3" t="75" w="17" /><ent r="3" t="79" w="13" /><ent r="3" t="92" w="17" /><ent r="3" t="92" w="94" /><ent r="3" t="105" w="547" /><ent r="7" t="106" w="43" /><ent r="4" t="110" w="77" /><ent r="3" t="114" w="68" /><ent r="3" t="142" w="22" /><ent r="3" t="143" w="248" /><ent r="3" t="151" w="88" /><ent r="3" t="152" w="81" /><ent r="3" t="152" w="107" /><ent r="3" t="163" w="140" /><ent r="100" t="164" w="113" /><ent r="4" t="164" w="116" /><ent r="3" t="164" w="333" /><ent r="3" t="164" w="2019" /><ent r="4" t="164" w="2562" /><ent r="4" t="165" w="1344" /><ent r="4" t="165" w="1447" /><ent r="4" t="166" w="702" /><ent r="4" t="172" w="64" /><ent r="5" t="173" w="199" /><ent r="3" t="175" w="75" /><ent r="7" t="215" w="95" /><ent r="7" t="215" w="131" /><ent r="7" t="215" w="208" /></phr><phr n="Displaying"><ent r="92" t="4" w="117" /></phr><phr n="Displays"><ent r="7" t="6" w="22" /><ent r="7" t="6" w="35" /><ent r="7" t="6" w="47" /><ent r="7" t="6" w="61" /><ent r="7" t="6" w="85" /><ent r="7" t="6" w="107" /><ent r="7" t="9" w="22" /><ent r="7" t="11" w="81" /><ent r="4" t="39" w="189" /><ent r="4" t="47" w="179" /><ent r="4" t="99" w="333" /><ent r="5" t="106" w="198" /><ent r="64" t="162" w="333" /><ent r="102" t="164" w="27" /><ent r="92" t="164" w="2151" /><ent r="6" t="175" w="80" /><ent r="6" t="175" w="140" /><ent r="7" t="210" w="42" /><ent r="7" t="211" w="39" /><ent r="7" t="211" w="45" /><ent r="7" t="211" w="55" /><ent r="7" t="211" w="68" /><ent r="7" t="211" w="82" /><ent r="7" t="211" w="90" /><ent r="7" t="217" w="127" /></phr><phr n="Displayed"><ent r="4" t="21" w="349" /><ent r="5" t="47" w="54" /><ent r="4" t="50" w="80" /><ent r="3" t="50" w="97" /><ent r="5" t="82" w="325" /><ent r="1000" t="86" w="1" /><ent r="100" t="86" w="4" /><ent r="102" t="86" w="7" /><ent r="5" t="86" w="69" /><ent r="4" t="86" w="103" /><ent r="5" t="97" w="121" /><ent r="5" t="164" w="2815" /></phr></stem></index>