﻿<?xml version="1.0" encoding="utf-8"?><index><stem n="reli"><phr n="relies"><ent r="3" t="178" w="298" /></phr></stem><stem n="low"><phr n="low"><ent r="3" t="178" w="302" /><ent r="3" t="221" w="175" /></phr></stem><stem n="-ir"><phr n="-IR"><ent r="3" t="178" w="313" /><ent r="3" t="178" w="313" /></phr></stem><stem n="near-ir"><phr n="near-IR"><ent r="3" t="178" w="313" /></phr></stem><stem n="materi"><phr n="materials"><ent r="3" t="178" w="321" /><ent r="3" t="178" w="2960" /></phr></stem><stem n="reus"><phr n="reused"><ent r="3" t="178" w="418" /></phr></stem><stem n="legend"><phr n="legend"><ent r="3" t="178" w="429" /></phr><phr n="Legend"><ent r="5" t="223" w="189" /></phr></stem><stem n="target"><phr n="target"><ent r="3" t="178" w="435" /></phr></stem><stem n="callout"><phr n="callouts"><ent r="3" t="178" w="436" /></phr></stem><stem n="landsat6band.ic"><phr n="landsat6band.ice"><ent r="5" t="178" w="694" /><ent r="5" t="178" w="693" /><ent r="5" t="178" w="2223" /><ent r="5" t="178" w="2222" /><ent r="5" t="178" w="2392" /><ent r="5" t="178" w="2391" /><ent r="4" t="186" w="693" /><ent r="4" t="186" w="692" /><ent r="4" t="186" w="714" /><ent r="4" t="186" w="713" /></phr><phr n="Landsat6band.ice"><ent r="5" t="178" w="1082" /><ent r="5" t="178" w="1081" /></phr></stem><stem n=".ice.h5"><phr n=".ice.h5"><ent r="5" t="178" w="695" /><ent r="5" t="178" w="1083" /><ent r="5" t="178" w="2224" /><ent r="5" t="178" w="2393" /><ent r="4" t="186" w="694" /></phr></stem><stem n="landsat6band.ice.h5"><phr n="landsat6band.ice.h5"><ent r="5" t="178" w="695" /><ent r="5" t="178" w="693" /><ent r="5" t="178" w="2224" /><ent r="5" t="178" w="2222" /><ent r="5" t="178" w="2393" /><ent r="5" t="178" w="2391" /><ent r="4" t="186" w="694" /><ent r="4" t="186" w="692" /><ent r="4" t="186" w="715" /><ent r="4" t="186" w="713" /></phr><phr n="Landsat6band.ice.h5"><ent r="5" t="178" w="1083" /><ent r="5" t="178" w="1081" /></phr></stem><stem n="five"><phr n="five"><ent r="3" t="178" w="830" /><ent r="4" t="178" w="1165" /></phr></stem><stem n="(more"><phr n="(More"><ent r="3" t="178" w="843" /></phr></stem><stem n="inaccur"><phr n="inaccurate"><ent r="3" t="178" w="856" /></phr></stem><stem n="came"><phr n="came"><ent r="4" t="178" w="1017" /></phr></stem><stem n="project"><phr n="project"><ent r="4" t="178" w="1073" /></phr><phr n="projection"><ent r="7" t="197" w="427" /><ent r="6" t="197" w="459" /></phr><phr n="Projection"><ent r="7" t="197" w="450" /></phr></stem><stem n="reopen"><phr n="Reopen"><ent r="4" t="178" w="1078" /></phr></stem><stem n="reappear"><phr n="reappear"><ent r="4" t="178" w="1094" /></phr></stem><stem n="tell"><phr n="tell"><ent r="3" t="178" w="1293" /></phr></stem><stem n="0°"><phr n="0°"><ent r="5" t="178" w="1337" /><ent r="5" t="178" w="1499" /></phr></stem><stem n="n44"><phr n="N44"><ent r="5" t="178" w="1344" /></phr></stem><stem n="9"><phr n="9"><ent r="4" t="178" w="1356" /><ent r="3" t="186" w="1357" /><ent r="6" t="186" w="1413" /><ent r="6" t="197" w="234" /></phr></stem><stem n="9'8"><phr n="9'8"><ent r="4" t="178" w="1357" /><ent r="4" t="178" w="1356" /></phr></stem><stem n="9'8.529"><phr n="9'8.529"><ent r="4" t="178" w="1358" /><ent r="4" t="178" w="1356" /></phr></stem><stem n="529"><phr n="529"><ent r="4" t="178" w="1358" /><ent r="5" t="178" w="1373" /></phr></stem><stem n="'8.529&quot;"><phr n="'8.529&quot;"><ent r="4" t="178" w="1359" /></phr></stem><stem n="(where"><phr n="(where"><ent r="4" t="178" w="1359" /></phr></stem><stem n="denot"><phr n="denote"><ent r="4" t="178" w="1361" /></phr></stem><stem n="n44°9"><phr n="N44°9"><ent r="5" t="178" w="1371" /></phr></stem><stem n="n44°9'8"><phr n="N44°9'8"><ent r="5" t="178" w="1372" /><ent r="5" t="178" w="1371" /></phr></stem><stem n="'8.529"><phr n="'8.529"><ent r="5" t="178" w="1373" /></phr></stem><stem n="n44°9'8.529"><phr n="N44°9'8.529"><ent r="5" t="178" w="1373" /><ent r="5" t="178" w="1371" /></phr></stem><stem n="&quot;."><phr n="&quot;."><ent r="4" t="178" w="1375" /></phr></stem><stem n="alt"><phr n="Alt"><ent r="3" t="178" w="1403" /><ent r="3" t="225" w="58" /><ent r="3" t="225" w="167" /></phr></stem><stem n="0176"><phr n="0176"><ent r="3" t="178" w="1410" /></phr></stem><stem n="keypad"><phr n="keypad"><ent r="3" t="178" w="1418" /></phr></stem><stem n="numlock"><phr n="NumLock"><ent r="4" t="178" w="1422" /></phr></stem><stem n="letter"><phr n="letters"><ent r="3" t="178" w="1451" /></phr></stem><stem n="m"><phr n="m"><ent r="4" t="178" w="1456" /></phr></stem><stem n="south"><phr n="South"><ent r="3" t="178" w="1462" /><ent r="7" t="197" w="454" /></phr></stem><stem n="west"><phr n="West"><ent r="3" t="178" w="1464" /></phr></stem><stem n="107°46"><phr n="107°46"><ent r="3" t="178" w="1479" /></phr></stem><stem n="107°46'37"><phr n="107°46'37"><ent r="3" t="178" w="1480" /><ent r="3" t="178" w="1479" /></phr></stem><stem n="37"><phr n="37"><ent r="3" t="178" w="1480" /><ent r="5" t="178" w="1506" /></phr></stem><stem n="107°46'37.798"><phr n="107°46'37.798"><ent r="3" t="178" w="1481" /><ent r="3" t="178" w="1479" /></phr></stem><stem n="798"><phr n="798"><ent r="3" t="178" w="1481" /><ent r="5" t="178" w="1507" /></phr><phr n="798s"><ent r="3" t="178" w="1488" /></phr></stem><stem n="'37.798&quot;"><phr n="'37.798&quot;"><ent r="3" t="178" w="1482" /><ent r="5" t="178" w="1508" /></phr></stem><stem n="107d46m37"><phr n="107d46m37"><ent r="3" t="178" w="1487" /></phr></stem><stem n="-107d46m37.798"><phr n="-107d46m37.798s"><ent r="3" t="178" w="1488" /><ent r="3" t="178" w="1488" /></phr></stem><stem n="107d46m37.798"><phr n="107d46m37.798s"><ent r="3" t="178" w="1488" /><ent r="3" t="178" w="1487" /></phr></stem><stem n="w107°46"><phr n="W107°46"><ent r="5" t="178" w="1505" /></phr></stem><stem n="w107°46'37"><phr n="W107°46'37"><ent r="5" t="178" w="1506" /><ent r="5" t="178" w="1505" /></phr></stem><stem n="w107°46'37.798"><phr n="W107°46'37.798"><ent r="5" t="178" w="1507" /><ent r="5" t="178" w="1505" /></phr></stem><stem n="-refer"><phr n="-Reference"><ent r="7" t="178" w="1530" /><ent r="7" t="178" w="1530" /><ent r="7" t="178" w="1533" /><ent r="7" t="178" w="1533" /></phr></stem><stem n="x-refer"><phr n="X-Reference"><ent r="7" t="178" w="1530" /></phr></stem><stem n="y-refer"><phr n="Y-Reference"><ent r="7" t="178" w="1533" /></phr></stem><stem n="n44°17"><phr n="N44°17"><ent r="8" t="178" w="1547" /><ent r="8" t="178" w="1558" /></phr></stem><stem n="w107°47"><phr n="W107°47"><ent r="8" t="178" w="1549" /></phr></stem><stem n="n44°17'15"><phr n="N44°17'15"><ent r="8" t="178" w="1559" /><ent r="8" t="178" w="1558" /></phr></stem><stem n="n44°17'15.48"><phr n="N44°17'15.48"><ent r="8" t="178" w="1560" /><ent r="8" t="178" w="1558" /></phr></stem><stem n="48"><phr n="48"><ent r="8" t="178" w="1560" /><ent r="5" t="184" w="637" /></phr></stem><stem n="'15.48&quot;"><phr n="'15.48&quot;"><ent r="8" t="178" w="1561" /></phr></stem><stem n="w107°36"><phr n="W107°36"><ent r="8" t="178" w="1562" /></phr></stem><stem n="w107°36'3"><phr n="W107°36'3"><ent r="8" t="178" w="1563" /><ent r="8" t="178" w="1562" /></phr></stem><stem n="w107°36'3.652"><phr n="W107°36'3.652"><ent r="8" t="178" w="1564" /><ent r="8" t="178" w="1562" /></phr></stem><stem n="652"><phr n="652"><ent r="8" t="178" w="1564" /></phr></stem><stem n="'3.652&quot;"><phr n="'3.652&quot;"><ent r="8" t="178" w="1565" /></phr></stem><stem n="pair"><phr n="pairings"><ent r="3" t="178" w="1649" /><ent r="3" t="178" w="2138" /></phr><phr n="pair"><ent r="3" t="185" w="892" /><ent r="6" t="197" w="229" /><ent r="6" t="197" w="242" /></phr></stem><stem n="circular"><phr n="circular"><ent r="4" t="178" w="1662" /><ent r="4" t="178" w="1731" /><ent r="4" t="178" w="2401" /></phr></stem><stem n="ruler"><phr n="ruler"><ent r="4" t="178" w="1721" /></phr></stem><stem n="diamet"><phr n="diameter"><ent r="4" t="178" w="1738" /><ent r="4" t="178" w="1740" /><ent r="4" t="195" w="88" /><ent r="4" t="195" w="112" /></phr></stem><stem n="900"><phr n="900"><ent r="4" t="178" w="1744" /></phr></stem><stem n="six"><phr n="six"><ent r="3" t="178" w="1826" /></phr></stem><stem n="formula"><phr n="formula"><ent r="3" t="178" w="1849" /><ent r="4" t="178" w="1969" /><ent r="3" t="191" w="185" /></phr></stem><stem n="nir-r"><phr n="NIR-Red"><ent r="3" t="178" w="1867" /></phr></stem><stem n="nir+r"><phr n="NIR+Red"><ent r="3" t="178" w="1869" /></phr></stem><stem n="(nir-red)/(nir+red)"><phr n="(NIR-Red)/(NIR+Red)"><ent r="3" t="178" w="1870" /></phr></stem><stem n="b4"><phr n="b4"><ent r="3" t="178" w="1873" /><ent r="3" t="178" w="1889" /><ent r="3" t="178" w="1925" /><ent r="3" t="178" w="1977" /><ent r="5" t="185" w="665" /></phr></stem><stem n="b4-b3"><phr n="b4-b3"><ent r="3" t="178" w="1873" /><ent r="3" t="178" w="1925" /><ent r="3" t="178" w="1977" /><ent r="5" t="185" w="665" /></phr></stem><stem n="b3"><phr n="b3"><ent r="3" t="178" w="1874" /><ent r="3" t="178" w="1926" /><ent r="3" t="178" w="1978" /><ent r="5" t="185" w="666" /></phr></stem><stem n="b4+b3"><phr n="b4+b3"><ent r="3" t="178" w="1875" /><ent r="3" t="178" w="1979" /><ent r="5" t="185" w="667" /></phr></stem><stem n="(b4-b3)/(b4+b3)."><phr n="(b4-b3)/(b4+b3)."><ent r="3" t="178" w="1876" /><ent r="5" t="185" w="668" /></phr></stem><stem n="parenthes"><phr n="parentheses"><ent r="4" t="178" w="1879" /><ent r="4" t="178" w="1931" /><ent r="5" t="178" w="1942" /><ent r="7" t="194" w="104" /><ent r="7" t="194" w="107" /></phr></stem><stem n="(b4)"><phr n="(b4)"><ent r="3" t="178" w="1890" /></phr></stem><stem n="subtract"><phr n="subtraction"><ent r="4" t="178" w="1908" /></phr><phr n="subtracted"><ent r="4" t="192" w="82" /><ent r="4" t="192" w="174" /></phr><phr n="Subtract"><ent r="7" t="194" w="15" /></phr></stem><stem n="(b4-b3)."><phr n="(b4-b3)."><ent r="3" t="178" w="1927" /></phr></stem><stem n="divis"><phr n="division"><ent r="4" t="178" w="1936" /></phr></stem><stem n="(b4-b3)/(b4+b3)"><phr n="(b4-b3)/(b4+b3)"><ent r="3" t="178" w="1980" /></phr></stem><stem n="successfulli"><phr n="successfully"><ent r="4" t="178" w="1996" /><ent r="4" t="178" w="2000" /><ent r="4" t="183" w="461" /><ent r="3" t="183" w="498" /><ent r="3" t="198" w="144" /><ent r="3" t="198" w="153" /></phr></stem><stem n="highli"><phr n="highly"><ent r="3" t="178" w="2054" /><ent r="4" t="178" w="2609" /><ent r="3" t="180" w="701" /></phr></stem><stem n="-math-gener"><phr n="-math-generated"><ent r="3" t="178" w="2077" /><ent r="3" t="178" w="2078" /></phr></stem><stem n="band-math"><phr n="band-math"><ent r="3" t="178" w="2077" /><ent r="4" t="178" w="2528" /><ent r="4" t="178" w="2540" /></phr></stem><stem n="band-math-gener"><phr n="band-math-generated"><ent r="3" t="178" w="2077" /></phr></stem><stem n="math-gener"><phr n="math-generated"><ent r="3" t="178" w="2078" /></phr></stem><stem n="-by-side,"><phr n="-by-side,"><ent r="4" t="178" w="2155" /><ent r="4" t="178" w="2156" /><ent r="4" t="184" w="908" /><ent r="4" t="184" w="909" /></phr></stem><stem n="pixel-bas"><phr n="pixel-based"><ent r="4" t="178" w="2296" /></phr></stem><stem n="(pixel-based)"><phr n="(pixel-based)"><ent r="4" t="178" w="2298" /></phr></stem><stem n="aren"><phr n="aren"><ent r="4" t="178" w="2302" /><ent r="3" t="180" w="1373" /></phr></stem><stem n="aren't"><phr n="aren't"><ent r="4" t="178" w="2303" /><ent r="4" t="178" w="2302" /><ent r="3" t="180" w="1374" /><ent r="3" t="180" w="1373" /></phr></stem><stem n="latitiud"><phr n="Latitiude"><ent r="4" t="178" w="2306" /></phr></stem><stem n="latitiude/longitud"><phr n="Latitiude/Longitude"><ent r="4" t="178" w="2307" /><ent r="4" t="178" w="2306" /></phr></stem><stem n="layer'"><phr n="layer's"><ent r="3" t="178" w="2479" /><ent r="3" t="178" w="2478" /></phr></stem><stem n="-math"><phr n="-math"><ent r="4" t="178" w="2528" /><ent r="4" t="178" w="2528" /><ent r="4" t="178" w="2540" /><ent r="4" t="178" w="2540" /></phr></stem><stem n="dot"><phr n="dotted"><ent r="4" t="178" w="2623" /></phr><phr n="dots"><ent r="4" t="185" w="834" /><ent r="3" t="185" w="919" /><ent r="7" t="185" w="1166" /><ent r="3" t="186" w="795" /></phr><phr n="dot"><ent r="3" t="185" w="866" /><ent r="3" t="185" w="929" /><ent r="3" t="185" w="955" /><ent r="3" t="186" w="805" /><ent r="3" t="186" w="832" /><ent r="3" t="186" w="1131" /><ent r="3" t="186" w="1134" /><ent r="6" t="227" w="441" /></phr></stem><stem n="thicker"><phr n="thicker"><ent r="3" t="178" w="2648" /></phr></stem><stem n="(to"><phr n="(to"><ent r="4" t="178" w="2730" /></phr></stem><stem n="18"><phr n="18"><ent r="4" t="178" w="2748" /><ent r="3" t="180" w="53" /></phr></stem><stem n="clean"><phr n="clean"><ent r="3" t="178" w="2772" /></phr></stem><stem n="landsat-geo"><phr n="Landsat-Geo"><ent r="5" t="178" w="2918" /></phr></stem><stem n="-geo.jpg"><phr n="-Geo.jpg"><ent r="5" t="178" w="2920" /><ent r="5" t="178" w="2920" /></phr></stem><stem n="landsat-geo.jpg"><phr n="Landsat-Geo.jpg"><ent r="5" t="178" w="2920" /><ent r="5" t="178" w="2919" /></phr></stem><stem n="jpg"><phr n="jpg"><ent r="5" t="178" w="2920" /></phr></stem><stem n="(both"><phr n="(both"><ent r="3" t="179" w="48" /></phr></stem><stem n="(aoi),"><phr n="(AOI),"><ent r="3" t="179" w="58" /></phr></stem><stem n="unwant"><phr n="unwanted"><ent r="4" t="179" w="93" /></phr></stem><stem n="/reload"><phr n="/reload"><ent r="3" t="179" w="147" /></phr></stem><stem n="load/reload"><phr n="load/reload"><ent r="3" t="179" w="147" /><ent r="3" t="179" w="146" /></phr></stem><stem n="yorktown97"><phr n="yorktown97"><ent r="5" t="179" w="415" /></phr></stem><stem n=".hdr"><phr n=".hdr"><ent r="5" t="179" w="416" /></phr></stem><stem n="yorktown97.hdr"><phr n="yorktown97.hdr"><ent r="5" t="179" w="416" /><ent r="5" t="179" w="415" /></phr></stem><stem n="…"><phr n="…"><ent r="4" t="179" w="423" /><ent r="5" t="186" w="1543" /></phr></stem><stem n="(refer"><phr n="(referred"><ent r="4" t="179" w="437" /></phr></stem><stem n="&quot;bad"><phr n="&quot;bad"><ent r="4" t="179" w="440" /></phr><phr n="&quot;Bad"><ent r="3" t="206" w="98" /></phr></stem><stem n="&quot;)"><phr n="&quot;)"><ent r="4" t="179" w="442" /></phr></stem><stem n="&quot;subset&quot;"><phr n="&quot;Subset&quot;"><ent r="4" t="179" w="474" /></phr></stem><stem n="longer"><phr n="longer"><ent r="3" t="179" w="502" /><ent r="4" t="206" w="422" /><ent r="4" t="206" w="609" /><ent r="4" t="216" w="216" /></phr></stem><stem n="“point.”"><phr n="“Point.”"><ent r="3" t="179" w="739" /></phr></stem><stem n="“rectangle.”"><phr n="“Rectangle.”"><ent r="4" t="179" w="888" /></phr></stem><stem n="“swath"><phr n="“Swath"><ent r="4" t="179" w="904" /></phr></stem><stem n="swath"><phr n="Swath"><ent r="4" t="179" w="904" /><ent r="4" t="179" w="964" /><ent r="5" t="185" w="1813" /></phr></stem><stem n="hint"><phr n="hint"><ent r="5" t="179" w="911" /></phr></stem><stem n="adjac"><phr n="adjacent"><ent r="4" t="179" w="1244" /><ent r="3" t="191" w="17" /></phr></stem><stem n="coarser"><phr n="coarser"><ent r="4" t="179" w="1350" /></phr></stem><stem n="dictat"><phr n="dictate"><ent r="4" t="179" w="1390" /></phr><phr n="dictates"><ent r="3" t="185" w="1435" /></phr></stem><stem n="old"><phr n="old"><ent r="4" t="179" w="1457" /></phr></stem><stem n="&quot;princip"><phr n="&quot;Principal"><ent r="4" t="179" w="1466" /></phr></stem><stem n="few"><phr n="few"><ent r="4" t="179" w="1514" /></phr></stem><stem n="greatest"><phr n="greatest"><ent r="4" t="179" w="1522" /></phr></stem><stem n="varianc"><phr n="variance"><ent r="4" t="179" w="1525" /></phr></stem><stem n="543"><phr n="543"><ent r="3" t="179" w="1536" /></phr></stem><stem n="gun"><phr n="gun"><ent r="3" t="179" w="1548" /><ent r="3" t="179" w="1557" /><ent r="3" t="179" w="1567" /></phr></stem><stem n="hot"><phr n="hot"><ent r="3" t="179" w="1576" /></phr></stem><stem n="r5g4b3t"><phr n="r5g4b3t"><ent r="3" t="179" w="1580" /></phr></stem><stem n="examin"><phr n="examine"><ent r="3" t="180" w="41" /></phr></stem><stem n="construct"><phr n="construction"><ent r="3" t="180" w="42" /></phr></stem><stem n="site"><phr n="site"><ent r="3" t="180" w="50" /></phr></stem><stem n="-month"><phr n="-month"><ent r="3" t="180" w="53" /><ent r="3" t="180" w="53" /></phr></stem><stem n="18-month"><phr n="18-month"><ent r="3" t="180" w="53" /></phr></stem><stem n="ir_bushehr"><phr n="ir_bushehr"><ent r="5" t="180" w="361" /><ent r="5" t="180" w="360" /><ent r="5" t="180" w="369" /><ent r="5" t="180" w="368" /><ent r="5" t="180" w="380" /><ent r="5" t="180" w="379" /><ent r="5" t="180" w="430" /><ent r="5" t="180" w="429" /><ent r="5" t="180" w="533" /><ent r="5" t="180" w="532" /><ent r="5" t="180" w="550" /><ent r="5" t="180" w="549" /></phr></stem><stem n="bushehr"><phr n="bushehr"><ent r="5" t="180" w="361" /><ent r="5" t="180" w="369" /><ent r="5" t="180" w="380" /><ent r="5" t="180" w="430" /><ent r="5" t="180" w="533" /><ent r="5" t="180" w="550" /></phr></stem><stem n="ir_bushehr_06jun02"><phr n="ir_bushehr_06jun02"><ent r="5" t="180" w="362" /><ent r="5" t="180" w="360" /><ent r="5" t="180" w="381" /><ent r="5" t="180" w="379" /><ent r="5" t="180" w="534" /><ent r="5" t="180" w="532" /></phr></stem><stem n="06jun02"><phr n="06jun02"><ent r="5" t="180" w="362" /><ent r="5" t="180" w="381" /><ent r="5" t="180" w="534" /></phr></stem><stem n="ir_bushehr_06jun02_p"><phr n="ir_bushehr_06jun02_ps"><ent r="5" t="180" w="363" /><ent r="5" t="180" w="360" /><ent r="5" t="180" w="382" /><ent r="5" t="180" w="379" /><ent r="5" t="180" w="535" /><ent r="5" t="180" w="532" /></phr></stem><stem n="ps"><phr n="ps"><ent r="5" t="180" w="363" /><ent r="5" t="180" w="371" /><ent r="5" t="180" w="382" /><ent r="5" t="180" w="432" /><ent r="5" t="180" w="535" /><ent r="5" t="180" w="552" /></phr></stem><stem n="_bushehr_06jun02_ps.tif"><phr n="_bushehr_06jun02_ps.tif"><ent r="5" t="180" w="364" /><ent r="5" t="180" w="383" /><ent r="5" t="180" w="536" /></phr></stem><stem n="ir_bushehr_06jun02_ps.tif"><phr n="ir_bushehr_06jun02_ps.tif"><ent r="5" t="180" w="364" /><ent r="5" t="180" w="360" /><ent r="5" t="180" w="383" /><ent r="5" t="180" w="379" /><ent r="5" t="180" w="536" /><ent r="5" t="180" w="532" /></phr></stem><stem n="ir_bushehr_28feb04"><phr n="ir_bushehr_28feb04"><ent r="5" t="180" w="370" /><ent r="5" t="180" w="368" /><ent r="5" t="180" w="431" /><ent r="5" t="180" w="429" /><ent r="5" t="180" w="551" /><ent r="5" t="180" w="549" /></phr></stem><stem n="28feb04"><phr n="28feb04"><ent r="5" t="180" w="370" /><ent r="5" t="180" w="431" /><ent r="5" t="180" w="551" /></phr></stem><stem n="ir_bushehr_28feb04_p"><phr n="ir_bushehr_28feb04_ps"><ent r="5" t="180" w="371" /><ent r="5" t="180" w="368" /><ent r="5" t="180" w="432" /><ent r="5" t="180" w="429" /><ent r="5" t="180" w="552" /><ent r="5" t="180" w="549" /></phr></stem><stem n="_bushehr_28feb04_ps.tif"><phr n="_bushehr_28feb04_ps.tif"><ent r="5" t="180" w="372" /><ent r="5" t="180" w="433" /><ent r="5" t="180" w="553" /></phr></stem><stem n="ir_bushehr_28feb04_ps.tif"><phr n="ir_bushehr_28feb04_ps.tif"><ent r="5" t="180" w="372" /><ent r="5" t="180" w="368" /><ent r="5" t="180" w="433" /><ent r="5" t="180" w="429" /><ent r="5" t="180" w="553" /><ent r="5" t="180" w="549" /></phr></stem><stem n="repeat"><phr n="Repeat"><ent r="4" t="180" w="420" /><ent r="4" t="182" w="956" /><ent r="7" t="189" w="72" /></phr><phr n="repeated"><ent r="5" t="186" w="159" /></phr></stem><stem n="round"><phr n="round"><ent r="4" t="180" w="455" /></phr><phr n="rounded"><ent r="7" t="188" w="50" /></phr><phr n="Rounded"><ent r="6" t="227" w="149" /><ent r="6" t="227" w="199" /><ent r="6" t="227" w="241" /><ent r="6" t="227" w="303" /><ent r="6" t="227" w="371" /><ent r="6" t="227" w="413" /><ent r="6" t="227" w="452" /><ent r="6" t="227" w="487" /><ent r="6" t="227" w="533" /></phr></stem><stem n="diagon"><phr n="diagonal"><ent r="4" t="180" w="464" /></phr></stem><stem n="degrad"><phr n="degraded"><ent r="3" t="180" w="628" /></phr></stem><stem n="(typic"><phr n="(typically"><ent r="3" t="180" w="703" /></phr></stem><stem n="somewher"><phr n="somewhere"><ent r="4" t="180" w="1102" /></phr></stem><stem n="60"><phr n="60"><ent r="4" t="180" w="1104" /></phr></stem><stem n="70"><phr n="70"><ent r="4" t="180" w="1106" /></phr></stem><stem n="%."><phr n="%."><ent r="4" t="180" w="1107" /></phr></stem><stem n="(frame"><phr n="(frames"><ent r="4" t="180" w="1423" /></phr></stem><stem n="finer"><phr n="finer"><ent r="3" t="180" w="1566" /></phr></stem><stem n="-run"><phr n="-run"><ent r="4" t="180" w="1608" /><ent r="4" t="180" w="1608" /></phr></stem><stem n="re-run"><phr n="Re-run"><ent r="4" t="180" w="1608" /></phr></stem><stem n="(gis)"><phr n="(GIS)"><ent r="3" t="181" w="105" /><ent r="3" t="182" w="95" /></phr></stem><stem n="arcview"><phr n="ArcView"><ent r="3" t="181" w="157" /><ent r="3" t="182" w="147" /></phr></stem><stem n="vendor"><phr n="vendors"><ent r="3" t="181" w="170" /><ent r="3" t="182" w="160" /></phr></stem><stem n="-base"><phr n="-based"><ent r="3" t="181" w="184" /><ent r="3" t="181" w="184" /><ent r="3" t="182" w="174" /><ent r="3" t="182" w="174" /></phr></stem><stem n="vector-bas"><phr n="vector-based"><ent r="3" t="181" w="184" /><ent r="3" t="182" w="174" /></phr></stem><stem n="multi-point"><phr n="multi-points"><ent r="3" t="181" w="192" /><ent r="3" t="182" w="182" /></phr><phr n="multi-point"><ent r="3" t="181" w="204" /><ent r="3" t="182" w="193" /><ent r="3" t="182" w="1289" /></phr><phr n="Multi-point"><ent r="3" t="181" w="214" /><ent r="3" t="182" w="203" /></phr><phr n="Multi-Point"><ent r="3" t="182" w="1203" /></phr></stem><stem n="-points,"><phr n="-points,"><ent r="3" t="181" w="194" /><ent r="3" t="181" w="194" /><ent r="3" t="182" w="184" /><ent r="3" t="182" w="184" /></phr></stem><stem n="-point"><phr n="-point"><ent r="3" t="181" w="204" /><ent r="3" t="181" w="204" /><ent r="3" t="181" w="214" /><ent r="3" t="181" w="214" /><ent r="3" t="182" w="193" /><ent r="3" t="182" w="193" /><ent r="3" t="182" w="203" /><ent r="3" t="182" w="203" /><ent r="3" t="182" w="1289" /><ent r="3" t="182" w="1289" /></phr></stem><stem n="unord"><phr n="unordered"><ent r="3" t="181" w="219" /><ent r="3" t="182" w="208" /></phr></stem><stem n="entiti"><phr n="entity"><ent r="3" t="181" w="227" /><ent r="3" t="182" w="216" /></phr></stem><stem n="railroad"><phr n="railroads"><ent r="3" t="181" w="255" /><ent r="3" t="182" w="244" /></phr></stem><stem n="could"><phr n="could"><ent r="3" t="181" w="305" /><ent r="3" t="182" w="292" /></phr></stem><stem n="trim"><phr n="trims"><ent r="3" t="181" w="350" /><ent r="3" t="182" w="337" /></phr></stem><stem n="plan"><phr n="plan"><ent r="3" t="181" w="409" /><ent r="3" t="182" w="395" /></phr></stem><stem n="pyramid"><phr n="pyramids"><ent r="5" t="181" w="647" /><ent r="4" t="181" w="913" /><ent r="3" t="181" w="1009" /><ent r="5" t="182" w="640" /><ent r="4" t="182" w="834" /><ent r="5" t="184" w="521" /><ent r="5" t="184" w="560" /><ent r="5" t="184" w="726" /><ent r="5" t="184" w="849" /><ent r="5" t="184" w="1076" /></phr><phr n="Pyramids"><ent r="5" t="181" w="824" /><ent r="4" t="181" w="952" /></phr><phr n="pyramid"><ent r="5" t="182" w="1065" /></phr></stem><stem n="pyramids_psh"><phr n="pyramids_psh"><ent r="5" t="181" w="648" /><ent r="5" t="181" w="647" /><ent r="5" t="182" w="641" /><ent r="5" t="182" w="640" /><ent r="5" t="184" w="522" /><ent r="5" t="184" w="521" /><ent r="5" t="184" w="561" /><ent r="5" t="184" w="560" /><ent r="5" t="184" w="850" /><ent r="5" t="184" w="849" /><ent r="5" t="184" w="1077" /><ent r="5" t="184" w="1076" /></phr></stem><stem n="psh"><phr n="psh"><ent r="5" t="181" w="648" /><ent r="5" t="182" w="641" /><ent r="5" t="184" w="522" /><ent r="5" t="184" w="561" /><ent r="5" t="184" w="727" /><ent r="5" t="184" w="850" /><ent r="5" t="184" w="1077" /></phr></stem><stem n="pyramids_psh_2feb2002"><phr n="pyramids_psh_2feb2002"><ent r="5" t="181" w="649" /><ent r="5" t="181" w="647" /><ent r="5" t="182" w="642" /><ent r="5" t="182" w="640" /><ent r="5" t="184" w="523" /><ent r="5" t="184" w="521" /><ent r="5" t="184" w="562" /><ent r="5" t="184" w="560" /><ent r="5" t="184" w="851" /><ent r="5" t="184" w="849" /><ent r="5" t="184" w="1078" /><ent r="5" t="184" w="1076" /></phr></stem><stem n="2feb2002"><phr n="2feb2002"><ent r="5" t="181" w="649" /><ent r="5" t="182" w="642" /><ent r="5" t="184" w="523" /><ent r="5" t="184" w="562" /><ent r="5" t="184" w="728" /><ent r="5" t="184" w="851" /><ent r="5" t="184" w="1078" /></phr></stem><stem n="pyramids_psh_2feb2002_8bitgeotiff"><phr n="pyramids_psh_2feb2002_8bitgeotiff"><ent r="5" t="181" w="650" /><ent r="5" t="181" w="647" /><ent r="5" t="182" w="643" /><ent r="5" t="182" w="640" /><ent r="5" t="184" w="524" /><ent r="5" t="184" w="521" /><ent r="5" t="184" w="563" /><ent r="5" t="184" w="560" /><ent r="5" t="184" w="852" /><ent r="5" t="184" w="849" /><ent r="5" t="184" w="1079" /><ent r="5" t="184" w="1076" /></phr></stem><stem n="8bitgeotiff"><phr n="8bitgeotiff"><ent r="5" t="181" w="650" /><ent r="5" t="182" w="643" /><ent r="5" t="184" w="524" /><ent r="5" t="184" w="563" /><ent r="5" t="184" w="729" /><ent r="5" t="184" w="852" /><ent r="5" t="184" w="1079" /></phr></stem><stem n="_psh_2feb2002_8bitgeotiff.tif"><phr n="_psh_2feb2002_8bitgeotiff.tif"><ent r="5" t="181" w="651" /><ent r="5" t="182" w="644" /><ent r="5" t="184" w="525" /><ent r="5" t="184" w="564" /><ent r="5" t="184" w="853" /><ent r="5" t="184" w="1080" /></phr></stem><stem n="pyramids_psh_2feb2002_8bitgeotiff.tif"><phr n="pyramids_psh_2feb2002_8bitgeotiff.tif"><ent r="5" t="181" w="651" /><ent r="5" t="181" w="647" /><ent r="5" t="182" w="644" /><ent r="5" t="182" w="640" /><ent r="5" t="184" w="525" /><ent r="5" t="184" w="521" /><ent r="5" t="184" w="564" /><ent r="5" t="184" w="560" /><ent r="5" t="184" w="853" /><ent r="5" t="184" w="849" /><ent r="5" t="184" w="1080" /><ent r="5" t="184" w="1076" /></phr></stem><stem n=".shp"><phr n=".shp"><ent r="5" t="181" w="825" /><ent r="4" t="181" w="953" /></phr></stem><stem n="pyramids.shp"><phr n="Pyramids.shp"><ent r="5" t="181" w="825" /><ent r="5" t="181" w="824" /><ent r="4" t="181" w="953" /><ent r="4" t="181" w="952" /></phr></stem><stem n="shp"><phr n="shp"><ent r="5" t="181" w="825" /><ent r="4" t="181" w="953" /><ent r="5" t="182" w="1067" /></phr></stem><stem n="water"><phr n="water"><ent r="4" t="181" w="965" /></phr></stem><stem n="bodi"><phr n="bodies"><ent r="4" t="181" w="966" /></phr></stem><stem n="clearli"><phr n="clearly"><ent r="3" t="181" w="1024" /><ent r="4" t="186" w="613" /></phr></stem><stem n="thick"><phr n="thickness"><ent r="3" t="181" w="1031" /></phr></stem><stem n="arcmap"><phr n="ArcMap"><ent r="4" t="182" w="72" /><ent r="92" t="182" w="1151" /><ent r="4" t="182" w="1164" /><ent r="4" t="182" w="1183" /><ent r="3" t="182" w="1318" /></phr></stem><stem n="compos"><phr n="composed"><ent r="3" t="182" w="286" /></phr></stem><stem n="3r2g1bt"><phr n="3r2g1bt"><ent r="4" t="182" w="683" /></phr></stem><stem n="3r"><phr n="3r"><ent r="3" t="182" w="686" /></phr></stem><stem n="“3r”"><phr n="“3r”"><ent r="3" t="182" w="687" /></phr></stem><stem n="2g"><phr n="2g"><ent r="3" t="182" w="692" /></phr></stem><stem n="“2g”"><phr n="“2g”"><ent r="3" t="182" w="693" /></phr></stem><stem n="1b"><phr n="1b"><ent r="3" t="182" w="698" /></phr></stem><stem n="“1b”"><phr n="“1b”"><ent r="3" t="182" w="699" /></phr></stem><stem n="“t”"><phr n="“t”"><ent r="3" t="182" w="705" /></phr></stem><stem n="(try"><phr n="(Try"><ent r="3" t="182" w="771" /></phr></stem><stem n="%.)"><phr n="%.)"><ent r="3" t="182" w="776" /></phr></stem><stem n="maneuv"><phr n="maneuver"><ent r="4" t="182" w="872" /></phr></stem><stem n="gcp5"><phr n="GCP5"><ent r="4" t="182" w="878" /></phr></stem></index>