﻿<?xml version="1.0" encoding="utf-8"?><index><stem n="kei"><phr n="keys"><ent r="3" t="1" w="195" /><ent r="3" t="1" w="529" /><ent r="3" t="1" w="566" /><ent r="100" t="2" w="8" /><ent r="3" t="2" w="40" /><ent r="7" t="7" w="280" /><ent r="3" t="41" w="104" /><ent r="3" t="57" w="163" /><ent r="3" t="75" w="70" /><ent r="3" t="75" w="78" /><ent r="4" t="128" w="269" /><ent r="3" t="128" w="275" /><ent r="3" t="164" w="430" /><ent r="3" t="164" w="1395" /><ent r="4" t="168" w="668" /><ent r="100" t="204" w="10" /><ent r="100" t="206" w="11" /><ent r="100" t="206" w="14" /><ent r="3" t="206" w="113" /><ent r="4" t="206" w="153" /></phr><phr n="Keys"><ent r="92" t="1" w="523" /><ent r="64" t="1" w="577" /><ent r="64" t="2" w="45" /><ent r="64" t="2" w="154" /><ent r="7" t="5" w="20" /><ent r="64" t="128" w="317" /><ent r="4" t="161" w="332" /><ent r="64" t="204" w="61" /><ent r="1000" t="206" w="3" /><ent r="102" t="206" w="7" /><ent r="6" t="214" w="59" /><ent r="6" t="215" w="62" /><ent r="6" t="216" w="59" /><ent r="6" t="217" w="47" /></phr><phr n="key"><ent r="3" t="18" w="112" /><ent r="4" t="53" w="68" /><ent r="3" t="57" w="99" /><ent r="3" t="57" w="159" /><ent r="3" t="62" w="285" /><ent r="3" t="114" w="201" /><ent r="4" t="116" w="158" /><ent r="4" t="159" w="138" /><ent r="4" t="161" w="312" /><ent r="4" t="164" w="1157" /><ent r="3" t="164" w="1367" /><ent r="4" t="164" w="1775" /><ent r="3" t="165" w="1410" /><ent r="3" t="165" w="1561" /><ent r="3" t="168" w="705" /><ent r="4" t="170" w="1304" /><ent r="6" t="170" w="1482" /><ent r="3" t="170" w="1877" /><ent r="3" t="171" w="977" /><ent r="3" t="171" w="1233" /><ent r="3" t="171" w="1662" /><ent r="3" t="171" w="1700" /><ent r="4" t="178" w="275" /><ent r="3" t="206" w="25" /><ent r="3" t="206" w="35" /><ent r="3" t="206" w="59" /><ent r="3" t="206" w="63" /><ent r="3" t="206" w="168" /><ent r="3" t="206" w="177" /></phr><phr n="Key"><ent r="4" t="40" w="163" /><ent r="4" t="40" w="180" /><ent r="5" t="99" w="263" /><ent r="5" t="99" w="276" /><ent r="5" t="204" w="68" /></phr></stem><stem n="appear"><phr n="appear"><ent r="3" t="1" w="202" /><ent r="6" t="14" w="227" /><ent r="4" t="58" w="98" /><ent r="4" t="60" w="86" /><ent r="4" t="60" w="118" /><ent r="4" t="116" w="144" /><ent r="3" t="129" w="451" /><ent r="3" t="149" w="321" /><ent r="4" t="163" w="2048" /><ent r="4" t="163" w="2214" /><ent r="4" t="163" w="2231" /><ent r="3" t="164" w="1659" /><ent r="3" t="164" w="1898" /><ent r="3" t="164" w="2145" /><ent r="3" t="164" w="2719" /><ent r="4" t="165" w="1298" /><ent r="4" t="165" w="1361" /><ent r="3" t="169" w="613" /><ent r="4" t="169" w="683" /><ent r="4" t="169" w="699" /><ent r="4" t="169" w="998" /><ent r="4" t="169" w="1197" /><ent r="3" t="169" w="1243" /><ent r="3" t="169" w="1257" /><ent r="3" t="170" w="1693" /><ent r="3" t="171" w="1502" /><ent r="4" t="188" w="389" /></phr><phr n="appears"><ent r="4" t="41" w="71" /><ent r="3" t="94" w="60" /><ent r="4" t="110" w="113" /><ent r="3" t="163" w="688" /><ent r="4" t="163" w="2198" /><ent r="4" t="163" w="2290" /><ent r="4" t="165" w="1427" /><ent r="4" t="166" w="919" /><ent r="3" t="166" w="1235" /><ent r="4" t="167" w="914" /><ent r="3" t="170" w="266" /><ent r="3" t="170" w="1671" /><ent r="3" t="192" w="30" /><ent r="3" t="192" w="107" /><ent r="3" t="192" w="126" /><ent r="3" t="197" w="161" /></phr></stem><stem n="area"><phr n="Area"><ent r="92" t="1" w="208" /><ent r="3" t="1" w="370" /><ent r="100" t="1" w="445" /><ent r="92" t="1" w="449" /><ent r="3" t="1" w="454" /><ent r="3" t="1" w="480" /><ent r="5" t="26" w="385" /><ent r="100" t="51" w="13" /><ent r="3" t="51" w="18" /><ent r="4" t="69" w="214" /><ent r="4" t="69" w="265" /><ent r="4" t="69" w="314" /><ent r="92" t="139" w="260" /><ent r="3" t="139" w="265" /><ent r="4" t="139" w="276" /><ent r="4" t="139" w="371" /><ent r="3" t="153" w="428" /><ent r="3" t="165" w="54" /><ent r="92" t="165" w="660" /><ent r="4" t="166" w="94" /><ent r="4" t="166" w="961" /></phr><phr n="area"><ent r="4" t="1" w="326" /><ent r="3" t="1" w="470" /><ent r="3" t="1" w="507" /><ent r="4" t="4" w="181" /><ent r="3" t="14" w="72" /><ent r="3" t="21" w="333" /><ent r="3" t="21" w="346" /><ent r="3" t="21" w="389" /><ent r="4" t="26" w="220" /><ent r="4" t="26" w="237" /><ent r="4" t="26" w="255" /><ent r="4" t="39" w="174" /><ent r="4" t="39" w="184" /><ent r="4" t="39" w="192" /><ent r="4" t="41" w="77" /><ent r="3" t="41" w="95" /><ent r="3" t="41" w="111" /><ent r="4" t="43" w="179" /><ent r="4" t="43" w="209" /><ent r="4" t="43" w="268" /><ent r="4" t="43" w="286" /><ent r="3" t="43" w="312" /><ent r="3" t="43" w="319" /><ent r="3" t="43" w="330" /><ent r="3" t="43" w="364" /><ent r="3" t="43" w="378" /><ent r="3" t="43" w="394" /><ent r="3" t="43" w="413" /><ent r="4" t="51" w="82" /><ent r="3" t="61" w="56" /><ent r="4" t="62" w="120" /><ent r="3" t="69" w="250" /><ent r="3" t="73" w="270" /><ent r="3" t="73" w="290" /><ent r="4" t="77" w="82" /><ent r="4" t="77" w="166" /><ent r="4" t="77" w="268" /><ent r="3" t="79" w="133" /><ent r="3" t="79" w="152" /><ent r="3" t="79" w="163" /><ent r="3" t="79" w="173" /><ent r="3" t="81" w="26" /><ent r="3" t="81" w="45" /><ent r="3" t="81" w="67" /><ent r="3" t="81" w="77" /><ent r="5" t="83" w="130" /><ent r="3" t="94" w="146" /><ent r="4" t="98" w="214" /><ent r="3" t="98" w="250" /><ent r="3" t="98" w="425" /><ent r="3" t="105" w="324" /><ent r="3" t="105" w="346" /><ent r="3" t="105" w="350" /><ent r="3" t="105" w="358" /><ent r="3" t="105" w="476" /><ent r="3" t="105" w="546" /><ent r="5" t="106" w="201" /><ent r="4" t="110" w="99" /><ent r="4" t="115" w="70" /><ent r="3" t="129" w="577" /><ent r="6" t="139" w="133" /><ent r="3" t="139" w="281" /><ent r="3" t="141" w="172" /><ent r="3" t="141" w="238" /><ent r="3" t="143" w="286" /><ent r="4" t="143" w="363" /><ent r="3" t="145" w="175" /><ent r="3" t="149" w="223" /><ent r="3" t="149" w="245" /><ent r="3" t="153" w="404" /><ent r="3" t="153" w="958" /><ent r="4" t="153" w="1036" /><ent r="3" t="155" w="41" /><ent r="4" t="161" w="124" /><ent r="4" t="163" w="392" /><ent r="3" t="163" w="637" /><ent r="3" t="163" w="648" /><ent r="3" t="163" w="663" /><ent r="3" t="163" w="697" /><ent r="3" t="163" w="800" /><ent r="4" t="163" w="2201" /><ent r="4" t="163" w="2212" /><ent r="4" t="164" w="542" /><ent r="4" t="164" w="742" /><ent r="4" t="164" w="2615" /><ent r="3" t="164" w="2678" /><ent r="3" t="165" w="79" /><ent r="4" t="165" w="254" /><ent r="4" t="165" w="565" /><ent r="4" t="165" w="580" /><ent r="4" t="166" w="214" /><ent r="4" t="166" w="1039" /><ent r="4" t="166" w="1073" /><ent r="4" t="166" w="1538" /><ent r="3" t="167" w="267" /><ent r="4" t="167" w="492" /><ent r="4" t="167" w="688" /><ent r="4" t="167" w="771" /><ent r="3" t="168" w="256" /><ent r="4" t="168" w="477" /><ent r="4" t="169" w="368" /><ent r="3" t="169" w="1128" /><ent r="4" t="170" w="382" /><ent r="3" t="170" w="601" /><ent r="4" t="170" w="670" /><ent r="3" t="170" w="841" /><ent r="4" t="171" w="279" /><ent r="4" t="193" w="146" /><ent r="4" t="193" w="163" /><ent r="4" t="193" w="181" /><ent r="4" t="194" w="82" /><ent r="4" t="194" w="99" /><ent r="4" t="194" w="117" /><ent r="4" t="195" w="35" /><ent r="4" t="195" w="52" /><ent r="4" t="195" w="70" /><ent r="4" t="196" w="80" /><ent r="4" t="196" w="97" /><ent r="4" t="196" w="115" /><ent r="7" t="217" w="130" /></phr><phr n="areas"><ent r="3" t="69" w="202" /><ent r="3" t="69" w="410" /><ent r="3" t="143" w="346" /><ent r="4" t="163" w="1686" /><ent r="4" t="163" w="1994" /><ent r="4" t="163" w="2000" /><ent r="4" t="163" w="2047" /><ent r="3" t="164" w="2062" /><ent r="3" t="167" w="1149" /></phr></stem><stem n="special"><phr n="specialized"><ent r="3" t="1" w="231" /><ent r="3" t="4" w="28" /></phr><phr n="special"><ent r="3" t="153" w="282" /><ent r="4" t="156" w="195" /></phr></stem><stem n="exampl"><phr n="example"><ent r="3" t="1" w="234" /><ent r="3" t="4" w="31" /><ent r="3" t="42" w="31" /><ent r="3" t="88" w="222" /><ent r="3" t="113" w="180" /><ent r="3" t="114" w="157" /><ent r="4" t="138" w="497" /><ent r="4" t="138" w="565" /><ent r="4" t="138" w="898" /><ent r="4" t="138" w="966" /><ent r="4" t="139" w="439" /><ent r="3" t="142" w="215" /><ent r="5" t="146" w="267" /><ent r="5" t="146" w="335" /><ent r="3" t="148" w="120" /><ent r="5" t="151" w="420" /><ent r="5" t="151" w="488" /><ent r="4" t="153" w="736" /><ent r="3" t="162" w="26" /><ent r="3" t="164" w="1440" /><ent r="3" t="164" w="1853" /><ent r="3" t="165" w="1516" /><ent r="3" t="165" w="1556" /><ent r="3" t="167" w="288" /><ent r="3" t="167" w="1163" /><ent r="3" t="168" w="277" /><ent r="3" t="168" w="1230" /><ent r="3" t="168" w="1268" /><ent r="3" t="170" w="1147" /><ent r="3" t="178" w="124" /><ent r="7" t="179" w="141" /><ent r="3" t="188" w="58" /><ent r="3" t="188" w="86" /><ent r="3" t="206" w="19" /><ent r="3" t="206" w="53" /><ent r="3" t="206" w="164" /><ent r="4" t="212" w="30" /><ent r="4" t="212" w="98" /></phr><phr n="Example"><ent r="3" t="19" w="85" /><ent r="4" t="84" w="142" /><ent r="4" t="113" w="260" /><ent r="4" t="113" w="403" /><ent r="4" t="113" w="540" /><ent r="6" t="114" w="362" /><ent r="4" t="170" w="1835" /><ent r="4" t="170" w="1860" /><ent r="4" t="170" w="1896" /><ent r="4" t="170" w="1917" /><ent r="3" t="170" w="1958" /></phr><phr n="examples"><ent r="7" t="162" w="293" /><ent r="7" t="163" w="510" /><ent r="7" t="164" w="660" /><ent r="7" t="165" w="372" /><ent r="7" t="166" w="332" /><ent r="7" t="167" w="610" /><ent r="7" t="168" w="595" /><ent r="7" t="169" w="486" /><ent r="7" t="170" w="500" /><ent r="3" t="170" w="1820" /><ent r="7" t="171" w="397" /><ent r="3" t="175" w="69" /></phr><phr n="Examples"><ent r="3" t="164" w="424" /></phr></stem><stem n="annot"><phr n="Annotation"><ent r="3" t="1" w="236" /><ent r="3" t="4" w="33" /><ent r="3" t="4" w="99" /><ent r="64" t="4" w="242" /><ent r="68" t="5" w="94" /><ent r="68" t="5" w="97" /><ent r="68" t="5" w="130" /><ent r="68" t="5" w="133" /><ent r="68" t="5" w="167" /><ent r="68" t="5" w="170" /><ent r="1000" t="11" w="1" /><ent r="100" t="11" w="4" /><ent r="100" t="11" w="8" /><ent r="102" t="11" w="10" /><ent r="4" t="11" w="14" /><ent r="64" t="11" w="59" /><ent r="64" t="11" w="66" /><ent r="7" t="11" w="83" /><ent r="68" t="11" w="88" /><ent r="68" t="11" w="171" /><ent r="68" t="11" w="178" /><ent r="68" t="11" w="195" /><ent r="68" t="11" w="210" /><ent r="68" t="11" w="221" /><ent r="68" t="11" w="232" /><ent r="68" t="11" w="242" /><ent r="68" t="11" w="257" /><ent r="68" t="11" w="272" /><ent r="68" t="11" w="286" /><ent r="68" t="11" w="300" /><ent r="64" t="16" w="32" /><ent r="4" t="22" w="195" /><ent r="4" t="49" w="89" /><ent r="1000" t="56" w="1" /><ent r="100" t="56" w="4" /><ent r="100" t="56" w="8" /><ent r="102" t="56" w="10" /><ent r="64" t="56" w="33" /><ent r="64" t="56" w="95" /><ent r="64" t="56" w="100" /><ent r="64" t="56" w="108" /><ent r="64" t="56" w="112" /><ent r="1000" t="57" w="1" /><ent r="100" t="57" w="6" /><ent r="100" t="57" w="14" /><ent r="102" t="57" w="16" /><ent r="3" t="57" w="22" /><ent r="5" t="57" w="45" /><ent r="64" t="57" w="66" /><ent r="3" t="57" w="71" /><ent r="3" t="57" w="221" /><ent r="3" t="57" w="242" /><ent r="64" t="57" w="247" /><ent r="1000" t="58" w="3" /><ent r="102" t="58" w="8" /><ent r="100" t="58" w="11" /><ent r="4" t="58" w="22" /><ent r="3" t="58" w="36" /><ent r="65" t="58" w="42" /><ent r="4" t="58" w="48" /><ent r="65" t="58" w="69" /><ent r="65" t="58" w="194" /><ent r="65" t="58" w="222" /><ent r="4" t="58" w="227" /><ent r="65" t="58" w="264" /><ent r="4" t="58" w="269" /><ent r="64" t="58" w="298" /><ent r="4" t="59" w="100" /><ent r="64" t="59" w="137" /><ent r="64" t="59" w="140" /><ent r="1000" t="60" w="3" /><ent r="102" t="60" w="13" /><ent r="100" t="60" w="17" /><ent r="3" t="60" w="30" /><ent r="3" t="60" w="44" /><ent r="65" t="60" w="51" /><ent r="4" t="60" w="57" /><ent r="4" t="60" w="63" /><ent r="65" t="60" w="218" /><ent r="65" t="60" w="235" /><ent r="65" t="60" w="265" /><ent r="4" t="60" w="270" /><ent r="65" t="60" w="311" /><ent r="64" t="60" w="335" /><ent r="1000" t="61" w="1" /><ent r="102" t="61" w="9" /><ent r="3" t="61" w="32" /><ent r="4" t="61" w="44" /><ent r="4" t="61" w="60" /><ent r="3" t="61" w="79" /><ent r="3" t="61" w="91" /><ent r="3" t="61" w="97" /><ent r="3" t="61" w="130" /><ent r="3" t="61" w="145" /><ent r="64" t="61" w="162" /><ent r="64" t="61" w="169" /><ent r="1000" t="62" w="1" /><ent r="102" t="62" w="6" /><ent r="3" t="62" w="17" /><ent r="5" t="62" w="67" /><ent r="5" t="62" w="243" /><ent r="64" t="62" w="297" /><ent r="1000" t="63" w="2" /><ent r="100" t="63" w="9" /><ent r="102" t="63" w="14" /><ent r="3" t="63" w="18" /><ent r="5" t="63" w="69" /><ent r="4" t="64" w="50" /><ent r="6" t="83" w="165" /><ent r="64" t="118" w="82" /><ent r="64" t="132" w="25" /><ent r="1000" t="133" w="1" /><ent r="102" t="133" w="5" /><ent r="100" t="133" w="9" /><ent r="100" t="133" w="14" /><ent r="3" t="133" w="18" /><ent r="4" t="133" w="71" /><ent r="5" t="133" w="121" /><ent r="64" t="143" w="403" /><ent r="64" t="143" w="421" /><ent r="1000" t="148" w="1" /><ent r="100" t="148" w="5" /><ent r="100" t="148" w="10" /><ent r="102" t="148" w="13" /><ent r="3" t="148" w="18" /><ent r="3" t="148" w="52" /><ent r="4" t="148" w="59" /><ent r="65" t="148" w="97" /><ent r="5" t="148" w="104" /><ent r="4" t="148" w="110" /><ent r="64" t="148" w="159" /><ent r="4" t="163" w="1562" /><ent r="4" t="164" w="390" /><ent r="64" t="164" w="475" /><ent r="5" t="164" w="2553" /><ent r="4" t="164" w="2566" /><ent r="4" t="164" w="2579" /><ent r="4" t="164" w="2585" /><ent r="4" t="164" w="2638" /><ent r="4" t="164" w="2645" /><ent r="3" t="164" w="2655" /><ent r="4" t="164" w="2740" /><ent r="64" t="167" w="425" /><ent r="3" t="167" w="1000" /><ent r="4" t="167" w="1051" /><ent r="4" t="167" w="1055" /><ent r="4" t="169" w="132" /><ent r="64" t="169" w="299" /><ent r="5" t="169" w="568" /><ent r="3" t="169" w="573" /><ent r="3" t="169" w="579" /><ent r="4" t="169" w="622" /><ent r="3" t="169" w="640" /><ent r="3" t="169" w="644" /><ent r="5" t="169" w="772" /><ent r="4" t="169" w="777" /><ent r="4" t="169" w="812" /><ent r="3" t="169" w="1040" /><ent r="3" t="169" w="1087" /><ent r="4" t="169" w="1214" /><ent r="4" t="169" w="1220" /><ent r="1000" t="173" w="1" /><ent r="100" t="173" w="4" /><ent r="102" t="173" w="7" /><ent r="64" t="173" w="13" /><ent r="3" t="173" w="19" /><ent r="64" t="173" w="38" /><ent r="68" t="173" w="184" /><ent r="5" t="204" w="79" /><ent r="3" t="205" w="73" /><ent r="1000" t="208" w="3" /><ent r="100" t="208" w="6" /><ent r="102" t="208" w="12" /><ent r="6" t="208" w="22" /></phr><phr n="annotation"><ent r="3" t="1" w="255" /><ent r="6" t="3" w="25" /><ent r="3" t="4" w="53" /><ent r="7" t="5" w="64" /><ent r="7" t="5" w="73" /><ent r="7" t="5" w="85" /><ent r="7" t="5" w="103" /><ent r="7" t="5" w="109" /><ent r="7" t="5" w="121" /><ent r="7" t="5" w="149" /><ent r="7" t="5" w="158" /><ent r="4" t="11" w="25" /><ent r="4" t="11" w="30" /><ent r="7" t="11" w="146" /><ent r="7" t="11" w="158" /><ent r="7" t="11" w="168" /><ent r="7" t="11" w="251" /><ent r="7" t="11" w="266" /><ent r="7" t="11" w="280" /><ent r="7" t="11" w="294" /><ent r="4" t="20" w="137" /><ent r="3" t="42" w="66" /><ent r="4" t="42" w="145" /><ent r="3" t="55" w="161" /><ent r="3" t="56" w="14" /><ent r="3" t="56" w="54" /><ent r="3" t="56" w="75" /><ent r="3" t="57" w="34" /><ent r="5" t="57" w="40" /><ent r="3" t="57" w="216" /><ent r="4" t="58" w="17" /><ent r="4" t="58" w="199" /><ent r="3" t="59" w="32" /><ent r="4" t="59" w="77" /><ent r="4" t="59" w="90" /><ent r="100" t="60" w="9" /><ent r="3" t="60" w="24" /><ent r="4" t="60" w="96" /><ent r="100" t="61" w="5" /><ent r="3" t="61" w="14" /><ent r="3" t="61" w="26" /><ent r="3" t="61" w="153" /><ent r="100" t="62" w="11" /><ent r="3" t="62" w="28" /><ent r="100" t="63" w="6" /><ent r="64" t="63" w="23" /><ent r="3" t="63" w="38" /><ent r="3" t="63" w="43" /><ent r="3" t="63" w="51" /><ent r="4" t="63" w="82" /><ent r="3" t="63" w="101" /><ent r="3" t="63" w="116" /><ent r="65" t="64" w="37" /><ent r="5" t="83" w="205" /><ent r="3" t="118" w="48" /><ent r="3" t="118" w="75" /><ent r="4" t="133" w="150" /><ent r="4" t="133" w="187" /><ent r="4" t="133" w="208" /><ent r="4" t="133" w="232" /><ent r="3" t="143" w="36" /><ent r="3" t="143" w="51" /><ent r="3" t="143" w="386" /><ent r="3" t="143" w="399" /><ent r="3" t="148" w="31" /><ent r="4" t="148" w="76" /><ent r="3" t="159" w="29" /><ent r="3" t="159" w="79" /><ent r="3" t="159" w="84" /><ent r="3" t="159" w="88" /><ent r="3" t="159" w="116" /><ent r="64" t="160" w="28" /><ent r="3" t="164" w="409" /><ent r="3" t="164" w="420" /><ent r="3" t="164" w="426" /><ent r="4" t="164" w="2559" /><ent r="4" t="167" w="875" /><ent r="4" t="167" w="1130" /><ent r="3" t="169" w="98" /><ent r="4" t="169" w="126" /><ent r="4" t="169" w="138" /><ent r="4" t="169" w="744" /><ent r="7" t="173" w="177" /><ent r="7" t="173" w="216" /><ent r="5" t="173" w="264" /><ent r="6" t="208" w="105" /></phr><phr n="annotations"><ent r="3" t="21" w="77" /><ent r="3" t="133" w="30" /><ent r="4" t="164" w="121" /><ent r="3" t="167" w="321" /><ent r="3" t="168" w="308" /><ent r="4" t="169" w="204" /><ent r="3" t="169" w="1025" /></phr><phr n="Annotations"><ent r="64" t="162" w="336" /><ent r="102" t="164" w="30" /></phr><phr n="annotate"><ent r="3" t="164" w="70" /><ent r="3" t="164" w="2969" /><ent r="5" t="173" w="252" /></phr><phr n="Annotating"><ent r="92" t="164" w="2443" /></phr></stem><stem n="mean"><phr n="means"><ent r="3" t="1" w="242" /><ent r="3" t="4" w="40" /><ent r="4" t="28" w="75" /><ent r="4" t="28" w="114" /><ent r="4" t="28" w="168" /><ent r="4" t="28" w="239" /><ent r="4" t="84" w="167" /><ent r="4" t="98" w="294" /><ent r="3" t="99" w="478" /><ent r="3" t="100" w="207" /><ent r="3" t="105" w="431" /><ent r="3" t="114" w="825" /><ent r="5" t="151" w="255" /><ent r="3" t="165" w="1523" /><ent r="3" t="170" w="154" /><ent r="3" t="170" w="1581" /><ent r="3" t="171" w="1300" /><ent r="3" t="201" w="36" /><ent r="3" t="213" w="97" /><ent r="3" t="213" w="437" /></phr><phr n="meaning"><ent r="6" t="82" w="305" /><ent r="7" t="106" w="244" /><ent r="7" t="106" w="278" /><ent r="4" t="138" w="457" /><ent r="4" t="138" w="693" /><ent r="4" t="138" w="874" /><ent r="4" t="138" w="1094" /><ent r="3" t="139" w="376" /><ent r="4" t="146" w="237" /><ent r="4" t="151" w="390" /><ent r="3" t="170" w="960" /><ent r="7" t="216" w="146" /><ent r="7" t="216" w="184" /></phr><phr n="mean"><ent r="4" t="99" w="431" /><ent r="3" t="100" w="145" /><ent r="3" t="176" w="99" /><ent r="3" t="213" w="63" /><ent r="3" t="213" w="354" /></phr></stem><stem n="creat"><phr n="create"><ent r="3" t="1" w="244" /><ent r="3" t="2" w="36" /><ent r="3" t="4" w="42" /><ent r="7" t="11" w="165" /><ent r="3" t="26" w="57" /><ent r="3" t="43" w="24" /><ent r="3" t="43" w="41" /><ent r="3" t="43" w="74" /><ent r="3" t="43" w="107" /><ent r="3" t="44" w="29" /><ent r="3" t="44" w="84" /><ent r="4" t="44" w="107" /><ent r="4" t="47" w="88" /><ent r="100" t="49" w="11" /><ent r="100" t="49" w="16" /><ent r="3" t="49" w="20" /><ent r="4" t="49" w="79" /><ent r="4" t="49" w="82" /><ent r="100" t="51" w="6" /><ent r="3" t="51" w="125" /><ent r="3" t="51" w="144" /><ent r="7" t="52" w="92" /><ent r="7" t="52" w="104" /><ent r="7" t="52" w="154" /><ent r="7" t="52" w="166" /><ent r="3" t="56" w="38" /><ent r="3" t="56" w="79" /><ent r="3" t="58" w="34" /><ent r="3" t="59" w="24" /><ent r="4" t="59" w="73" /><ent r="3" t="60" w="42" /><ent r="4" t="62" w="153" /><ent r="64" t="69" w="337" /><ent r="64" t="70" w="105" /><ent r="100" t="71" w="11" /><ent r="100" t="71" w="16" /><ent r="100" t="71" w="21" /><ent r="3" t="71" w="32" /><ent r="4" t="71" w="38" /><ent r="3" t="73" w="201" /><ent r="3" t="87" w="266" /><ent r="3" t="88" w="16" /><ent r="100" t="88" w="38" /><ent r="100" t="88" w="44" /><ent r="3" t="105" w="46" /><ent r="3" t="105" w="246" /><ent r="100" t="107" w="9" /><ent r="100" t="107" w="13" /><ent r="3" t="107" w="228" /><ent r="4" t="113" w="77" /><ent r="3" t="113" w="183" /><ent r="3" t="113" w="306" /><ent r="3" t="113" w="438" /><ent r="3" t="113" w="586" /><ent r="3" t="118" w="43" /><ent r="100" t="119" w="7" /><ent r="100" t="119" w="9" /><ent r="100" t="125" w="7" /><ent r="100" t="125" w="11" /><ent r="4" t="125" w="32" /><ent r="3" t="128" w="273" /><ent r="3" t="143" w="32" /><ent r="3" t="153" w="426" /><ent r="4" t="156" w="194" /><ent r="100" t="158" w="5" /><ent r="100" t="158" w="74" /><ent r="3" t="158" w="77" /><ent r="4" t="158" w="191" /><ent r="4" t="160" w="105" /><ent r="3" t="163" w="300" /><ent r="3" t="164" w="2683" /><ent r="3" t="165" w="125" /><ent r="4" t="165" w="558" /><ent r="4" t="165" w="859" /><ent r="3" t="165" w="1584" /><ent r="4" t="166" w="711" /><ent r="3" t="166" w="731" /><ent r="3" t="166" w="906" /><ent r="3" t="166" w="978" /><ent r="4" t="166" w="1036" /><ent r="4" t="166" w="1506" /><ent r="3" t="168" w="1306" /><ent r="3" t="169" w="94" /><ent r="4" t="169" w="175" /><ent r="4" t="169" w="219" /><ent r="3" t="169" w="1294" /><ent r="3" t="171" w="662" /><ent r="4" t="171" w="668" /><ent r="3" t="172" w="80" /><ent r="7" t="173" w="88" /><ent r="7" t="173" w="100" /><ent r="7" t="173" w="123" /><ent r="7" t="173" w="135" /><ent r="3" t="176" w="90" /><ent r="3" t="176" w="123" /><ent r="3" t="178" w="240" /><ent r="4" t="178" w="371" /><ent r="100" t="206" w="9" /><ent r="100" t="206" w="15" /><ent r="3" t="206" w="22" /><ent r="3" t="206" w="32" /></phr><phr n="Creating"><ent r="64" t="1" w="575" /><ent r="64" t="2" w="43" /><ent r="64" t="2" w="152" /><ent r="64" t="128" w="315" /><ent r="64" t="157" w="342" /><ent r="1000" t="158" w="1" /><ent r="102" t="158" w="9" /><ent r="3" t="166" w="574" /><ent r="64" t="204" w="59" /><ent r="1000" t="206" w="1" /><ent r="102" t="206" w="5" /></phr><phr n="Create"><ent r="64" t="8" w="36" /><ent r="64" t="11" w="36" /><ent r="4" t="14" w="52" /><ent r="3" t="43" w="160" /><ent r="4" t="43" w="246" /><ent r="1000" t="44" w="1" /><ent r="64" t="47" w="193" /><ent r="64" t="48" w="97" /><ent r="1000" t="49" w="1" /><ent r="102" t="49" w="6" /><ent r="64" t="56" w="83" /><ent r="65" t="64" w="35" /><ent r="64" t="68" w="137" /><ent r="64" t="69" w="436" /><ent r="64" t="70" w="140" /><ent r="1000" t="71" w="1" /><ent r="102" t="71" w="6" /><ent r="64" t="72" w="251" /><ent r="64" t="87" w="275" /><ent r="1000" t="88" w="1" /><ent r="102" t="88" w="6" /><ent r="5" t="88" w="104" /><ent r="4" t="100" w="279" /><ent r="65" t="105" w="494" /><ent r="64" t="105" w="584" /><ent r="1000" t="107" w="1" /><ent r="102" t="107" w="15" /><ent r="64" t="111" w="116" /><ent r="64" t="112" w="235" /><ent r="64" t="115" w="200" /><ent r="64" t="118" w="111" /><ent r="1000" t="119" w="1" /><ent r="102" t="119" w="12" /><ent r="3" t="119" w="17" /><ent r="64" t="120" w="106" /><ent r="64" t="122" w="93" /><ent r="1000" t="125" w="1" /><ent r="102" t="125" w="4" /><ent r="5" t="125" w="57" /><ent r="64" t="126" w="127" /><ent r="64" t="127" w="54" /><ent r="4" t="163" w="2163" /><ent r="4" t="163" w="2217" /><ent r="4" t="165" w="106" /><ent r="4" t="165" w="665" /><ent r="4" t="166" w="551" /><ent r="92" t="166" w="718" /><ent r="4" t="168" w="58" /><ent r="92" t="168" w="776" /><ent r="4" t="169" w="62" /><ent r="92" t="169" w="901" /><ent r="5" t="171" w="567" /><ent r="7" t="171" w="1124" /><ent r="3" t="171" w="1402" /></phr><phr n="created"><ent r="7" t="8" w="143" /><ent r="4" t="21" w="314" /><ent r="3" t="32" w="51" /><ent r="3" t="32" w="68" /><ent r="3" t="63" w="49" /><ent r="3" t="67" w="26" /><ent r="3" t="74" w="52" /><ent r="3" t="119" w="56" /><ent r="3" t="119" w="180" /><ent r="3" t="120" w="58" /><ent r="3" t="121" w="35" /><ent r="3" t="141" w="38" /><ent r="3" t="141" w="52" /><ent r="3" t="147" w="52" /><ent r="3" t="151" w="65" /><ent r="3" t="153" w="129" /><ent r="3" t="154" w="34" /><ent r="3" t="163" w="251" /><ent r="4" t="163" w="2234" /><ent r="3" t="164" w="257" /><ent r="3" t="164" w="405" /><ent r="3" t="164" w="1533" /><ent r="3" t="167" w="402" /><ent r="3" t="168" w="388" /><ent r="4" t="169" w="257" /><ent r="3" t="169" w="1183" /><ent r="3" t="170" w="1658" /><ent r="3" t="171" w="51" /><ent r="3" t="171" w="116" /><ent r="4" t="171" w="468" /><ent r="6" t="171" w="1459" /><ent r="3" t="171" w="1506" /></phr><phr n="creates"><ent r="7" t="13" w="62" /><ent r="4" t="51" w="190" /><ent r="3" t="57" w="202" /><ent r="3" t="113" w="476" /><ent r="3" t="119" w="21" /><ent r="3" t="119" w="80" /><ent r="3" t="120" w="18" /><ent r="3" t="125" w="65" /><ent r="3" t="164" w="1503" /><ent r="3" t="193" w="16" /></phr><phr n="creating"><ent r="64" t="37" w="42" /><ent r="4" t="51" w="217" /><ent r="3" t="51" w="277" /><ent r="4" t="73" w="92" /><ent r="6" t="82" w="263" /><ent r="3" t="87" w="31" /><ent r="3" t="133" w="29" /><ent r="3" t="134" w="29" /><ent r="3" t="135" w="29" /><ent r="3" t="140" w="34" /><ent r="4" t="157" w="204" /><ent r="3" t="158" w="24" /><ent r="3" t="165" w="52" /><ent r="4" t="165" w="1300" /><ent r="4" t="165" w="1490" /><ent r="4" t="166" w="706" /><ent r="3" t="168" w="34" /><ent r="3" t="169" w="31" /><ent r="4" t="169" w="166" /><ent r="3" t="190" w="24" /><ent r="3" t="206" w="27" /><ent r="3" t="213" w="235" /></phr><phr n="Creates"><ent r="4" t="47" w="114" /><ent r="7" t="52" w="72" /><ent r="7" t="52" w="82" /><ent r="7" t="52" w="117" /><ent r="7" t="52" w="124" /><ent r="7" t="52" w="129" /><ent r="7" t="52" w="134" /><ent r="7" t="52" w="179" /><ent r="7" t="52" w="190" /><ent r="7" t="106" w="23" /><ent r="7" t="173" w="42" /><ent r="7" t="173" w="46" /><ent r="7" t="173" w="53" /><ent r="7" t="173" w="57" /><ent r="7" t="173" w="61" /><ent r="7" t="173" w="68" /><ent r="7" t="173" w="113" /><ent r="7" t="173" w="148" /><ent r="7" t="173" w="161" /><ent r="5" t="173" w="261" /><ent r="7" t="215" w="75" /></phr></stem><stem n="modifi"><phr n="modify"><ent r="3" t="1" w="246" /><ent r="3" t="4" w="44" /><ent r="3" t="43" w="404" /><ent r="3" t="56" w="40" /><ent r="7" t="82" w="405" /><ent r="3" t="143" w="214" /><ent r="3" t="144" w="27" /><ent r="4" t="161" w="249" /><ent r="3" t="163" w="189" /><ent r="3" t="166" w="1384" /><ent r="4" t="188" w="452" /></phr><phr n="modified"><ent r="4" t="47" w="135" /></phr><phr n="Modify"><ent r="4" t="209" w="52" /><ent r="5" t="209" w="165" /><ent r="5" t="209" w="226" /><ent r="5" t="209" w="294" /></phr></stem></index>