﻿<?xml version="1.0" encoding="utf-8"?><index><stem n="state"><phr n="state"><ent r="7" t="5" w="53" /><ent r="3" t="77" w="127" /><ent r="3" t="181" w="169" /></phr><phr n="stating"><ent r="4" t="173" w="2255" /><ent r="4" t="173" w="2299" /></phr><phr n="State"><ent r="6" t="223" w="389" /></phr></stem><stem n="cut"><phr n="Cuts"><ent r="7" t="5" w="61" /><ent r="7" t="113" w="76" /><ent r="7" t="232" w="66" /></phr><phr n="cut"><ent r="7" t="5" w="77" /><ent r="100" t="232" w="14" /></phr><phr n="Cut"><ent r="5" t="219" w="145" /><ent r="7" t="232" w="64" /></phr></stem><stem n="store"><phr n="stores"><ent r="7" t="5" w="67" /><ent r="7" t="113" w="82" /><ent r="7" t="232" w="72" /></phr><phr n="store"><ent r="4" t="25" w="148" /><ent r="3" t="137" w="577" /><ent r="3" t="177" w="179" /><ent r="3" t="178" w="169" /></phr><phr n="stored"><ent r="4" t="122" w="801" /><ent r="3" t="137" w="627" /></phr><phr n="Store"><ent r="4" t="137" w="318" /><ent r="4" t="137" w="599" /><ent r="4" t="137" w="620" /></phr><phr n="Storing"><ent r="92" t="137" w="538" /><ent r="3" t="137" w="542" /></phr></stem><stem n="clipboard"><phr n="Clipboard"><ent r="7" t="5" w="71" /><ent r="7" t="5" w="107" /><ent r="7" t="5" w="145" /><ent r="3" t="47" w="169" /><ent r="3" t="50" w="41" /><ent r="3" t="50" w="47" /><ent r="3" t="50" w="175" /><ent r="3" t="50" w="283" /><ent r="7" t="113" w="86" /><ent r="7" t="113" w="122" /><ent r="7" t="113" w="156" /><ent r="7" t="232" w="76" /><ent r="7" t="232" w="112" /><ent r="7" t="232" w="147" /></phr><phr n="clipboard"><ent r="5" t="89" w="491" /></phr></stem><stem n="crtl"><phr n="Crtl"><ent r="7" t="5" w="90" /><ent r="7" t="5" w="126" /><ent r="7" t="5" w="163" /><ent r="7" t="5" w="217" /><ent r="7" t="5" w="266" /></phr></stem><stem n="x"><phr n="X"><ent r="7" t="5" w="92" /><ent r="3" t="72" w="58" /><ent r="4" t="82" w="152" /><ent r="4" t="82" w="167" /><ent r="4" t="96" w="87" /><ent r="4" t="106" w="218" /><ent r="4" t="173" w="745" /><ent r="4" t="173" w="1738" /><ent r="4" t="174" w="1270" /><ent r="7" t="174" w="1530" /><ent r="7" t="191" w="78" /><ent r="7" t="191" w="86" /><ent r="7" t="191" w="92" /><ent r="7" t="193" w="533" /><ent r="7" t="193" w="551" /><ent r="7" t="193" w="564" /><ent r="3" t="207" w="124" /><ent r="5" t="219" w="150" /><ent r="5" t="219" w="278" /><ent r="7" t="232" w="101" /></phr><phr n="x"><ent r="6" t="14" w="386" /><ent r="7" t="14" w="389" /><ent r="3" t="86" w="45" /><ent r="3" t="112" w="350" /><ent r="3" t="171" w="59" /><ent r="3" t="171" w="260" /><ent r="4" t="171" w="270" /><ent r="3" t="173" w="163" /><ent r="4" t="173" w="1095" /><ent r="4" t="173" w="1122" /><ent r="3" t="176" w="1276" /><ent r="3" t="176" w="1436" /><ent r="3" t="176" w="1447" /><ent r="4" t="180" w="1274" /><ent r="7" t="191" w="96" /><ent r="7" t="193" w="391" /><ent r="7" t="193" w="432" /><ent r="7" t="193" w="444" /><ent r="3" t="231" w="411" /></phr></stem><stem n="c"><phr n="C"><ent r="7" t="5" w="128" /><ent r="3" t="19" w="87" /><ent r="4" t="50" w="127" /><ent r="4" t="182" w="1588" /><ent r="3" t="192" w="107" /><ent r="3" t="194" w="158" /><ent r="5" t="219" w="143" /><ent r="5" t="219" w="330" /><ent r="5" t="219" w="383" /><ent r="7" t="232" w="137" /></phr><phr n="c"><ent r="3" t="19" w="95" /></phr></stem><stem n="past"><phr n="Pastes"><ent r="7" t="5" w="136" /><ent r="7" t="113" w="151" /><ent r="7" t="232" w="141" /></phr><phr n="past"><ent r="3" t="40" w="246" /></phr><phr n="paste"><ent r="3" t="50" w="50" /><ent r="100" t="232" w="6" /></phr><phr n="pasting"><ent r="3" t="180" w="1043" /></phr><phr n="Paste"><ent r="5" t="219" w="152" /><ent r="7" t="232" w="139" /></phr></stem><stem n="item"><phr n="item"><ent r="7" t="5" w="142" /><ent r="7" t="5" w="205" /><ent r="7" t="5" w="212" /><ent r="7" t="5" w="254" /><ent r="7" t="5" w="261" /><ent r="4" t="48" w="158" /><ent r="3" t="57" w="99" /><ent r="3" t="80" w="204" /><ent r="3" t="101" w="106" /><ent r="4" t="101" w="176" /><ent r="4" t="101" w="224" /><ent r="3" t="112" w="287" /><ent r="3" t="112" w="366" /><ent r="3" t="112" w="375" /><ent r="3" t="112" w="436" /><ent r="3" t="112" w="530" /><ent r="7" t="113" w="79" /><ent r="7" t="113" w="105" /><ent r="7" t="113" w="110" /><ent r="7" t="113" w="118" /><ent r="7" t="113" w="141" /><ent r="7" t="113" w="146" /><ent r="7" t="113" w="152" /><ent r="7" t="113" w="179" /><ent r="7" t="113" w="184" /><ent r="7" t="113" w="216" /><ent r="5" t="113" w="228" /><ent r="7" t="113" w="243" /><ent r="7" t="113" w="246" /><ent r="7" t="113" w="260" /><ent r="7" t="113" w="277" /><ent r="7" t="113" w="280" /><ent r="7" t="113" w="294" /><ent r="3" t="120" w="258" /><ent r="3" t="120" w="316" /><ent r="3" t="120" w="319" /><ent r="3" t="120" w="399" /><ent r="3" t="120" w="448" /><ent r="3" t="120" w="451" /><ent r="3" t="120" w="536" /><ent r="3" t="120" w="592" /><ent r="3" t="120" w="595" /><ent r="100" t="122" w="7" /><ent r="100" t="122" w="11" /><ent r="100" t="122" w="15" /><ent r="3" t="122" w="25" /><ent r="3" t="122" w="106" /><ent r="3" t="122" w="147" /><ent r="3" t="122" w="228" /><ent r="3" t="122" w="242" /><ent r="3" t="122" w="251" /><ent r="3" t="122" w="272" /><ent r="3" t="122" w="331" /><ent r="3" t="122" w="348" /><ent r="3" t="122" w="458" /><ent r="3" t="122" w="471" /><ent r="3" t="122" w="497" /><ent r="3" t="122" w="510" /><ent r="3" t="122" w="522" /><ent r="3" t="122" w="535" /><ent r="3" t="122" w="632" /><ent r="3" t="122" w="670" /><ent r="3" t="122" w="683" /><ent r="3" t="122" w="704" /><ent r="3" t="122" w="714" /><ent r="3" t="122" w="903" /><ent r="3" t="122" w="912" /><ent r="3" t="122" w="924" /><ent r="3" t="122" w="931" /><ent r="3" t="122" w="934" /><ent r="3" t="122" w="940" /><ent r="100" t="123" w="12" /><ent r="100" t="123" w="18" /><ent r="4" t="123" w="96" /><ent r="3" t="123" w="106" /><ent r="3" t="123" w="122" /><ent r="4" t="123" w="138" /><ent r="4" t="123" w="152" /><ent r="3" t="123" w="165" /><ent r="4" t="123" w="176" /><ent r="3" t="123" w="198" /><ent r="4" t="123" w="206" /><ent r="4" t="123" w="216" /><ent r="4" t="123" w="251" /><ent r="4" t="123" w="342" /><ent r="4" t="123" w="357" /><ent r="3" t="123" w="371" /><ent r="4" t="123" w="376" /><ent r="3" t="123" w="401" /><ent r="4" t="123" w="413" /><ent r="3" t="124" w="13" /><ent r="65" t="124" w="33" /><ent r="3" t="125" w="28" /><ent r="3" t="125" w="35" /><ent r="3" t="125" w="187" /><ent r="3" t="125" w="195" /><ent r="100" t="126" w="26" /><ent r="3" t="126" w="194" /><ent r="3" t="126" w="201" /><ent r="3" t="126" w="274" /><ent r="3" t="126" w="304" /><ent r="3" t="126" w="325" /><ent r="3" t="126" w="334" /><ent r="4" t="126" w="353" /><ent r="3" t="126" w="394" /><ent r="3" t="126" w="400" /><ent r="4" t="126" w="419" /><ent r="3" t="151" w="105" /><ent r="4" t="153" w="332" /><ent r="4" t="174" w="2519" /><ent r="4" t="174" w="2536" /><ent r="4" t="174" w="2819" /><ent r="4" t="174" w="2890" /><ent r="3" t="181" w="253" /><ent r="4" t="181" w="465" /><ent r="4" t="181" w="470" /><ent r="3" t="181" w="478" /><ent r="4" t="181" w="517" /><ent r="3" t="181" w="526" /><ent r="3" t="181" w="578" /><ent r="4" t="181" w="620" /><ent r="3" t="181" w="679" /><ent r="4" t="181" w="709" /><ent r="4" t="181" w="766" /><ent r="3" t="181" w="795" /><ent r="3" t="181" w="975" /><ent r="3" t="181" w="993" /><ent r="4" t="181" w="1233" /><ent r="3" t="181" w="1287" /><ent r="3" t="181" w="1314" /><ent r="3" t="181" w="1335" /><ent r="4" t="182" w="559" /><ent r="4" t="182" w="564" /><ent r="4" t="182" w="595" /><ent r="4" t="182" w="600" /><ent r="4" t="182" w="645" /><ent r="4" t="182" w="650" /><ent r="3" t="182" w="853" /><ent r="3" t="182" w="973" /><ent r="3" t="182" w="982" /><ent r="3" t="182" w="986" /><ent r="3" t="182" w="1216" /><ent r="3" t="182" w="1243" /><ent r="3" t="182" w="1264" /><ent r="4" t="182" w="1274" /><ent r="4" t="182" w="1284" /><ent r="4" t="182" w="1304" /><ent r="3" t="202" w="128" /><ent r="7" t="232" w="69" /><ent r="7" t="232" w="89" /><ent r="7" t="232" w="94" /><ent r="7" t="232" w="108" /><ent r="7" t="232" w="125" /><ent r="7" t="232" w="130" /><ent r="7" t="232" w="143" /><ent r="7" t="232" w="164" /><ent r="7" t="232" w="169" /><ent r="7" t="234" w="97" /><ent r="5" t="234" w="119" /><ent r="100" t="234" w="134" /><ent r="7" t="234" w="145" /><ent r="7" t="234" w="148" /><ent r="7" t="234" w="162" /><ent r="7" t="234" w="183" /><ent r="7" t="234" w="186" /><ent r="7" t="234" w="200" /><ent r="100" t="236" w="6" /></phr><phr n="items"><ent r="3" t="63" w="27" /><ent r="3" t="76" w="135" /><ent r="3" t="101" w="43" /><ent r="4" t="101" w="188" /><ent r="3" t="101" w="219" /><ent r="4" t="101" w="236" /><ent r="4" t="101" w="258" /><ent r="3" t="112" w="159" /><ent r="3" t="112" w="168" /><ent r="100" t="112" w="272" /><ent r="3" t="112" w="295" /><ent r="3" t="112" w="308" /><ent r="3" t="112" w="328" /><ent r="3" t="112" w="333" /><ent r="3" t="112" w="387" /><ent r="3" t="112" w="447" /><ent r="3" t="112" w="456" /><ent r="3" t="112" w="550" /><ent r="7" t="113" w="68" /><ent r="7" t="113" w="98" /><ent r="7" t="113" w="134" /><ent r="7" t="113" w="172" /><ent r="65" t="114" w="62" /><ent r="4" t="114" w="68" /><ent r="4" t="114" w="175" /><ent r="4" t="115" w="123" /><ent r="4" t="119" w="43" /><ent r="3" t="119" w="109" /><ent r="3" t="119" w="138" /><ent r="3" t="119" w="164" /><ent r="3" t="120" w="307" /><ent r="3" t="120" w="439" /><ent r="3" t="120" w="585" /><ent r="3" t="121" w="46" /><ent r="100" t="122" w="18" /><ent r="3" t="122" w="49" /><ent r="3" t="122" w="74" /><ent r="3" t="122" w="80" /><ent r="100" t="122" w="97" /><ent r="100" t="122" w="101" /><ent r="3" t="122" w="167" /><ent r="3" t="122" w="187" /><ent r="3" t="122" w="207" /><ent r="3" t="122" w="280" /><ent r="3" t="122" w="293" /><ent r="3" t="122" w="341" /><ent r="3" t="122" w="616" /><ent r="3" t="122" w="621" /><ent r="3" t="122" w="720" /><ent r="4" t="122" w="755" /><ent r="4" t="122" w="760" /><ent r="4" t="122" w="786" /><ent r="3" t="122" w="833" /><ent r="3" t="122" w="855" /><ent r="3" t="122" w="876" /><ent r="100" t="123" w="14" /><ent r="100" t="123" w="21" /><ent r="3" t="123" w="264" /><ent r="4" t="123" w="291" /><ent r="4" t="123" w="300" /><ent r="4" t="123" w="309" /><ent r="4" t="123" w="328" /><ent r="4" t="123" w="332" /><ent r="100" t="125" w="7" /><ent r="100" t="125" w="10" /><ent r="64" t="125" w="18" /><ent r="3" t="125" w="126" /><ent r="100" t="126" w="13" /><ent r="3" t="126" w="29" /><ent r="4" t="126" w="58" /><ent r="4" t="126" w="63" /><ent r="4" t="126" w="83" /><ent r="3" t="126" w="99" /><ent r="3" t="126" w="128" /><ent r="3" t="126" w="154" /><ent r="3" t="126" w="191" /><ent r="3" t="126" w="228" /><ent r="3" t="126" w="240" /><ent r="3" t="126" w="259" /><ent r="4" t="180" w="68" /><ent r="4" t="180" w="994" /><ent r="3" t="180" w="1032" /><ent r="4" t="181" w="57" /><ent r="3" t="181" w="180" /><ent r="4" t="181" w="190" /><ent r="4" t="181" w="209" /><ent r="4" t="181" w="223" /><ent r="3" t="181" w="265" /><ent r="4" t="181" w="1118" /><ent r="3" t="181" w="1267" /><ent r="3" t="181" w="1285" /><ent r="3" t="181" w="1302" /><ent r="3" t="181" w="1324" /><ent r="3" t="181" w="1364" /><ent r="4" t="182" w="85" /><ent r="4" t="182" w="609" /><ent r="3" t="182" w="627" /><ent r="4" t="182" w="644" /><ent r="4" t="182" w="748" /><ent r="3" t="182" w="914" /><ent r="3" t="182" w="932" /><ent r="3" t="182" w="939" /><ent r="3" t="182" w="970" /><ent r="3" t="182" w="1195" /><ent r="3" t="182" w="1210" /><ent r="3" t="182" w="1231" /><ent r="3" t="182" w="1253" /><ent r="4" t="182" w="1314" /><ent r="3" t="232" w="36" /><ent r="7" t="232" w="82" /><ent r="7" t="232" w="118" /><ent r="7" t="232" w="157" /><ent r="3" t="233" w="39" /><ent r="7" t="233" w="181" /><ent r="100" t="234" w="10" /><ent r="100" t="234" w="16" /><ent r="3" t="234" w="36" /><ent r="7" t="234" w="75" /><ent r="3" t="235" w="24" /></phr><phr n="Item"><ent r="6" t="89" w="123" /><ent r="4" t="112" w="218" /><ent r="92" t="112" w="263" /><ent r="100" t="112" w="267" /><ent r="3" t="112" w="276" /><ent r="92" t="112" w="507" /><ent r="100" t="112" w="511" /><ent r="100" t="112" w="516" /><ent r="3" t="112" w="520" /><ent r="68" t="113" w="223" /><ent r="3" t="122" w="55" /><ent r="92" t="122" w="219" /><ent r="3" t="122" w="258" /><ent r="64" t="122" w="287" /><ent r="6" t="122" w="356" /><ent r="1000" t="123" w="5" /><ent r="102" t="123" w="28" /><ent r="3" t="123" w="34" /><ent r="4" t="123" w="52" /><ent r="4" t="123" w="63" /><ent r="3" t="123" w="84" /><ent r="64" t="123" w="132" /><ent r="3" t="123" w="189" /><ent r="4" t="123" w="275" /><ent r="4" t="123" w="348" /><ent r="4" t="123" w="393" /><ent r="4" t="123" w="407" /><ent r="64" t="123" w="426" /><ent r="1000" t="124" w="2" /><ent r="102" t="124" w="7" /><ent r="4" t="124" w="41" /><ent r="3" t="125" w="175" /><ent r="5" t="126" w="363" /><ent r="5" t="126" w="429" /><ent r="4" t="181" w="66" /><ent r="92" t="181" w="445" /><ent r="4" t="181" w="454" /><ent r="92" t="181" w="495" /><ent r="4" t="181" w="504" /><ent r="4" t="181" w="562" /><ent r="92" t="181" w="602" /><ent r="4" t="181" w="611" /><ent r="4" t="181" w="628" /><ent r="4" t="181" w="700" /><ent r="4" t="181" w="717" /><ent r="6" t="181" w="1209" /><ent r="92" t="181" w="1226" /><ent r="4" t="182" w="80" /><ent r="4" t="182" w="83" /><ent r="4" t="182" w="95" /><ent r="4" t="182" w="547" /><ent r="92" t="182" w="574" /><ent r="4" t="182" w="585" /><ent r="4" t="182" w="636" /><ent r="4" t="182" w="662" /><ent r="4" t="182" w="675" /><ent r="4" t="182" w="697" /><ent r="3" t="182" w="725" /><ent r="4" t="182" w="752" /><ent r="3" t="182" w="949" /><ent r="7" t="182" w="1092" /><ent r="4" t="182" w="1169" /><ent r="92" t="182" w="1190" /><ent r="65" t="224" w="150" /><ent r="6" t="232" w="52" /><ent r="6" t="233" w="55" /><ent r="1000" t="234" w="3" /><ent r="100" t="234" w="18" /><ent r="100" t="234" w="25" /><ent r="102" t="234" w="30" /><ent r="6" t="234" w="52" /><ent r="68" t="234" w="110" /><ent r="5" t="234" w="115" /><ent r="6" t="235" w="40" /><ent r="7" t="235" w="84" /><ent r="7" t="235" w="89" /><ent r="1000" t="236" w="2" /><ent r="102" t="236" w="10" /></phr><phr n="Items"><ent r="64" t="112" w="312" /><ent r="64" t="112" w="460" /><ent r="64" t="112" w="554" /><ent r="68" t="113" w="265" /><ent r="68" t="113" w="299" /><ent r="65" t="114" w="73" /><ent r="64" t="119" w="181" /><ent r="1000" t="122" w="2" /><ent r="102" t="122" w="21" /><ent r="92" t="122" w="160" /><ent r="82" t="122" w="613" /><ent r="3" t="122" w="804" /><ent r="3" t="122" w="815" /><ent r="64" t="122" w="895" /><ent r="64" t="122" w="951" /><ent r="64" t="123" w="431" /><ent r="1000" t="125" w="3" /><ent r="102" t="125" w="15" /><ent r="64" t="125" w="204" /><ent r="1000" t="126" w="5" /><ent r="102" t="126" w="21" /><ent r="92" t="126" w="298" /><ent r="64" t="126" w="455" /><ent r="64" t="126" w="459" /><ent r="92" t="180" w="1004" /><ent r="92" t="181" w="782" /><ent r="64" t="181" w="807" /><ent r="92" t="182" w="619" /><ent r="68" t="234" w="167" /><ent r="68" t="234" w="205" /><ent r="64" t="236" w="26" /></phr><phr n="ITEM"><ent r="7" t="181" w="1126" /><ent r="7" t="181" w="1130" /><ent r="7" t="182" w="1016" /><ent r="7" t="182" w="1020" /></phr></stem><stem n="v"><phr n="V"><ent r="7" t="5" w="165" /><ent r="5" t="219" w="157" /><ent r="5" t="219" w="226" /><ent r="7" t="232" w="176" /></phr><phr n="v"><ent r="3" t="188" w="45" /><ent r="3" t="188" w="49" /></phr></stem><stem n="curl"><phr n="curled"><ent r="7" t="5" w="174" /><ent r="7" t="5" w="223" /></phr></stem><stem n="arrow"><phr n="arrow"><ent r="7" t="5" w="175" /><ent r="7" t="5" w="191" /><ent r="7" t="5" w="224" /><ent r="7" t="5" w="240" /><ent r="3" t="26" w="324" /><ent r="3" t="47" w="106" /><ent r="3" t="64" w="162" /><ent r="3" t="71" w="28" /><ent r="4" t="71" w="62" /><ent r="4" t="71" w="69" /><ent r="3" t="71" w="130" /><ent r="3" t="82" w="69" /><ent r="3" t="122" w="574" /><ent r="3" t="122" w="601" /><ent r="4" t="137" w="106" /><ent r="4" t="137" w="150" /><ent r="4" t="137" w="370" /><ent r="3" t="137" w="489" /><ent r="3" t="137" w="589" /><ent r="3" t="137" w="663" /><ent r="4" t="138" w="486" /><ent r="4" t="138" w="531" /><ent r="4" t="174" w="2586" /><ent r="4" t="174" w="2602" /><ent r="4" t="174" w="2619" /><ent r="4" t="174" w="2733" /><ent r="4" t="174" w="2758" /><ent r="3" t="181" w="925" /><ent r="3" t="181" w="933" /><ent r="3" t="181" w="1045" /><ent r="7" t="181" w="1155" /><ent r="3" t="182" w="801" /><ent r="3" t="182" w="810" /><ent r="3" t="182" w="1126" /><ent r="4" t="182" w="1289" /><ent r="5" t="184" w="223" /><ent r="5" t="184" w="238" /><ent r="5" t="184" w="256" /><ent r="3" t="206" w="96" /><ent r="3" t="208" w="255" /><ent r="3" t="209" w="186" /><ent r="3" t="210" w="145" /><ent r="3" t="211" w="184" /><ent r="3" t="220" w="137" /></phr><phr n="Arrow"><ent r="4" t="46" w="162" /><ent r="4" t="46" w="179" /><ent r="5" t="106" w="263" /><ent r="5" t="106" w="276" /><ent r="4" t="171" w="331" /><ent r="6" t="223" w="142" /><ent r="6" t="223" w="158" /><ent r="6" t="223" w="160" /><ent r="6" t="223" w="210" /><ent r="6" t="223" w="212" /><ent r="6" t="223" w="364" /><ent r="6" t="223" w="382" /><ent r="6" t="223" w="384" /><ent r="6" t="223" w="445" /><ent r="6" t="223" w="480" /><ent r="6" t="223" w="498" /><ent r="6" t="223" w="500" /><ent r="6" t="223" w="526" /><ent r="6" t="223" w="539" /><ent r="6" t="223" w="546" /><ent r="6" t="223" w="579" /><ent r="6" t="223" w="581" /></phr><phr n="arrows"><ent r="4" t="137" w="452" /><ent r="3" t="213" w="156" /><ent r="3" t="215" w="161" /></phr></stem><stem n="undo"><phr n="undoes"><ent r="7" t="5" w="176" /></phr><phr n="undo"><ent r="7" t="5" w="197" /><ent r="7" t="5" w="210" /><ent r="4" t="70" w="87" /><ent r="3" t="70" w="106" /><ent r="3" t="164" w="288" /></phr><phr n="Undo"><ent r="3" t="44" w="170" /><ent r="4" t="80" w="411" /><ent r="3" t="164" w="297" /></phr></stem><stem n="recent"><phr n="recent"><ent r="7" t="5" w="179" /><ent r="7" t="5" w="228" /><ent r="3" t="80" w="409" /></phr><phr n="recently"><ent r="3" t="18" w="193" /><ent r="3" t="18" w="212" /><ent r="3" t="18" w="235" /><ent r="3" t="80" w="353" /></phr><phr n="Recently"><ent r="4" t="80" w="378" /></phr></stem><stem n="properti"><phr n="property"><ent r="7" t="5" w="183" /><ent r="7" t="5" w="232" /><ent r="4" t="159" w="84" /><ent r="6" t="223" w="72" /><ent r="6" t="223" w="508" /></phr><phr n="properties"><ent r="7" t="6" w="167" /><ent r="4" t="53" w="182" /><ent r="100" t="62" w="7" /><ent r="100" t="62" w="9" /><ent r="3" t="62" w="71" /><ent r="4" t="62" w="187" /><ent r="3" t="62" w="204" /><ent r="3" t="73" w="300" /><ent r="100" t="112" w="25" /><ent r="100" t="112" w="465" /><ent r="100" t="112" w="514" /><ent r="3" t="112" w="525" /><ent r="3" t="127" w="97" /><ent r="3" t="131" w="25" /><ent r="3" t="131" w="54" /><ent r="5" t="139" w="205" /><ent r="3" t="141" w="19" /><ent r="4" t="142" w="128" /><ent r="4" t="142" w="140" /><ent r="4" t="142" w="147" /><ent r="4" t="142" w="185" /><ent r="4" t="142" w="201" /><ent r="4" t="142" w="224" /><ent r="3" t="145" w="27" /><ent r="4" t="146" w="130" /><ent r="4" t="146" w="142" /><ent r="4" t="146" w="149" /><ent r="4" t="146" w="172" /><ent r="4" t="146" w="187" /><ent r="3" t="147" w="25" /><ent r="4" t="148" w="124" /><ent r="4" t="148" w="136" /><ent r="6" t="149" w="130" /><ent r="100" t="151" w="3" /><ent r="3" t="151" w="17" /><ent r="100" t="152" w="9" /><ent r="3" t="152" w="70" /><ent r="5" t="152" w="127" /><ent r="3" t="152" w="145" /><ent r="100" t="153" w="7" /><ent r="100" t="153" w="9" /><ent r="3" t="153" w="73" /><ent r="4" t="153" w="89" /><ent r="4" t="153" w="162" /><ent r="3" t="153" w="179" /><ent r="3" t="153" w="299" /><ent r="3" t="153" w="408" /><ent r="100" t="154" w="7" /><ent r="100" t="154" w="9" /><ent r="5" t="154" w="166" /><ent r="3" t="154" w="183" /><ent r="100" t="155" w="7" /><ent r="100" t="155" w="9" /><ent r="6" t="155" w="64" /><ent r="3" t="155" w="82" /><ent r="100" t="156" w="7" /><ent r="100" t="156" w="9" /><ent r="3" t="156" w="27" /><ent r="4" t="156" w="77" /><ent r="4" t="156" w="83" /><ent r="3" t="156" w="100" /><ent r="100" t="157" w="7" /><ent r="100" t="157" w="9" /><ent r="3" t="157" w="121" /><ent r="4" t="157" w="238" /><ent r="3" t="157" w="255" /><ent r="100" t="158" w="7" /><ent r="100" t="158" w="9" /><ent r="3" t="158" w="20" /><ent r="3" t="158" w="25" /><ent r="3" t="158" w="37" /><ent r="3" t="158" w="54" /><ent r="3" t="158" w="130" /><ent r="3" t="158" w="153" /><ent r="3" t="158" w="167" /><ent r="3" t="158" w="184" /><ent r="100" t="159" w="11" /><ent r="4" t="159" w="95" /><ent r="4" t="159" w="101" /><ent r="3" t="159" w="118" /><ent r="100" t="160" w="11" /><ent r="3" t="160" w="49" /><ent r="3" t="160" w="102" /><ent r="4" t="160" w="197" /><ent r="3" t="160" w="214" /><ent r="100" t="161" w="13" /><ent r="100" t="161" w="74" /><ent r="4" t="161" w="144" /><ent r="4" t="161" w="150" /><ent r="3" t="161" w="167" /><ent r="100" t="162" w="7" /><ent r="100" t="162" w="9" /><ent r="3" t="162" w="19" /><ent r="3" t="162" w="37" /><ent r="3" t="162" w="46" /><ent r="3" t="162" w="121" /><ent r="4" t="171" w="200" /><ent r="3" t="174" w="2480" /><ent r="4" t="180" w="151" /><ent r="4" t="180" w="835" /><ent r="100" t="190" w="14" /><ent r="4" t="190" w="442" /><ent r="100" t="223" w="8" /><ent r="6" t="223" w="320" /><ent r="6" t="223" w="629" /></phr><phr n="Properties"><ent r="68" t="6" w="178" /><ent r="92" t="19" w="139" /><ent r="4" t="20" w="319" /><ent r="64" t="35" w="70" /><ent r="65" t="40" w="266" /><ent r="5" t="43" w="61" /><ent r="4" t="43" w="66" /><ent r="4" t="43" w="168" /><ent r="5" t="53" w="177" /><ent r="65" t="53" w="187" /><ent r="64" t="58" w="311" /><ent r="1000" t="62" w="3" /><ent r="102" t="62" w="15" /><ent r="4" t="62" w="38" /><ent r="5" t="62" w="66" /><ent r="64" t="63" w="114" /><ent r="92" t="64" w="238" /><ent r="3" t="64" w="244" /><ent r="64" t="64" w="249" /><ent r="5" t="66" w="95" /><ent r="4" t="66" w="101" /><ent r="64" t="72" w="69" /><ent r="4" t="73" w="305" /><ent r="64" t="73" w="312" /><ent r="64" t="85" w="174" /><ent r="7" t="89" w="515" /><ent r="67" t="89" w="553" /><ent r="64" t="100" w="162" /><ent r="5" t="103" w="181" /><ent r="92" t="105" w="417" /><ent r="4" t="105" w="424" /><ent r="92" t="112" w="468" /><ent r="3" t="112" w="472" /><ent r="92" t="112" w="508" /><ent r="100" t="112" w="512" /><ent r="3" t="112" w="521" /><ent r="4" t="119" w="204" /><ent r="5" t="126" w="364" /><ent r="5" t="126" w="430" /><ent r="64" t="134" w="187" /><ent r="5" t="142" w="144" /><ent r="5" t="142" w="182" /><ent r="5" t="142" w="198" /><ent r="5" t="142" w="220" /><ent r="4" t="145" w="156" /><ent r="4" t="145" w="179" /><ent r="5" t="146" w="146" /><ent r="5" t="146" w="169" /><ent r="5" t="146" w="184" /><ent r="5" t="147" w="132" /><ent r="92" t="148" w="168" /><ent r="92" t="149" w="162" /><ent r="1000" t="151" w="1" /><ent r="102" t="151" w="5" /><ent r="3" t="151" w="26" /><ent r="3" t="151" w="58" /><ent r="5" t="151" w="76" /><ent r="3" t="151" w="89" /><ent r="4" t="151" w="111" /><ent r="4" t="151" w="126" /><ent r="64" t="151" w="381" /><ent r="64" t="151" w="385" /><ent r="1000" t="152" w="3" /><ent r="100" t="152" w="7" /><ent r="102" t="152" w="15" /><ent r="3" t="152" w="20" /><ent r="3" t="152" w="78" /><ent r="5" t="152" w="106" /><ent r="3" t="152" w="110" /><ent r="3" t="152" w="458" /><ent r="1000" t="153" w="3" /><ent r="102" t="153" w="15" /><ent r="3" t="153" w="76" /><ent r="92" t="153" w="82" /><ent r="4" t="153" w="92" /><ent r="5" t="153" w="105" /><ent r="4" t="153" w="129" /><ent r="3" t="153" w="134" /><ent r="5" t="153" w="339" /><ent r="3" t="153" w="379" /><ent r="64" t="153" w="423" /><ent r="1000" t="154" w="3" /><ent r="102" t="154" w="15" /><ent r="4" t="154" w="48" /><ent r="5" t="154" w="84" /><ent r="3" t="154" w="90" /><ent r="1000" t="155" w="3" /><ent r="102" t="155" w="15" /><ent r="3" t="155" w="22" /><ent r="5" t="155" w="47" /><ent r="3" t="155" w="54" /><ent r="1000" t="156" w="3" /><ent r="102" t="156" w="15" /><ent r="3" t="156" w="20" /><ent r="4" t="156" w="38" /><ent r="5" t="156" w="63" /><ent r="4" t="156" w="66" /><ent r="1000" t="157" w="3" /><ent r="102" t="157" w="15" /><ent r="4" t="157" w="72" /><ent r="5" t="157" w="99" /><ent r="5" t="157" w="115" /><ent r="1000" t="158" w="3" /><ent r="102" t="158" w="15" /><ent r="4" t="158" w="61" /><ent r="5" t="158" w="88" /><ent r="5" t="158" w="114" /><ent r="3" t="158" w="123" /><ent r="64" t="158" w="157" /><ent r="1000" t="159" w="4" /><ent r="100" t="159" w="9" /><ent r="102" t="159" w="19" /><ent r="3" t="159" w="24" /><ent r="4" t="159" w="52" /><ent r="5" t="159" w="80" /><ent r="1000" t="160" w="4" /><ent r="100" t="160" w="9" /><ent r="102" t="160" w="19" /><ent r="4" t="160" w="68" /><ent r="5" t="160" w="96" /><ent r="1000" t="161" w="7" /><ent r="100" t="161" w="11" /><ent r="102" t="161" w="23" /><ent r="3" t="161" w="53" /><ent r="100" t="161" w="72" /><ent r="3" t="161" w="106" /><ent r="5" t="161" w="130" /><ent r="4" t="161" w="133" /><ent r="1000" t="162" w="3" /><ent r="102" t="162" w="15" /><ent r="5" t="162" w="151" /><ent r="3" t="162" w="157" /><ent r="3" t="175" w="430" /><ent r="92" t="179" w="513" /><ent r="6" t="179" w="539" /><ent r="5" t="180" w="819" /><ent r="4" t="181" w="563" /><ent r="3" t="181" w="1410" /><ent r="4" t="181" w="1786" /><ent r="1000" t="190" w="3" /><ent r="100" t="190" w="11" /><ent r="102" t="190" w="20" /><ent r="64" t="190" w="29" /><ent r="3" t="190" w="171" /><ent r="5" t="190" w="434" /><ent r="65" t="190" w="450" /><ent r="4" t="190" w="499" /><ent r="64" t="203" w="217" /><ent r="5" t="219" w="121" /><ent r="1000" t="223" w="1" /><ent r="102" t="223" w="10" /><ent r="64" t="224" w="16" /><ent r="7" t="235" w="87" /><ent r="7" t="235" w="90" /><ent r="64" t="236" w="20" /></phr><phr n="Property"><ent r="6" t="223" w="15" /></phr></stem><stem n="entir"><phr n="entire"><ent r="7" t="5" w="196" /><ent r="7" t="5" w="245" /><ent r="3" t="49" w="422" /><ent r="5" t="89" w="288" /><ent r="4" t="114" w="138" /><ent r="3" t="119" w="120" /><ent r="3" t="122" w="842" /><ent r="3" t="125" w="215" /><ent r="3" t="126" w="110" /><ent r="3" t="126" w="314" /><ent r="4" t="135" w="17" /><ent r="4" t="148" w="573" /><ent r="4" t="148" w="996" /><ent r="3" t="163" w="450" /><ent r="3" t="164" w="280" /><ent r="3" t="173" w="215" /><ent r="4" t="174" w="700" /><ent r="4" t="177" w="1044" /><ent r="4" t="202" w="380" /><ent r="4" t="202" w="407" /></phr><phr n="entirely"><ent r="3" t="174" w="265" /><ent r="3" t="231" w="226" /></phr></stem></index>