﻿<?xml version="1.0" encoding="utf-8"?><index><stem n="longitud"><phr n="longitude"><ent r="4" t="20" w="343" /><ent r="4" t="26" w="545" /><ent r="4" t="48" w="216" /><ent r="3" t="72" w="25" /><ent r="3" t="72" w="86" /><ent r="4" t="74" w="44" /><ent r="4" t="74" w="67" /><ent r="3" t="107" w="83" /><ent r="3" t="107" w="254" /><ent r="100" t="145" w="12" /><ent r="3" t="145" w="33" /><ent r="3" t="159" w="311" /><ent r="4" t="168" w="115" /><ent r="3" t="174" w="140" /><ent r="3" t="174" w="167" /><ent r="3" t="174" w="1648" /><ent r="3" t="174" w="2137" /><ent r="4" t="177" w="666" /><ent r="5" t="184" w="260" /><ent r="3" t="187" w="34" /><ent r="7" t="228" w="48" /><ent r="7" t="228" w="58" /><ent r="7" t="228" w="71" /><ent r="3" t="231" w="88" /><ent r="3" t="231" w="112" /><ent r="3" t="231" w="173" /><ent r="3" t="231" w="206" /><ent r="3" t="231" w="325" /><ent r="3" t="231" w="377" /><ent r="3" t="231" w="390" /><ent r="3" t="231" w="441" /><ent r="3" t="231" w="462" /></phr><phr n="Longitude"><ent r="5" t="48" w="206" /><ent r="5" t="73" w="238" /><ent r="1000" t="145" w="2" /><ent r="1000" t="159" w="2" /><ent r="100" t="159" w="7" /><ent r="100" t="159" w="13" /><ent r="102" t="159" w="17" /><ent r="5" t="159" w="158" /><ent r="3" t="159" w="283" /><ent r="3" t="159" w="304" /><ent r="4" t="174" w="875" /><ent r="3" t="174" w="932" /><ent r="4" t="174" w="1493" /><ent r="7" t="174" w="1538" /><ent r="4" t="174" w="2307" /><ent r="3" t="174" w="2770" /><ent r="6" t="223" w="155" /><ent r="6" t="223" w="208" /><ent r="6" t="223" w="250" /><ent r="6" t="223" w="312" /><ent r="6" t="223" w="380" /><ent r="6" t="223" w="461" /><ent r="6" t="223" w="496" /><ent r="6" t="223" w="577" /></phr></stem><stem n="(latitude/longitude)"><phr n="(latitude/longitude)"><ent r="4" t="20" w="344" /></phr></stem><stem n="tile"><phr n="tiled"><ent r="4" t="20" w="348" /></phr><phr n="Tile"><ent r="5" t="148" w="242" /><ent r="4" t="174" w="2022" /><ent r="5" t="174" w="2173" /><ent r="3" t="176" w="787" /><ent r="5" t="180" w="886" /><ent r="5" t="180" w="991" /></phr><phr n="tile"><ent r="3" t="176" w="779" /></phr></stem><stem n="plain"><phr n="plain"><ent r="4" t="20" w="356" /></phr></stem><stem n="tif"><phr n="TIF"><ent r="4" t="20" w="357" /></phr><phr n="tif"><ent r="5" t="173" w="547" /><ent r="5" t="176" w="361" /><ent r="5" t="176" w="369" /><ent r="5" t="176" w="439" /><ent r="5" t="176" w="456" /><ent r="5" t="177" w="648" /><ent r="5" t="178" w="644" /><ent r="5" t="180" w="522" /><ent r="5" t="180" w="560" /><ent r="5" t="180" w="769" /><ent r="5" t="180" w="931" /><ent r="5" t="180" w="1157" /><ent r="5" t="181" w="1814" /></phr></stem><stem n="hyperion"><phr n="Hyperion"><ent r="5" t="20" w="377" /></phr></stem><stem n="ic"><phr n="Ice"><ent r="5" t="20" w="381" /><ent r="4" t="20" w="403" /><ent r="5" t="20" w="420" /><ent r="4" t="22" w="106" /><ent r="4" t="22" w="139" /><ent r="67" t="24" w="114" /><ent r="5" t="25" w="117" /><ent r="65" t="25" w="160" /><ent r="4" t="140" w="88" /><ent r="92" t="140" w="351" /><ent r="1000" t="210" w="1" /><ent r="102" t="210" w="5" /><ent r="100" t="210" w="9" /><ent r="3" t="210" w="15" /><ent r="92" t="210" w="183" /><ent r="3" t="210" w="189" /></phr><phr n="ice"><ent r="4" t="25" w="135" /><ent r="6" t="173" w="2360" /><ent r="5" t="174" w="694" /><ent r="5" t="174" w="1082" /><ent r="5" t="174" w="2223" /><ent r="5" t="174" w="2392" /><ent r="4" t="182" w="693" /><ent r="4" t="182" w="714" /><ent r="4" t="182" w="739" /></phr><phr n="ICE"><ent r="4" t="173" w="81" /><ent r="4" t="173" w="221" /><ent r="3" t="173" w="242" /><ent r="3" t="173" w="247" /><ent r="3" t="173" w="284" /><ent r="4" t="173" w="2292" /><ent r="4" t="173" w="2301" /></phr></stem><stem n="nativ"><phr n="native"><ent r="4" t="20" w="391" /><ent r="3" t="193" w="18" /></phr><phr n="natively"><ent r="4" t="25" w="147" /></phr><phr n="Native"><ent r="3" t="32" w="30" /></phr></stem><stem n="export"><phr n="exported"><ent r="4" t="20" w="400" /><ent r="4" t="26" w="70" /><ent r="5" t="26" w="422" /><ent r="5" t="26" w="439" /><ent r="5" t="26" w="461" /><ent r="5" t="26" w="502" /><ent r="4" t="26" w="563" /><ent r="3" t="105" w="413" /><ent r="3" t="140" w="186" /><ent r="3" t="140" w="220" /><ent r="3" t="140" w="289" /><ent r="3" t="140" w="323" /><ent r="3" t="140" w="493" /><ent r="3" t="140" w="527" /><ent r="3" t="140" w="657" /><ent r="3" t="140" w="691" /><ent r="3" t="178" w="786" /><ent r="3" t="178" w="1194" /><ent r="3" t="178" w="1254" /><ent r="3" t="178" w="1282" /><ent r="4" t="214" w="42" /><ent r="4" t="216" w="60" /><ent r="4" t="217" w="72" /><ent r="4" t="218" w="45" /></phr><phr n="Exporter"><ent r="4" t="20" w="404" /><ent r="4" t="24" w="74" /><ent r="67" t="24" w="107" /><ent r="67" t="24" w="111" /><ent r="67" t="24" w="115" /><ent r="67" t="24" w="119" /><ent r="5" t="25" w="32" /><ent r="65" t="25" w="75" /><ent r="5" t="25" w="80" /><ent r="65" t="25" w="113" /><ent r="5" t="25" w="118" /><ent r="65" t="25" w="161" /><ent r="5" t="25" w="166" /><ent r="65" t="25" w="187" /><ent r="5" t="25" w="193" /><ent r="5" t="25" w="198" /><ent r="5" t="26" w="133" /><ent r="5" t="26" w="139" /><ent r="92" t="26" w="363" /><ent r="3" t="26" w="369" /><ent r="5" t="27" w="83" /><ent r="67" t="27" w="118" /><ent r="67" t="27" w="123" /><ent r="67" t="27" w="128" /><ent r="67" t="27" w="133" /><ent r="67" t="27" w="138" /><ent r="67" t="27" w="143" /><ent r="5" t="28" w="32" /><ent r="65" t="28" w="45" /><ent r="5" t="28" w="51" /><ent r="65" t="28" w="93" /><ent r="5" t="28" w="99" /><ent r="65" t="28" w="135" /><ent r="5" t="28" w="141" /><ent r="65" t="28" w="194" /><ent r="5" t="28" w="199" /><ent r="5" t="28" w="238" /><ent r="65" t="28" w="247" /><ent r="5" t="28" w="253" /><ent r="65" t="28" w="299" /><ent r="5" t="28" w="304" /><ent r="3" t="29" w="57" /><ent r="4" t="29" w="63" /><ent r="65" t="29" w="106" /><ent r="4" t="30" w="67" /><ent r="1000" t="34" w="3" /><ent r="102" t="34" w="9" /><ent r="3" t="34" w="14" /><ent r="8" t="122" w="376" /><ent r="4" t="166" w="256" /><ent r="4" t="173" w="82" /><ent r="4" t="173" w="222" /><ent r="4" t="173" w="2294" /><ent r="100" t="174" w="441" /><ent r="4" t="174" w="444" /><ent r="4" t="174" w="2899" /><ent r="4" t="174" w="2907" /><ent r="5" t="174" w="2912" /><ent r="4" t="178" w="1015" /><ent r="5" t="178" w="1022" /><ent r="4" t="178" w="1035" /><ent r="5" t="182" w="579" /><ent r="5" t="182" w="593" /><ent r="7" t="182" w="1089" /><ent r="3" t="182" w="1359" /><ent r="3" t="189" w="302" /><ent r="1000" t="208" w="2" /><ent r="102" t="208" w="6" /><ent r="100" t="208" w="10" /><ent r="3" t="208" w="15" /><ent r="3" t="208" w="40" /><ent r="3" t="208" w="71" /><ent r="3" t="208" w="92" /><ent r="92" t="208" w="294" /><ent r="1000" t="209" w="2" /><ent r="102" t="209" w="6" /><ent r="100" t="209" w="10" /><ent r="3" t="209" w="15" /><ent r="3" t="209" w="36" /><ent r="92" t="209" w="225" /><ent r="3" t="209" w="231" /><ent r="1000" t="210" w="2" /><ent r="102" t="210" w="6" /><ent r="100" t="210" w="10" /><ent r="3" t="210" w="16" /><ent r="92" t="210" w="184" /><ent r="3" t="210" w="190" /><ent r="1000" t="211" w="2" /><ent r="102" t="211" w="6" /><ent r="3" t="211" w="15" /><ent r="1000" t="212" w="3" /><ent r="100" t="212" w="8" /><ent r="102" t="212" w="13" /><ent r="3" t="212" w="19" /><ent r="1000" t="213" w="2" /><ent r="100" t="213" w="6" /><ent r="102" t="213" w="10" /><ent r="1000" t="214" w="3" /><ent r="100" t="214" w="7" /><ent r="102" t="214" w="11" /><ent r="4" t="214" w="17" /><ent r="1000" t="215" w="3" /><ent r="100" t="215" w="8" /><ent r="102" t="215" w="13" /><ent r="1000" t="216" w="3" /><ent r="102" t="216" w="8" /><ent r="100" t="216" w="13" /><ent r="3" t="216" w="19" /><ent r="1000" t="217" w="3" /><ent r="100" t="217" w="7" /><ent r="102" t="217" w="11" /><ent r="4" t="217" w="17" /><ent r="1000" t="218" w="3" /><ent r="100" t="218" w="8" /><ent r="102" t="218" w="13" /><ent r="4" t="218" w="19" /></phr><phr n="Export"><ent r="64" t="21" w="527" /><ent r="1000" t="24" w="1" /><ent r="102" t="24" w="13" /><ent r="5" t="24" w="47" /><ent r="4" t="24" w="51" /><ent r="6" t="24" w="103" /><ent r="64" t="24" w="132" /><ent r="1000" t="26" w="1" /><ent r="102" t="26" w="10" /><ent r="5" t="26" w="118" /><ent r="4" t="26" w="128" /><ent r="4" t="26" w="187" /><ent r="1000" t="27" w="1" /><ent r="102" t="27" w="13" /><ent r="4" t="27" w="42" /><ent r="4" t="27" w="56" /><ent r="3" t="27" w="60" /><ent r="6" t="27" w="114" /><ent r="1000" t="29" w="1" /><ent r="102" t="29" w="13" /><ent r="5" t="29" w="46" /><ent r="4" t="29" w="50" /><ent r="1000" t="30" w="1" /><ent r="102" t="30" w="6" /><ent r="5" t="30" w="40" /><ent r="4" t="30" w="44" /><ent r="4" t="49" w="249" /><ent r="4" t="49" w="435" /><ent r="4" t="49" w="439" /><ent r="5" t="53" w="168" /><ent r="5" t="89" w="494" /><ent r="65" t="127" w="137" /><ent r="65" t="128" w="235" /><ent r="64" t="129" w="128" /><ent r="65" t="131" w="115" /><ent r="66" t="139" w="178" /><ent r="1000" t="140" w="1" /><ent r="102" t="140" w="4" /><ent r="3" t="140" w="13" /><ent r="4" t="140" w="32" /><ent r="4" t="140" w="74" /><ent r="4" t="140" w="84" /><ent r="64" t="172" w="322" /><ent r="64" t="172" w="335" /><ent r="64" t="172" w="367" /><ent r="1000" t="173" w="5" /><ent r="103" t="173" w="16" /><ent r="4" t="173" w="76" /><ent r="92" t="173" w="2111" /><ent r="5" t="173" w="2123" /><ent r="3" t="173" w="2127" /><ent r="92" t="173" w="2157" /><ent r="5" t="173" w="2197" /><ent r="4" t="173" w="2273" /><ent r="102" t="174" w="31" /><ent r="4" t="174" w="123" /><ent r="92" t="174" w="2760" /><ent r="5" t="174" w="2894" /><ent r="4" t="175" w="798" /><ent r="5" t="175" w="994" /><ent r="1000" t="178" w="2" /><ent r="102" t="178" w="15" /><ent r="4" t="178" w="63" /><ent r="92" t="178" w="971" /><ent r="5" t="178" w="1004" /><ent r="4" t="178" w="1008" /><ent r="4" t="179" w="98" /><ent r="5" t="182" w="555" /><ent r="7" t="182" w="1075" /><ent r="7" t="182" w="1091" /><ent r="3" t="182" w="1353" /><ent r="3" t="211" w="227" /><ent r="92" t="213" w="105" /><ent r="92" t="215" w="110" /></phr><phr n="Exporters"><ent r="92" t="22" w="115" /><ent r="64" t="24" w="87" /><ent r="1000" t="25" w="3" /><ent r="102" t="25" w="7" /><ent r="100" t="25" w="9" /><ent r="65" t="27" w="96" /><ent r="1000" t="28" w="3" /><ent r="102" t="28" w="7" /><ent r="100" t="28" w="9" /></phr><phr n="export"><ent r="3" t="22" w="120" /><ent r="100" t="24" w="5" /><ent r="100" t="24" w="11" /><ent r="3" t="24" w="18" /><ent r="4" t="24" w="36" /><ent r="3" t="24" w="93" /><ent r="64" t="25" w="25" /><ent r="4" t="25" w="70" /><ent r="4" t="25" w="85" /><ent r="4" t="25" w="108" /><ent r="4" t="25" w="123" /><ent r="4" t="25" w="156" /><ent r="4" t="25" w="171" /><ent r="4" t="25" w="182" /><ent r="100" t="26" w="5" /><ent r="100" t="26" w="7" /><ent r="3" t="26" w="93" /><ent r="3" t="26" w="379" /><ent r="100" t="27" w="7" /><ent r="100" t="27" w="9" /><ent r="4" t="27" w="18" /><ent r="3" t="27" w="104" /><ent r="64" t="28" w="25" /><ent r="4" t="28" w="37" /><ent r="4" t="28" w="40" /><ent r="4" t="28" w="56" /><ent r="4" t="28" w="87" /><ent r="4" t="28" w="104" /><ent r="4" t="28" w="129" /><ent r="4" t="28" w="146" /><ent r="4" t="28" w="188" /><ent r="4" t="28" w="204" /><ent r="4" t="28" w="241" /><ent r="4" t="28" w="258" /><ent r="4" t="28" w="293" /><ent r="4" t="28" w="307" /><ent r="100" t="29" w="7" /><ent r="100" t="29" w="9" /><ent r="3" t="29" w="18" /><ent r="4" t="29" w="100" /><ent r="100" t="30" w="11" /><ent r="3" t="30" w="20" /><ent r="3" t="49" w="52" /><ent r="4" t="49" w="254" /><ent r="4" t="49" w="452" /><ent r="4" t="53" w="173" /><ent r="5" t="89" w="499" /><ent r="3" t="105" w="327" /><ent r="5" t="139" w="186" /><ent r="100" t="140" w="7" /><ent r="100" t="140" w="11" /><ent r="3" t="140" w="133" /><ent r="3" t="140" w="236" /><ent r="3" t="140" w="440" /><ent r="3" t="140" w="564" /><ent r="3" t="140" w="604" /><ent r="100" t="173" w="10" /><ent r="3" t="173" w="49" /><ent r="4" t="173" w="2302" /><ent r="3" t="173" w="2397" /><ent r="100" t="174" w="13" /><ent r="3" t="174" w="74" /><ent r="3" t="174" w="88" /><ent r="3" t="174" w="449" /><ent r="3" t="174" w="2764" /><ent r="4" t="174" w="2834" /><ent r="3" t="174" w="2969" /><ent r="4" t="175" w="819" /><ent r="4" t="175" w="1006" /><ent r="100" t="178" w="8" /><ent r="100" t="178" w="10" /><ent r="3" t="178" w="45" /><ent r="3" t="178" w="808" /><ent r="4" t="178" w="1109" /><ent r="3" t="178" w="1213" /><ent r="3" t="178" w="1309" /><ent r="3" t="179" w="397" /><ent r="4" t="179" w="459" /><ent r="64" t="208" w="46" /><ent r="3" t="208" w="100" /><ent r="3" t="208" w="119" /><ent r="3" t="208" w="144" /><ent r="3" t="208" w="306" /><ent r="4" t="208" w="338" /><ent r="3" t="209" w="50" /><ent r="3" t="209" w="75" /><ent r="3" t="210" w="28" /><ent r="3" t="211" w="48" /><ent r="3" t="211" w="73" /><ent r="3" t="213" w="35" /><ent r="3" t="213" w="129" /><ent r="3" t="213" w="172" /><ent r="3" t="215" w="40" /><ent r="3" t="215" w="134" /><ent r="3" t="215" w="177" /><ent r="3" t="216" w="23" /></phr><phr n="exporters"><ent r="3" t="24" w="82" /><ent r="100" t="25" w="15" /><ent r="3" t="25" w="19" /><ent r="4" t="27" w="91" /><ent r="100" t="28" w="15" /><ent r="3" t="28" w="19" /><ent r="3" t="122" w="86" /></phr><phr n="exporter"><ent r="3" t="26" w="15" /><ent r="4" t="26" w="61" /><ent r="4" t="28" w="316" /><ent r="8" t="122" w="379" /><ent r="4" t="173" w="2138" /><ent r="4" t="190" w="758" /><ent r="100" t="211" w="10" /></phr><phr n="exports"><ent r="3" t="26" w="16" /><ent r="3" t="105" w="378" /><ent r="3" t="105" w="394" /><ent r="5" t="139" w="194" /><ent r="3" t="140" w="531" /></phr><phr n="exporting"><ent r="64" t="26" w="24" /><ent r="3" t="30" w="75" /><ent r="3" t="99" w="29" /><ent r="3" t="140" w="22" /><ent r="4" t="166" w="260" /><ent r="3" t="173" w="40" /><ent r="3" t="178" w="36" /><ent r="3" t="208" w="87" /><ent r="3" t="209" w="31" /><ent r="3" t="211" w="31" /><ent r="3" t="211" w="247" /><ent r="3" t="213" w="17" /><ent r="4" t="214" w="27" /><ent r="3" t="215" w="20" /><ent r="4" t="217" w="29" /><ent r="4" t="218" w="29" /></phr></stem><stem n="order"><phr n="order"><ent r="4" t="20" w="406" /><ent r="3" t="112" w="538" /><ent r="7" t="113" w="237" /><ent r="7" t="113" w="254" /><ent r="7" t="113" w="271" /><ent r="7" t="113" w="288" /><ent r="100" t="122" w="90" /><ent r="3" t="122" w="125" /><ent r="3" t="122" w="131" /><ent r="3" t="122" w="140" /><ent r="3" t="122" w="907" /><ent r="3" t="163" w="65" /><ent r="3" t="174" w="375" /><ent r="3" t="175" w="161" /><ent r="3" t="176" w="611" /><ent r="3" t="181" w="162" /><ent r="3" t="181" w="275" /><ent r="3" t="181" w="286" /><ent r="3" t="181" w="822" /><ent r="4" t="181" w="1108" /><ent r="3" t="182" w="775" /><ent r="4" t="182" w="1270" /><ent r="4" t="182" w="1319" /><ent r="100" t="187" w="7" /><ent r="4" t="189" w="55" /><ent r="4" t="189" w="147" /><ent r="3" t="189" w="234" /><ent r="7" t="193" w="336" /><ent r="7" t="193" w="340" /><ent r="7" t="193" w="358" /><ent r="7" t="193" w="374" /><ent r="7" t="193" w="426" /><ent r="3" t="193" w="750" /><ent r="3" t="231" w="35" /><ent r="100" t="234" w="7" /><ent r="100" t="234" w="13" /><ent r="7" t="234" w="139" /><ent r="7" t="234" w="156" /><ent r="7" t="234" w="177" /><ent r="7" t="234" w="194" /></phr><phr n="Order"><ent r="92" t="64" w="122" /><ent r="64" t="107" w="504" /><ent r="82" t="122" w="899" /><ent r="1000" t="187" w="3" /><ent r="102" t="187" w="11" /><ent r="7" t="234" w="130" /><ent r="7" t="234" w="172" /></phr></stem><stem n="pseudocolor"><phr n="Pseudocolor"><ent r="5" t="20" w="421" /><ent r="64" t="141" w="46" /><ent r="1000" t="147" w="1" /><ent r="102" t="147" w="5" /><ent r="3" t="147" w="14" /><ent r="4" t="147" w="70" /><ent r="5" t="147" w="124" /></phr><phr n="pseudocolor"><ent r="4" t="20" w="432" /><ent r="4" t="53" w="143" /><ent r="3" t="106" w="304" /><ent r="100" t="147" w="9" /><ent r="3" t="147" w="28" /></phr></stem><stem n="jpeg2000"><phr n="Jpeg2000"><ent r="5" t="20" w="442" /><ent r="4" t="20" w="449" /></phr></stem><stem n="jp2"><phr n="jp2"><ent r="4" t="20" w="451" /></phr></stem><stem n="(*.jp2,"><phr n="(*.jp2,"><ent r="4" t="20" w="452" /></phr></stem><stem n="j2k"><phr n="j2k"><ent r="4" t="20" w="452" /></phr></stem><stem n="*.j2k)."><phr n="*.j2k)."><ent r="4" t="20" w="453" /></phr></stem><stem n="model"><phr n="Model"><ent r="5" t="20" w="458" /><ent r="5" t="194" w="24" /></phr></stem><stem n="nitf"><phr n="NITF"><ent r="5" t="20" w="461" /><ent r="4" t="20" w="470" /><ent r="65" t="20" w="474" /><ent r="4" t="22" w="113" /><ent r="4" t="22" w="137" /><ent r="1000" t="23" w="1" /><ent r="102" t="23" w="4" /><ent r="100" t="23" w="7" /><ent r="3" t="23" w="11" /><ent r="3" t="23" w="19" /><ent r="4" t="23" w="26" /><ent r="4" t="23" w="54" /><ent r="4" t="23" w="76" /><ent r="4" t="23" w="92" /><ent r="4" t="23" w="97" /><ent r="3" t="23" w="124" /><ent r="67" t="24" w="118" /><ent r="5" t="25" w="165" /><ent r="4" t="25" w="176" /><ent r="65" t="25" w="186" /><ent r="3" t="107" w="46" /><ent r="3" t="166" w="92" /><ent r="1000" t="211" w="1" /><ent r="102" t="211" w="5" /><ent r="100" t="211" w="9" /><ent r="3" t="211" w="14" /><ent r="3" t="211" w="226" /></phr></stem><stem n="esri"><phr n="ESRI"><ent r="4" t="20" w="491" /><ent r="3" t="21" w="59" /><ent r="3" t="177" w="155" /><ent r="3" t="177" w="159" /><ent r="3" t="178" w="145" /><ent r="3" t="178" w="149" /></phr></stem><stem n="wavelength"><phr n="Wavelength"><ent r="5" t="20" w="509" /><ent r="5" t="20" w="519" /><ent r="65" t="20" w="541" /><ent r="5" t="25" w="191" /><ent r="5" t="25" w="196" /><ent r="64" t="172" w="377" /><ent r="1000" t="179" w="7" /><ent r="100" t="179" w="10" /><ent r="100" t="179" w="13" /><ent r="102" t="179" w="22" /><ent r="4" t="179" w="458" /><ent r="92" t="179" w="512" /><ent r="5" t="179" w="545" /><ent r="3" t="188" w="104" /><ent r="64" t="188" w="109" /><ent r="1000" t="189" w="1" /><ent r="102" t="189" w="8" /><ent r="3" t="189" w="16" /><ent r="3" t="189" w="300" /><ent r="3" t="189" w="304" /><ent r="4" t="190" w="515" /><ent r="3" t="193" w="780" /><ent r="64" t="203" w="221" /></phr><phr n="wavelength"><ent r="4" t="20" w="524" /><ent r="3" t="44" w="296" /><ent r="3" t="44" w="298" /><ent r="3" t="152" w="404" /><ent r="3" t="152" w="431" /><ent r="3" t="179" w="44" /><ent r="4" t="179" w="71" /><ent r="3" t="179" w="129" /><ent r="3" t="179" w="138" /><ent r="3" t="179" w="161" /><ent r="3" t="179" w="295" /><ent r="3" t="179" w="302" /><ent r="3" t="179" w="502" /><ent r="3" t="188" w="12" /><ent r="3" t="188" w="33" /><ent r="3" t="188" w="215" /><ent r="3" t="188" w="219" /><ent r="3" t="188" w="229" /><ent r="3" t="188" w="233" /><ent r="3" t="188" w="241" /><ent r="3" t="188" w="245" /><ent r="3" t="189" w="24" /><ent r="4" t="189" w="101" /><ent r="4" t="189" w="117" /><ent r="4" t="189" w="126" /><ent r="4" t="189" w="136" /><ent r="4" t="189" w="192" /><ent r="4" t="189" w="201" /><ent r="4" t="189" w="211" /><ent r="3" t="189" w="259" /><ent r="3" t="189" w="265" /><ent r="3" t="189" w="272" /><ent r="3" t="189" w="288" /><ent r="3" t="189" w="291" /><ent r="3" t="190" w="110" /><ent r="3" t="190" w="137" /><ent r="3" t="190" w="215" /><ent r="3" t="190" w="385" /><ent r="83" t="190" w="490" /><ent r="4" t="190" w="513" /><ent r="4" t="190" w="553" /><ent r="4" t="190" w="583" /><ent r="3" t="190" w="674" /><ent r="4" t="190" w="691" /><ent r="4" t="190" w="718" /><ent r="4" t="190" w="743" /><ent r="4" t="190" w="757" /><ent r="3" t="190" w="767" /><ent r="7" t="193" w="614" /><ent r="7" t="193" w="619" /><ent r="7" t="193" w="662" /><ent r="3" t="193" w="842" /><ent r="3" t="203" w="202" /></phr><phr n="wavelengths"><ent r="4" t="20" w="528" /><ent r="3" t="44" w="137" /><ent r="3" t="44" w="331" /><ent r="3" t="44" w="351" /><ent r="3" t="152" w="333" /><ent r="3" t="152" w="340" /><ent r="3" t="152" w="364" /><ent r="3" t="152" w="368" /><ent r="3" t="152" w="383" /><ent r="3" t="152" w="418" /><ent r="3" t="152" w="438" /><ent r="3" t="179" w="52" /><ent r="4" t="179" w="83" /><ent r="4" t="179" w="88" /><ent r="4" t="179" w="100" /><ent r="4" t="179" w="114" /><ent r="3" t="179" w="149" /><ent r="3" t="179" w="154" /><ent r="4" t="179" w="314" /><ent r="3" t="179" w="339" /><ent r="3" t="179" w="382" /><ent r="4" t="179" w="473" /><ent r="4" t="179" w="553" /><ent r="3" t="179" w="579" /><ent r="3" t="188" w="122" /><ent r="3" t="188" w="156" /><ent r="4" t="189" w="49" /><ent r="3" t="189" w="244" /><ent r="3" t="190" w="39" /><ent r="3" t="190" w="46" /><ent r="3" t="190" w="70" /><ent r="3" t="190" w="74" /><ent r="3" t="190" w="89" /><ent r="3" t="190" w="124" /><ent r="3" t="190" w="144" /><ent r="3" t="190" w="228" /><ent r="3" t="190" w="245" /><ent r="3" t="190" w="278" /><ent r="3" t="190" w="312" /><ent r="3" t="190" w="327" /><ent r="3" t="190" w="347" /><ent r="3" t="190" w="358" /><ent r="3" t="190" w="377" /><ent r="83" t="190" w="397" /><ent r="3" t="190" w="464" /><ent r="83" t="190" w="487" /><ent r="4" t="190" w="525" /><ent r="4" t="190" w="531" /><ent r="3" t="190" w="542" /><ent r="3" t="190" w="629" /><ent r="4" t="190" w="687" /><ent r="3" t="202" w="175" /><ent r="3" t="203" w="35" /><ent r="3" t="203" w="62" /><ent r="3" t="203" w="95" /><ent r="3" t="203" w="129" /><ent r="3" t="203" w="144" /><ent r="3" t="203" w="164" /><ent r="3" t="203" w="175" /><ent r="3" t="203" w="194" /></phr><phr n="Wavelengths"><ent r="65" t="31" w="84" /><ent r="92" t="152" w="319" /><ent r="3" t="152" w="323" /><ent r="3" t="152" w="348" /><ent r="3" t="152" w="391" /><ent r="3" t="152" w="409" /><ent r="3" t="152" w="440" /><ent r="64" t="152" w="451" /><ent r="64" t="172" w="374" /><ent r="1000" t="179" w="4" /><ent r="102" t="179" w="19" /><ent r="3" t="179" w="40" /><ent r="4" t="179" w="75" /><ent r="3" t="179" w="123" /><ent r="4" t="179" w="289" /><ent r="64" t="179" w="373" /><ent r="4" t="179" w="417" /><ent r="3" t="179" w="575" /><ent r="1000" t="188" w="1" /><ent r="102" t="188" w="6" /><ent r="3" t="188" w="74" /><ent r="1000" t="190" w="1" /><ent r="100" t="190" w="6" /><ent r="100" t="190" w="9" /><ent r="100" t="190" w="15" /><ent r="102" t="190" w="18" /><ent r="3" t="190" w="24" /><ent r="3" t="190" w="54" /><ent r="3" t="190" w="97" /><ent r="3" t="190" w="115" /><ent r="3" t="190" w="146" /><ent r="92" t="190" w="154" /><ent r="3" t="190" w="158" /><ent r="3" t="190" w="188" /><ent r="82" t="190" w="237" /><ent r="3" t="190" w="241" /><ent r="4" t="190" w="437" /><ent r="4" t="190" w="495" /><ent r="3" t="190" w="621" /><ent r="64" t="190" w="786" /><ent r="1000" t="203" w="1" /><ent r="102" t="203" w="6" /><ent r="100" t="203" w="11" /><ent r="100" t="203" w="14" /><ent r="100" t="203" w="21" /><ent r="3" t="203" w="25" /><ent r="3" t="203" w="44" /><ent r="82" t="203" w="54" /><ent r="3" t="203" w="58" /><ent r="64" t="203" w="218" /></phr></stem><stem n="wmd"><phr n="wmd"><ent r="4" t="20" w="513" /><ent r="4" t="190" w="523" /><ent r="4" t="190" w="752" /></phr></stem><stem n="(*.wmd)"><phr n="(*.wmd)"><ent r="4" t="20" w="514" /></phr></stem><stem n="xml"><phr n="XML"><ent r="4" t="20" w="514" /><ent r="3" t="132" w="20" /><ent r="4" t="182" w="1691" /></phr><phr n="xml"><ent r="4" t="22" w="173" /><ent r="4" t="182" w="1440" /><ent r="3" t="182" w="1632" /><ent r="3" t="182" w="1644" /></phr></stem><stem n="wav"><phr n="wav"><ent r="4" t="20" w="530" /><ent r="4" t="190" w="520" /><ent r="4" t="190" w="749" /></phr></stem><stem n="(*.wav,"><phr n="(*.wav,"><ent r="4" t="20" w="531" /></phr></stem><stem n="wave"><phr n="wave"><ent r="4" t="20" w="531" /><ent r="3" t="152" w="378" /><ent r="3" t="188" w="30" /><ent r="3" t="190" w="84" /><ent r="4" t="190" w="521" /><ent r="4" t="190" w="750" /></phr><phr n="waves"><ent r="3" t="188" w="56" /></phr></stem><stem n="*.wave)"><phr n="*.wave)"><ent r="4" t="20" w="532" /></phr></stem><stem n="might"><phr n="might"><ent r="3" t="20" w="551" /><ent r="3" t="22" w="59" /><ent r="3" t="43" w="85" /><ent r="3" t="176" w="776" /></phr></stem><stem n="depend"><phr n="depending"><ent r="3" t="20" w="555" /><ent r="3" t="202" w="251" /><ent r="3" t="231" w="485" /></phr><phr n="depends"><ent r="3" t="40" w="231" /><ent r="3" t="46" w="106" /><ent r="3" t="80" w="455" /><ent r="4" t="106" w="572" /><ent r="4" t="107" w="352" /><ent r="4" t="156" w="190" /><ent r="4" t="161" w="315" /><ent r="3" t="177" w="1186" /><ent r="3" t="231" w="464" /></phr><phr n="depend"><ent r="4" t="119" w="53" /><ent r="4" t="122" w="766" /><ent r="4" t="126" w="69" /></phr><phr n="dependent"><ent r="4" t="148" w="325" /><ent r="4" t="148" w="748" /></phr><phr n="Depending"><ent r="3" t="202" w="31" /></phr></stem><stem n="group"><phr n="group"><ent r="3" t="21" w="22" /><ent r="3" t="58" w="24" /><ent r="3" t="122" w="82" /><ent r="4" t="174" w="2613" /><ent r="3" t="175" w="119" /><ent r="3" t="177" w="93" /><ent r="3" t="177" w="231" /><ent r="3" t="178" w="83" /><ent r="3" t="178" w="220" /><ent r="3" t="178" w="1285" /></phr><phr n="Group"><ent r="6" t="28" w="164" /><ent r="92" t="64" w="110" /><ent r="3" t="64" w="115" /></phr><phr n="groups"><ent r="4" t="142" w="137" /><ent r="4" t="146" w="139" /><ent r="4" t="148" w="133" /></phr></stem><stem n="exchang"><phr n="exchange"><ent r="3" t="21" w="27" /><ent r="3" t="177" w="100" /><ent r="3" t="177" w="148" /><ent r="3" t="178" w="90" /><ent r="3" t="178" w="138" /></phr></stem><stem n="gi"><phr n="GIS"><ent r="5" t="21" w="29" /><ent r="3" t="21" w="38" /><ent r="3" t="177" w="104" /><ent r="3" t="177" w="108" /><ent r="3" t="177" w="124" /><ent r="3" t="177" w="149" /><ent r="3" t="177" w="180" /><ent r="3" t="177" w="281" /><ent r="3" t="177" w="1163" /><ent r="3" t="178" w="94" /><ent r="3" t="178" w="98" /><ent r="3" t="178" w="114" /><ent r="3" t="178" w="139" /><ent r="3" t="178" w="170" /><ent r="3" t="178" w="270" /></phr></stem><stem n="commonli"><phr n="commonly"><ent r="3" t="21" w="41" /><ent r="3" t="112" w="58" /><ent r="3" t="177" w="111" /><ent r="3" t="178" w="101" /></phr></stem><stem n="repres"><phr n="represent"><ent r="3" t="21" w="44" /><ent r="3" t="122" w="491" /><ent r="3" t="122" w="516" /><ent r="4" t="166" w="201" /><ent r="3" t="177" w="114" /><ent r="3" t="177" w="224" /><ent r="3" t="177" w="251" /><ent r="3" t="177" w="265" /><ent r="3" t="178" w="104" /><ent r="3" t="178" w="213" /><ent r="3" t="178" w="240" /><ent r="3" t="178" w="254" /><ent r="3" t="181" w="845" /></phr><phr n="represents"><ent r="4" t="106" w="470" /><ent r="5" t="163" w="338" /><ent r="4" t="173" w="1097" /><ent r="4" t="173" w="1110" /><ent r="3" t="173" w="1263" /><ent r="3" t="173" w="1298" /><ent r="3" t="176" w="739" /><ent r="3" t="181" w="820" /><ent r="3" t="182" w="773" /></phr><phr n="represented"><ent r="7" t="113" w="70" /><ent r="5" t="148" w="424" /><ent r="5" t="148" w="449" /><ent r="5" t="148" w="482" /><ent r="5" t="148" w="502" /><ent r="5" t="148" w="513" /><ent r="5" t="148" w="847" /><ent r="5" t="148" w="872" /><ent r="5" t="148" w="905" /><ent r="5" t="148" w="925" /><ent r="5" t="148" w="936" /><ent r="4" t="149" w="404" /><ent r="4" t="149" w="429" /><ent r="4" t="149" w="462" /><ent r="4" t="149" w="482" /><ent r="4" t="149" w="492" /><ent r="5" t="156" w="299" /><ent r="5" t="156" w="324" /><ent r="5" t="156" w="357" /><ent r="5" t="156" w="377" /><ent r="5" t="156" w="388" /><ent r="5" t="161" w="420" /><ent r="5" t="161" w="445" /><ent r="5" t="161" w="478" /><ent r="5" t="161" w="498" /><ent r="5" t="161" w="509" /><ent r="3" t="177" w="201" /><ent r="3" t="178" w="190" /><ent r="3" t="181" w="921" /><ent r="3" t="182" w="797" /><ent r="4" t="229" w="62" /><ent r="4" t="229" w="87" /><ent r="4" t="229" w="120" /><ent r="4" t="229" w="140" /><ent r="4" t="229" w="151" /><ent r="7" t="233" w="183" /></phr><phr n="representing"><ent r="3" t="161" w="34" /></phr></stem></index>