﻿<?xml version="1.0" encoding="utf-8"?><index><stem n=":"><phr n=":"><ent r="4" t="1" w="109" /><ent r="3" t="1" w="274" /><ent r="3" t="1" w="401" /><ent r="4" t="2" w="60" /><ent r="3" t="4" w="98" /><ent r="3" t="4" w="129" /><ent r="7" t="7" w="281" /><ent r="7" t="8" w="224" /><ent r="7" t="9" w="42" /><ent r="4" t="14" w="41" /><ent r="6" t="14" w="380" /><ent r="6" t="14" w="417" /><ent r="3" t="16" w="20" /><ent r="3" t="18" w="28" /><ent r="3" t="18" w="179" /><ent r="3" t="19" w="86" /><ent r="3" t="20" w="49" /><ent r="3" t="21" w="140" /><ent r="64" t="21" w="532" /><ent r="3" t="22" w="92" /><ent r="3" t="22" w="121" /><ent r="4" t="23" w="28" /><ent r="3" t="24" w="22" /><ent r="3" t="25" w="30" /><ent r="3" t="26" w="106" /><ent r="4" t="26" w="406" /><ent r="4" t="27" w="24" /><ent r="3" t="28" w="29" /><ent r="3" t="29" w="22" /><ent r="3" t="31" w="71" /><ent r="3" t="32" w="95" /><ent r="3" t="35" w="22" /><ent r="3" t="36" w="31" /><ent r="3" t="36" w="63" /><ent r="3" t="37" w="63" /><ent r="3" t="37" w="138" /><ent r="3" t="38" w="26" /><ent r="3" t="39" w="38" /><ent r="3" t="39" w="85" /><ent r="3" t="40" w="56" /><ent r="4" t="41" w="33" /><ent r="4" t="41" w="172" /><ent r="4" t="41" w="192" /><ent r="4" t="41" w="222" /><ent r="3" t="41" w="287" /><ent r="3" t="42" w="76" /><ent r="3" t="42" w="200" /><ent r="3" t="43" w="112" /><ent r="5" t="44" w="15" /><ent r="4" t="44" w="113" /><ent r="4" t="44" w="185" /><ent r="3" t="45" w="48" /><ent r="3" t="46" w="23" /><ent r="4" t="47" w="53" /><ent r="3" t="48" w="20" /><ent r="3" t="49" w="27" /><ent r="4" t="49" w="89" /><ent r="3" t="50" w="27" /><ent r="3" t="51" w="37" /><ent r="3" t="51" w="148" /><ent r="3" t="52" w="42" /><ent r="3" t="53" w="29" /><ent r="3" t="54" w="25" /><ent r="5" t="55" w="42" /><ent r="3" t="57" w="62" /><ent r="3" t="57" w="79" /><ent r="3" t="57" w="92" /><ent r="3" t="57" w="178" /><ent r="3" t="58" w="38" /><ent r="3" t="58" w="89" /><ent r="3" t="58" w="148" /><ent r="3" t="58" w="186" /><ent r="3" t="58" w="214" /><ent r="4" t="58" w="256" /><ent r="3" t="59" w="70" /><ent r="3" t="60" w="47" /><ent r="3" t="60" w="109" /><ent r="3" t="60" w="168" /><ent r="3" t="60" w="209" /><ent r="3" t="60" w="256" /><ent r="3" t="60" w="302" /><ent r="3" t="61" w="35" /><ent r="3" t="63" w="58" /><ent r="3" t="65" w="18" /><ent r="3" t="66" w="49" /><ent r="3" t="66" w="96" /><ent r="3" t="66" w="133" /><ent r="3" t="66" w="178" /><ent r="3" t="66" w="222" /><ent r="3" t="66" w="236" /><ent r="3" t="66" w="284" /><ent r="3" t="66" w="301" /><ent r="3" t="66" w="319" /><ent r="3" t="67" w="29" /><ent r="4" t="68" w="106" /><ent r="4" t="69" w="38" /><ent r="3" t="69" w="86" /><ent r="3" t="69" w="203" /><ent r="4" t="70" w="26" /><ent r="4" t="70" w="43" /><ent r="4" t="71" w="42" /><ent r="4" t="72" w="49" /><ent r="4" t="72" w="83" /><ent r="4" t="72" w="159" /><ent r="3" t="73" w="29" /><ent r="4" t="73" w="72" /><ent r="4" t="73" w="144" /><ent r="3" t="73" w="415" /><ent r="4" t="75" w="50" /><ent r="3" t="75" w="100" /><ent r="3" t="75" w="150" /><ent r="3" t="75" w="202" /><ent r="3" t="75" w="223" /><ent r="3" t="75" w="258" /><ent r="3" t="75" w="291" /><ent r="3" t="76" w="63" /><ent r="3" t="77" w="26" /><ent r="3" t="77" w="74" /><ent r="3" t="77" w="158" /><ent r="3" t="78" w="35" /><ent r="4" t="78" w="124" /><ent r="3" t="79" w="53" /><ent r="3" t="80" w="25" /><ent r="3" t="82" w="41" /><ent r="4" t="83" w="20" /><ent r="4" t="84" w="143" /><ent r="3" t="87" w="48" /><ent r="3" t="87" w="174" /><ent r="3" t="87" w="272" /><ent r="4" t="88" w="28" /><ent r="3" t="88" w="224" /><ent r="3" t="90" w="81" /><ent r="3" t="91" w="82" /><ent r="3" t="92" w="27" /><ent r="3" t="92" w="153" /><ent r="3" t="92" w="222" /><ent r="3" t="93" w="87" /><ent r="3" t="94" w="123" /><ent r="3" t="94" w="220" /><ent r="3" t="95" w="18" /><ent r="4" t="96" w="122" /><ent r="4" t="97" w="64" /><ent r="4" t="98" w="77" /><ent r="4" t="99" w="78" /><ent r="4" t="99" w="292" /><ent r="3" t="100" w="30" /><ent r="3" t="100" w="278" /><ent r="3" t="101" w="52" /><ent r="3" t="101" w="74" /><ent r="3" t="101" w="95" /><ent r="3" t="105" w="81" /><ent r="3" t="105" w="478" /><ent r="3" t="108" w="32" /><ent r="4" t="108" w="134" /><ent r="3" t="109" w="23" /><ent r="3" t="110" w="19" /><ent r="3" t="112" w="23" /><ent r="4" t="112" w="102" /><ent r="3" t="112" w="196" /><ent r="4" t="112" w="222" /><ent r="3" t="113" w="43" /><ent r="5" t="113" w="73" /><ent r="3" t="113" w="165" /><ent r="4" t="113" w="204" /><ent r="4" t="113" w="252" /><ent r="4" t="113" w="261" /><ent r="3" t="113" w="270" /><ent r="3" t="113" w="312" /><ent r="4" t="113" w="334" /><ent r="4" t="113" w="395" /><ent r="4" t="113" w="404" /><ent r="3" t="113" w="412" /><ent r="3" t="113" w="444" /><ent r="3" t="113" w="469" /><ent r="4" t="113" w="534" /><ent r="4" t="113" w="541" /><ent r="3" t="113" w="550" /><ent r="3" t="113" w="592" /><ent r="4" t="113" w="602" /><ent r="3" t="114" w="158" /><ent r="3" t="114" w="355" /><ent r="3" t="114" w="625" /><ent r="3" t="115" w="35" /><ent r="3" t="115" w="151" /><ent r="3" t="116" w="133" /><ent r="3" t="117" w="38" /><ent r="4" t="117" w="92" /><ent r="3" t="117" w="329" /><ent r="3" t="117" w="395" /><ent r="4" t="119" w="94" /><ent r="4" t="120" w="88" /><ent r="3" t="123" w="42" /><ent r="4" t="124" w="77" /><ent r="4" t="125" w="34" /><ent r="3" t="125" w="90" /><ent r="3" t="125" w="93" /><ent r="3" t="125" w="97" /><ent r="3" t="125" w="101" /><ent r="4" t="126" w="19" /><ent r="4" t="126" w="70" /><ent r="4" t="127" w="16" /><ent r="4" t="128" w="77" /><ent r="4" t="128" w="172" /><ent r="4" t="128" w="270" /><ent r="5" t="128" w="281" /><ent r="4" t="129" w="73" /><ent r="3" t="129" w="107" /><ent r="4" t="129" w="361" /><ent r="3" t="129" w="412" /><ent r="3" t="130" w="110" /><ent r="4" t="130" w="153" /><ent r="4" t="131" w="34" /><ent r="4" t="131" w="85" /><ent r="4" t="133" w="74" /><ent r="4" t="133" w="140" /><ent r="4" t="134" w="74" /><ent r="4" t="135" w="87" /><ent r="4" t="136" w="82" /><ent r="4" t="137" w="73" /><ent r="4" t="138" w="70" /><ent r="4" t="138" w="136" /><ent r="4" t="139" w="70" /><ent r="4" t="140" w="81" /><ent r="3" t="141" w="61" /><ent r="3" t="141" w="143" /><ent r="3" t="142" w="80" /><ent r="3" t="142" w="118" /><ent r="3" t="142" w="324" /><ent r="3" t="143" w="53" /><ent r="4" t="143" w="95" /><ent r="3" t="143" w="145" /><ent r="4" t="143" w="157" /><ent r="4" t="143" w="312" /><ent r="3" t="143" w="347" /><ent r="4" t="144" w="51" /><ent r="3" t="144" w="101" /><ent r="3" t="145" w="23" /><ent r="4" t="146" w="39" /><ent r="4" t="146" w="78" /><ent r="4" t="147" w="75" /><ent r="4" t="148" w="35" /><ent r="4" t="148" w="64" /><ent r="4" t="149" w="55" /><ent r="4" t="149" w="96" /><ent r="3" t="149" w="156" /><ent r="4" t="150" w="71" /><ent r="3" t="151" w="139" /><ent r="4" t="151" w="177" /><ent r="3" t="152" w="47" /><ent r="3" t="153" w="145" /><ent r="4" t="153" w="174" /><ent r="5" t="153" w="348" /><ent r="3" t="155" w="20" /><ent r="7" t="155" w="192" /><ent r="3" t="155" w="223" /><ent r="3" t="155" w="256" /><ent r="3" t="155" w="303" /><ent r="3" t="156" w="126" /><ent r="4" t="157" w="229" /><ent r="3" t="158" w="81" /><ent r="4" t="158" w="151" /><ent r="3" t="158" w="203" /><ent r="3" t="159" w="118" /><ent r="3" t="160" w="63" /><ent r="4" t="160" w="138" /><ent r="3" t="161" w="103" /><ent r="4" t="161" w="133" /><ent r="3" t="161" w="157" /><ent r="3" t="161" w="213" /><ent r="3" t="161" w="240" /><ent r="3" t="161" w="263" /><ent r="3" t="161" w="298" /><ent r="4" t="161" w="314" /><ent r="3" t="161" w="337" /><ent r="3" t="162" w="319" /><ent r="64" t="162" w="321" /><ent r="64" t="162" w="327" /><ent r="64" t="162" w="342" /><ent r="64" t="162" w="355" /><ent r="64" t="162" w="363" /><ent r="64" t="162" w="369" /><ent r="64" t="162" w="374" /><ent r="64" t="162" w="378" /><ent r="64" t="162" w="382" /><ent r="1000" t="163" w="2" /><ent r="103" t="163" w="13" /><ent r="3" t="163" w="23" /><ent r="3" t="163" w="55" /><ent r="4" t="163" w="62" /><ent r="3" t="163" w="98" /><ent r="3" t="163" w="317" /><ent r="3" t="163" w="340" /><ent r="4" t="163" w="720" /><ent r="4" t="163" w="869" /><ent r="4" t="163" w="1032" /><ent r="4" t="163" w="1557" /><ent r="4" t="163" w="1708" /><ent r="3" t="163" w="2380" /><ent r="1000" t="164" w="2" /><ent r="102" t="164" w="21" /><ent r="3" t="164" w="43" /><ent r="3" t="164" w="94" /><ent r="3" t="164" w="129" /><ent r="3" t="164" w="462" /><ent r="3" t="164" w="490" /><ent r="3" t="164" w="725" /><ent r="4" t="164" w="1349" /><ent r="3" t="164" w="1449" /><ent r="3" t="164" w="1534" /><ent r="3" t="164" w="1582" /><ent r="3" t="164" w="1872" /><ent r="4" t="164" w="1982" /><ent r="3" t="164" w="2091" /><ent r="3" t="164" w="2949" /><ent r="1000" t="165" w="2" /><ent r="102" t="165" w="12" /><ent r="3" t="165" w="33" /><ent r="3" t="165" w="91" /><ent r="3" t="165" w="115" /><ent r="3" t="165" w="183" /><ent r="3" t="165" w="202" /><ent r="3" t="165" w="775" /><ent r="5" t="165" w="1323" /><ent r="3" t="165" w="1395" /><ent r="4" t="165" w="1460" /><ent r="3" t="165" w="1563" /><ent r="3" t="165" w="1574" /><ent r="1000" t="166" w="2" /><ent r="102" t="166" w="19" /><ent r="3" t="166" w="31" /><ent r="3" t="166" w="76" /><ent r="3" t="166" w="104" /><ent r="3" t="166" w="143" /><ent r="3" t="166" w="162" /><ent r="4" t="166" w="358" /><ent r="4" t="166" w="466" /><ent r="4" t="166" w="817" /><ent r="4" t="166" w="862" /><ent r="4" t="166" w="1096" /><ent r="4" t="166" w="1184" /><ent r="4" t="166" w="1267" /><ent r="3" t="166" w="1293" /><ent r="3" t="166" w="1332" /><ent r="3" t="166" w="1375" /><ent r="3" t="166" w="1414" /><ent r="3" t="166" w="1474" /><ent r="4" t="166" w="1544" /><ent r="1000" t="167" w="2" /><ent r="102" t="167" w="11" /><ent r="3" t="167" w="21" /><ent r="3" t="167" w="60" /><ent r="3" t="167" w="86" /><ent r="4" t="167" w="383" /><ent r="3" t="167" w="421" /><ent r="3" t="167" w="440" /><ent r="4" t="167" w="926" /><ent r="4" t="167" w="979" /><ent r="3" t="167" w="1209" /><ent r="1000" t="168" w="2" /><ent r="102" t="168" w="15" /><ent r="3" t="168" w="24" /><ent r="3" t="168" w="52" /><ent r="3" t="168" w="76" /><ent r="4" t="168" w="369" /><ent r="3" t="168" w="407" /><ent r="3" t="168" w="425" /><ent r="3" t="168" w="1303" /><ent r="1000" t="169" w="2" /><ent r="103" t="169" w="11" /><ent r="3" t="169" w="21" /><ent r="3" t="169" w="52" /><ent r="3" t="169" w="77" /><ent r="4" t="169" w="112" /><ent r="4" t="169" w="169" /><ent r="3" t="169" w="298" /><ent r="3" t="169" w="316" /><ent r="3" t="169" w="1288" /><ent r="1000" t="170" w="2" /><ent r="102" t="170" w="11" /><ent r="3" t="170" w="19" /><ent r="3" t="170" w="50" /><ent r="3" t="170" w="83" /><ent r="3" t="170" w="193" /><ent r="3" t="170" w="317" /><ent r="3" t="170" w="330" /><ent r="4" t="170" w="792" /><ent r="4" t="170" w="898" /><ent r="3" t="170" w="1243" /><ent r="7" t="170" w="1447" /><ent r="3" t="170" w="1628" /><ent r="3" t="170" w="1699" /><ent r="3" t="170" w="1838" /><ent r="3" t="170" w="1863" /><ent r="3" t="170" w="1899" /><ent r="3" t="170" w="1920" /><ent r="4" t="170" w="1942" /><ent r="3" t="170" w="2098" /><ent r="1000" t="171" w="2" /><ent r="103" t="171" w="15" /><ent r="3" t="171" w="27" /><ent r="64" t="171" w="57" /><ent r="3" t="171" w="69" /><ent r="3" t="171" w="112" /><ent r="3" t="171" w="145" /><ent r="3" t="171" w="214" /><ent r="3" t="171" w="227" /><ent r="65" t="171" w="478" /><ent r="3" t="171" w="719" /><ent r="3" t="171" w="722" /><ent r="3" t="171" w="725" /><ent r="3" t="171" w="732" /><ent r="3" t="171" w="735" /><ent r="3" t="171" w="738" /><ent r="3" t="171" w="753" /><ent r="3" t="171" w="756" /><ent r="3" t="171" w="759" /><ent r="4" t="171" w="812" /><ent r="4" t="171" w="814" /><ent r="4" t="171" w="1195" /><ent r="4" t="171" w="1197" /><ent r="4" t="171" w="1371" /><ent r="3" t="171" w="1418" /><ent r="4" t="171" w="1675" /><ent r="3" t="171" w="1688" /><ent r="4" t="171" w="1744" /><ent r="3" t="172" w="39" /><ent r="3" t="172" w="84" /><ent r="4" t="175" w="187" /><ent r="3" t="178" w="38" /><ent r="3" t="178" w="243" /><ent r="3" t="179" w="77" /><ent r="7" t="179" w="190" /><ent r="3" t="179" w="705" /><ent r="3" t="180" w="60" /><ent r="3" t="188" w="197" /><ent r="3" t="188" w="310" /><ent r="4" t="188" w="329" /><ent r="4" t="188" w="407" /><ent r="4" t="188" w="529" /><ent r="3" t="193" w="302" /><ent r="3" t="197" w="41" /><ent r="3" t="197" w="84" /><ent r="3" t="197" w="129" /><ent r="3" t="197" w="177" /><ent r="3" t="197" w="257" /><ent r="3" t="205" w="76" /><ent r="4" t="205" w="125" /><ent r="3" t="205" w="163" /><ent r="3" t="205" w="192" /><ent r="3" t="205" w="227" /><ent r="4" t="205" w="250" /><ent r="4" t="207" w="74" /><ent r="3" t="212" w="15" /><ent r="1000" t="214" w="3" /><ent r="102" t="214" w="30" /><ent r="3" t="214" w="50" /><ent r="1000" t="215" w="3" /><ent r="102" t="215" w="33" /><ent r="3" t="215" w="53" /><ent r="1000" t="216" w="3" /><ent r="102" t="216" w="30" /><ent r="3" t="216" w="50" /><ent r="1000" t="217" w="3" /><ent r="102" t="217" w="18" /><ent r="3" t="217" w="38" /><ent r="7" t="217" w="83" /></phr></stem><stem n="save"><phr n="saves"><ent r="3" t="1" w="111" /><ent r="3" t="34" w="15" /><ent r="3" t="68" w="42" /><ent r="3" t="68" w="111" /><ent r="3" t="72" w="26" /><ent r="3" t="72" w="54" /><ent r="4" t="72" w="105" /><ent r="4" t="73" w="441" /><ent r="4" t="73" w="459" /><ent r="3" t="105" w="65" /><ent r="3" t="108" w="139" /><ent r="8" t="114" w="382" /><ent r="3" t="123" w="25" /><ent r="3" t="128" w="525" /><ent r="3" t="163" w="1493" /><ent r="4" t="202" w="213" /></phr><phr n="saved"><ent r="3" t="1" w="570" /><ent r="4" t="28" w="82" /><ent r="4" t="28" w="121" /><ent r="4" t="28" w="175" /><ent r="4" t="28" w="246" /><ent r="3" t="44" w="172" /><ent r="3" t="44" w="280" /><ent r="3" t="68" w="62" /><ent r="3" t="70" w="22" /><ent r="4" t="70" w="83" /><ent r="3" t="70" w="135" /><ent r="3" t="71" w="112" /><ent r="3" t="72" w="46" /><ent r="4" t="72" w="133" /><ent r="4" t="72" w="229" /><ent r="4" t="73" w="427" /><ent r="3" t="88" w="296" /><ent r="3" t="91" w="28" /><ent r="3" t="91" w="63" /><ent r="3" t="123" w="18" /><ent r="3" t="128" w="548" /><ent r="4" t="130" w="282" /><ent r="5" t="153" w="327" /><ent r="3" t="153" w="549" /><ent r="4" t="153" w="820" /><ent r="3" t="153" w="883" /><ent r="3" t="153" w="955" /><ent r="3" t="155" w="254" /><ent r="4" t="155" w="272" /><ent r="4" t="155" w="280" /><ent r="3" t="155" w="301" /><ent r="4" t="155" w="319" /><ent r="4" t="155" w="327" /><ent r="3" t="163" w="256" /><ent r="3" t="164" w="413" /><ent r="4" t="165" w="1272" /><ent r="3" t="167" w="1219" /><ent r="3" t="171" w="53" /><ent r="4" t="171" w="73" /><ent r="4" t="171" w="470" /><ent r="4" t="171" w="1483" /><ent r="4" t="171" w="1493" /><ent r="3" t="171" w="1757" /><ent r="3" t="201" w="44" /><ent r="3" t="202" w="177" /><ent r="3" t="202" w="192" /></phr><phr n="Save"><ent r="5" t="24" w="125" /><ent r="5" t="26" w="569" /><ent r="5" t="27" w="139" /><ent r="5" t="29" w="113" /><ent r="5" t="30" w="90" /><ent r="64" t="68" w="142" /><ent r="64" t="69" w="441" /><ent r="64" t="70" w="145" /><ent r="4" t="71" w="77" /><ent r="65" t="71" w="93" /><ent r="1000" t="72" w="1" /><ent r="102" t="72" w="5" /><ent r="5" t="72" w="100" /><ent r="4" t="72" w="135" /><ent r="5" t="72" w="176" /><ent r="4" t="72" w="182" /><ent r="5" t="72" w="221" /><ent r="4" t="72" w="231" /><ent r="65" t="73" w="98" /><ent r="92" t="73" w="403" /><ent r="5" t="73" w="416" /><ent r="5" t="73" w="434" /><ent r="4" t="73" w="455" /><ent r="64" t="79" w="241" /><ent r="7" t="82" w="132" /><ent r="68" t="82" w="139" /><ent r="100" t="87" w="227" /><ent r="5" t="87" w="231" /><ent r="4" t="87" w="237" /><ent r="5" t="87" w="261" /><ent r="4" t="88" w="269" /><ent r="3" t="88" w="273" /><ent r="1000" t="91" w="1" /><ent r="102" t="91" w="17" /><ent r="5" t="91" w="101" /><ent r="4" t="91" w="138" /><ent r="4" t="91" w="153" /><ent r="5" t="91" w="171" /><ent r="64" t="105" w="596" /><ent r="64" t="107" w="273" /><ent r="1000" t="110" w="1" /><ent r="102" t="110" w="11" /><ent r="5" t="110" w="35" /><ent r="3" t="110" w="60" /><ent r="4" t="110" w="70" /><ent r="5" t="110" w="135" /><ent r="64" t="111" w="120" /><ent r="65" t="113" w="271" /><ent r="65" t="113" w="413" /><ent r="65" t="113" w="551" /><ent r="64" t="118" w="124" /><ent r="64" t="119" w="222" /><ent r="64" t="120" w="115" /><ent r="64" t="121" w="82" /><ent r="64" t="122" w="106" /><ent r="1000" t="123" w="1" /><ent r="102" t="123" w="11" /><ent r="5" t="123" w="51" /><ent r="4" t="123" w="58" /><ent r="5" t="123" w="73" /><ent r="3" t="153" w="829" /><ent r="4" t="153" w="947" /><ent r="92" t="155" w="212" /><ent r="5" t="155" w="242" /><ent r="5" t="157" w="285" /><ent r="4" t="163" w="1485" /><ent r="3" t="163" w="2095" /><ent r="5" t="163" w="2127" /><ent r="5" t="163" w="2279" /><ent r="5" t="164" w="2935" /><ent r="4" t="165" w="796" /><ent r="4" t="165" w="804" /><ent r="4" t="165" w="1415" /><ent r="3" t="166" w="648" /><ent r="4" t="166" w="680" /><ent r="5" t="168" w="1026" /><ent r="5" t="168" w="1135" /><ent r="4" t="170" w="78" /><ent r="92" t="170" w="1962" /><ent r="4" t="170" w="1965" /><ent r="5" t="170" w="1974" /><ent r="4" t="170" w="1976" /><ent r="4" t="171" w="98" /><ent r="92" t="171" w="1419" /><ent r="5" t="171" w="1441" /><ent r="6" t="171" w="1445" /><ent r="6" t="171" w="1449" /><ent r="4" t="171" w="1464" /><ent r="5" t="194" w="271" /><ent r="4" t="198" w="185" /><ent r="4" t="200" w="190" /><ent r="5" t="202" w="209" /><ent r="5" t="204" w="180" /><ent r="7" t="215" w="148" /><ent r="7" t="215" w="159" /></phr><phr n="save"><ent r="4" t="25" w="37" /><ent r="4" t="25" w="57" /><ent r="4" t="26" w="77" /><ent r="4" t="26" w="163" /><ent r="4" t="26" w="574" /><ent r="4" t="29" w="74" /><ent r="4" t="29" w="80" /><ent r="3" t="34" w="42" /><ent r="3" t="41" w="157" /><ent r="3" t="46" w="98" /><ent r="3" t="46" w="105" /><ent r="3" t="68" w="27" /><ent r="4" t="71" w="87" /><ent r="100" t="72" w="10" /><ent r="100" t="72" w="12" /><ent r="3" t="72" w="19" /><ent r="4" t="72" w="74" /><ent r="4" t="72" w="150" /><ent r="4" t="72" w="197" /><ent r="4" t="73" w="111" /><ent r="3" t="87" w="170" /><ent r="4" t="87" w="256" /><ent r="3" t="88" w="262" /><ent r="3" t="88" w="286" /><ent r="100" t="91" w="9" /><ent r="100" t="91" w="12" /><ent r="3" t="91" w="78" /><ent r="3" t="91" w="130" /><ent r="3" t="105" w="48" /><ent r="7" t="106" w="52" /><ent r="4" t="109" w="53" /><ent r="3" t="109" w="129" /><ent r="3" t="109" w="144" /><ent r="100" t="110" w="5" /><ent r="100" t="110" w="9" /><ent r="3" t="110" w="16" /><ent r="4" t="110" w="139" /><ent r="3" t="118" w="21" /><ent r="100" t="123" w="6" /><ent r="100" t="123" w="8" /><ent r="3" t="123" w="35" /><ent r="3" t="129" w="587" /><ent r="3" t="129" w="593" /><ent r="3" t="153" w="40" /><ent r="4" t="153" w="805" /><ent r="3" t="153" w="832" /><ent r="3" t="153" w="942" /><ent r="3" t="155" w="217" /><ent r="4" t="156" w="247" /><ent r="3" t="163" w="287" /><ent r="4" t="164" w="1074" /><ent r="3" t="165" w="143" /><ent r="3" t="165" w="1475" /><ent r="3" t="168" w="1307" /><ent r="3" t="170" w="1947" /><ent r="4" t="170" w="1989" /><ent r="4" t="171" w="1423" /><ent r="3" t="171" w="1515" /><ent r="4" t="171" w="1570" /><ent r="3" t="193" w="28" /><ent r="4" t="194" w="276" /><ent r="3" t="197" w="29" /><ent r="3" t="198" w="193" /><ent r="3" t="200" w="198" /><ent r="100" t="215" w="10" /><ent r="100" t="215" w="14" /><ent r="7" t="215" w="104" /><ent r="7" t="215" w="140" /><ent r="7" t="215" w="217" /></phr><phr n="Saving"><ent r="3" t="68" w="39" /><ent r="3" t="72" w="23" /><ent r="3" t="123" w="22" /></phr><phr n="saving"><ent r="3" t="68" w="70" /><ent r="3" t="73" w="274" /><ent r="3" t="73" w="412" /><ent r="3" t="153" w="844" /><ent r="3" t="153" w="863" /><ent r="4" t="168" w="1153" /><ent r="3" t="213" w="250" /><ent r="3" t="213" w="264" /></phr><phr n="Saves"><ent r="7" t="82" w="134" /><ent r="7" t="106" w="61" /><ent r="7" t="215" w="150" /><ent r="7" t="215" w="162" /></phr><phr n="Saved"><ent r="92" t="155" w="248" /><ent r="92" t="155" w="295" /></phr></stem><stem n="posit"><phr n="positions"><ent r="3" t="1" w="117" /><ent r="3" t="1" w="129" /></phr><phr n="positioned"><ent r="6" t="11" w="133" /></phr><phr n="position"><ent r="3" t="57" w="29" /><ent r="4" t="58" w="136" /><ent r="4" t="58" w="174" /><ent r="4" t="60" w="156" /><ent r="4" t="60" w="195" /><ent r="3" t="77" w="153" /><ent r="3" t="77" w="221" /><ent r="3" t="100" w="212" /><ent r="3" t="114" w="818" /><ent r="4" t="138" w="534" /><ent r="4" t="138" w="935" /><ent r="4" t="139" w="408" /><ent r="5" t="146" w="304" /><ent r="5" t="151" w="457" /><ent r="4" t="164" w="2604" /><ent r="6" t="208" w="82" /><ent r="4" t="212" w="67" /><ent r="3" t="213" w="102" /></phr><phr n="Positioning"><ent r="3" t="100" w="36" /></phr><phr n="positive"><ent r="4" t="138" w="651" /><ent r="4" t="138" w="1052" /><ent r="4" t="139" w="523" /><ent r="5" t="146" w="421" /><ent r="5" t="151" w="574" /><ent r="4" t="212" w="184" /></phr></stem><stem n="close"><phr n="close"><ent r="3" t="1" w="120" /><ent r="3" t="21" w="121" /><ent r="100" t="46" w="6" /><ent r="100" t="46" w="8" /><ent r="3" t="46" w="16" /><ent r="4" t="46" w="39" /><ent r="4" t="55" w="189" /><ent r="3" t="55" w="223" /><ent r="4" t="73" w="380" /><ent r="3" t="73" w="392" /><ent r="4" t="73" w="430" /><ent r="3" t="88" w="250" /><ent r="3" t="88" w="316" /><ent r="3" t="92" w="217" /><ent r="4" t="141" w="341" /><ent r="3" t="141" w="370" /><ent r="5" t="142" w="129" /><ent r="3" t="142" w="164" /><ent r="4" t="143" w="164" /><ent r="3" t="143" w="198" /><ent r="5" t="144" w="168" /><ent r="3" t="144" w="202" /><ent r="6" t="145" w="66" /><ent r="3" t="145" w="101" /><ent r="4" t="146" w="85" /><ent r="3" t="146" w="119" /><ent r="4" t="147" w="240" /><ent r="3" t="147" w="274" /><ent r="3" t="148" w="169" /><ent r="3" t="148" w="203" /><ent r="4" t="149" w="103" /><ent r="3" t="149" w="137" /><ent r="4" t="150" w="199" /><ent r="3" t="150" w="233" /><ent r="4" t="151" w="184" /><ent r="3" t="151" w="218" /><ent r="3" t="154" w="305" /><ent r="4" t="160" w="316" /><ent r="4" t="161" w="367" /><ent r="4" t="164" w="2161" /><ent r="4" t="166" w="1179" /><ent r="3" t="169" w="851" /><ent r="3" t="178" w="216" /><ent r="100" t="215" w="6" /></phr><phr n="Closes"><ent r="7" t="5" w="40" /><ent r="7" t="215" w="194" /></phr><phr n="Close"><ent r="4" t="18" w="214" /><ent r="1000" t="46" w="1" /><ent r="102" t="46" w="11" /><ent r="5" t="46" w="57" /><ent r="3" t="46" w="70" /><ent r="5" t="64" w="117" /><ent r="4" t="71" w="64" /><ent r="5" t="72" w="144" /><ent r="5" t="72" w="240" /><ent r="5" t="73" w="418" /><ent r="4" t="88" w="323" /><ent r="3" t="92" w="225" /><ent r="5" t="98" w="488" /><ent r="4" t="163" w="92" /><ent r="5" t="163" w="587" /><ent r="4" t="163" w="738" /><ent r="4" t="163" w="745" /><ent r="5" t="163" w="2300" /><ent r="92" t="163" w="2304" /><ent r="5" t="163" w="2318" /><ent r="4" t="163" w="2324" /><ent r="4" t="163" w="2373" /><ent r="5" t="164" w="929" /><ent r="5" t="164" w="1052" /><ent r="5" t="164" w="1060" /><ent r="4" t="164" w="1190" /><ent r="5" t="164" w="1592" /><ent r="5" t="164" w="2011" /><ent r="4" t="164" w="2138" /><ent r="4" t="164" w="2939" /><ent r="4" t="165" w="599" /><ent r="5" t="165" w="815" /><ent r="5" t="165" w="998" /><ent r="4" t="165" w="1456" /><ent r="5" t="165" w="1566" /><ent r="5" t="166" w="1475" /><ent r="5" t="166" w="1563" /><ent r="4" t="167" w="729" /><ent r="5" t="167" w="903" /><ent r="5" t="167" w="1201" /><ent r="5" t="168" w="1295" /><ent r="4" t="169" w="891" /><ent r="5" t="169" w="1270" /><ent r="4" t="170" w="2045" /><ent r="5" t="170" w="2055" /><ent r="5" t="170" w="2090" /><ent r="4" t="171" w="1537" /><ent r="4" t="171" w="1541" /><ent r="82" t="178" w="208" /><ent r="3" t="178" w="213" /><ent r="7" t="215" w="192" /></phr><phr n="closes"><ent r="4" t="54" w="59" /><ent r="4" t="161" w="406" /></phr><phr n="closing"><ent r="3" t="66" w="340" /><ent r="4" t="98" w="499" /><ent r="4" t="98" w="515" /><ent r="4" t="166" w="1140" /></phr><phr n="closed"><ent r="3" t="70" w="100" /><ent r="3" t="71" w="119" /><ent r="4" t="161" w="399" /></phr></stem><stem n="will"><phr n="will"><ent r="3" t="1" w="124" /><ent r="3" t="14" w="32" /><ent r="6" t="14" w="501" /><ent r="3" t="19" w="130" /><ent r="3" t="19" w="133" /><ent r="3" t="21" w="107" /><ent r="3" t="21" w="127" /><ent r="4" t="21" w="306" /><ent r="4" t="21" w="312" /><ent r="3" t="21" w="376" /><ent r="3" t="21" w="415" /><ent r="3" t="40" w="122" /><ent r="3" t="43" w="92" /><ent r="3" t="46" w="101" /><ent r="4" t="63" w="84" /><ent r="3" t="64" w="123" /><ent r="4" t="84" w="183" /><ent r="4" t="87" w="144" /><ent r="4" t="87" w="163" /><ent r="4" t="99" w="411" /><ent r="3" t="100" w="217" /><ent r="3" t="111" w="87" /><ent r="3" t="111" w="105" /><ent r="3" t="112" w="139" /><ent r="3" t="113" w="210" /><ent r="3" t="113" w="266" /><ent r="4" t="113" w="293" /><ent r="3" t="113" w="408" /><ent r="4" t="113" w="426" /><ent r="3" t="113" w="546" /><ent r="4" t="113" w="573" /><ent r="3" t="114" w="760" /><ent r="3" t="117" w="129" /><ent r="3" t="128" w="551" /><ent r="3" t="129" w="400" /><ent r="3" t="129" w="636" /><ent r="3" t="131" w="131" /><ent r="3" t="131" w="234" /><ent r="3" t="131" w="438" /><ent r="3" t="131" w="602" /><ent r="4" t="138" w="513" /><ent r="4" t="138" w="914" /><ent r="5" t="146" w="283" /><ent r="3" t="147" w="153" /><ent r="3" t="149" w="319" /><ent r="5" t="151" w="436" /><ent r="3" t="153" w="414" /><ent r="3" t="153" w="445" /><ent r="3" t="153" w="494" /><ent r="3" t="153" w="507" /><ent r="3" t="153" w="635" /><ent r="3" t="153" w="770" /><ent r="3" t="153" w="786" /><ent r="3" t="153" w="854" /><ent r="3" t="153" w="860" /><ent r="3" t="154" w="169" /><ent r="4" t="156" w="198" /><ent r="4" t="156" w="275" /><ent r="4" t="157" w="80" /><ent r="4" t="157" w="102" /><ent r="4" t="158" w="141" /><ent r="3" t="158" w="170" /><ent r="4" t="158" w="198" /><ent r="3" t="158" w="211" /><ent r="4" t="158" w="255" /><ent r="4" t="158" w="272" /><ent r="3" t="159" w="59" /><ent r="3" t="159" w="90" /><ent r="4" t="160" w="281" /><ent r="4" t="160" w="286" /><ent r="4" t="161" w="343" /><ent r="4" t="161" w="375" /><ent r="3" t="162" w="41" /><ent r="3" t="163" w="29" /><ent r="3" t="163" w="1319" /><ent r="3" t="163" w="1422" /><ent r="3" t="163" w="1430" /><ent r="3" t="163" w="1727" /><ent r="4" t="163" w="2213" /><ent r="4" t="163" w="2236" /><ent r="4" t="163" w="2366" /><ent r="3" t="164" w="49" /><ent r="3" t="164" w="214" /><ent r="3" t="164" w="352" /><ent r="3" t="164" w="838" /><ent r="4" t="164" w="1995" /><ent r="4" t="164" w="2298" /><ent r="4" t="164" w="2439" /><ent r="3" t="164" w="2792" /><ent r="3" t="165" w="39" /><ent r="3" t="165" w="71" /><ent r="3" t="165" w="86" /><ent r="4" t="165" w="1183" /><ent r="4" t="165" w="1264" /><ent r="4" t="165" w="1297" /><ent r="4" t="165" w="1327" /><ent r="4" t="165" w="1360" /><ent r="4" t="165" w="1373" /><ent r="3" t="165" w="1399" /><ent r="4" t="165" w="1500" /><ent r="3" t="166" w="37" /><ent r="3" t="166" w="484" /><ent r="3" t="166" w="1196" /><ent r="3" t="167" w="27" /><ent r="3" t="167" w="41" /><ent r="3" t="167" w="378" /><ent r="4" t="167" w="854" /><ent r="3" t="167" w="1066" /><ent r="3" t="168" w="30" /><ent r="3" t="168" w="44" /><ent r="3" t="169" w="27" /><ent r="3" t="169" w="43" /><ent r="4" t="169" w="189" /><ent r="4" t="169" w="211" /><ent r="4" t="169" w="285" /><ent r="3" t="169" w="612" /><ent r="4" t="169" w="682" /><ent r="4" t="169" w="698" /><ent r="4" t="169" w="799" /><ent r="4" t="169" w="872" /><ent r="4" t="169" w="997" /><ent r="4" t="169" w="1196" /><ent r="3" t="169" w="1242" /><ent r="3" t="169" w="1256" /><ent r="3" t="170" w="25" /><ent r="3" t="170" w="46" /><ent r="3" t="170" w="739" /><ent r="3" t="170" w="996" /><ent r="3" t="170" w="1045" /><ent r="3" t="170" w="1069" /><ent r="4" t="170" w="1315" /><ent r="4" t="170" w="1334" /><ent r="3" t="170" w="1585" /><ent r="4" t="170" w="1612" /><ent r="3" t="170" w="1692" /><ent r="4" t="170" w="1997" /><ent r="4" t="170" w="2031" /><ent r="4" t="170" w="2060" /><ent r="3" t="171" w="33" /><ent r="3" t="171" w="46" /><ent r="3" t="171" w="65" /><ent r="3" t="171" w="832" /><ent r="3" t="171" w="991" /><ent r="3" t="171" w="1011" /><ent r="3" t="171" w="1304" /><ent r="3" t="171" w="1511" /><ent r="4" t="171" w="1708" /><ent r="3" t="175" w="202" /><ent r="3" t="176" w="103" /><ent r="4" t="178" w="327" /><ent r="4" t="178" w="336" /><ent r="3" t="188" w="221" /><ent r="3" t="188" w="243" /><ent r="4" t="188" w="383" /><ent r="4" t="188" w="392" /><ent r="4" t="188" w="482" /><ent r="4" t="188" w="572" /><ent r="4" t="188" w="596" /><ent r="4" t="188" w="603" /><ent r="3" t="188" w="650" /><ent r="3" t="198" w="37" /><ent r="3" t="200" w="42" /><ent r="3" t="206" w="21" /><ent r="3" t="206" w="55" /><ent r="4" t="212" w="46" /><ent r="3" t="213" w="107" /></phr></stem></index>