﻿<?xml version="1.0" encoding="utf-8"?><index><stem n="-ins.)"><phr n="-ins.)"><ent r="3" t="152" w="181" /><ent r="3" t="152" w="181" /></phr></stem><stem n="often"><phr n="often"><ent r="3" t="153" w="14" /></phr></stem><stem n="high"><phr n="high"><ent r="3" t="153" w="25" /><ent r="3" t="164" w="309" /></phr></stem><stem n="extract"><phr n="extracted"><ent r="3" t="153" w="30" /></phr></stem><stem n="redund"><phr n="redundant"><ent r="3" t="153" w="36" /><ent r="3" t="153" w="71" /><ent r="3" t="165" w="167" /><ent r="5" t="202" w="142" /></phr></stem><stem n="repetit"><phr n="repetitive"><ent r="3" t="153" w="38" /><ent r="3" t="153" w="53" /><ent r="3" t="170" w="113" /></phr></stem><stem n="amplifi"><phr n="amplifies"><ent r="3" t="153" w="58" /><ent r="3" t="165" w="155" /></phr></stem><stem n="variat"><phr n="variations"><ent r="3" t="153" w="59" /><ent r="3" t="165" w="156" /></phr><phr n="variation"><ent r="3" t="153" w="490" /></phr></stem><stem n="pca"><phr n="PCA"><ent r="100" t="153" w="74" /><ent r="3" t="153" w="80" /><ent r="3" t="153" w="228" /><ent r="3" t="153" w="258" /><ent r="3" t="153" w="293" /><ent r="3" t="153" w="443" /><ent r="4" t="153" w="589" /><ent r="3" t="153" w="632" /><ent r="3" t="153" w="653" /><ent r="3" t="153" w="661" /><ent r="4" t="153" w="806" /><ent r="3" t="153" w="858" /><ent r="3" t="153" w="880" /><ent r="3" t="153" w="936" /><ent r="64" t="162" w="352" /><ent r="1000" t="165" w="5" /><ent r="100" t="165" w="7" /><ent r="102" t="165" w="22" /><ent r="3" t="165" w="64" /><ent r="3" t="165" w="84" /><ent r="4" t="165" w="111" /><ent r="3" t="165" w="150" /><ent r="3" t="165" w="172" /><ent r="92" t="165" w="1008" /><ent r="4" t="165" w="1058" /><ent r="5" t="165" w="1096" /><ent r="5" t="165" w="1118" /><ent r="4" t="165" w="1247" /><ent r="4" t="165" w="1307" /><ent r="5" t="165" w="1340" /><ent r="4" t="165" w="1382" /><ent r="3" t="165" w="1402" /><ent r="3" t="165" w="1469" /><ent r="4" t="165" w="1484" /><ent r="3" t="165" w="1589" /></phr></stem><stem n="(pca)"><phr n="(PCA)"><ent r="3" t="153" w="81" /><ent r="3" t="165" w="65" /><ent r="92" t="165" w="1009" /></phr></stem><stem n="util"><phr n="utilize"><ent r="3" t="153" w="92" /></phr></stem><stem n="moment"><phr n="moment"><ent r="3" t="153" w="95" /><ent r="3" t="153" w="239" /><ent r="5" t="153" w="351" /></phr><phr n="Moment"><ent r="3" t="153" w="200" /><ent r="3" t="153" w="207" /><ent r="3" t="153" w="223" /><ent r="3" t="153" w="264" /><ent r="3" t="153" w="304" /></phr></stem><stem n="covari"><phr n="covariance"><ent r="3" t="153" w="96" /><ent r="3" t="153" w="272" /><ent r="3" t="153" w="286" /><ent r="5" t="153" w="354" /><ent r="4" t="165" w="1257" /><ent r="4" t="165" w="1273" /><ent r="4" t="165" w="1279" /><ent r="4" t="165" w="1291" /><ent r="4" t="165" w="1302" /></phr><phr n="Covariance"><ent r="4" t="153" w="740" /><ent r="5" t="165" w="1149" /></phr></stem><stem n="correl"><phr n="correlation"><ent r="3" t="153" w="98" /><ent r="3" t="153" w="274" /><ent r="3" t="153" w="277" /><ent r="5" t="153" w="358" /></phr></stem><stem n="slightli"><phr n="slightly"><ent r="3" t="153" w="213" /><ent r="4" t="153" w="719" /><ent r="3" t="163" w="1605" /></phr></stem><stem n="launch"><phr n="launches"><ent r="3" t="153" w="261" /></phr></stem><stem n="matric"><phr n="matrices"><ent r="3" t="153" w="288" /></phr></stem><stem n="pcaxxx"><phr n="pcaxxx"><ent r="5" t="153" w="335" /><ent r="3" t="153" w="905" /></phr></stem><stem n="“.pcaxxx”"><phr n="“.pcaxxx”"><ent r="5" t="153" w="336" /><ent r="3" t="153" w="906" /></phr></stem><stem n="xxx"><phr n="xxx"><ent r="5" t="153" w="337" /><ent r="3" t="153" w="907" /></phr></stem><stem n="pcasmm"><phr n="pcasmm"><ent r="5" t="153" w="348" /></phr></stem><stem n="“.pcasmm”"><phr n="“.pcasmm”"><ent r="5" t="153" w="349" /></phr></stem><stem n="pcacvm"><phr n="pcacvm"><ent r="5" t="153" w="352" /></phr></stem><stem n="“.pcacvm”"><phr n="“.pcacvm”"><ent r="5" t="153" w="353" /></phr></stem><stem n="pcaccm"><phr n="pcaccm"><ent r="5" t="153" w="356" /></phr></stem><stem n="“.pcaccm”"><phr n="“.pcaccm”"><ent r="5" t="153" w="357" /></phr></stem><stem n="(roi)"><phr n="(ROI)"><ent r="5" t="153" w="384" /><ent r="4" t="159" w="157" /><ent r="3" t="160" w="39" /><ent r="6" t="165" w="1227" /></phr></stem><stem n="“area"><phr n="“Area"><ent r="3" t="153" w="428" /></phr></stem><stem n="eigen"><phr n="Eigen"><ent r="4" t="153" w="479" /><ent r="65" t="153" w="483" /><ent r="92" t="153" w="966" /><ent r="3" t="153" w="978" /><ent r="3" t="153" w="981" /><ent r="4" t="153" w="1019" /><ent r="5" t="165" w="1179" /><ent r="4" t="165" w="1346" /></phr></stem><stem n="mainli"><phr n="mainly"><ent r="3" t="153" w="508" /></phr></stem><stem n="nois"><phr n="noise"><ent r="3" t="153" w="510" /></phr></stem><stem n="thu"><phr n="Thus"><ent r="3" t="153" w="511" /></phr></stem><stem n="littl"><phr n="little"><ent r="3" t="153" w="514" /><ent r="3" t="153" w="525" /><ent r="4" t="171" w="194" /></phr></stem><stem n="highest"><phr n="highest"><ent r="3" t="153" w="519" /><ent r="4" t="153" w="1006" /></phr></stem><stem n="landsat"><phr n="LANDSAT"><ent r="4" t="153" w="576" /></phr><phr n="Landsat"><ent r="3" t="164" w="813" /><ent r="4" t="164" w="1023" /><ent r="3" t="164" w="1866" /><ent r="5" t="164" w="2922" /><ent r="7" t="179" w="329" /><ent r="3" t="179" w="746" /><ent r="3" t="213" w="514" /></phr></stem><stem n="imageri"><phr n="imagery"><ent r="4" t="153" w="577" /><ent r="3" t="156" w="93" /><ent r="3" t="163" w="105" /></phr></stem><stem n="unsign"><phr n="unsigned"><ent r="4" t="153" w="580" /><ent r="4" t="153" w="592" /><ent r="6" t="179" w="258" /><ent r="6" t="179" w="264" /><ent r="6" t="179" w="271" /><ent r="7" t="179" w="285" /><ent r="6" t="218" w="50" /><ent r="6" t="218" w="75" /><ent r="6" t="218" w="100" /><ent r="6" t="218" w="125" /></phr></stem><stem n="byte"><phr n="byte"><ent r="4" t="153" w="582" /><ent r="4" t="153" w="594" /><ent r="7" t="179" w="194" /><ent r="7" t="179" w="335" /><ent r="7" t="179" w="357" /><ent r="7" t="179" w="373" /><ent r="3" t="179" w="749" /></phr><phr n="bytes"><ent r="7" t="179" w="131" /><ent r="7" t="179" w="143" /><ent r="7" t="179" w="151" /><ent r="7" t="179" w="343" /></phr><phr n="Byte"><ent r="7" t="179" w="363" /><ent r="7" t="179" w="379" /></phr></stem><stem n="-byte"><phr n="-byte"><ent r="4" t="153" w="593" /><ent r="4" t="153" w="593" /></phr></stem><stem n="one-byt"><phr n="one-byte"><ent r="4" t="153" w="593" /></phr></stem><stem n="max"><phr n="Max"><ent r="5" t="153" w="621" /><ent r="6" t="165" w="1211" /></phr><phr n="max"><ent r="7" t="179" w="645" /></phr></stem><stem n="cover"><phr n="cover"><ent r="3" t="153" w="636" /></phr><phr n="covered"><ent r="3" t="164" w="2883" /></phr></stem><stem n="wide"><phr n="wide"><ent r="3" t="153" w="638" /></phr><phr n="widely"><ent r="3" t="167" w="173" /><ent r="3" t="168" w="163" /></phr></stem><stem n="loss"><phr n="loss"><ent r="3" t="153" w="642" /></phr></stem><stem n="due"><phr n="due"><ent r="3" t="153" w="645" /><ent r="3" t="175" w="196" /></phr></stem><stem n="truncat"><phr n="truncation"><ent r="3" t="153" w="649" /></phr></stem><stem n="bypass"><phr n="bypass"><ent r="3" t="153" w="843" /><ent r="4" t="157" w="208" /><ent r="3" t="157" w="253" /><ent r="4" t="157" w="266" /><ent r="4" t="166" w="556" /><ent r="3" t="166" w="586" /><ent r="3" t="166" w="629" /></phr><phr n="bypassing"><ent r="4" t="157" w="200" /><ent r="4" t="157" w="299" /><ent r="3" t="158" w="28" /><ent r="4" t="166" w="549" /></phr><phr n="Bypass"><ent r="5" t="157" w="221" /><ent r="3" t="157" w="233" /><ent r="3" t="157" w="316" /><ent r="3" t="157" w="334" /><ent r="4" t="166" w="568" /><ent r="4" t="166" w="671" /></phr></stem><stem n=";"><phr n=";"><ent r="3" t="153" w="859" /><ent r="3" t="163" w="1251" /><ent r="4" t="166" w="1341" /><ent r="4" t="170" w="1609" /><ent r="3" t="202" w="164" /></phr></stem><stem n="permiss"><phr n="permissions"><ent r="3" t="153" w="871" /></phr></stem><stem n="resid"><phr n="resides"><ent r="3" t="153" w="878" /></phr></stem><stem n="overwrit"><phr n="overwrite"><ent r="3" t="153" w="926" /><ent r="4" t="165" w="1439" /><ent r="6" t="171" w="1454" /></phr></stem><stem n="express"><phr n="expressions"><ent r="3" t="154" w="17" /></phr><phr n="expression"><ent r="4" t="154" w="145" /><ent r="3" t="154" w="168" /><ent r="3" t="154" w="184" /><ent r="3" t="154" w="281" /><ent r="3" t="154" w="294" /><ent r="5" t="170" w="793" /><ent r="3" t="170" w="827" /><ent r="3" t="170" w="854" /><ent r="7" t="170" w="1433" /><ent r="4" t="170" w="1492" /><ent r="3" t="170" w="1636" /><ent r="7" t="171" w="1086" /><ent r="7" t="171" w="1088" /><ent r="3" t="171" w="1383" /></phr><phr n="Expression"><ent r="4" t="170" w="1400" /><ent r="7" t="170" w="1435" /><ent r="7" t="170" w="1441" /><ent r="7" t="171" w="1094" /></phr></stem><stem n="bands/cub"><phr n="bands/cubes"><ent r="4" t="154" w="152" /><ent r="4" t="154" w="151" /></phr></stem><stem n="bands/cubes."><phr n="bands/cubes."><ent r="4" t="154" w="152" /><ent r="4" t="154" w="151" /></phr></stem><stem n="/cubes."><phr n="/cubes."><ent r="4" t="154" w="153" /></phr></stem><stem n="(and"><phr n="(and"><ent r="3" t="154" w="162" /></phr></stem><stem n="multi-cub"><phr n="multi-cube"><ent r="3" t="154" w="165" /></phr></stem><stem n="-cube),"><phr n="-cube),"><ent r="3" t="154" w="167" /><ent r="3" t="154" w="167" /></phr></stem><stem n="evalu"><phr n="evaluated"><ent r="3" t="154" w="171" /></phr></stem><stem n="definit"><phr n="definitions"><ent r="3" t="154" w="187" /></phr><phr n="Definition"><ent r="6" t="208" w="17" /></phr></stem><stem n="radian"><phr n="Radians"><ent r="5" t="154" w="203" /></phr><phr n="radians"><ent r="4" t="154" w="216" /></phr></stem><stem n="triginometr"><phr n="triginometric"><ent r="4" t="154" w="209" /></phr></stem><stem n="sing"><phr n="singe"><ent r="3" t="154" w="264" /></phr></stem><stem n="convolut"><phr n="Convolution"><ent r="1000" t="155" w="1" /><ent r="102" t="155" w="5" /><ent r="100" t="155" w="7" /><ent r="3" t="155" w="17" /><ent r="4" t="155" w="29" /><ent r="4" t="155" w="45" /></phr></stem><stem n="divid"><phr n="divided"><ent r="3" t="155" w="126" /></phr><phr n="divide"><ent r="3" t="155" w="149" /></phr><phr n="Divide"><ent r="7" t="177" w="19" /></phr></stem><stem n="divisor"><phr n="Divisor"><ent r="4" t="155" w="144" /></phr></stem><stem n="convolv"><phr n="convolving"><ent r="6" t="155" w="194" /></phr></stem><stem n="futur"><phr n="future"><ent r="3" t="155" w="221" /><ent r="5" t="157" w="288" /><ent r="3" t="166" w="651" /><ent r="4" t="166" w="683" /><ent r="3" t="198" w="197" /><ent r="3" t="200" w="202" /></phr></stem><stem n="preset"><phr n="Presets"><ent r="5" t="155" w="228" /><ent r="5" t="155" w="264" /><ent r="5" t="155" w="311" /></phr></stem><stem n="-look"><phr n="-Look"><ent r="1000" t="156" w="3" /><ent r="1000" t="156" w="3" /><ent r="100" t="156" w="10" /><ent r="100" t="156" w="10" /><ent r="102" t="156" w="26" /><ent r="102" t="156" w="26" /><ent r="3" t="156" w="35" /><ent r="3" t="156" w="35" /><ent r="64" t="156" w="315" /><ent r="64" t="156" w="315" /><ent r="1000" t="157" w="3" /><ent r="1000" t="157" w="3" /><ent r="100" t="157" w="10" /><ent r="100" t="157" w="10" /><ent r="102" t="157" w="20" /><ent r="102" t="157" w="20" /><ent r="4" t="157" w="149" /><ent r="4" t="157" w="149" /><ent r="5" t="157" w="158" /><ent r="5" t="157" w="158" /><ent r="3" t="159" w="14" /><ent r="3" t="159" w="14" /><ent r="64" t="162" w="355" /><ent r="64" t="162" w="355" /><ent r="1000" t="166" w="2" /><ent r="1000" t="166" w="2" /><ent r="100" t="166" w="9" /><ent r="100" t="166" w="9" /><ent r="102" t="166" w="19" /><ent r="102" t="166" w="19" /><ent r="3" t="166" w="58" /><ent r="3" t="166" w="58" /><ent r="4" t="166" w="79" /><ent r="4" t="166" w="79" /><ent r="4" t="166" w="108" /><ent r="4" t="166" w="108" /><ent r="4" t="166" w="396" /><ent r="4" t="166" w="396" /><ent r="3" t="166" w="404" /><ent r="3" t="166" w="404" /><ent r="4" t="166" w="414" /><ent r="4" t="166" w="414" /><ent r="3" t="166" w="639" /><ent r="3" t="166" w="639" /><ent r="4" t="166" w="696" /><ent r="4" t="166" w="696" /><ent r="4" t="166" w="778" /><ent r="4" t="166" w="778" /><ent r="4" t="166" w="947" /><ent r="4" t="166" w="947" /><ent r="4" t="166" w="1486" /><ent r="4" t="166" w="1486" /><ent r="3" t="166" w="1555" /><ent r="3" t="166" w="1555" /></phr></stem><stem n="quick"><phr n="Quick"><ent r="1000" t="156" w="3" /><ent r="100" t="156" w="10" /><ent r="100" t="156" w="19" /><ent r="102" t="156" w="26" /><ent r="3" t="156" w="35" /><ent r="64" t="156" w="315" /><ent r="1000" t="157" w="3" /><ent r="100" t="157" w="10" /><ent r="102" t="157" w="20" /><ent r="4" t="157" w="149" /><ent r="5" t="157" w="158" /><ent r="4" t="157" w="276" /><ent r="3" t="159" w="14" /><ent r="64" t="162" w="355" /><ent r="1000" t="166" w="2" /><ent r="100" t="166" w="9" /><ent r="102" t="166" w="19" /><ent r="3" t="166" w="58" /><ent r="4" t="166" w="79" /><ent r="4" t="166" w="108" /><ent r="4" t="166" w="396" /><ent r="3" t="166" w="404" /><ent r="4" t="166" w="414" /><ent r="3" t="166" w="639" /><ent r="4" t="166" w="696" /><ent r="4" t="166" w="778" /><ent r="4" t="166" w="947" /><ent r="4" t="166" w="1486" /><ent r="3" t="166" w="1555" /></phr></stem><stem n="quick-look"><phr n="Quick-Look"><ent r="1000" t="156" w="3" /><ent r="100" t="156" w="10" /><ent r="100" t="156" w="19" /><ent r="102" t="156" w="26" /><ent r="3" t="156" w="35" /><ent r="64" t="156" w="315" /><ent r="1000" t="157" w="3" /><ent r="100" t="157" w="10" /><ent r="102" t="157" w="20" /><ent r="4" t="157" w="149" /><ent r="5" t="157" w="158" /><ent r="3" t="159" w="14" /><ent r="64" t="162" w="355" /><ent r="1000" t="166" w="2" /><ent r="100" t="166" w="9" /><ent r="102" t="166" w="19" /><ent r="3" t="166" w="58" /><ent r="4" t="166" w="79" /><ent r="4" t="166" w="108" /><ent r="4" t="166" w="396" /><ent r="3" t="166" w="404" /><ent r="4" t="166" w="414" /><ent r="3" t="166" w="639" /><ent r="4" t="166" w="696" /><ent r="4" t="166" w="778" /><ent r="4" t="166" w="947" /><ent r="4" t="166" w="1486" /><ent r="3" t="166" w="1555" /></phr></stem><stem n="-in:quick-look"><phr n="-in:Quick-Look"><ent r="100" t="156" w="19" /><ent r="100" t="156" w="20" /></phr></stem><stem n="fuse"><phr n="fuses"><ent r="3" t="156" w="41" /></phr><phr n="fusing"><ent r="3" t="156" w="117" /><ent r="4" t="157" w="91" /><ent r="3" t="166" w="497" /></phr><phr n="fused"><ent r="4" t="156" w="137" /><ent r="4" t="156" w="152" /><ent r="4" t="156" w="206" /><ent r="3" t="159" w="42" /><ent r="3" t="160" w="42" /><ent r="4" t="160" w="171" /><ent r="100" t="161" w="5" /><ent r="4" t="161" w="361" /><ent r="4" t="166" w="99" /><ent r="3" t="166" w="990" /><ent r="4" t="166" w="1123" /></phr><phr n="fuse"><ent r="4" t="156" w="221" /><ent r="3" t="166" w="120" /><ent r="4" t="166" w="1067" /></phr><phr n="Fused"><ent r="64" t="160" w="364" /><ent r="1000" t="161" w="2" /><ent r="102" t="161" w="9" /></phr></stem><stem n="eo"><phr n="EO"><ent r="3" t="156" w="48" /><ent r="4" t="157" w="97" /></phr></stem><stem n="thermal"><phr n="Thermal"><ent r="3" t="156" w="50" /></phr></stem><stem n="ir"><phr n="IR"><ent r="3" t="156" w="51" /><ent r="3" t="164" w="314" /></phr><phr n="ir"><ent r="5" t="166" w="359" /><ent r="5" t="166" w="367" /><ent r="5" t="166" w="433" /><ent r="5" t="166" w="450" /></phr></stem><stem n="skew"><phr n="skewed"><ent r="3" t="156" w="60" /><ent r="3" t="166" w="133" /></phr></stem><stem n="translat"><phr n="translated"><ent r="3" t="156" w="63" /><ent r="3" t="166" w="136" /></phr><phr n="translation"><ent r="3" t="161" w="61" /><ent r="3" t="166" w="1253" /></phr></stem><stem n="-gener"><phr n="-generation"><ent r="3" t="156" w="65" /><ent r="3" t="156" w="65" /></phr></stem><stem n="next-gener"><phr n="next-generation"><ent r="3" t="156" w="65" /></phr></stem><stem n="faster"><phr n="faster"><ent r="3" t="156" w="69" /><ent r="4" t="165" w="1330" /></phr></stem><stem n="better"><phr n="better"><ent r="3" t="156" w="72" /><ent r="4" t="157" w="88" /><ent r="3" t="164" w="850" /><ent r="3" t="166" w="494" /><ent r="4" t="188" w="394" /></phr></stem><stem n="design"><phr n="designed"><ent r="3" t="156" w="86" /><ent r="3" t="163" w="101" /></phr><phr n="designated"><ent r="3" t="162" w="49" /></phr><phr n="Designate"><ent r="92" t="165" w="822" /><ent r="4" t="166" w="93" /></phr><phr n="designate"><ent r="3" t="165" w="834" /></phr><phr n="designates"><ent r="3" t="167" w="293" /><ent r="3" t="168" w="282" /></phr></stem><stem n="restrict"><phr n="restrictions"><ent r="3" t="156" w="125" /><ent r="4" t="188" w="570" /></phr><phr n="Restrictions"><ent r="6" t="218" w="36" /></phr></stem><stem n="secondari"><phr n="Secondary"><ent r="4" t="156" w="133" /><ent r="4" t="157" w="75" /><ent r="4" t="157" w="115" /><ent r="4" t="157" w="184" /><ent r="5" t="160" w="229" /><ent r="4" t="166" w="460" /><ent r="3" t="166" w="479" /><ent r="3" t="166" w="519" /><ent r="4" t="166" w="1351" /></phr><phr n="secondary"><ent r="3" t="157" w="44" /><ent r="4" t="158" w="107" /><ent r="4" t="160" w="211" /><ent r="3" t="161" w="64" /><ent r="4" t="161" w="277" /><ent r="3" t="166" w="829" /><ent r="4" t="166" w="848" /><ent r="3" t="166" w="1256" /><ent r="3" t="166" w="1430" /><ent r="4" t="166" w="1496" /></phr></stem><stem n="dataset"><phr n="Datasets"><ent r="4" t="156" w="153" /></phr><phr n="dataset"><ent r="3" t="164" w="940" /><ent r="3" t="168" w="680" /></phr></stem><stem n="lack"><phr n="lacking"><ent r="4" t="156" w="154" /></phr></stem><stem n="(ground"><phr n="(Ground"><ent r="4" t="156" w="162" /></phr></stem><stem n="accur"><phr n="accurately"><ent r="4" t="156" w="200" /></phr><phr n="accurate"><ent r="3" t="157" w="250" /><ent r="3" t="164" w="842" /><ent r="3" t="166" w="603" /></phr></stem><stem n="-by-sid"><phr n="-by-side"><ent r="4" t="156" w="208" /><ent r="4" t="156" w="209" /><ent r="4" t="156" w="223" /><ent r="4" t="156" w="224" /><ent r="4" t="160" w="242" /><ent r="4" t="160" w="243" /><ent r="3" t="161" w="31" /><ent r="3" t="161" w="32" /><ent r="3" t="161" w="294" /><ent r="3" t="161" w="295" /><ent r="4" t="161" w="304" /><ent r="4" t="161" w="305" /><ent r="4" t="161" w="381" /><ent r="4" t="161" w="382" /><ent r="4" t="161" w="401" /><ent r="4" t="161" w="402" /><ent r="3" t="166" w="1470" /><ent r="3" t="166" w="1471" /><ent r="4" t="166" w="1514" /><ent r="4" t="166" w="1515" /><ent r="3" t="166" w="1546" /><ent r="3" t="166" w="1547" /></phr><phr n="-by-Side"><ent r="3" t="160" w="51" /><ent r="3" t="160" w="52" /><ent r="5" t="160" w="144" /><ent r="5" t="160" w="145" /><ent r="92" t="161" w="286" /><ent r="92" t="161" w="287" /><ent r="3" t="166" w="1001" /><ent r="3" t="166" w="1002" /><ent r="92" t="166" w="1462" /><ent r="92" t="166" w="1463" /></phr></stem><stem n="side-bi"><phr n="side-by"><ent r="4" t="156" w="208" /><ent r="4" t="156" w="223" /><ent r="4" t="160" w="242" /><ent r="3" t="161" w="31" /><ent r="3" t="161" w="294" /><ent r="4" t="161" w="304" /><ent r="4" t="161" w="381" /><ent r="4" t="161" w="401" /><ent r="4" t="164" w="2158" /><ent r="3" t="166" w="1470" /><ent r="4" t="166" w="1514" /><ent r="3" t="166" w="1546" /><ent r="4" t="169" w="987" /></phr><phr n="Side-by"><ent r="3" t="160" w="51" /><ent r="5" t="160" w="144" /><ent r="92" t="161" w="286" /><ent r="3" t="166" w="1001" /><ent r="92" t="166" w="1462" /></phr></stem><stem n="side-by-sid"><phr n="side-by-side"><ent r="4" t="156" w="208" /><ent r="4" t="156" w="223" /><ent r="4" t="160" w="242" /><ent r="3" t="161" w="31" /><ent r="3" t="161" w="294" /><ent r="4" t="161" w="304" /><ent r="4" t="161" w="381" /><ent r="4" t="161" w="401" /><ent r="4" t="164" w="2158" /><ent r="3" t="166" w="1470" /><ent r="4" t="166" w="1514" /><ent r="3" t="166" w="1546" /><ent r="4" t="169" w="987" /></phr><phr n="Side-by-Side"><ent r="3" t="160" w="51" /><ent r="5" t="160" w="144" /><ent r="92" t="161" w="286" /><ent r="3" t="166" w="1001" /><ent r="92" t="166" w="1462" /></phr></stem><stem n="by-sid"><phr n="by-side"><ent r="4" t="156" w="209" /><ent r="4" t="156" w="224" /><ent r="4" t="160" w="243" /><ent r="3" t="161" w="32" /><ent r="3" t="161" w="295" /><ent r="4" t="161" w="305" /><ent r="4" t="161" w="382" /><ent r="4" t="161" w="402" /><ent r="4" t="164" w="2159" /><ent r="3" t="166" w="1471" /><ent r="4" t="166" w="1515" /><ent r="3" t="166" w="1547" /><ent r="4" t="169" w="988" /></phr><phr n="by-Side"><ent r="3" t="160" w="52" /><ent r="5" t="160" w="145" /><ent r="92" t="161" w="287" /><ent r="3" t="166" w="1002" /><ent r="92" t="166" w="1463" /></phr></stem><stem n="why"><phr n="why"><ent r="4" t="156" w="218" /></phr></stem><stem n="fall"><phr n="fall"><ent r="4" t="156" w="241" /></phr></stem><stem n="categori"><phr n="category"><ent r="4" t="156" w="244" /></phr></stem><stem n="geoloc"><phr n="geolocation"><ent r="4" t="156" w="250" /><ent r="3" t="158" w="56" /><ent r="3" t="166" w="759" /></phr></stem><stem n="problem"><phr n="problems"><ent r="4" t="156" w="258" /></phr></stem><stem n="desk"><phr n="Desk"><ent r="4" t="156" w="269" /></phr></stem><stem n="“not"><phr n="“Not"><ent r="4" t="156" w="277" /></phr></stem><stem n="“for"><phr n="“For"><ent r="4" t="156" w="282" /></phr></stem><stem n="dodii"><phr n="DODIIS"><ent r="4" t="156" w="299" /></phr></stem><stem n="certifi"><phr n="certified"><ent r="4" t="156" w="300" /></phr></stem><stem n="-in:start"><phr n="-in:starting"><ent r="100" t="157" w="16" /><ent r="100" t="157" w="16" /></phr></stem><stem n="properli"><phr n="properly"><ent r="4" t="157" w="61" /></phr></stem><stem n="recommend"><phr n="recommend"><ent r="4" t="157" w="64" /><ent r="3" t="166" w="468" /><ent r="3" t="166" w="583" /><ent r="3" t="170" w="1944" /></phr></stem><stem n="produc"><phr n="produce"><ent r="4" t="157" w="86" /><ent r="3" t="163" w="239" /><ent r="3" t="166" w="492" /><ent r="3" t="169" w="1013" /><ent r="3" t="176" w="116" /></phr></stem><stem n="("><phr n="("><ent r="4" t="157" w="189" /><ent r="4" t="157" w="259" /><ent r="4" t="158" w="220" /><ent r="4" t="160" w="149" /><ent r="4" t="160" w="189" /><ent r="4" t="160" w="247" /><ent r="4" t="161" w="183" /><ent r="4" t="163" w="2264" /><ent r="3" t="164" w="1437" /><ent r="4" t="166" w="539" /><ent r="4" t="171" w="476" /></phr></stem><stem n="agre"><phr n="agree"><ent r="3" t="157" w="239" /></phr></stem><stem n="enough"><phr n="enough"><ent r="3" t="157" w="251" /><ent r="4" t="160" w="261" /><ent r="3" t="167" w="749" /><ent r="4" t="188" w="341" /></phr></stem><stem n="did"><phr n="did"><ent r="3" t="157" w="330" /></phr></stem><stem n="correct"><phr n="correct"><ent r="3" t="158" w="52" /><ent r="4" t="158" w="252" /><ent r="4" t="164" w="1977" /><ent r="3" t="166" w="755" /></phr></stem><stem n="inconsist"><phr n="inconsistencies"><ent r="3" t="158" w="53" /><ent r="3" t="166" w="756" /></phr></stem><stem n="visibl"><phr n="visible"><ent r="3" t="158" w="214" /><ent r="4" t="158" w="269" /><ent r="3" t="164" w="306" /><ent r="3" t="170" w="281" /><ent r="3" t="170" w="309" /></phr></stem><stem n="verifi"><phr n="Verify"><ent r="5" t="158" w="241" /></phr><phr n="verify"><ent r="4" t="158" w="245" /></phr></stem><stem n="-hair"><phr n="-hair"><ent r="4" t="158" w="266" /><ent r="4" t="158" w="266" /></phr></stem><stem n="cross"><phr n="cross"><ent r="4" t="158" w="266" /><ent r="4" t="158" w="282" /></phr></stem><stem n="cross-hair"><phr n="cross-hair"><ent r="4" t="158" w="266" /><ent r="4" t="158" w="282" /></phr></stem><stem n="hair"><phr n="hair"><ent r="4" t="158" w="267" /><ent r="4" t="158" w="283" /></phr></stem><stem n="-hair."><phr n="-hair."><ent r="4" t="158" w="284" /><ent r="4" t="158" w="284" /></phr></stem><stem n="transfer"><phr n="transferring"><ent r="3" t="159" w="25" /></phr><phr n="transfer"><ent r="4" t="159" w="132" /></phr></stem><stem n="reapir"><phr n="REAPIR"><ent r="3" t="159" w="37" /></phr></stem><stem n="-in)"><phr n="-In)"><ent r="3" t="159" w="40" /><ent r="3" t="159" w="40" /></phr></stem><stem n="flicker"><phr n="Flicker"><ent r="3" t="160" w="48" /><ent r="5" t="160" w="139" /><ent r="5" t="160" w="156" /><ent r="5" t="160" w="185" /><ent r="92" t="161" w="75" /><ent r="5" t="161" w="116" /><ent r="5" t="161" w="128" /><ent r="4" t="161" w="348" /><ent r="3" t="166" w="998" /><ent r="5" t="166" w="1097" /><ent r="5" t="166" w="1105" /></phr><phr n="flicker"><ent r="4" t="160" w="166" /><ent r="4" t="160" w="172" /><ent r="4" t="160" w="177" /><ent r="4" t="160" w="197" /><ent r="3" t="161" w="38" /><ent r="3" t="161" w="42" /><ent r="3" t="161" w="49" /><ent r="3" t="161" w="69" /><ent r="3" t="161" w="71" /><ent r="3" t="161" w="85" /><ent r="3" t="161" w="101" /><ent r="3" t="161" w="135" /><ent r="3" t="161" w="155" /><ent r="4" t="161" w="160" /><ent r="4" t="161" w="173" /><ent r="4" t="161" w="181" /><ent r="3" t="161" w="211" /><ent r="4" t="161" w="216" /><ent r="4" t="161" w="357" /><ent r="4" t="161" w="362" /><ent r="4" t="161" w="369" /><ent r="4" t="161" w="378" /><ent r="4" t="166" w="1118" /><ent r="4" t="166" w="1124" /><ent r="3" t="166" w="1232" /><ent r="3" t="166" w="1237" /><ent r="3" t="166" w="1244" /><ent r="3" t="166" w="1261" /><ent r="3" t="166" w="1263" /><ent r="3" t="166" w="1269" /><ent r="3" t="166" w="1291" /><ent r="4" t="166" w="1296" /><ent r="4" t="166" w="1314" /><ent r="4" t="166" w="1324" /><ent r="3" t="166" w="1330" /><ent r="4" t="166" w="1335" /><ent r="4" t="166" w="1478" /><ent r="3" t="205" w="252" /></phr><phr n="flickering"><ent r="4" t="161" w="342" /></phr></stem><stem n="/blend"><phr n="/Blend"><ent r="3" t="160" w="49" /><ent r="5" t="160" w="140" /><ent r="92" t="161" w="76" /><ent r="3" t="166" w="999" /><ent r="5" t="166" w="1098" /><ent r="92" t="166" w="1221" /></phr><phr n="/blend"><ent r="3" t="161" w="39" /><ent r="3" t="161" w="50" /><ent r="3" t="166" w="1233" /><ent r="3" t="166" w="1245" /></phr></stem><stem n="flicker/blend"><phr n="Flicker/Blend"><ent r="3" t="160" w="49" /><ent r="3" t="160" w="48" /><ent r="5" t="160" w="140" /><ent r="5" t="160" w="139" /><ent r="92" t="161" w="76" /><ent r="92" t="161" w="75" /><ent r="3" t="166" w="999" /><ent r="3" t="166" w="998" /><ent r="5" t="166" w="1098" /><ent r="5" t="166" w="1097" /></phr><phr n="flicker/blend"><ent r="3" t="161" w="39" /><ent r="3" t="161" w="38" /><ent r="3" t="161" w="50" /><ent r="3" t="161" w="49" /><ent r="3" t="166" w="1233" /><ent r="3" t="166" w="1232" /><ent r="3" t="166" w="1245" /><ent r="3" t="166" w="1244" /></phr></stem><stem n="blend"><phr n="Blend"><ent r="3" t="160" w="49" /><ent r="5" t="160" w="140" /><ent r="92" t="161" w="76" /><ent r="3" t="166" w="999" /><ent r="5" t="166" w="1098" /><ent r="92" t="166" w="1221" /></phr><phr n="blend"><ent r="3" t="161" w="39" /><ent r="3" t="161" w="50" /><ent r="3" t="166" w="1233" /><ent r="3" t="166" w="1245" /></phr></stem><stem n="done"><phr n="done"><ent r="5" t="160" w="159" /><ent r="5" t="166" w="1111" /><ent r="4" t="166" w="1540" /></phr></stem></index>