﻿<?xml version="1.0" encoding="utf-8"?><index><stem n="unwant"><phr n="unwanted"><ent r="4" t="175" w="93" /></phr></stem><stem n="/reload"><phr n="/reload"><ent r="3" t="175" w="147" /></phr></stem><stem n="load/reload"><phr n="load/reload"><ent r="3" t="175" w="147" /><ent r="3" t="175" w="146" /></phr></stem><stem n="yorktown97"><phr n="yorktown97"><ent r="5" t="175" w="415" /></phr></stem><stem n=".hdr"><phr n=".hdr"><ent r="5" t="175" w="416" /></phr></stem><stem n="yorktown97.hdr"><phr n="yorktown97.hdr"><ent r="5" t="175" w="416" /><ent r="5" t="175" w="415" /></phr></stem><stem n="…"><phr n="…"><ent r="4" t="175" w="423" /><ent r="5" t="182" w="1543" /></phr></stem><stem n="(refer"><phr n="(referred"><ent r="4" t="175" w="437" /></phr></stem><stem n="&quot;bad"><phr n="&quot;bad"><ent r="4" t="175" w="440" /></phr><phr n="&quot;Bad"><ent r="3" t="202" w="98" /></phr></stem><stem n="&quot;)"><phr n="&quot;)"><ent r="4" t="175" w="442" /></phr></stem><stem n="&quot;subset&quot;"><phr n="&quot;Subset&quot;"><ent r="4" t="175" w="474" /></phr></stem><stem n="longer"><phr n="longer"><ent r="3" t="175" w="502" /><ent r="4" t="202" w="422" /><ent r="4" t="202" w="609" /><ent r="4" t="212" w="216" /></phr></stem><stem n="“point.”"><phr n="“Point.”"><ent r="3" t="175" w="739" /></phr></stem><stem n="“rectangle.”"><phr n="“Rectangle.”"><ent r="4" t="175" w="888" /></phr></stem><stem n="“swath"><phr n="“Swath"><ent r="4" t="175" w="904" /></phr></stem><stem n="swath"><phr n="Swath"><ent r="4" t="175" w="904" /><ent r="4" t="175" w="964" /><ent r="5" t="181" w="1813" /></phr></stem><stem n="hint"><phr n="hint"><ent r="5" t="175" w="911" /></phr></stem><stem n="adjac"><phr n="adjacent"><ent r="4" t="175" w="1244" /><ent r="3" t="188" w="17" /></phr></stem><stem n="coarser"><phr n="coarser"><ent r="4" t="175" w="1350" /></phr></stem><stem n="dictat"><phr n="dictate"><ent r="4" t="175" w="1390" /></phr><phr n="dictates"><ent r="3" t="181" w="1435" /></phr></stem><stem n="old"><phr n="old"><ent r="4" t="175" w="1457" /></phr></stem><stem n="&quot;princip"><phr n="&quot;Principal"><ent r="4" t="175" w="1466" /></phr></stem><stem n="few"><phr n="few"><ent r="4" t="175" w="1514" /></phr></stem><stem n="greatest"><phr n="greatest"><ent r="4" t="175" w="1522" /></phr></stem><stem n="varianc"><phr n="variance"><ent r="4" t="175" w="1525" /></phr></stem><stem n="543"><phr n="543"><ent r="3" t="175" w="1536" /></phr></stem><stem n="gun"><phr n="gun"><ent r="3" t="175" w="1548" /><ent r="3" t="175" w="1557" /><ent r="3" t="175" w="1567" /></phr></stem><stem n="hot"><phr n="hot"><ent r="3" t="175" w="1576" /></phr></stem><stem n="r5g4b3t"><phr n="r5g4b3t"><ent r="3" t="175" w="1580" /></phr></stem><stem n="examin"><phr n="examine"><ent r="3" t="176" w="41" /></phr></stem><stem n="construct"><phr n="construction"><ent r="3" t="176" w="42" /></phr></stem><stem n="site"><phr n="site"><ent r="3" t="176" w="50" /></phr></stem><stem n="-month"><phr n="-month"><ent r="3" t="176" w="53" /><ent r="3" t="176" w="53" /></phr></stem><stem n="18-month"><phr n="18-month"><ent r="3" t="176" w="53" /></phr></stem><stem n="ir_bushehr"><phr n="ir_bushehr"><ent r="5" t="176" w="358" /><ent r="5" t="176" w="357" /><ent r="5" t="176" w="366" /><ent r="5" t="176" w="365" /><ent r="5" t="176" w="436" /><ent r="5" t="176" w="435" /><ent r="5" t="176" w="453" /><ent r="5" t="176" w="452" /></phr></stem><stem n="bushehr"><phr n="bushehr"><ent r="5" t="176" w="358" /><ent r="5" t="176" w="366" /><ent r="5" t="176" w="436" /><ent r="5" t="176" w="453" /></phr></stem><stem n="ir_bushehr_06jun02"><phr n="ir_bushehr_06jun02"><ent r="5" t="176" w="359" /><ent r="5" t="176" w="357" /><ent r="5" t="176" w="437" /><ent r="5" t="176" w="435" /></phr></stem><stem n="06jun02"><phr n="06jun02"><ent r="5" t="176" w="359" /><ent r="5" t="176" w="437" /></phr></stem><stem n="ir_bushehr_06jun02_p"><phr n="ir_bushehr_06jun02_ps"><ent r="5" t="176" w="360" /><ent r="5" t="176" w="357" /><ent r="5" t="176" w="438" /><ent r="5" t="176" w="435" /></phr></stem><stem n="ps"><phr n="ps"><ent r="5" t="176" w="360" /><ent r="5" t="176" w="368" /><ent r="5" t="176" w="438" /><ent r="5" t="176" w="455" /></phr></stem><stem n="_bushehr_06jun02_ps.tif"><phr n="_bushehr_06jun02_ps.tif"><ent r="5" t="176" w="361" /><ent r="5" t="176" w="439" /></phr></stem><stem n="ir_bushehr_06jun02_ps.tif"><phr n="ir_bushehr_06jun02_ps.tif"><ent r="5" t="176" w="361" /><ent r="5" t="176" w="357" /><ent r="5" t="176" w="439" /><ent r="5" t="176" w="435" /></phr></stem><stem n="ir_bushehr_28feb04"><phr n="ir_bushehr_28feb04"><ent r="5" t="176" w="367" /><ent r="5" t="176" w="365" /><ent r="5" t="176" w="454" /><ent r="5" t="176" w="452" /></phr></stem><stem n="28feb04"><phr n="28feb04"><ent r="5" t="176" w="367" /><ent r="5" t="176" w="454" /></phr></stem><stem n="ir_bushehr_28feb04_p"><phr n="ir_bushehr_28feb04_ps"><ent r="5" t="176" w="368" /><ent r="5" t="176" w="365" /><ent r="5" t="176" w="455" /><ent r="5" t="176" w="452" /></phr></stem><stem n="_bushehr_28feb04_ps.tif"><phr n="_bushehr_28feb04_ps.tif"><ent r="5" t="176" w="369" /><ent r="5" t="176" w="456" /></phr></stem><stem n="ir_bushehr_28feb04_ps.tif"><phr n="ir_bushehr_28feb04_ps.tif"><ent r="5" t="176" w="369" /><ent r="5" t="176" w="365" /><ent r="5" t="176" w="456" /><ent r="5" t="176" w="452" /></phr></stem><stem n="degrad"><phr n="degraded"><ent r="3" t="176" w="531" /></phr></stem><stem n="(typic"><phr n="(typically"><ent r="3" t="176" w="606" /></phr></stem><stem n="351"><phr n="351"><ent r="3" t="176" w="832" /><ent r="4" t="176" w="851" /></phr></stem><stem n=",367"><phr n=",367"><ent r="3" t="176" w="833" /></phr></stem><stem n="351,367"><phr n="351,367"><ent r="3" t="176" w="833" /><ent r="3" t="176" w="832" /><ent r="4" t="176" w="852" /><ent r="4" t="176" w="851" /></phr></stem><stem n="367"><phr n="367"><ent r="3" t="176" w="833" /><ent r="4" t="176" w="852" /></phr></stem><stem n="898"><phr n="898"><ent r="3" t="176" w="839" /><ent r="4" t="176" w="858" /></phr></stem><stem n=",745"><phr n=",745"><ent r="3" t="176" w="840" /></phr></stem><stem n="898,745"><phr n="898,745"><ent r="3" t="176" w="840" /><ent r="3" t="176" w="839" /><ent r="4" t="176" w="859" /><ent r="4" t="176" w="858" /></phr></stem><stem n="745"><phr n="745"><ent r="3" t="176" w="840" /><ent r="4" t="176" w="859" /></phr></stem><stem n="(351,367)"><phr n="(351,367)"><ent r="4" t="176" w="853" /></phr></stem><stem n="(898,745)"><phr n="(898,745)"><ent r="4" t="176" w="860" /></phr></stem><stem n="(frame"><phr n="(frames"><ent r="4" t="176" w="1323" /></phr></stem><stem n="finer"><phr n="finer"><ent r="3" t="176" w="1466" /></phr></stem><stem n="-run"><phr n="-run"><ent r="4" t="176" w="1508" /><ent r="4" t="176" w="1508" /></phr></stem><stem n="re-run"><phr n="Re-run"><ent r="4" t="176" w="1508" /></phr></stem><stem n="(gis)"><phr n="(GIS)"><ent r="3" t="177" w="105" /><ent r="3" t="178" w="95" /></phr></stem><stem n="arcview"><phr n="ArcView"><ent r="3" t="177" w="157" /><ent r="3" t="178" w="147" /></phr></stem><stem n="vendor"><phr n="vendors"><ent r="3" t="177" w="170" /><ent r="3" t="178" w="160" /></phr></stem><stem n="-base"><phr n="-based"><ent r="3" t="177" w="184" /><ent r="3" t="177" w="184" /><ent r="3" t="178" w="174" /><ent r="3" t="178" w="174" /></phr></stem><stem n="vector-bas"><phr n="vector-based"><ent r="3" t="177" w="184" /><ent r="3" t="178" w="174" /></phr></stem><stem n="multi-point"><phr n="multi-points"><ent r="3" t="177" w="192" /><ent r="3" t="178" w="182" /></phr><phr n="multi-point"><ent r="3" t="177" w="204" /><ent r="3" t="178" w="193" /><ent r="3" t="178" w="1289" /></phr><phr n="Multi-point"><ent r="3" t="177" w="214" /><ent r="3" t="178" w="203" /></phr><phr n="Multi-Point"><ent r="3" t="178" w="1203" /></phr></stem><stem n="-points,"><phr n="-points,"><ent r="3" t="177" w="194" /><ent r="3" t="177" w="194" /><ent r="3" t="178" w="184" /><ent r="3" t="178" w="184" /></phr></stem><stem n="-point"><phr n="-point"><ent r="3" t="177" w="204" /><ent r="3" t="177" w="204" /><ent r="3" t="177" w="214" /><ent r="3" t="177" w="214" /><ent r="3" t="178" w="193" /><ent r="3" t="178" w="193" /><ent r="3" t="178" w="203" /><ent r="3" t="178" w="203" /><ent r="3" t="178" w="1289" /><ent r="3" t="178" w="1289" /></phr></stem><stem n="unord"><phr n="unordered"><ent r="3" t="177" w="219" /><ent r="3" t="178" w="208" /></phr></stem><stem n="entiti"><phr n="entity"><ent r="3" t="177" w="227" /><ent r="3" t="178" w="216" /></phr></stem><stem n="railroad"><phr n="railroads"><ent r="3" t="177" w="255" /><ent r="6" t="177" w="947" /><ent r="3" t="177" w="1155" /><ent r="3" t="178" w="244" /></phr><phr n="Railroads"><ent r="6" t="177" w="942" /><ent r="4" t="177" w="1132" /></phr></stem><stem n="could"><phr n="could"><ent r="3" t="177" w="305" /><ent r="3" t="178" w="292" /></phr></stem><stem n="trim"><phr n="trims"><ent r="3" t="177" w="350" /><ent r="3" t="178" w="337" /></phr></stem><stem n="plan"><phr n="plan"><ent r="3" t="177" w="409" /><ent r="3" t="178" w="395" /></phr></stem><stem n="wpafb"><phr n="wpafb"><ent r="5" t="177" w="647" /></phr><phr n="WPAFB"><ent r="5" t="177" w="821" /><ent r="6" t="177" w="925" /><ent r="6" t="177" w="941" /><ent r="6" t="177" w="955" /><ent r="4" t="177" w="1010" /><ent r="4" t="177" w="1131" /><ent r="4" t="177" w="1134" /><ent r="4" t="177" w="1138" /></phr></stem><stem n=".tif"><phr n=".tif"><ent r="5" t="177" w="648" /><ent r="5" t="180" w="522" /><ent r="5" t="180" w="560" /><ent r="5" t="180" w="931" /><ent r="5" t="180" w="1157" /></phr></stem><stem n="wpafb.tif"><phr n="wpafb.tif"><ent r="5" t="177" w="648" /><ent r="5" t="177" w="647" /></phr></stem><stem n="wpafb_runwai"><phr n="WPAFB_Runways"><ent r="5" t="177" w="822" /><ent r="5" t="177" w="821" /><ent r="4" t="177" w="1139" /><ent r="4" t="177" w="1138" /></phr></stem><stem n="runwai"><phr n="Runways"><ent r="5" t="177" w="822" /><ent r="4" t="177" w="1139" /></phr><phr n="runway"><ent r="4" t="177" w="911" /></phr><phr n="runways"><ent r="3" t="177" w="1158" /></phr></stem><stem n="_runways.shp"><phr n="_Runways.shp"><ent r="5" t="177" w="823" /></phr></stem><stem n="wpafb_runways.shp"><phr n="WPAFB_Runways.shp"><ent r="5" t="177" w="823" /><ent r="5" t="177" w="821" /></phr></stem><stem n="shp"><phr n="shp"><ent r="5" t="177" w="823" /><ent r="6" t="177" w="927" /><ent r="6" t="177" w="943" /><ent r="6" t="177" w="957" /><ent r="5" t="178" w="1067" /></phr></stem><stem n="repeat"><phr n="Repeat"><ent r="4" t="177" w="917" /><ent r="4" t="177" w="1122" /><ent r="4" t="178" w="956" /><ent r="7" t="185" w="72" /></phr><phr n="repeated"><ent r="5" t="182" w="159" /></phr></stem><stem n="wpafb_waterbodi"><phr n="WPAFB_WaterBodies"><ent r="6" t="177" w="926" /><ent r="6" t="177" w="925" /><ent r="4" t="177" w="1011" /><ent r="4" t="177" w="1010" /></phr></stem><stem n="waterbodi"><phr n="WaterBodies"><ent r="6" t="177" w="926" /><ent r="4" t="177" w="1011" /></phr></stem><stem n="wpafb_waterbodies.shp"><phr n="WPAFB_WaterBodies.shp"><ent r="6" t="177" w="927" /><ent r="6" t="177" w="925" /></phr></stem><stem n="wpafb_waterbodies.shp."><phr n="WPAFB_WaterBodies.shp."><ent r="6" t="177" w="927" /><ent r="6" t="177" w="925" /></phr></stem><stem n="_waterbodies.shp."><phr n="_WaterBodies.shp."><ent r="6" t="177" w="928" /></phr></stem><stem n="bodi"><phr n="bodies"><ent r="6" t="177" w="931" /><ent r="4" t="177" w="1024" /><ent r="3" t="177" w="1068" /></phr></stem><stem n="water"><phr n="water"><ent r="6" t="177" w="933" /><ent r="4" t="177" w="1023" /><ent r="3" t="177" w="1067" /></phr></stem><stem n="wpafb_railroad"><phr n="WPAFB_Railroads"><ent r="6" t="177" w="942" /><ent r="6" t="177" w="941" /><ent r="4" t="177" w="1132" /><ent r="4" t="177" w="1131" /></phr></stem><stem n="wpafb_railroads.shp"><phr n="WPAFB_Railroads.shp"><ent r="6" t="177" w="943" /><ent r="6" t="177" w="941" /></phr></stem><stem n="wpafb_railroads.shp."><phr n="WPAFB_Railroads.shp."><ent r="6" t="177" w="943" /><ent r="6" t="177" w="941" /></phr></stem><stem n="_railroads.shp."><phr n="_Railroads.shp."><ent r="6" t="177" w="944" /></phr></stem><stem n="wpafb_stream"><phr n="WPAFB_Streams"><ent r="6" t="177" w="956" /><ent r="6" t="177" w="955" /><ent r="4" t="177" w="1135" /><ent r="4" t="177" w="1134" /></phr></stem><stem n="stream"><phr n="Streams"><ent r="6" t="177" w="956" /><ent r="4" t="177" w="1135" /></phr><phr n="streams"><ent r="5" t="177" w="962" /></phr></stem><stem n="_streams.shp"><phr n="_Streams.shp"><ent r="6" t="177" w="957" /></phr></stem><stem n="wpafb_streams.shp"><phr n="WPAFB_Streams.shp"><ent r="6" t="177" w="957" /><ent r="6" t="177" w="955" /></phr></stem><stem n="_waterbodi"><phr n="_WaterBodies"><ent r="4" t="177" w="1011" /></phr></stem><stem n="clearli"><phr n="clearly"><ent r="3" t="177" w="1084" /><ent r="4" t="182" w="613" /></phr></stem><stem n="thick"><phr n="thickness"><ent r="3" t="177" w="1091" /></phr></stem><stem n="_railroad"><phr n="_Railroads"><ent r="4" t="177" w="1132" /></phr></stem><stem n="(green),"><phr n="(green),"><ent r="4" t="177" w="1134" /></phr></stem><stem n="_stream"><phr n="_Streams"><ent r="4" t="177" w="1135" /></phr></stem><stem n="(yellow),"><phr n="(yellow),"><ent r="4" t="177" w="1137" /></phr></stem><stem n="_runwai"><phr n="_Runways"><ent r="4" t="177" w="1139" /></phr></stem><stem n="(red)."><phr n="(red)."><ent r="4" t="177" w="1141" /></phr></stem><stem n="arcmap"><phr n="ArcMap"><ent r="4" t="178" w="72" /><ent r="92" t="178" w="1151" /><ent r="4" t="178" w="1164" /><ent r="4" t="178" w="1183" /><ent r="3" t="178" w="1318" /></phr></stem><stem n="compos"><phr n="composed"><ent r="3" t="178" w="286" /></phr></stem><stem n="pyramid"><phr n="pyramids"><ent r="5" t="178" w="640" /><ent r="4" t="178" w="834" /></phr><phr n="pyramid"><ent r="5" t="178" w="1065" /></phr></stem><stem n="pyramids_psh"><phr n="pyramids_psh"><ent r="5" t="178" w="641" /><ent r="5" t="178" w="640" /></phr></stem><stem n="psh"><phr n="psh"><ent r="5" t="178" w="641" /></phr></stem><stem n="pyramids_psh_2feb2002"><phr n="pyramids_psh_2feb2002"><ent r="5" t="178" w="642" /><ent r="5" t="178" w="640" /></phr></stem><stem n="2feb2002"><phr n="2feb2002"><ent r="5" t="178" w="642" /></phr></stem><stem n="pyramids_psh_2feb2002_8bitgeotiff"><phr n="pyramids_psh_2feb2002_8bitgeotiff"><ent r="5" t="178" w="643" /><ent r="5" t="178" w="640" /></phr></stem><stem n="8bitgeotiff"><phr n="8bitgeotiff"><ent r="5" t="178" w="643" /></phr></stem><stem n="_psh_2feb2002_8bitgeotiff.tif"><phr n="_psh_2feb2002_8bitgeotiff.tif"><ent r="5" t="178" w="644" /></phr></stem><stem n="pyramids_psh_2feb2002_8bitgeotiff.tif"><phr n="pyramids_psh_2feb2002_8bitgeotiff.tif"><ent r="5" t="178" w="644" /><ent r="5" t="178" w="640" /></phr></stem><stem n="3r2g1bt"><phr n="3r2g1bt"><ent r="4" t="178" w="683" /></phr></stem><stem n="3r"><phr n="3r"><ent r="3" t="178" w="686" /></phr></stem><stem n="“3r”"><phr n="“3r”"><ent r="3" t="178" w="687" /></phr></stem><stem n="2g"><phr n="2g"><ent r="3" t="178" w="692" /></phr></stem><stem n="“2g”"><phr n="“2g”"><ent r="3" t="178" w="693" /></phr></stem><stem n="1b"><phr n="1b"><ent r="3" t="178" w="698" /></phr></stem><stem n="“1b”"><phr n="“1b”"><ent r="3" t="178" w="699" /></phr></stem><stem n="“t”"><phr n="“t”"><ent r="3" t="178" w="705" /></phr></stem><stem n="(try"><phr n="(Try"><ent r="3" t="178" w="771" /></phr></stem><stem n="%.)"><phr n="%.)"><ent r="3" t="178" w="776" /></phr></stem><stem n="maneuv"><phr n="maneuver"><ent r="4" t="178" w="872" /></phr></stem><stem n="gcp5"><phr n="GCP5"><ent r="4" t="178" w="878" /></phr></stem><stem n="“roads.”"><phr n="“Roads.”"><ent r="4" t="178" w="911" /></phr></stem><stem n="-activ"><phr n="-activate"><ent r="4" t="178" w="912" /><ent r="4" t="178" w="912" /></phr></stem><stem n="re-activ"><phr n="Re-activate"><ent r="4" t="178" w="912" /></phr></stem><stem n="pyramid_road"><phr n="pyramid_roads"><ent r="5" t="178" w="1066" /><ent r="5" t="178" w="1065" /></phr></stem><stem n="_roads.shp"><phr n="_roads.shp"><ent r="5" t="178" w="1067" /></phr></stem><stem n="pyramid_roads.shp"><phr n="pyramid_roads.shp"><ent r="5" t="178" w="1067" /><ent r="5" t="178" w="1065" /></phr></stem><stem n="oi"><phr n="OI"><ent r="5" t="178" w="1098" /></phr></stem><stem n="temp"><phr n="temp"><ent r="5" t="178" w="1130" /><ent r="3" t="182" w="1476" /></phr></stem><stem n="“point”"><phr n="“Point”"><ent r="3" t="178" w="1202" /></phr></stem><stem n="“multi-point”"><phr n="“Multi-Point”"><ent r="3" t="178" w="1205" /></phr></stem><stem n="“shape:”"><phr n="“Shape:”"><ent r="3" t="178" w="1208" /></phr></stem><stem n="“add"><phr n="“Add"><ent r="3" t="178" w="1226" /></phr></stem><stem n="“name”"><phr n="“Name”"><ent r="3" t="178" w="1236" /></phr></stem><stem n="hyperspectr"><phr n="hyperspectral"><ent r="4" t="179" w="66" /><ent r="4" t="179" w="107" /><ent r="3" t="179" w="168" /><ent r="3" t="179" w="571" /><ent r="3" t="188" w="77" /></phr></stem><stem n="fwhm"><phr n="FWHM"><ent r="4" t="179" w="96" /><ent r="4" t="179" w="306" /><ent r="4" t="179" w="324" /><ent r="3" t="179" w="345" /><ent r="3" t="179" w="355" /><ent r="3" t="179" w="367" /><ent r="3" t="188" w="63" /><ent r="3" t="188" w="81" /><ent r="3" t="188" w="96" /><ent r="3" t="188" w="140" /><ent r="3" t="188" w="165" /><ent r="3" t="188" w="193" /><ent r="3" t="188" w="220" /><ent r="82" t="190" w="363" /><ent r="3" t="190" w="366" /><ent r="3" t="190" w="374" /><ent r="3" t="190" w="632" /><ent r="4" t="190" w="638" /><ent r="4" t="190" w="649" /><ent r="7" t="193" w="637" /><ent r="82" t="203" w="180" /><ent r="3" t="203" w="183" /><ent r="3" t="203" w="191" /></phr><phr n="fwhm"><ent r="7" t="193" w="639" /><ent r="3" t="193" w="859" /></phr></stem><stem n="(fwhm)."><phr n="(FWHM)."><ent r="4" t="179" w="97" /></phr></stem><stem n="f970620t01p02"><phr n="f970620t01p02"><ent r="5" t="179" w="274" /><ent r="6" t="179" w="530" /></phr></stem><stem n="f970620t01p02_r03"><phr n="f970620t01p02_r03"><ent r="5" t="179" w="275" /><ent r="5" t="179" w="274" /><ent r="6" t="179" w="531" /><ent r="6" t="179" w="530" /></phr></stem><stem n="r03"><phr n="r03"><ent r="5" t="179" w="275" /><ent r="6" t="179" w="531" /></phr></stem><stem n="f970620t01p02_r03_sc01"><phr n="f970620t01p02_r03_sc01"><ent r="5" t="179" w="276" /><ent r="5" t="179" w="274" /><ent r="6" t="179" w="532" /><ent r="6" t="179" w="530" /></phr></stem><stem n="sc01"><phr n="sc01"><ent r="5" t="179" w="276" /><ent r="6" t="179" w="532" /></phr></stem><stem n="f970620t01p02_r03_sc01.a"><phr n="f970620t01p02_r03_sc01.a"><ent r="5" t="179" w="277" /><ent r="5" t="179" w="274" /><ent r="6" t="179" w="533" /><ent r="6" t="179" w="530" /></phr></stem><stem n="_r03_sc01.a.hdr"><phr n="_r03_sc01.a.hdr"><ent r="5" t="179" w="278" /></phr></stem><stem n="f970620t01p02_r03_sc01.a.hdr"><phr n="f970620t01p02_r03_sc01.a.hdr"><ent r="5" t="179" w="278" /><ent r="5" t="179" w="274" /></phr></stem><stem n=".00"><phr n=".00"><ent r="5" t="179" w="320" /></phr></stem><stem n="1.00"><phr n="1.00"><ent r="5" t="179" w="320" /><ent r="5" t="179" w="319" /></phr></stem><stem n="00"><phr n="00"><ent r="5" t="179" w="320" /><ent r="3" t="193" w="773" /><ent r="3" t="193" w="775" /></phr></stem><stem n="constant"><phr n="Constant"><ent r="4" t="179" w="325" /><ent r="3" t="179" w="360" /><ent r="3" t="179" w="368" /><ent r="3" t="188" w="166" /><ent r="4" t="190" w="650" /></phr><phr n="constant"><ent r="3" t="188" w="141" /><ent r="3" t="188" w="221" /><ent r="3" t="190" w="613" /><ent r="3" t="190" w="633" /></phr><phr n="constants"><ent r="3" t="190" w="375" /><ent r="3" t="203" w="192" /></phr></stem><stem n="sensor'"><phr n="sensor's"><ent r="3" t="179" w="350" /><ent r="3" t="179" w="349" /></phr></stem><stem n="estim"><phr n="estimates"><ent r="3" t="179" w="353" /></phr><phr n="estimated"><ent r="3" t="188" w="101" /></phr></stem><stem n="popul"><phr n="populated"><ent r="3" t="179" w="388" /></phr><phr n="populate"><ent r="3" t="180" w="1017" /></phr></stem><stem n="&quot;wavelength"><phr n="&quot;Wavelength"><ent r="4" t="179" w="458" /></phr></stem><stem n="improv"><phr n="improve"><ent r="3" t="179" w="506" /></phr></stem><stem n="exploit"><phr n="exploitation"><ent r="3" t="179" w="509" /></phr></stem><stem n="_r03_sc01.a.bip"><phr n="_r03_sc01.a.bip"><ent r="6" t="179" w="534" /></phr></stem><stem n="f970620t01p02_r03_sc01.a.bip"><phr n="f970620t01p02_r03_sc01.a.bip"><ent r="6" t="179" w="534" /><ent r="6" t="179" w="530" /></phr></stem><stem n="bip"><phr n="bip"><ent r="6" t="179" w="534" /></phr><phr n="BIP"><ent r="7" t="193" w="312" /><ent r="3" t="202" w="233" /><ent r="3" t="202" w="273" /><ent r="3" t="202" w="300" /></phr></stem><stem n="/review:"><phr n="/Review:"><ent r="4" t="179" w="562" /></phr></stem><stem n="blank"><phr n="blank"><ent r="4" t="180" w="71" /><ent r="4" t="180" w="229" /><ent r="4" t="180" w="971" /><ent r="4" t="180" w="980" /><ent r="3" t="180" w="1019" /><ent r="3" t="180" w="1118" /></phr><phr n="Blank"><ent r="92" t="180" w="1006" /></phr></stem><stem n="scratch"><phr n="scratch"><ent r="4" t="180" w="224" /></phr></stem><stem n="whatev"><phr n="whatever"><ent r="4" t="180" w="234" /></phr></stem><stem n="seen"><phr n="seen"><ent r="4" t="180" w="238" /></phr></stem><stem n="whichev"><phr n="Whichever"><ent r="4" t="180" w="249" /></phr></stem><stem n="“exercise”"><phr n="“Exercise”"><ent r="3" t="180" w="601" /><ent r="4" t="180" w="793" /></phr></stem><stem n="1/layout"><phr n="1/Layout"><ent r="5" t="180" w="766" /><ent r="5" t="180" w="765" /></phr></stem><stem n="1/layout/view"><phr n="1/Layout/View"><ent r="5" t="180" w="767" /><ent r="5" t="180" w="765" /></phr></stem><stem n="1/layout/view/landsat6band"><phr n="1/Layout/View/landsat6band"><ent r="5" t="180" w="768" /><ent r="5" t="180" w="765" /></phr></stem><stem n="1/layout/view/landsat6band.tif"><phr n="1/Layout/View/landsat6band.tif"><ent r="5" t="180" w="769" /><ent r="5" t="180" w="765" /></phr></stem><stem n="/layout/view/landsat6band.tif/annot"><phr n="/Layout/View/landsat6band.tif/Annotation"><ent r="5" t="180" w="770" /></phr></stem><stem n="1/layout/view/landsat6band.tif/annot"><phr n="1/Layout/View/landsat6band.tif/Annotation"><ent r="5" t="180" w="770" /><ent r="5" t="180" w="765" /></phr></stem><stem n="“color”"><phr n="“Color”"><ent r="4" t="180" w="829" /></phr></stem><stem n="“text”"><phr n="“Text”"><ent r="4" t="180" w="832" /></phr></stem><stem n="deactiv"><phr n="deactivate"><ent r="4" t="180" w="871" /></phr></stem><stem n="sampledata"><phr n="SampleData"><ent r="5" t="180" w="921" /><ent r="4" t="182" w="1675" /></phr></stem><stem n="/geotiff"><phr n="/GeoTIFF"><ent r="5" t="180" w="922" /></phr></stem><stem n="sampledata/geotiff"><phr n="SampleData/GeoTIFF"><ent r="5" t="180" w="922" /><ent r="5" t="180" w="921" /><ent r="4" t="182" w="1676" /><ent r="4" t="182" w="1675" /></phr></stem><stem n="/past"><phr n="/pasting"><ent r="3" t="180" w="1043" /></phr></stem><stem n="copying/past"><phr n="copying/pasting"><ent r="3" t="180" w="1043" /><ent r="3" t="180" w="1042" /></phr></stem><stem n="(paint"><phr n="(paint"><ent r="3" t="180" w="1114" /></phr></stem><stem n="paint"><phr n="paint"><ent r="3" t="180" w="1114" /><ent r="3" t="180" w="1228" /></phr></stem><stem n="brush"><phr n="brush"><ent r="3" t="180" w="1115" /><ent r="3" t="180" w="1229" /></phr></stem><stem n="&quot;exercise&quot;"><phr n="&quot;Exercise&quot;"><ent r="3" t="180" w="1245" /></phr></stem><stem n="-autom"><phr n="-automated"><ent r="3" t="181" w="36" /><ent r="3" t="181" w="36" /><ent r="3" t="181" w="1887" /><ent r="3" t="181" w="1887" /></phr></stem><stem n="semi"><phr n="semi"><ent r="3" t="181" w="36" /><ent r="3" t="181" w="1887" /></phr></stem><stem n="semi-autom"><phr n="semi-automated"><ent r="3" t="181" w="36" /><ent r="3" t="181" w="1887" /></phr></stem><stem n="togeth"><phr n="together"><ent r="3" t="181" w="90" /><ent r="3" t="181" w="268" /></phr></stem><stem n="partial"><phr n="partially"><ent r="3" t="181" w="105" /></phr><phr n="partial"><ent r="3" t="225" w="77" /></phr></stem><stem n="-to-us"><phr n="-to-use"><ent r="3" t="181" w="115" /><ent r="3" t="181" w="116" /></phr></stem><stem n="easi"><phr n="easy"><ent r="3" t="181" w="115" /></phr></stem><stem n="easy-to"><phr n="easy-to"><ent r="3" t="181" w="115" /></phr></stem><stem n="easy-to-us"><phr n="easy-to-use"><ent r="3" t="181" w="115" /></phr></stem><stem n="to-us"><phr n="to-use"><ent r="3" t="181" w="116" /></phr></stem><stem n="rememb"><phr n="remember"><ent r="3" t="181" w="129" /></phr></stem><stem n="concept"><phr n="concept"><ent r="3" t="181" w="140" /></phr></stem><stem n="&quot;wizard&quot;"><phr n="&quot;Wizard&quot;"><ent r="4" t="181" w="190" /></phr></stem><stem n="simpl"><phr n="simple"><ent r="3" t="181" w="226" /></phr></stem><stem n="boolean"><phr n="Boolean"><ent r="3" t="181" w="242" /></phr></stem><stem n="(true"><phr n="(true"><ent r="3" t="181" w="243" /></phr></stem><stem n="fals"><phr n="false"><ent r="3" t="181" w="245" /><ent r="6" t="236" w="638" /></phr><phr n="False"><ent r="3" t="182" w="672" /><ent r="6" t="236" w="220" /></phr></stem><stem n="block"><phr n="block"><ent r="3" t="181" w="258" /><ent r="4" t="202" w="372" /></phr></stem><stem n="doc"><phr n="doc"><ent r="4" t="181" w="456" /><ent r="4" t="181" w="506" /></phr></stem><stem n="&quot;string&quot;"><phr n="&quot;string&quot;"><ent r="4" t="181" w="620" /><ent r="4" t="181" w="654" /></phr></stem><stem n="-express"><phr n="-expression"><ent r="3" t="181" w="677" /><ent r="3" t="181" w="677" /><ent r="7" t="181" w="1172" /><ent r="7" t="181" w="1172" /><ent r="4" t="181" w="1231" /><ent r="4" t="181" w="1231" /><ent r="3" t="181" w="1376" /><ent r="3" t="181" w="1376" /><ent r="7" t="182" w="1035" /><ent r="7" t="182" w="1035" /><ent r="3" t="182" w="1332" /><ent r="3" t="182" w="1332" /></phr><phr n="-Expression"><ent r="4" t="181" w="1115" /><ent r="4" t="181" w="1115" /></phr></stem><stem n="value-express"><phr n="Value-expression"><ent r="3" t="181" w="677" /><ent r="7" t="181" w="1172" /><ent r="4" t="181" w="1231" /><ent r="3" t="181" w="1376" /><ent r="7" t="182" w="1035" /><ent r="3" t="182" w="1332" /></phr><phr n="Value-Expression"><ent r="4" t="181" w="1115" /></phr></stem><stem n="bool"><phr n="bool"><ent r="4" t="181" w="708" /><ent r="4" t="181" w="742" /><ent r="3" t="182" w="666" /><ent r="6" t="236" w="212" /></phr></stem><stem n="&quot;bool&quot;"><phr n="&quot;bool&quot;"><ent r="4" t="181" w="709" /><ent r="4" t="181" w="743" /></phr></stem><stem n="-displai"><phr n="-display"><ent r="4" t="181" w="764" /><ent r="4" t="181" w="764" /><ent r="3" t="181" w="1380" /><ent r="3" t="181" w="1380" /><ent r="7" t="182" w="1058" /><ent r="7" t="182" w="1058" /><ent r="3" t="182" w="1336" /><ent r="3" t="182" w="1336" /></phr></stem><stem n="value-displai"><phr n="Value-display"><ent r="4" t="181" w="764" /><ent r="3" t="181" w="1380" /><ent r="7" t="182" w="1058" /><ent r="3" t="182" w="1336" /></phr></stem><stem n="explan"><phr n="explanation"><ent r="3" t="181" w="788" /><ent r="3" t="181" w="803" /><ent r="3" t="225" w="91" /></phr></stem><stem n="unlik"><phr n="unlike"><ent r="3" t="181" w="904" /></phr></stem><stem n="let"><phr n="let"><ent r="3" t="181" w="1010" /></phr><phr n="Let"><ent r="3" t="226" w="7" /></phr></stem><stem n="exactli"><phr n="exactly"><ent r="3" t="181" w="1025" /></phr></stem><stem n="(note:"><phr n="(Note:"><ent r="7" t="181" w="1147" /></phr></stem><stem n="(first"><phr n="(first"><ent r="7" t="181" w="1182" /><ent r="7" t="182" w="1045" /></phr></stem><stem n="incorrect"><phr n="incorrect"><ent r="6" t="181" w="1192" /><ent r="3" t="182" w="1152" /></phr></stem><stem n="misconnect"><phr n="misconnection"><ent r="6" t="181" w="1202" /></phr><phr n="misconnected"><ent r="3" t="182" w="1162" /></phr></stem><stem n="hit"><phr n="hitting"><ent r="6" t="181" w="1217" /><ent r="3" t="182" w="1178" /></phr></stem></index>