﻿<?xml version="1.0" encoding="utf-8"?><index><stem n="plug"><phr n="plug"><ent r="3" t="0" w="89" /><ent r="3" t="1" w="43" /><ent r="3" t="1" w="161" /><ent r="3" t="1" w="588" /><ent r="3" t="1" w="592" /><ent r="7" t="6" w="171" /><ent r="3" t="20" w="558" /><ent r="3" t="22" w="28" /><ent r="3" t="77" w="364" /><ent r="3" t="77" w="384" /><ent r="3" t="77" w="396" /><ent r="3" t="100" w="35" /><ent r="3" t="101" w="50" /><ent r="3" t="102" w="24" /><ent r="3" t="102" w="36" /><ent r="3" t="102" w="54" /><ent r="3" t="102" w="80" /><ent r="3" t="102" w="95" /><ent r="3" t="102" w="101" /><ent r="3" t="102" w="170" /><ent r="4" t="102" w="193" /><ent r="4" t="102" w="211" /><ent r="3" t="108" w="59" /><ent r="3" t="108" w="324" /><ent r="4" t="108" w="345" /><ent r="4" t="108" w="355" /><ent r="4" t="108" w="361" /><ent r="4" t="108" w="371" /><ent r="3" t="108" w="391" /><ent r="3" t="108" w="405" /><ent r="3" t="108" w="419" /><ent r="3" t="108" w="426" /><ent r="3" t="123" w="312" /><ent r="3" t="123" w="319" /><ent r="8" t="123" w="368" /><ent r="8" t="123" w="380" /><ent r="7" t="123" w="393" /><ent r="8" t="123" w="409" /><ent r="8" t="123" w="425" /><ent r="3" t="142" w="22" /><ent r="3" t="142" w="42" /><ent r="3" t="154" w="21" /><ent r="3" t="154" w="32" /><ent r="3" t="155" w="399" /><ent r="3" t="164" w="66" /><ent r="3" t="165" w="25" /><ent r="3" t="165" w="44" /><ent r="4" t="165" w="70" /><ent r="3" t="165" w="95" /><ent r="3" t="165" w="104" /><ent r="3" t="165" w="115" /><ent r="3" t="165" w="126" /><ent r="3" t="165" w="135" /><ent r="4" t="165" w="145" /><ent r="3" t="165" w="167" /><ent r="3" t="165" w="179" /><ent r="3" t="168" w="13" /><ent r="3" t="168" w="61" /><ent r="100" t="169" w="17" /><ent r="3" t="169" w="112" /><ent r="3" t="174" w="87" /><ent r="3" t="176" w="119" /><ent r="3" t="176" w="127" /><ent r="3" t="176" w="137" /><ent r="3" t="176" w="224" /><ent r="3" t="185" w="524" /><ent r="3" t="185" w="1003" /><ent r="3" t="185" w="1281" /><ent r="3" t="186" w="1206" /><ent r="3" t="193" w="106" /><ent r="3" t="206" w="295" /></phr><phr n="Plug"><ent r="92" t="1" w="580" /><ent r="7" t="6" w="65" /><ent r="68" t="6" w="70" /><ent r="3" t="38" w="38" /><ent r="3" t="77" w="90" /><ent r="92" t="77" w="350" /><ent r="3" t="77" w="355" /><ent r="65" t="85" w="38" /><ent r="1000" t="102" w="2" /><ent r="100" t="102" w="7" /><ent r="102" t="102" w="12" /><ent r="3" t="102" w="18" /><ent r="3" t="102" w="120" /><ent r="4" t="102" w="157" /><ent r="4" t="102" w="181" /><ent r="4" t="102" w="229" /><ent r="3" t="108" w="319" /><ent r="4" t="108" w="339" /><ent r="3" t="119" w="23" /><ent r="64" t="154" w="383" /><ent r="1000" t="165" w="1" /><ent r="100" t="165" w="5" /><ent r="100" t="165" w="10" /><ent r="102" t="165" w="13" /><ent r="3" t="165" w="17" /><ent r="3" t="165" w="35" /><ent r="4" t="165" w="57" /><ent r="4" t="165" w="62" /><ent r="3" t="165" w="155" /><ent r="3" t="166" w="208" /><ent r="3" t="166" w="229" /><ent r="3" t="166" w="259" /><ent r="3" t="166" w="265" /><ent r="3" t="166" w="294" /><ent r="3" t="166" w="305" /><ent r="1000" t="169" w="7" /><ent r="100" t="169" w="14" /><ent r="102" t="169" w="30" /><ent r="3" t="169" w="39" /><ent r="4" t="169" w="174" /><ent r="64" t="169" w="319" /><ent r="1000" t="170" w="7" /><ent r="100" t="170" w="14" /><ent r="3" t="170" w="32" /><ent r="3" t="170" w="122" /><ent r="4" t="170" w="153" /><ent r="4" t="170" w="280" /><ent r="3" t="172" w="18" /><ent r="82" t="176" w="210" /><ent r="64" t="176" w="357" /><ent r="1000" t="180" w="6" /><ent r="100" t="180" w="13" /><ent r="102" t="180" w="23" /><ent r="3" t="180" w="62" /><ent r="4" t="180" w="83" /><ent r="4" t="180" w="112" /><ent r="4" t="180" w="499" /><ent r="3" t="180" w="742" /><ent r="4" t="180" w="1615" /><ent r="4" t="185" w="207" /><ent r="92" t="185" w="493" /><ent r="4" t="186" w="81" /><ent r="92" t="186" w="572" /></phr></stem><stem n="plug-in"><phr n="plug-ins"><ent r="3" t="0" w="89" /><ent r="3" t="1" w="43" /><ent r="3" t="1" w="161" /><ent r="3" t="1" w="588" /><ent r="3" t="1" w="592" /><ent r="3" t="20" w="558" /><ent r="3" t="77" w="364" /><ent r="3" t="77" w="384" /><ent r="3" t="77" w="396" /><ent r="3" t="100" w="35" /><ent r="3" t="102" w="24" /><ent r="4" t="102" w="211" /><ent r="3" t="108" w="59" /><ent r="3" t="108" w="324" /><ent r="4" t="108" w="345" /><ent r="4" t="108" w="355" /><ent r="4" t="108" w="361" /><ent r="3" t="123" w="312" /><ent r="3" t="123" w="319" /><ent r="7" t="123" w="393" /><ent r="3" t="142" w="22" /><ent r="3" t="142" w="42" /><ent r="4" t="165" w="70" /><ent r="3" t="165" w="95" /><ent r="3" t="165" w="179" /><ent r="3" t="176" w="119" /><ent r="3" t="176" w="224" /><ent r="3" t="185" w="1281" /><ent r="3" t="186" w="1206" /><ent r="3" t="206" w="295" /></phr><phr n="Plug-Ins"><ent r="92" t="1" w="580" /><ent r="92" t="77" w="350" /><ent r="3" t="77" w="355" /><ent r="3" t="108" w="319" /><ent r="4" t="165" w="57" /><ent r="4" t="165" w="62" /></phr><phr n="Plug-In"><ent r="7" t="6" w="65" /><ent r="68" t="6" w="70" /><ent r="65" t="85" w="38" /><ent r="1000" t="102" w="2" /><ent r="100" t="102" w="7" /><ent r="102" t="102" w="12" /><ent r="3" t="102" w="18" /><ent r="3" t="102" w="120" /><ent r="4" t="102" w="157" /><ent r="4" t="102" w="181" /><ent r="4" t="102" w="229" /><ent r="4" t="108" w="339" /><ent r="3" t="119" w="23" /><ent r="64" t="154" w="383" /><ent r="1000" t="165" w="1" /><ent r="100" t="165" w="5" /><ent r="100" t="165" w="10" /><ent r="102" t="165" w="13" /><ent r="3" t="165" w="155" /><ent r="3" t="166" w="208" /><ent r="3" t="166" w="229" /><ent r="3" t="166" w="259" /><ent r="3" t="166" w="265" /><ent r="3" t="166" w="294" /><ent r="3" t="166" w="305" /><ent r="1000" t="169" w="7" /><ent r="102" t="169" w="30" /><ent r="3" t="169" w="39" /><ent r="64" t="169" w="319" /><ent r="1000" t="170" w="7" /><ent r="3" t="170" w="122" /><ent r="4" t="170" w="153" /><ent r="3" t="172" w="18" /><ent r="64" t="176" w="357" /><ent r="1000" t="180" w="6" /><ent r="102" t="180" w="23" /><ent r="3" t="180" w="62" /><ent r="4" t="180" w="83" /><ent r="4" t="180" w="112" /><ent r="4" t="180" w="499" /><ent r="3" t="180" w="742" /><ent r="4" t="180" w="1615" /><ent r="4" t="186" w="81" /><ent r="92" t="186" w="572" /></phr><phr n="plug-in"><ent r="7" t="6" w="171" /><ent r="3" t="22" w="28" /><ent r="3" t="101" w="50" /><ent r="3" t="102" w="36" /><ent r="3" t="102" w="54" /><ent r="3" t="102" w="80" /><ent r="3" t="102" w="95" /><ent r="3" t="102" w="101" /><ent r="3" t="102" w="170" /><ent r="4" t="102" w="193" /><ent r="4" t="108" w="371" /><ent r="3" t="108" w="391" /><ent r="3" t="108" w="405" /><ent r="3" t="108" w="419" /><ent r="3" t="108" w="426" /><ent r="8" t="123" w="368" /><ent r="8" t="123" w="380" /><ent r="8" t="123" w="409" /><ent r="8" t="123" w="425" /><ent r="3" t="154" w="21" /><ent r="3" t="154" w="32" /><ent r="3" t="155" w="399" /><ent r="3" t="164" w="66" /><ent r="3" t="165" w="25" /><ent r="3" t="165" w="44" /><ent r="3" t="165" w="104" /><ent r="3" t="165" w="115" /><ent r="3" t="165" w="126" /><ent r="3" t="165" w="135" /><ent r="4" t="165" w="145" /><ent r="3" t="165" w="167" /><ent r="3" t="168" w="13" /><ent r="3" t="168" w="61" /><ent r="100" t="169" w="17" /><ent r="3" t="169" w="112" /><ent r="3" t="174" w="87" /><ent r="3" t="176" w="127" /><ent r="3" t="176" w="137" /><ent r="3" t="185" w="524" /><ent r="3" t="185" w="1003" /><ent r="3" t="193" w="106" /></phr><phr n="Plug-ins"><ent r="3" t="38" w="38" /><ent r="3" t="77" w="90" /><ent r="82" t="176" w="210" /></phr><phr n="Plug-in"><ent r="3" t="165" w="17" /><ent r="3" t="165" w="35" /><ent r="100" t="169" w="14" /><ent r="4" t="169" w="174" /><ent r="100" t="170" w="14" /><ent r="3" t="170" w="32" /><ent r="4" t="170" w="280" /><ent r="100" t="180" w="13" /><ent r="4" t="185" w="207" /><ent r="92" t="185" w="493" /></phr></stem><stem n="in"><phr n="ins"><ent r="3" t="0" w="90" /><ent r="3" t="1" w="44" /><ent r="3" t="1" w="162" /><ent r="3" t="1" w="589" /><ent r="3" t="1" w="593" /><ent r="3" t="20" w="559" /><ent r="3" t="38" w="39" /><ent r="3" t="77" w="91" /><ent r="3" t="77" w="365" /><ent r="3" t="77" w="385" /><ent r="3" t="77" w="397" /><ent r="3" t="100" w="36" /><ent r="3" t="102" w="25" /><ent r="4" t="102" w="212" /><ent r="3" t="108" w="60" /><ent r="3" t="108" w="325" /><ent r="4" t="108" w="346" /><ent r="4" t="108" w="356" /><ent r="4" t="108" w="362" /><ent r="3" t="123" w="313" /><ent r="3" t="123" w="320" /><ent r="7" t="123" w="394" /><ent r="3" t="142" w="23" /><ent r="3" t="142" w="43" /><ent r="4" t="165" w="71" /><ent r="3" t="165" w="96" /><ent r="3" t="165" w="180" /><ent r="3" t="176" w="120" /><ent r="82" t="176" w="211" /><ent r="3" t="176" w="225" /><ent r="3" t="185" w="1282" /><ent r="3" t="186" w="1207" /><ent r="3" t="206" w="296" /></phr><phr n="Ins"><ent r="92" t="1" w="581" /><ent r="92" t="77" w="351" /><ent r="3" t="77" w="356" /><ent r="3" t="108" w="320" /><ent r="4" t="165" w="58" /><ent r="4" t="165" w="63" /></phr></stem><stem n="-ins."><phr n="-ins."><ent r="3" t="0" w="91" /><ent r="3" t="0" w="91" /><ent r="3" t="1" w="45" /><ent r="3" t="1" w="45" /><ent r="3" t="1" w="590" /><ent r="3" t="1" w="590" /><ent r="3" t="77" w="92" /><ent r="3" t="77" w="92" /><ent r="3" t="77" w="386" /><ent r="3" t="77" w="386" /><ent r="3" t="77" w="398" /><ent r="3" t="77" w="398" /><ent r="4" t="102" w="213" /><ent r="4" t="102" w="213" /><ent r="3" t="108" w="61" /><ent r="3" t="108" w="61" /><ent r="4" t="108" w="347" /><ent r="4" t="108" w="347" /><ent r="3" t="142" w="44" /><ent r="3" t="142" w="44" /><ent r="3" t="176" w="121" /><ent r="3" t="176" w="121" /></phr></stem><stem n="get"><phr n="get"><ent r="3" t="0" w="93" /><ent r="4" t="175" w="90" /><ent r="4" t="177" w="1908" /><ent r="3" t="181" w="131" /><ent r="3" t="182" w="121" /><ent r="3" t="229" w="189" /></phr><phr n="Get"><ent r="82" t="123" w="612" /><ent r="3" t="123" w="615" /><ent r="3" t="123" w="629" /><ent r="3" t="123" w="669" /><ent r="3" t="123" w="682" /><ent r="3" t="123" w="703" /><ent r="3" t="123" w="712" /></phr></stem><stem n="start"><phr n="started"><ent r="3" t="0" w="94" /></phr><phr n="Starts"><ent r="64" t="18" w="266" /><ent r="1000" t="19" w="5" /><ent r="102" t="19" w="17" /></phr><phr n="start"><ent r="3" t="19" w="26" /><ent r="7" t="59" w="101" /><ent r="7" t="59" w="164" /><ent r="3" t="135" w="130" /><ent r="3" t="140" w="24" /><ent r="3" t="140" w="39" /><ent r="3" t="140" w="58" /><ent r="4" t="140" w="430" /><ent r="4" t="145" w="204" /><ent r="3" t="155" w="434" /><ent r="3" t="170" w="27" /><ent r="3" t="170" w="120" /><ent r="4" t="170" w="147" /><ent r="4" t="178" w="910" /><ent r="4" t="178" w="2595" /><ent r="4" t="180" w="493" /><ent r="3" t="183" w="49" /><ent r="4" t="183" w="80" /><ent r="3" t="183" w="146" /><ent r="4" t="183" w="311" /><ent r="3" t="183" w="336" /><ent r="3" t="183" w="379" /><ent r="4" t="183" w="549" /><ent r="4" t="184" w="226" /><ent r="4" t="186" w="1660" /><ent r="7" t="188" w="97" /><ent r="7" t="188" w="133" /><ent r="3" t="192" w="20" /><ent r="3" t="192" w="240" /><ent r="3" t="192" w="258" /><ent r="3" t="193" w="139" /><ent r="3" t="197" w="24" /><ent r="7" t="197" w="392" /><ent r="7" t="197" w="395" /><ent r="6" t="227" w="632" /></phr><phr n="starting"><ent r="3" t="19" w="147" /><ent r="100" t="170" w="16" /><ent r="4" t="192" w="125" /><ent r="4" t="192" w="200" /><ent r="7" t="197" w="400" /></phr><phr n="Start"><ent r="4" t="26" w="223" /><ent r="4" t="26" w="240" /><ent r="4" t="26" w="307" /><ent r="5" t="140" w="418" /><ent r="5" t="174" w="165" /><ent r="5" t="179" w="479" /><ent r="4" t="180" w="77" /><ent r="92" t="180" w="348" /><ent r="5" t="180" w="1430" /><ent r="4" t="185" w="51" /><ent r="92" t="185" w="420" /><ent r="5" t="186" w="1536" /><ent r="4" t="210" w="79" /><ent r="4" t="212" w="154" /><ent r="4" t="212" w="171" /><ent r="4" t="212" w="238" /><ent r="4" t="213" w="85" /><ent r="4" t="213" w="102" /><ent r="4" t="213" w="169" /><ent r="4" t="214" w="44" /><ent r="4" t="214" w="61" /><ent r="4" t="214" w="128" /><ent r="4" t="215" w="83" /><ent r="4" t="215" w="100" /><ent r="4" t="215" w="167" /><ent r="4" t="217" w="115" /><ent r="3" t="217" w="143" /><ent r="4" t="219" w="120" /><ent r="3" t="219" w="148" /></phr><phr n="starts"><ent r="3" t="102" w="56" /><ent r="4" t="178" w="915" /></phr><phr n="Starting"><ent r="64" t="169" w="313" /><ent r="1000" t="170" w="1" /><ent r="102" t="170" w="18" /></phr></stem><stem n=","><phr n=","><ent r="3" t="0" w="99" /><ent r="3" t="1" w="28" /><ent r="3" t="1" w="42" /><ent r="3" t="1" w="58" /><ent r="3" t="1" w="61" /><ent r="3" t="1" w="102" /><ent r="3" t="1" w="235" /><ent r="3" t="1" w="248" /><ent r="3" t="1" w="249" /><ent r="4" t="1" w="320" /><ent r="3" t="1" w="390" /><ent r="3" t="1" w="438" /><ent r="3" t="1" w="508" /><ent r="4" t="2" w="67" /><ent r="4" t="2" w="85" /><ent r="3" t="2" w="135" /><ent r="3" t="4" w="32" /><ent r="3" t="4" w="46" /><ent r="3" t="4" w="47" /><ent r="3" t="4" w="99" /><ent r="3" t="4" w="100" /><ent r="3" t="4" w="101" /><ent r="4" t="4" w="175" /><ent r="7" t="5" w="192" /><ent r="7" t="5" w="241" /><ent r="7" t="6" w="171" /><ent r="7" t="6" w="174" /><ent r="6" t="7" w="197" /><ent r="7" t="8" w="123" /><ent r="7" t="8" w="138" /><ent r="4" t="10" w="36" /><ent r="7" t="10" w="102" /><ent r="3" t="11" w="73" /><ent r="6" t="11" w="149" /><ent r="5" t="13" w="67" /><ent r="5" t="13" w="80" /><ent r="3" t="14" w="67" /><ent r="6" t="14" w="216" /><ent r="6" t="14" w="379" /><ent r="6" t="14" w="416" /><ent r="4" t="18" w="35" /><ent r="3" t="18" w="59" /><ent r="3" t="18" w="72" /><ent r="3" t="18" w="119" /><ent r="4" t="18" w="144" /><ent r="4" t="18" w="159" /><ent r="3" t="18" w="166" /><ent r="3" t="18" w="238" /><ent r="3" t="19" w="52" /><ent r="3" t="19" w="77" /><ent r="3" t="19" w="149" /><ent r="3" t="19" w="168" /><ent r="3" t="19" w="186" /><ent r="3" t="20" w="40" /><ent r="4" t="20" w="110" /><ent r="4" t="20" w="122" /><ent r="4" t="20" w="180" /><ent r="4" t="20" w="198" /><ent r="4" t="20" w="253" /><ent r="4" t="20" w="285" /><ent r="4" t="20" w="516" /><ent r="3" t="20" w="555" /><ent r="3" t="21" w="46" /><ent r="3" t="21" w="47" /><ent r="3" t="21" w="48" /><ent r="3" t="21" w="49" /><ent r="3" t="21" w="99" /><ent r="3" t="21" w="114" /><ent r="3" t="21" w="124" /><ent r="3" t="21" w="176" /><ent r="3" t="21" w="190" /><ent r="3" t="21" w="209" /><ent r="4" t="21" w="255" /><ent r="4" t="21" w="267" /><ent r="3" t="21" w="347" /><ent r="3" t="21" w="374" /><ent r="4" t="21" w="423" /><ent r="4" t="21" w="434" /><ent r="4" t="21" w="496" /><ent r="4" t="23" w="35" /><ent r="4" t="23" w="45" /><ent r="4" t="23" w="85" /><ent r="3" t="23" w="107" /><ent r="3" t="23" w="119" /><ent r="3" t="24" w="65" /><ent r="3" t="24" w="83" /><ent r="3" t="24" w="95" /><ent r="4" t="25" w="54" /><ent r="4" t="25" w="72" /><ent r="4" t="25" w="110" /><ent r="4" t="25" w="158" /><ent r="4" t="25" w="184" /><ent r="4" t="26" w="62" /><ent r="4" t="26" w="101" /><ent r="4" t="26" w="130" /><ent r="3" t="26" w="200" /><ent r="3" t="26" w="211" /><ent r="3" t="26" w="212" /><ent r="4" t="26" w="221" /><ent r="4" t="26" w="225" /><ent r="4" t="26" w="228" /><ent r="4" t="26" w="238" /><ent r="4" t="26" w="242" /><ent r="4" t="26" w="245" /><ent r="4" t="26" w="256" /><ent r="4" t="26" w="270" /><ent r="3" t="26" w="304" /><ent r="4" t="26" w="341" /><ent r="4" t="26" w="357" /><ent r="3" t="26" w="371" /><ent r="4" t="26" w="393" /><ent r="5" t="26" w="473" /><ent r="5" t="26" w="514" /><ent r="4" t="26" w="532" /><ent r="4" t="26" w="547" /><ent r="5" t="27" w="32" /><ent r="4" t="27" w="74" /><ent r="4" t="27" w="92" /><ent r="3" t="27" w="106" /><ent r="4" t="28" w="42" /><ent r="4" t="28" w="74" /><ent r="4" t="28" w="89" /><ent r="4" t="28" w="116" /><ent r="4" t="28" w="131" /><ent r="4" t="28" w="171" /><ent r="4" t="28" w="190" /><ent r="4" t="28" w="243" /><ent r="4" t="28" w="280" /><ent r="4" t="28" w="295" /><ent r="4" t="28" w="309" /><ent r="4" t="29" w="38" /><ent r="3" t="29" w="59" /><ent r="3" t="30" w="58" /><ent r="3" t="30" w="80" /><ent r="3" t="31" w="67" /><ent r="4" t="31" w="94" /><ent r="3" t="32" w="80" /><ent r="4" t="32" w="102" /><ent r="3" t="32" w="123" /><ent r="3" t="32" w="135" /><ent r="4" t="32" w="157" /><ent r="3" t="33" w="19" /><ent r="3" t="35" w="29" /><ent r="3" t="35" w="49" /><ent r="4" t="36" w="38" /><ent r="3" t="37" w="126" /><ent r="3" t="37" w="153" /><ent r="3" t="38" w="26" /><ent r="3" t="38" w="135" /><ent r="3" t="39" w="33" /><ent r="7" t="39" w="143" /><ent r="3" t="40" w="45" /><ent r="4" t="40" w="135" /><ent r="3" t="40" w="242" /><ent r="3" t="41" w="27" /><ent r="4" t="43" w="46" /><ent r="4" t="43" w="52" /><ent r="4" t="43" w="68" /><ent r="4" t="43" w="111" /><ent r="4" t="43" w="170" /><ent r="3" t="43" w="216" /><ent r="3" t="44" w="23" /><ent r="3" t="44" w="26" /><ent r="4" t="44" w="134" /><ent r="4" t="44" w="178" /><ent r="4" t="44" w="195" /><ent r="4" t="44" w="205" /><ent r="4" t="44" w="245" /><ent r="4" t="44" w="288" /><ent r="4" t="44" w="313" /><ent r="3" t="44" w="366" /><ent r="3" t="44" w="368" /><ent r="3" t="44" w="373" /><ent r="3" t="44" w="374" /><ent r="3" t="44" w="376" /><ent r="3" t="44" w="409" /><ent r="3" t="44" w="529" /><ent r="3" t="44" w="610" /><ent r="3" t="44" w="615" /><ent r="3" t="46" w="13" /><ent r="3" t="46" w="29" /><ent r="3" t="46" w="100" /><ent r="3" t="46" w="101" /><ent r="3" t="46" w="121" /><ent r="3" t="46" w="142" /><ent r="3" t="46" w="155" /><ent r="3" t="46" w="169" /><ent r="4" t="47" w="40" /><ent r="3" t="47" w="62" /><ent r="3" t="47" w="128" /><ent r="3" t="47" w="150" /><ent r="3" t="47" w="151" /><ent r="3" t="47" w="215" /><ent r="3" t="47" w="342" /><ent r="3" t="48" w="56" /><ent r="3" t="48" w="57" /><ent r="3" t="48" w="67" /><ent r="3" t="48" w="68" /><ent r="4" t="48" w="83" /><ent r="3" t="48" w="105" /><ent r="4" t="48" w="146" /><ent r="4" t="48" w="147" /><ent r="3" t="48" w="188" /><ent r="3" t="48" w="189" /><ent r="4" t="48" w="271" /><ent r="4" t="48" w="311" /><ent r="3" t="49" w="27" /><ent r="3" t="49" w="29" /><ent r="3" t="49" w="39" /><ent r="3" t="49" w="87" /><ent r="4" t="49" w="129" /><ent r="3" t="49" w="152" /><ent r="4" t="49" w="277" /><ent r="3" t="49" w="331" /><ent r="3" t="49" w="387" /><ent r="3" t="50" w="71" /><ent r="4" t="50" w="137" /><ent r="4" t="50" w="191" /><ent r="4" t="50" w="235" /><ent r="4" t="50" w="257" /><ent r="3" t="51" w="17" /><ent r="3" t="51" w="34" /><ent r="3" t="51" w="81" /><ent r="4" t="51" w="98" /><ent r="3" t="51" w="127" /><ent r="4" t="52" w="30" /><ent r="4" t="52" w="47" /><ent r="3" t="52" w="68" /><ent r="3" t="52" w="100" /><ent r="4" t="53" w="141" /><ent r="4" t="53" w="142" /><ent r="4" t="54" w="46" /><ent r="4" t="55" w="60" /><ent r="4" t="55" w="90" /><ent r="4" t="55" w="91" /><ent r="4" t="55" w="93" /><ent r="4" t="55" w="102" /><ent r="3" t="56" w="31" /><ent r="3" t="56" w="39" /><ent r="3" t="56" w="48" /><ent r="3" t="56" w="68" /><ent r="4" t="57" w="35" /><ent r="4" t="57" w="55" /><ent r="4" t="57" w="64" /><ent r="3" t="57" w="96" /><ent r="3" t="57" w="113" /><ent r="3" t="58" w="123" /><ent r="3" t="58" w="136" /><ent r="4" t="58" w="156" /><ent r="4" t="58" w="200" /><ent r="4" t="58" w="217" /><ent r="4" t="58" w="237" /><ent r="3" t="58" w="279" /><ent r="3" t="59" w="49" /><ent r="7" t="59" w="95" /><ent r="7" t="59" w="111" /><ent r="7" t="59" w="158" /><ent r="7" t="59" w="174" /><ent r="4" t="60" w="36" /><ent r="4" t="60" w="58" /><ent r="4" t="60" w="129" /><ent r="4" t="61" w="32" /><ent r="3" t="62" w="21" /><ent r="4" t="62" w="64" /><ent r="3" t="62" w="85" /><ent r="3" t="62" w="104" /><ent r="3" t="62" w="124" /><ent r="3" t="62" w="142" /><ent r="4" t="62" w="193" /><ent r="3" t="62" w="211" /><ent r="3" t="62" w="227" /><ent r="3" t="63" w="36" /><ent r="3" t="63" w="42" /><ent r="3" t="63" w="43" /><ent r="3" t="63" w="56" /><ent r="3" t="63" w="77" /><ent r="5" t="64" w="42" /><ent r="3" t="64" w="69" /><ent r="3" t="64" w="147" /><ent r="3" t="64" w="148" /><ent r="3" t="64" w="149" /><ent r="3" t="64" w="179" /><ent r="3" t="64" w="183" /><ent r="3" t="64" w="184" /><ent r="4" t="65" w="19" /><ent r="4" t="65" w="45" /><ent r="4" t="65" w="67" /><ent r="4" t="65" w="197" /><ent r="4" t="65" w="225" /><ent r="4" t="65" w="244" /><ent r="4" t="65" w="267" /><ent r="4" t="65" w="286" /><ent r="3" t="66" w="34" /><ent r="3" t="66" w="36" /><ent r="4" t="66" w="79" /><ent r="4" t="66" w="103" /><ent r="4" t="66" w="116" /><ent r="3" t="67" w="27" /><ent r="4" t="67" w="77" /><ent r="4" t="67" w="89" /><ent r="4" t="67" w="185" /><ent r="4" t="67" w="202" /><ent r="4" t="67" w="232" /><ent r="4" t="67" w="251" /><ent r="4" t="67" w="278" /><ent r="4" t="67" w="283" /><ent r="4" t="67" w="287" /><ent r="3" t="68" w="166" /><ent r="3" t="69" w="100" /><ent r="3" t="69" w="122" /><ent r="3" t="69" w="137" /><ent r="4" t="70" w="43" /><ent r="4" t="70" w="50" /><ent r="4" t="70" w="77" /><ent r="3" t="70" w="95" /><ent r="4" t="70" w="117" /><ent r="4" t="70" w="140" /><ent r="4" t="70" w="157" /><ent r="4" t="70" w="175" /><ent r="4" t="70" w="187" /><ent r="4" t="70" w="225" /><ent r="4" t="70" w="232" /><ent r="4" t="70" w="254" /><ent r="3" t="70" w="280" /><ent r="4" t="72" w="52" /><ent r="4" t="72" w="67" /><ent r="4" t="72" w="114" /><ent r="3" t="73" w="33" /><ent r="3" t="73" w="88" /><ent r="3" t="74" w="22" /><ent r="3" t="74" w="23" /><ent r="3" t="74" w="56" /><ent r="3" t="74" w="78" /><ent r="3" t="74" w="266" /><ent r="3" t="74" w="327" /><ent r="4" t="75" w="62" /><ent r="3" t="76" w="25" /><ent r="3" t="76" w="109" /><ent r="4" t="77" w="45" /><ent r="3" t="77" w="87" /><ent r="3" t="77" w="88" /><ent r="3" t="77" w="89" /><ent r="3" t="77" w="166" /><ent r="3" t="77" w="167" /><ent r="3" t="77" w="168" /><ent r="3" t="77" w="182" /><ent r="3" t="77" w="184" /><ent r="3" t="77" w="268" /><ent r="3" t="77" w="318" /><ent r="3" t="78" w="38" /><ent r="3" t="78" w="52" /><ent r="4" t="78" w="78" /><ent r="4" t="79" w="49" /><ent r="4" t="79" w="76" /><ent r="3" t="79" w="107" /><ent r="3" t="80" w="52" /><ent r="4" t="80" w="90" /><ent r="4" t="80" w="112" /><ent r="4" t="80" w="134" /><ent r="4" t="80" w="166" /><ent r="4" t="80" w="208" /><ent r="4" t="80" w="230" /><ent r="4" t="81" w="36" /><ent r="4" t="81" w="106" /><ent r="3" t="81" w="227" /><ent r="3" t="81" w="246" /><ent r="4" t="81" w="310" /><ent r="3" t="81" w="351" /><ent r="3" t="81" w="384" /><ent r="3" t="81" w="499" /><ent r="3" t="81" w="520" /><ent r="3" t="81" w="559" /><ent r="3" t="81" w="595" /><ent r="4" t="81" w="661" /><ent r="3" t="82" w="24" /><ent r="3" t="82" w="26" /><ent r="3" t="82" w="28" /><ent r="3" t="83" w="36" /><ent r="3" t="83" w="43" /><ent r="3" t="83" w="108" /><ent r="3" t="83" w="123" /><ent r="4" t="83" w="239" /><ent r="3" t="84" w="24" /><ent r="4" t="84" w="99" /><ent r="3" t="86" w="92" /><ent r="4" t="86" w="126" /><ent r="4" t="86" w="128" /><ent r="4" t="86" w="130" /><ent r="3" t="86" w="164" /><ent r="3" t="86" w="165" /><ent r="3" t="86" w="170" /><ent r="3" t="87" w="60" /><ent r="3" t="87" w="82" /><ent r="3" t="87" w="95" /><ent r="3" t="87" w="96" /><ent r="3" t="87" w="97" /><ent r="4" t="88" w="55" /><ent r="3" t="88" w="84" /><ent r="4" t="89" w="98" /><ent r="4" t="89" w="120" /><ent r="3" t="89" w="157" /><ent r="5" t="90" w="279" /><ent r="5" t="90" w="304" /><ent r="5" t="90" w="409" /><ent r="5" t="90" w="444" /><ent r="5" t="90" w="445" /><ent r="7" t="90" w="523" /><ent r="7" t="90" w="524" /><ent r="5" t="91" w="145" /><ent r="3" t="92" w="100" /><ent r="4" t="92" w="137" /><ent r="4" t="92" w="155" /><ent r="4" t="92" w="179" /><ent r="4" t="93" w="70" /><ent r="3" t="94" w="80" /><ent r="3" t="94" w="81" /><ent r="3" t="94" w="94" /><ent r="5" t="95" w="56" /><ent r="3" t="95" w="81" /><ent r="4" t="95" w="100" /><ent r="5" t="95" w="180" /><ent r="3" t="95" w="206" /><ent r="4" t="95" w="225" /><ent r="5" t="96" w="57" /><ent r="3" t="96" w="83" /><ent r="4" t="96" w="102" /><ent r="3" t="96" w="163" /><ent r="4" t="96" w="238" /><ent r="3" t="96" w="254" /><ent r="3" t="96" w="266" /><ent r="3" t="96" w="308" /><ent r="3" t="96" w="320" /><ent r="3" t="98" w="29" /><ent r="3" t="98" w="46" /><ent r="3" t="98" w="63" /><ent r="4" t="98" w="89" /><ent r="3" t="98" w="143" /><ent r="3" t="99" w="68" /><ent r="3" t="99" w="69" /><ent r="4" t="99" w="92" /><ent r="3" t="99" w="146" /><ent r="3" t="100" w="31" /><ent r="3" t="100" w="39" /><ent r="3" t="100" w="40" /><ent r="3" t="100" w="44" /><ent r="3" t="100" w="71" /><ent r="3" t="100" w="72" /><ent r="3" t="100" w="98" /><ent r="3" t="100" w="113" /><ent r="3" t="100" w="120" /><ent r="3" t="100" w="160" /><ent r="3" t="100" w="183" /><ent r="3" t="101" w="68" /><ent r="3" t="101" w="94" /><ent r="3" t="101" w="116" /><ent r="3" t="102" w="57" /><ent r="3" t="102" w="85" /><ent r="3" t="102" w="104" /><ent r="3" t="102" w="217" /><ent r="4" t="102" w="242" /><ent r="3" t="104" w="84" /><ent r="3" t="104" w="108" /><ent r="3" t="104" w="109" /><ent r="4" t="104" w="130" /><ent r="4" t="104" w="155" /><ent r="3" t="104" w="201" /><ent r="4" t="105" w="72" /><ent r="4" t="105" w="97" /><ent r="4" t="106" w="85" /><ent r="4" t="106" w="110" /><ent r="3" t="106" w="325" /><ent r="3" t="106" w="344" /><ent r="3" t="106" w="368" /><ent r="4" t="106" w="453" /><ent r="4" t="106" w="474" /><ent r="4" t="106" w="497" /><ent r="4" t="106" w="510" /><ent r="4" t="107" w="86" /><ent r="4" t="107" w="111" /><ent r="3" t="107" w="301" /><ent r="3" t="107" w="303" /><ent r="3" t="107" w="344" /><ent r="4" t="107" w="403" /><ent r="4" t="107" w="432" /><ent r="4" t="107" w="468" /><ent r="4" t="107" w="479" /><ent r="3" t="108" w="146" /><ent r="3" t="108" w="195" /><ent r="3" t="108" w="231" /><ent r="3" t="108" w="256" /><ent r="4" t="108" w="293" /><ent r="4" t="108" w="433" /><ent r="3" t="108" w="473" /><ent r="6" t="109" w="12" /><ent r="3" t="109" w="86" /><ent r="3" t="109" w="107" /><ent r="3" t="110" w="32" /><ent r="3" t="110" w="44" /><ent r="3" t="110" w="45" /><ent r="3" t="110" w="46" /><ent r="3" t="110" w="51" /><ent r="3" t="111" w="19" /><ent r="3" t="111" w="22" /><ent r="3" t="111" w="33" /><ent r="3" t="113" w="47" /><ent r="3" t="113" w="48" /><ent r="3" t="113" w="49" /><ent r="3" t="113" w="92" /><ent r="3" t="113" w="122" /><ent r="3" t="113" w="123" /><ent r="3" t="113" w="157" /><ent r="3" t="113" w="165" /><ent r="3" t="113" w="179" /><ent r="3" t="113" w="193" /><ent r="3" t="113" w="207" /><ent r="3" t="113" w="221" /><ent r="3" t="113" w="255" /><ent r="100" t="113" w="271" /><ent r="3" t="113" w="297" /><ent r="3" t="113" w="309" /><ent r="3" t="113" w="457" /><ent r="3" t="113" w="480" /><ent r="3" t="113" w="482" /><ent r="3" t="113" w="488" /><ent r="3" t="113" w="494" /><ent r="3" t="113" w="499" /><ent r="3" t="113" w="551" /><ent r="7" t="114" w="26" /><ent r="7" t="114" w="41" /><ent r="7" t="114" w="244" /><ent r="7" t="114" w="278" /><ent r="4" t="115" w="25" /><ent r="3" t="115" w="51" /><ent r="4" t="115" w="82" /><ent r="4" t="115" w="128" /><ent r="4" t="115" w="137" /><ent r="4" t="115" w="154" /><ent r="4" t="115" w="184" /><ent r="3" t="116" w="23" /><ent r="3" t="116" w="24" /><ent r="4" t="116" w="39" /><ent r="4" t="116" w="64" /><ent r="3" t="116" w="97" /><ent r="4" t="116" w="107" /><ent r="4" t="117" w="75" /><ent r="3" t="117" w="125" /><ent r="3" t="117" w="150" /><ent r="3" t="117" w="176" /><ent r="4" t="118" w="25" /><ent r="3" t="118" w="58" /><ent r="4" t="118" w="69" /><ent r="3" t="119" w="35" /><ent r="3" t="119" w="41" /><ent r="3" t="119" w="52" /><ent r="3" t="119" w="103" /><ent r="3" t="120" w="137" /><ent r="3" t="120" w="163" /><ent r="4" t="120" w="202" /><ent r="4" t="120" w="205" /><ent r="3" t="121" w="181" /><ent r="4" t="121" w="231" /><ent r="4" t="121" w="235" /><ent r="4" t="121" w="280" /><ent r="5" t="121" w="283" /><ent r="4" t="121" w="288" /><ent r="4" t="121" w="372" /><ent r="4" t="121" w="376" /><ent r="4" t="121" w="421" /><ent r="3" t="121" w="496" /><ent r="4" t="121" w="511" /><ent r="4" t="121" w="515" /><ent r="4" t="121" w="558" /><ent r="5" t="121" w="561" /><ent r="4" t="121" w="566" /><ent r="3" t="122" w="31" /><ent r="3" t="123" w="86" /><ent r="3" t="123" w="87" /><ent r="3" t="123" w="110" /><ent r="3" t="123" w="111" /><ent r="3" t="123" w="119" /><ent r="3" t="123" w="122" /><ent r="3" t="123" w="146" /><ent r="3" t="123" w="171" /><ent r="3" t="123" w="205" /><ent r="3" t="123" w="208" /><ent r="3" t="123" w="229" /><ent r="3" t="123" w="255" /><ent r="3" t="123" w="281" /><ent r="3" t="123" w="330" /><ent r="3" t="123" w="598" /><ent r="3" t="123" w="607" /><ent r="3" t="123" w="628" /><ent r="3" t="123" w="667" /><ent r="3" t="123" w="686" /><ent r="3" t="123" w="854" /><ent r="3" t="123" w="875" /><ent r="3" t="123" w="889" /><ent r="3" t="123" w="933" /><ent r="3" t="123" w="942" /><ent r="4" t="124" w="45" /><ent r="3" t="124" w="129" /><ent r="4" t="124" w="180" /><ent r="4" t="124" w="224" /><ent r="4" t="124" w="271" /><ent r="4" t="124" w="286" /><ent r="4" t="124" w="345" /><ent r="4" t="124" w="390" /><ent r="4" t="124" w="410" /><ent r="4" t="125" w="30" /><ent r="4" t="125" w="44" /><ent r="3" t="125" w="66" /><ent r="3" t="126" w="105" /><ent r="3" t="126" w="172" /><ent r="3" t="126" w="191" /><ent r="3" t="126" w="228" /><ent r="3" t="127" w="127" /><ent r="3" t="127" w="153" /><ent r="3" t="127" w="258" /><ent r="3" t="127" w="273" /><ent r="3" t="127" w="286" /><ent r="3" t="127" w="302" /><ent r="3" t="128" w="19" /><ent r="3" t="129" w="46" /><ent r="3" t="129" w="79" /><ent r="4" t="129" w="97" /><ent r="4" t="129" w="114" /><ent r="3" t="129" w="178" /><ent r="3" t="129" w="199" /><ent r="3" t="130" w="53" /><ent r="3" t="130" w="79" /><ent r="3" t="130" w="93" /><ent r="3" t="131" w="20" /><ent r="4" t="131" w="44" /><ent r="4" t="131" w="56" /><ent r="3" t="132" w="47" /><ent r="3" t="132" w="50" /><ent r="3" t="132" w="59" /><ent r="3" t="132" w="62" /><ent r="4" t="132" w="79" /><ent r="4" t="133" w="49" /><ent r="4" t="133" w="62" /><ent r="4" t="134" w="46" /><ent r="4" t="134" w="58" /><ent r="3" t="134" w="87" /><ent r="3" t="135" w="15" /><ent r="4" t="135" w="50" /><ent r="3" t="135" w="156" /><ent r="3" t="136" w="26" /><ent r="3" t="136" w="74" /><ent r="3" t="138" w="54" /><ent r="3" t="138" w="115" /><ent r="3" t="138" w="212" /><ent r="3" t="139" w="33" /><ent r="3" t="139" w="38" /><ent r="4" t="139" w="55" /><ent r="3" t="139" w="84" /><ent r="3" t="140" w="34" /><ent r="3" t="140" w="57" /><ent r="4" t="140" w="103" /><ent r="4" t="140" w="147" /><ent r="4" t="140" w="206" /><ent r="6" t="140" w="220" /><ent r="4" t="140" w="259" /><ent r="3" t="140" w="321" /><ent r="3" t="140" w="333" /><ent r="3" t="140" w="355" /><ent r="3" t="140" w="392" /><ent r="3" t="140" w="511" /><ent r="3" t="140" w="611" /><ent r="3" t="140" w="685" /><ent r="3" t="141" w="17" /><ent r="3" t="141" w="44" /><ent r="3" t="141" w="49" /><ent r="3" t="141" w="63" /><ent r="3" t="141" w="89" /><ent r="4" t="141" w="125" /><ent r="3" t="141" w="148" /><ent r="4" t="141" w="248" /><ent r="4" t="141" w="370" /><ent r="4" t="141" w="389" /><ent r="4" t="141" w="421" /><ent r="4" t="141" w="468" /><ent r="4" t="141" w="471" /><ent r="4" t="141" w="472" /><ent r="4" t="141" w="513" /><ent r="4" t="141" w="516" /><ent r="4" t="141" w="517" /><ent r="3" t="141" w="608" /><ent r="3" t="141" w="625" /><ent r="3" t="141" w="655" /><ent r="4" t="142" w="117" /><ent r="5" t="142" w="190" /><ent r="5" t="142" w="191" /><ent r="5" t="142" w="256" /><ent r="5" t="142" w="258" /><ent r="4" t="142" w="265" /><ent r="4" t="142" w="271" /><ent r="3" t="142" w="293" /><ent r="3" t="143" w="24" /><ent r="3" t="143" w="25" /><ent r="4" t="143" w="42" /><ent r="4" t="143" w="67" /><ent r="4" t="143" w="87" /><ent r="4" t="143" w="88" /><ent r="4" t="143" w="89" /><ent r="4" t="143" w="90" /><ent r="4" t="143" w="92" /><ent r="4" t="143" w="100" /><ent r="3" t="143" w="131" /><ent r="3" t="143" w="149" /><ent r="3" t="143" w="178" /><ent r="3" t="143" w="183" /><ent r="3" t="143" w="202" /><ent r="3" t="143" w="234" /><ent r="3" t="143" w="252" /><ent r="3" t="143" w="281" /><ent r="3" t="143" w="286" /><ent r="3" t="143" w="305" /><ent r="3" t="143" w="330" /><ent r="3" t="143" w="358" /><ent r="3" t="143" w="366" /><ent r="3" t="143" w="402" /><ent r="3" t="143" w="438" /><ent r="3" t="143" w="456" /><ent r="3" t="143" w="485" /><ent r="3" t="143" w="490" /><ent r="3" t="143" w="509" /><ent r="3" t="143" w="532" /><ent r="3" t="143" w="602" /><ent r="3" t="143" w="620" /><ent r="3" t="143" w="649" /><ent r="3" t="143" w="654" /><ent r="3" t="143" w="673" /><ent r="4" t="145" w="81" /><ent r="4" t="145" w="106" /><ent r="4" t="145" w="158" /><ent r="4" t="145" w="159" /><ent r="4" t="145" w="161" /><ent r="4" t="145" w="166" /><ent r="4" t="145" w="168" /><ent r="4" t="145" w="169" /><ent r="4" t="145" w="192" /><ent r="4" t="145" w="193" /><ent r="3" t="145" w="239" /><ent r="4" t="146" w="81" /><ent r="4" t="146" w="106" /><ent r="3" t="146" w="159" /><ent r="3" t="146" w="211" /><ent r="3" t="147" w="74" /><ent r="3" t="147" w="75" /><ent r="4" t="147" w="95" /><ent r="4" t="147" w="120" /><ent r="3" t="147" w="161" /><ent r="3" t="147" w="195" /><ent r="4" t="148" w="90" /><ent r="4" t="148" w="115" /><ent r="3" t="148" w="166" /><ent r="3" t="148" w="188" /><ent r="3" t="148" w="189" /><ent r="4" t="149" w="84" /><ent r="4" t="149" w="108" /><ent r="4" t="149" w="156" /><ent r="4" t="149" w="159" /><ent r="4" t="149" w="162" /><ent r="4" t="149" w="178" /><ent r="4" t="149" w="179" /><ent r="4" t="149" w="194" /><ent r="4" t="149" w="195" /><ent r="3" t="149" w="201" /><ent r="4" t="150" w="81" /><ent r="4" t="150" w="106" /><ent r="4" t="150" w="134" /><ent r="4" t="151" w="77" /><ent r="4" t="151" w="102" /><ent r="4" t="151" w="139" /><ent r="4" t="151" w="142" /><ent r="4" t="151" w="145" /><ent r="4" t="151" w="151" /><ent r="5" t="151" w="190" /><ent r="5" t="151" w="191" /><ent r="4" t="151" w="373" /><ent r="4" t="151" w="376" /><ent r="5" t="151" w="395" /><ent r="5" t="151" w="463" /><ent r="4" t="151" w="796" /><ent r="4" t="151" w="799" /><ent r="5" t="151" w="818" /><ent r="5" t="151" w="886" /><ent r="3" t="151" w="1141" /><ent r="3" t="151" w="1144" /><ent r="3" t="151" w="1162" /><ent r="4" t="152" w="78" /><ent r="4" t="152" w="103" /><ent r="3" t="152" w="198" /><ent r="3" t="152" w="249" /><ent r="4" t="152" w="441" /><ent r="4" t="153" w="88" /><ent r="4" t="153" w="113" /><ent r="4" t="153" w="138" /><ent r="3" t="153" w="172" /><ent r="3" t="153" w="225" /><ent r="3" t="153" w="243" /><ent r="3" t="154" w="21" /><ent r="3" t="154" w="32" /><ent r="4" t="154" w="68" /><ent r="3" t="154" w="87" /><ent r="3" t="154" w="137" /><ent r="3" t="154" w="163" /><ent r="3" t="154" w="228" /><ent r="4" t="154" w="246" /><ent r="3" t="154" w="313" /><ent r="3" t="154" w="325" /><ent r="3" t="155" w="25" /><ent r="3" t="155" w="27" /><ent r="3" t="155" w="58" /><ent r="3" t="155" w="119" /><ent r="3" t="155" w="120" /><ent r="5" t="155" w="133" /><ent r="3" t="155" w="152" /><ent r="3" t="155" w="168" /><ent r="3" t="155" w="195" /><ent r="3" t="155" w="209" /><ent r="3" t="155" w="211" /><ent r="3" t="155" w="257" /><ent r="3" t="155" w="292" /><ent r="3" t="155" w="293" /><ent r="3" t="155" w="359" /><ent r="3" t="155" w="436" /><ent r="3" t="155" w="450" /><ent r="3" t="156" w="63" /><ent r="3" t="156" w="66" /><ent r="4" t="156" w="168" /><ent r="3" t="156" w="186" /><ent r="3" t="156" w="202" /><ent r="3" t="156" w="265" /><ent r="3" t="156" w="401" /><ent r="3" t="157" w="25" /><ent r="3" t="157" w="30" /><ent r="3" t="157" w="31" /><ent r="4" t="157" w="82" /><ent r="4" t="157" w="120" /><ent r="4" t="157" w="121" /><ent r="3" t="157" w="156" /><ent r="5" t="157" w="172" /><ent r="3" t="157" w="190" /><ent r="3" t="157" w="206" /><ent r="6" t="158" w="70" /><ent r="3" t="158" w="89" /><ent r="3" t="158" w="105" /><ent r="3" t="158" w="204" /><ent r="3" t="158" w="220" /><ent r="3" t="158" w="241" /><ent r="4" t="159" w="61" /><ent r="4" t="159" w="89" /><ent r="3" t="159" w="107" /><ent r="3" t="159" w="123" /><ent r="5" t="159" w="268" /><ent r="5" t="159" w="336" /><ent r="3" t="160" w="21" /><ent r="3" t="160" w="26" /><ent r="3" t="160" w="27" /><ent r="4" t="160" w="97" /><ent r="3" t="160" w="131" /><ent r="3" t="160" w="168" /><ent r="3" t="160" w="196" /><ent r="3" t="160" w="228" /><ent r="4" t="160" w="244" /><ent r="3" t="160" w="262" /><ent r="3" t="160" w="278" /><ent r="4" t="161" w="86" /><ent r="4" t="161" w="112" /><ent r="3" t="161" w="155" /><ent r="3" t="161" w="173" /><ent r="3" t="161" w="191" /><ent r="3" t="161" w="207" /><ent r="4" t="162" w="78" /><ent r="4" t="162" w="107" /><ent r="3" t="162" w="125" /><ent r="3" t="162" w="141" /><ent r="3" t="162" w="230" /><ent r="3" t="162" w="233" /><ent r="3" t="162" w="280" /><ent r="3" t="162" w="317" /><ent r="3" t="163" w="26" /><ent r="4" t="163" w="94" /><ent r="3" t="163" w="113" /><ent r="3" t="163" w="135" /><ent r="3" t="163" w="169" /><ent r="3" t="163" w="183" /><ent r="4" t="163" w="203" /><ent r="3" t="163" w="221" /><ent r="3" t="163" w="237" /><ent r="4" t="164" w="128" /><ent r="4" t="164" w="156" /><ent r="3" t="164" w="174" /><ent r="3" t="164" w="190" /><ent r="5" t="164" w="293" /><ent r="5" t="164" w="294" /><ent r="5" t="164" w="389" /><ent r="5" t="164" w="457" /><ent r="3" t="164" w="705" /><ent r="3" t="164" w="708" /><ent r="3" t="164" w="730" /><ent r="3" t="164" w="748" /><ent r="3" t="165" w="31" /><ent r="3" t="165" w="32" /><ent r="3" t="165" w="33" /><ent r="4" t="165" w="55" /><ent r="3" t="165" w="92" /><ent r="3" t="166" w="23" /><ent r="3" t="166" w="45" /><ent r="3" t="166" w="96" /><ent r="3" t="166" w="97" /><ent r="4" t="166" w="153" /><ent r="5" t="166" w="181" /><ent r="3" t="166" w="227" /><ent r="3" t="166" w="247" /><ent r="3" t="166" w="257" /><ent r="5" t="166" w="352" /><ent r="5" t="166" w="355" /><ent r="3" t="166" w="423" /><ent r="3" t="166" w="441" /><ent r="4" t="166" w="578" /><ent r="4" t="166" w="596" /><ent r="3" t="166" w="652" /><ent r="3" t="166" w="693" /><ent r="3" t="166" w="760" /><ent r="3" t="166" w="784" /><ent r="4" t="166" w="810" /><ent r="3" t="166" w="837" /><ent r="3" t="166" w="879" /><ent r="3" t="166" w="919" /><ent r="3" t="166" w="925" /><ent r="3" t="166" w="928" /><ent r="3" t="166" w="978" /><ent r="4" t="166" w="1022" /><ent r="3" t="167" w="90" /><ent r="3" t="167" w="111" /><ent r="3" t="167" w="123" /><ent r="6" t="167" w="197" /><ent r="3" t="168" w="24" /><ent r="3" t="168" w="27" /><ent r="4" t="168" w="71" /><ent r="3" t="168" w="101" /><ent r="3" t="168" w="123" /><ent r="3" t="168" w="135" /><ent r="3" t="168" w="136" /><ent r="4" t="168" w="149" /><ent r="4" t="168" w="150" /><ent r="3" t="168" w="192" /><ent r="4" t="168" w="221" /><ent r="3" t="168" w="235" /><ent r="3" t="168" w="254" /><ent r="3" t="168" w="282" /><ent r="3" t="168" w="295" /><ent r="3" t="168" w="309" /><ent r="3" t="169" w="52" /><ent r="3" t="169" w="60" /><ent r="3" t="169" w="61" /><ent r="3" t="169" w="62" /><ent r="3" t="169" w="94" /><ent r="3" t="169" w="122" /><ent r="4" t="169" w="169" /><ent r="4" t="169" w="252" /><ent r="4" t="170" w="211" /><ent r="3" t="170" w="238" /><ent r="3" t="170" w="321" /><ent r="3" t="170" w="339" /><ent r="3" t="171" w="19" /><ent r="3" t="171" w="66" /><ent r="4" t="171" w="179" /><ent r="4" t="171" w="183" /><ent r="3" t="171" w="209" /><ent r="4" t="171" w="270" /><ent r="3" t="172" w="98" /><ent r="4" t="172" w="121" /><ent r="3" t="173" w="31" /><ent r="4" t="173" w="105" /><ent r="4" t="173" w="179" /><ent r="5" t="173" w="183" /><ent r="5" t="173" w="185" /><ent r="4" t="173" w="199" /><ent r="4" t="173" w="269" /><ent r="3" t="174" w="20" /><ent r="3" t="174" w="28" /><ent r="3" t="174" w="59" /><ent r="3" t="174" w="67" /><ent r="3" t="174" w="70" /><ent r="3" t="174" w="92" /><ent r="4" t="174" w="342" /><ent r="4" t="174" w="359" /><ent r="4" t="174" w="400" /><ent r="4" t="175" w="78" /><ent r="4" t="175" w="80" /><ent r="4" t="175" w="84" /><ent r="3" t="175" w="151" /><ent r="3" t="176" w="40" /><ent r="3" t="176" w="49" /><ent r="3" t="176" w="53" /><ent r="3" t="176" w="57" /><ent r="3" t="176" w="62" /><ent r="3" t="176" w="85" /><ent r="3" t="176" w="97" /><ent r="3" t="176" w="195" /><ent r="7" t="176" w="277" /><ent r="64" t="176" w="326" /><ent r="64" t="176" w="328" /><ent r="64" t="176" w="330" /><ent r="64" t="176" w="332" /><ent r="64" t="176" w="342" /><ent r="64" t="176" w="348" /><ent r="64" t="176" w="349" /><ent r="3" t="177" w="28" /><ent r="3" t="177" w="35" /><ent r="3" t="177" w="38" /><ent r="3" t="177" w="45" /><ent r="4" t="177" w="63" /><ent r="4" t="177" w="64" /><ent r="4" t="177" w="65" /><ent r="4" t="177" w="66" /><ent r="3" t="177" w="107" /><ent r="3" t="177" w="118" /><ent r="3" t="177" w="121" /><ent r="3" t="177" w="125" /><ent r="3" t="177" w="235" /><ent r="3" t="177" w="237" /><ent r="3" t="177" w="267" /><ent r="3" t="177" w="268" /><ent r="3" t="177" w="280" /><ent r="4" t="177" w="386" /><ent r="4" t="177" w="438" /><ent r="7" t="177" w="494" /><ent r="4" t="177" w="531" /><ent r="4" t="177" w="535" /><ent r="4" t="177" w="582" /><ent r="4" t="177" w="602" /><ent r="4" t="177" w="606" /><ent r="4" t="177" w="609" /><ent r="3" t="177" w="631" /><ent r="4" t="177" w="680" /><ent r="3" t="177" w="764" /><ent r="3" t="177" w="783" /><ent r="3" t="177" w="787" /><ent r="4" t="177" w="841" /><ent r="4" t="177" w="884" /><ent r="4" t="177" w="938" /><ent r="3" t="177" w="951" /><ent r="3" t="177" w="955" /><ent r="4" t="177" w="980" /><ent r="4" t="177" w="1001" /><ent r="3" t="177" w="1045" /><ent r="4" t="177" w="1059" /><ent r="4" t="177" w="1133" /><ent r="4" t="177" w="1146" /><ent r="4" t="177" w="1158" /><ent r="5" t="177" w="1168" /><ent r="3" t="177" w="1195" /><ent r="3" t="177" w="1219" /><ent r="3" t="177" w="1229" /><ent r="3" t="177" w="1230" /><ent r="3" t="177" w="1241" /><ent r="3" t="177" w="1286" /><ent r="3" t="177" w="1362" /><ent r="3" t="177" w="1373" /><ent r="3" t="177" w="1378" /><ent r="3" t="177" w="1385" /><ent r="4" t="177" w="1396" /><ent r="3" t="177" w="1442" /><ent r="3" t="177" w="1451" /><ent r="3" t="177" w="1469" /><ent r="3" t="177" w="1479" /><ent r="3" t="177" w="1480" /><ent r="4" t="177" w="1584" /><ent r="4" t="177" w="1585" /><ent r="4" t="177" w="1586" /><ent r="3" t="177" w="1612" /><ent r="3" t="177" w="1617" /><ent r="4" t="177" w="1671" /><ent r="4" t="177" w="1676" /><ent r="4" t="177" w="1704" /><ent r="4" t="177" w="1705" /><ent r="4" t="177" w="1706" /><ent r="4" t="177" w="1721" /><ent r="4" t="177" w="1726" /><ent r="4" t="177" w="1811" /><ent r="5" t="177" w="1821" /><ent r="5" t="177" w="1822" /><ent r="4" t="177" w="1919" /><ent r="4" t="177" w="1967" /><ent r="4" t="177" w="1968" /><ent r="4" t="177" w="2053" /><ent r="4" t="177" w="2118" /><ent r="4" t="177" w="2122" /><ent r="4" t="177" w="2164" /><ent r="5" t="177" w="2167" /><ent r="4" t="177" w="2210" /><ent r="4" t="177" w="2280" /><ent r="4" t="177" w="2320" /><ent r="4" t="177" w="2325" /><ent r="4" t="177" w="2335" /><ent r="4" t="177" w="2349" /><ent r="5" t="177" w="2352" /><ent r="3" t="177" w="2395" /><ent r="3" t="177" w="2396" /><ent r="3" t="177" w="2411" /><ent r="3" t="177" w="2412" /><ent r="3" t="177" w="2413" /><ent r="1000" t="178" w="3" /><ent r="1000" t="178" w="5" /><ent r="102" t="178" w="22" /><ent r="102" t="178" w="24" /><ent r="102" t="178" w="26" /><ent r="102" t="178" w="28" /><ent r="3" t="178" w="48" /><ent r="3" t="178" w="55" /><ent r="3" t="178" w="62" /><ent r="3" t="178" w="67" /><ent r="3" t="178" w="70" /><ent r="3" t="178" w="73" /><ent r="3" t="178" w="84" /><ent r="3" t="178" w="190" /><ent r="3" t="178" w="213" /><ent r="3" t="178" w="252" /><ent r="3" t="178" w="264" /><ent r="3" t="178" w="373" /><ent r="3" t="178" w="379" /><ent r="3" t="178" w="381" /><ent r="3" t="178" w="431" /><ent r="3" t="178" w="433" /><ent r="4" t="178" w="536" /><ent r="4" t="178" w="588" /><ent r="7" t="178" w="644" /><ent r="4" t="178" w="681" /><ent r="5" t="178" w="685" /><ent r="4" t="178" w="752" /><ent r="3" t="178" w="836" /><ent r="3" t="178" w="863" /><ent r="3" t="178" w="892" /><ent r="4" t="178" w="926" /><ent r="3" t="178" w="942" /><ent r="4" t="178" w="981" /><ent r="4" t="178" w="992" /><ent r="4" t="178" w="1022" /><ent r="4" t="178" w="1117" /><ent r="4" t="178" w="1121" /><ent r="4" t="178" w="1140" /><ent r="4" t="178" w="1146" /><ent r="4" t="178" w="1151" /><ent r="4" t="178" w="1156" /><ent r="3" t="178" w="1200" /><ent r="4" t="178" w="1222" /><ent r="4" t="178" w="1226" /><ent r="4" t="178" w="1257" /><ent r="4" t="178" w="1276" /><ent r="3" t="178" w="1322" /><ent r="3" t="178" w="1394" /><ent r="3" t="178" w="1441" /><ent r="3" t="178" w="1442" /><ent r="3" t="178" w="1455" /><ent r="3" t="178" w="1458" /><ent r="3" t="178" w="1478" /><ent r="4" t="178" w="1641" /><ent r="4" t="178" w="1673" /><ent r="4" t="178" w="1684" /><ent r="4" t="178" w="1706" /><ent r="4" t="178" w="1752" /><ent r="4" t="178" w="1784" /><ent r="4" t="178" w="1795" /><ent r="4" t="178" w="1798" /><ent r="4" t="178" w="1810" /><ent r="3" t="178" w="1838" /><ent r="3" t="178" w="1848" /><ent r="4" t="178" w="2002" /><ent r="3" t="178" w="2018" /><ent r="4" t="178" w="2022" /><ent r="3" t="178" w="2042" /><ent r="3" t="178" w="2067" /><ent r="4" t="178" w="2096" /><ent r="3" t="178" w="2109" /><ent r="3" t="178" w="2130" /><ent r="4" t="178" w="2219" /><ent r="4" t="178" w="2247" /><ent r="3" t="178" w="2321" /><ent r="4" t="178" w="2368" /><ent r="4" t="178" w="2397" /><ent r="3" t="178" w="2462" /><ent r="3" t="178" w="2470" /><ent r="3" t="178" w="2475" /><ent r="4" t="178" w="2488" /><ent r="5" t="178" w="2549" /><ent r="4" t="178" w="2632" /><ent r="3" t="178" w="2688" /><ent r="3" t="178" w="2772" /><ent r="4" t="178" w="2836" /><ent r="4" t="178" w="2904" /><ent r="3" t="178" w="2953" /><ent r="3" t="178" w="2965" /><ent r="3" t="178" w="2968" /><ent r="1000" t="179" w="3" /><ent r="1000" t="179" w="4" /><ent r="102" t="179" w="14" /><ent r="102" t="179" w="20" /><ent r="102" t="179" w="21" /><ent r="3" t="179" w="38" /><ent r="3" t="179" w="70" /><ent r="3" t="179" w="127" /><ent r="3" t="179" w="135" /><ent r="3" t="179" w="143" /><ent r="3" t="179" w="145" /><ent r="4" t="179" w="248" /><ent r="4" t="179" w="300" /><ent r="7" t="179" w="356" /><ent r="4" t="179" w="393" /><ent r="5" t="179" w="397" /><ent r="4" t="179" w="406" /><ent r="4" t="179" w="445" /><ent r="4" t="179" w="464" /><ent r="4" t="179" w="554" /><ent r="4" t="179" w="576" /><ent r="4" t="179" w="599" /><ent r="5" t="179" w="703" /><ent r="3" t="179" w="783" /><ent r="4" t="179" w="822" /><ent r="5" t="179" w="869" /><ent r="4" t="179" w="961" /><ent r="4" t="179" w="1009" /><ent r="4" t="179" w="1028" /><ent r="5" t="179" w="1031" /><ent r="5" t="179" w="1032" /><ent r="4" t="179" w="1066" /><ent r="3" t="179" w="1151" /><ent r="3" t="179" w="1189" /><ent r="4" t="179" w="1229" /><ent r="4" t="179" w="1272" /><ent r="4" t="179" w="1328" /><ent r="4" t="179" w="1374" /><ent r="3" t="179" w="1410" /><ent r="4" t="179" w="1450" /><ent r="3" t="179" w="1484" /><ent r="3" t="179" w="1549" /><ent r="3" t="179" w="1573" /><ent r="3" t="179" w="1600" /><ent r="3" t="179" w="1602" /><ent r="3" t="180" w="36" /><ent r="3" t="180" w="68" /><ent r="3" t="180" w="133" /><ent r="3" t="180" w="134" /><ent r="3" t="180" w="135" /><ent r="4" t="180" w="211" /><ent r="4" t="180" w="263" /><ent r="7" t="180" w="319" /><ent r="4" t="180" w="389" /><ent r="4" t="180" w="400" /><ent r="4" t="180" w="409" /><ent r="4" t="180" w="518" /><ent r="4" t="180" w="658" /><ent r="3" t="180" w="766" /><ent r="3" t="180" w="825" /><ent r="3" t="180" w="860" /><ent r="4" t="180" w="996" /><ent r="4" t="180" w="1013" /><ent r="3" t="180" w="1043" /><ent r="4" t="180" w="1081" /><ent r="5" t="180" w="1085" /><ent r="5" t="180" w="1119" /><ent r="4" t="180" w="1140" /><ent r="4" t="180" w="1148" /><ent r="4" t="180" w="1182" /><ent r="3" t="180" w="1296" /><ent r="3" t="180" w="1306" /><ent r="3" t="180" w="1316" /><ent r="3" t="180" w="1332" /><ent r="3" t="180" w="1354" /><ent r="3" t="180" w="1362" /><ent r="3" t="180" w="1365" /><ent r="3" t="180" w="1377" /><ent r="3" t="180" w="1405" /><ent r="3" t="180" w="1537" /><ent r="4" t="180" w="1624" /><ent r="4" t="180" w="1637" /><ent r="4" t="180" w="1652" /><ent r="3" t="181" w="26" /><ent r="3" t="181" w="40" /><ent r="3" t="181" w="116" /><ent r="3" t="181" w="117" /><ent r="3" t="181" w="118" /><ent r="3" t="181" w="119" /><ent r="3" t="181" w="168" /><ent r="3" t="181" w="187" /><ent r="3" t="181" w="192" /><ent r="3" t="181" w="195" /><ent r="3" t="181" w="228" /><ent r="3" t="181" w="246" /><ent r="3" t="181" w="255" /><ent r="3" t="181" w="256" /><ent r="3" t="181" w="257" /><ent r="3" t="181" w="268" /><ent r="3" t="181" w="289" /><ent r="3" t="181" w="302" /><ent r="3" t="181" w="303" /><ent r="3" t="181" w="376" /><ent r="4" t="181" w="486" /><ent r="4" t="181" w="538" /><ent r="7" t="181" w="594" /><ent r="4" t="181" w="631" /><ent r="4" t="181" w="635" /><ent r="4" t="181" w="684" /><ent r="4" t="181" w="700" /><ent r="4" t="181" w="704" /><ent r="4" t="181" w="713" /><ent r="3" t="181" w="727" /><ent r="4" t="181" w="767" /><ent r="4" t="181" w="785" /><ent r="4" t="181" w="805" /><ent r="4" t="181" w="866" /><ent r="4" t="181" w="887" /><ent r="4" t="181" w="900" /><ent r="4" t="181" w="911" /><ent r="4" t="181" w="926" /><ent r="3" t="181" w="942" /><ent r="4" t="181" w="993" /><ent r="3" t="181" w="1016" /><ent r="3" t="181" w="1066" /><ent r="3" t="181" w="1076" /><ent r="3" t="182" w="29" /><ent r="3" t="182" w="43" /><ent r="3" t="182" w="106" /><ent r="3" t="182" w="107" /><ent r="3" t="182" w="108" /><ent r="3" t="182" w="109" /><ent r="3" t="182" w="158" /><ent r="3" t="182" w="177" /><ent r="3" t="182" w="182" /><ent r="3" t="182" w="185" /><ent r="3" t="182" w="217" /><ent r="3" t="182" w="235" /><ent r="3" t="182" w="244" /><ent r="3" t="182" w="245" /><ent r="3" t="182" w="246" /><ent r="3" t="182" w="257" /><ent r="3" t="182" w="278" /><ent r="3" t="182" w="363" /><ent r="4" t="182" w="471" /><ent r="4" t="182" w="523" /><ent r="7" t="182" w="579" /><ent r="4" t="182" w="616" /><ent r="4" t="182" w="620" /><ent r="4" t="182" w="630" /><ent r="4" t="182" w="658" /><ent r="4" t="182" w="668" /><ent r="3" t="182" w="692" /><ent r="3" t="182" w="698" /><ent r="3" t="182" w="725" /><ent r="3" t="182" w="729" /><ent r="3" t="182" w="760" /><ent r="3" t="182" w="794" /><ent r="3" t="182" w="795" /><ent r="3" t="182" w="798" /><ent r="3" t="182" w="814" /><ent r="5" t="182" w="844" /><ent r="4" t="182" w="857" /><ent r="4" t="182" w="872" /><ent r="4" t="182" w="891" /><ent r="4" t="182" w="935" /><ent r="4" t="182" w="965" /><ent r="6" t="182" w="984" /><ent r="4" t="182" w="1011" /><ent r="4" t="182" w="1045" /><ent r="3" t="182" w="1076" /><ent r="4" t="182" w="1094" /><ent r="4" t="182" w="1119" /><ent r="4" t="182" w="1160" /><ent r="3" t="182" w="1231" /><ent r="3" t="182" w="1259" /><ent r="3" t="182" w="1269" /><ent r="3" t="182" w="1307" /><ent r="3" t="182" w="1308" /><ent r="3" t="183" w="33" /><ent r="3" t="183" w="57" /><ent r="7" t="183" w="203" /><ent r="4" t="183" w="240" /><ent r="5" t="183" w="243" /><ent r="4" t="183" w="253" /><ent r="3" t="183" w="352" /><ent r="3" t="183" w="371" /><ent r="4" t="183" w="419" /><ent r="4" t="183" w="474" /><ent r="4" t="183" w="485" /><ent r="5" t="183" w="520" /><ent r="4" t="183" w="550" /><ent r="4" t="183" w="551" /><ent r="3" t="184" w="26" /><ent r="3" t="184" w="42" /><ent r="4" t="184" w="179" /><ent r="4" t="184" w="205" /><ent r="4" t="184" w="206" /><ent r="4" t="184" w="207" /><ent r="4" t="184" w="225" /><ent r="4" t="184" w="253" /><ent r="4" t="184" w="362" /><ent r="4" t="184" w="414" /><ent r="7" t="184" w="470" /><ent r="4" t="184" w="508" /><ent r="5" t="184" w="511" /><ent r="5" t="184" w="570" /><ent r="3" t="184" w="577" /><ent r="4" t="184" w="626" /><ent r="3" t="184" w="644" /><ent r="4" t="184" w="669" /><ent r="4" t="184" w="719" /><ent r="5" t="184" w="811" /><ent r="5" t="184" w="839" /><ent r="5" t="184" w="882" /><ent r="5" t="184" w="911" /><ent r="3" t="184" w="935" /><ent r="3" t="184" w="944" /><ent r="3" t="184" w="946" /><ent r="3" t="184" w="947" /><ent r="3" t="184" w="948" /><ent r="4" t="184" w="991" /><ent r="3" t="184" w="1007" /><ent r="3" t="184" w="1059" /><ent r="4" t="184" w="1073" /><ent r="3" t="184" w="1094" /><ent r="4" t="184" w="1139" /><ent r="4" t="184" w="1192" /><ent r="3" t="185" w="24" /><ent r="3" t="185" w="45" /><ent r="3" t="185" w="104" /><ent r="3" t="185" w="108" /><ent r="3" t="185" w="165" /><ent r="3" t="185" w="247" /><ent r="3" t="185" w="290" /><ent r="3" t="185" w="315" /><ent r="7" t="185" w="391" /><ent r="4" t="185" w="427" /><ent r="4" t="185" w="431" /><ent r="4" t="185" w="458" /><ent r="4" t="185" w="508" /><ent r="4" t="185" w="615" /><ent r="4" t="185" w="640" /><ent r="4" t="185" w="650" /><ent r="4" t="185" w="663" /><ent r="4" t="185" w="704" /><ent r="4" t="185" w="729" /><ent r="4" t="185" w="739" /><ent r="4" t="185" w="752" /><ent r="3" t="185" w="804" /><ent r="3" t="185" w="867" /><ent r="3" t="185" w="956" /><ent r="3" t="185" w="979" /><ent r="3" t="185" w="1021" /><ent r="3" t="185" w="1027" /><ent r="3" t="185" w="1034" /><ent r="3" t="185" w="1038" /><ent r="3" t="185" w="1042" /><ent r="3" t="185" w="1070" /><ent r="6" t="185" w="1194" /><ent r="3" t="185" w="1497" /><ent r="3" t="185" w="1514" /><ent r="3" t="185" w="1533" /><ent r="3" t="185" w="1551" /><ent r="3" t="185" w="1684" /><ent r="3" t="185" w="1715" /><ent r="4" t="185" w="1719" /><ent r="4" t="185" w="1735" /><ent r="4" t="185" w="1758" /><ent r="4" t="185" w="1797" /><ent r="4" t="185" w="1827" /><ent r="4" t="185" w="1851" /><ent r="3" t="186" w="32" /><ent r="3" t="186" w="64" /><ent r="3" t="186" w="121" /><ent r="5" t="186" w="180" /><ent r="4" t="186" w="199" /><ent r="4" t="186" w="273" /><ent r="4" t="186" w="325" /><ent r="7" t="186" w="381" /><ent r="4" t="186" w="419" /><ent r="4" t="186" w="423" /><ent r="4" t="186" w="463" /><ent r="4" t="186" w="506" /><ent r="4" t="186" w="551" /><ent r="4" t="186" w="589" /><ent r="4" t="186" w="640" /><ent r="3" t="186" w="728" /><ent r="4" t="186" w="749" /><ent r="3" t="186" w="833" /><ent r="3" t="186" w="888" /><ent r="3" t="186" w="912" /><ent r="3" t="186" w="956" /><ent r="3" t="186" w="983" /><ent r="3" t="186" w="1002" /><ent r="3" t="186" w="1123" /><ent r="3" t="186" w="1154" /><ent r="3" t="186" w="1237" /><ent r="4" t="186" w="1282" /><ent r="4" t="186" w="1376" /><ent r="4" t="186" w="1439" /><ent r="3" t="186" w="1461" /><ent r="3" t="186" w="1473" /><ent r="4" t="186" w="1499" /><ent r="4" t="186" w="1524" /><ent r="4" t="186" w="1532" /><ent r="3" t="186" w="1563" /><ent r="3" t="186" w="1583" /><ent r="3" t="186" w="1597" /><ent r="4" t="186" w="1625" /><ent r="3" t="186" w="1638" /><ent r="3" t="187" w="17" /><ent r="3" t="187" w="29" /><ent r="3" t="187" w="31" /><ent r="4" t="187" w="125" /><ent r="4" t="187" w="147" /><ent r="3" t="188" w="16" /><ent r="3" t="188" w="34" /><ent r="7" t="188" w="91" /><ent r="7" t="188" w="107" /><ent r="7" t="188" w="127" /><ent r="7" t="188" w="143" /><ent r="5" t="188" w="281" /><ent r="3" t="190" w="36" /><ent r="3" t="190" w="65" /><ent r="3" t="191" w="79" /><ent r="3" t="191" w="98" /><ent r="3" t="191" w="129" /><ent r="3" t="192" w="21" /><ent r="3" t="192" w="22" /><ent r="4" t="192" w="53" /><ent r="4" t="192" w="92" /><ent r="4" t="192" w="122" /><ent r="4" t="192" w="131" /><ent r="4" t="192" w="184" /><ent r="4" t="192" w="197" /><ent r="4" t="192" w="206" /><ent r="3" t="192" w="233" /><ent r="3" t="192" w="241" /><ent r="3" t="192" w="242" /><ent r="3" t="192" w="255" /><ent r="3" t="192" w="266" /><ent r="3" t="193" w="66" /><ent r="3" t="193" w="141" /><ent r="3" t="193" w="190" /><ent r="3" t="193" w="210" /><ent r="4" t="193" w="501" /><ent r="4" t="193" w="559" /><ent r="3" t="193" w="605" /><ent r="3" t="193" w="630" /><ent r="3" t="193" w="641" /><ent r="3" t="193" w="642" /><ent r="4" t="193" w="728" /><ent r="3" t="193" w="773" /><ent r="3" t="195" w="36" /><ent r="3" t="195" w="37" /><ent r="3" t="195" w="45" /><ent r="3" t="195" w="68" /><ent r="4" t="195" w="110" /><ent r="4" t="195" w="133" /><ent r="3" t="195" w="182" /><ent r="3" t="196" w="50" /><ent r="3" t="196" w="108" /><ent r="3" t="196" w="109" /><ent r="3" t="196" w="183" /><ent r="3" t="196" w="228" /><ent r="3" t="196" w="229" /><ent r="3" t="196" w="230" /><ent r="4" t="196" w="248" /><ent r="4" t="196" w="318" /><ent r="4" t="196" w="356" /><ent r="3" t="197" w="21" /><ent r="5" t="197" w="66" /><ent r="5" t="197" w="71" /><ent r="7" t="197" w="142" /><ent r="6" t="197" w="227" /><ent r="6" t="197" w="240" /><ent r="7" t="197" w="331" /><ent r="7" t="197" w="332" /><ent r="7" t="197" w="333" /><ent r="7" t="197" w="346" /><ent r="7" t="197" w="348" /><ent r="7" t="197" w="350" /><ent r="7" t="197" w="352" /><ent r="7" t="197" w="386" /><ent r="7" t="197" w="387" /><ent r="7" t="197" w="388" /><ent r="7" t="197" w="389" /><ent r="7" t="197" w="434" /><ent r="7" t="197" w="438" /><ent r="7" t="197" w="441" /><ent r="7" t="197" w="444" /><ent r="7" t="197" w="447" /><ent r="7" t="197" w="450" /><ent r="7" t="197" w="452" /><ent r="7" t="197" w="476" /><ent r="7" t="197" w="493" /><ent r="7" t="197" w="494" /><ent r="7" t="197" w="585" /><ent r="7" t="197" w="587" /><ent r="7" t="197" w="588" /><ent r="7" t="197" w="589" /><ent r="7" t="197" w="678" /><ent r="3" t="197" w="757" /><ent r="3" t="197" w="758" /><ent r="3" t="197" w="767" /><ent r="4" t="198" w="66" /><ent r="4" t="198" w="85" /><ent r="3" t="198" w="159" /><ent r="3" t="198" w="160" /><ent r="3" t="206" w="38" /><ent r="3" t="206" w="52" /><ent r="3" t="206" w="54" /><ent r="3" t="206" w="87" /><ent r="3" t="206" w="101" /><ent r="3" t="206" w="105" /><ent r="3" t="206" w="108" /><ent r="3" t="206" w="119" /><ent r="3" t="206" w="139" /><ent r="3" t="206" w="160" /><ent r="3" t="206" w="188" /><ent r="3" t="206" w="191" /><ent r="3" t="206" w="208" /><ent r="3" t="206" w="233" /><ent r="3" t="206" w="234" /><ent r="3" t="206" w="347" /><ent r="4" t="206" w="410" /><ent r="4" t="206" w="426" /><ent r="4" t="206" w="462" /><ent r="4" t="206" w="483" /><ent r="4" t="206" w="516" /><ent r="4" t="206" w="598" /><ent r="4" t="206" w="602" /><ent r="4" t="206" w="603" /><ent r="4" t="206" w="624" /><ent r="3" t="208" w="21" /><ent r="3" t="209" w="25" /><ent r="3" t="209" w="26" /><ent r="3" t="209" w="37" /><ent r="3" t="209" w="38" /><ent r="3" t="209" w="44" /><ent r="3" t="210" w="34" /><ent r="3" t="210" w="35" /><ent r="3" t="210" w="42" /><ent r="3" t="210" w="76" /><ent r="3" t="210" w="113" /><ent r="3" t="211" w="64" /><ent r="3" t="211" w="84" /><ent r="3" t="212" w="26" /><ent r="3" t="212" w="121" /><ent r="3" t="212" w="135" /><ent r="4" t="212" w="152" /><ent r="4" t="212" w="156" /><ent r="4" t="212" w="159" /><ent r="4" t="212" w="169" /><ent r="4" t="212" w="173" /><ent r="4" t="212" w="176" /><ent r="4" t="212" w="187" /><ent r="4" t="212" w="201" /><ent r="3" t="212" w="235" /><ent r="4" t="212" w="272" /><ent r="4" t="212" w="288" /><ent r="4" t="212" w="335" /><ent r="3" t="213" w="52" /><ent r="3" t="213" w="66" /><ent r="4" t="213" w="83" /><ent r="4" t="213" w="87" /><ent r="4" t="213" w="90" /><ent r="4" t="213" w="100" /><ent r="4" t="213" w="104" /><ent r="4" t="213" w="107" /><ent r="4" t="213" w="118" /><ent r="4" t="213" w="132" /><ent r="3" t="213" w="166" /><ent r="4" t="213" w="203" /><ent r="4" t="213" w="219" /><ent r="4" t="213" w="247" /><ent r="3" t="214" w="19" /><ent r="4" t="214" w="42" /><ent r="4" t="214" w="46" /><ent r="4" t="214" w="49" /><ent r="4" t="214" w="59" /><ent r="4" t="214" w="63" /><ent r="4" t="214" w="66" /><ent r="4" t="214" w="77" /><ent r="4" t="214" w="91" /><ent r="3" t="214" w="125" /><ent r="4" t="214" w="162" /><ent r="4" t="214" w="178" /><ent r="4" t="214" w="240" /><ent r="4" t="214" w="244" /><ent r="3" t="214" w="287" /><ent r="3" t="215" w="50" /><ent r="3" t="215" w="64" /><ent r="4" t="215" w="81" /><ent r="4" t="215" w="85" /><ent r="4" t="215" w="88" /><ent r="4" t="215" w="98" /><ent r="4" t="215" w="102" /><ent r="4" t="215" w="105" /><ent r="4" t="215" w="116" /><ent r="4" t="215" w="130" /><ent r="3" t="215" w="164" /><ent r="4" t="215" w="201" /><ent r="4" t="215" w="217" /><ent r="4" t="216" w="48" /><ent r="4" t="216" w="91" /><ent r="3" t="216" w="136" /><ent r="3" t="216" w="158" /><ent r="4" t="216" w="184" /><ent r="4" t="216" w="264" /><ent r="3" t="217" w="33" /><ent r="3" t="217" w="51" /><ent r="3" t="217" w="82" /><ent r="3" t="217" w="138" /><ent r="3" t="217" w="149" /><ent r="4" t="218" w="50" /><ent r="3" t="219" w="38" /><ent r="3" t="219" w="56" /><ent r="3" t="219" w="87" /><ent r="3" t="219" w="143" /><ent r="3" t="219" w="154" /><ent r="3" t="220" w="35" /><ent r="4" t="220" w="53" /><ent r="4" t="220" w="68" /><ent r="4" t="220" w="84" /><ent r="4" t="220" w="92" /><ent r="4" t="221" w="61" /><ent r="4" t="221" w="80" /><ent r="5" t="221" w="142" /><ent r="5" t="221" w="150" /><ent r="5" t="221" w="157" /><ent r="3" t="221" w="202" /><ent r="3" t="221" w="203" /><ent r="4" t="222" w="53" /><ent r="3" t="223" w="33" /><ent r="4" t="224" w="83" /><ent r="4" t="224" w="108" /><ent r="3" t="224" w="152" /><ent r="3" t="225" w="20" /><ent r="3" t="225" w="36" /><ent r="3" t="225" w="54" /><ent r="4" t="225" w="71" /><ent r="4" t="225" w="94" /><ent r="4" t="225" w="120" /><ent r="4" t="225" w="151" /><ent r="3" t="225" w="165" /><ent r="3" t="225" w="170" /><ent r="3" t="225" w="174" /><ent r="4" t="226" w="82" /><ent r="4" t="226" w="107" /><ent r="4" t="226" w="127" /><ent r="6" t="227" w="50" /><ent r="6" t="227" w="59" /><ent r="6" t="227" w="142" /><ent r="6" t="227" w="143" /><ent r="6" t="227" w="144" /><ent r="6" t="227" w="145" /><ent r="6" t="227" w="146" /><ent r="6" t="227" w="147" /><ent r="6" t="227" w="148" /><ent r="6" t="227" w="149" /><ent r="6" t="227" w="151" /><ent r="6" t="227" w="153" /><ent r="6" t="227" w="154" /><ent r="6" t="227" w="157" /><ent r="6" t="227" w="159" /><ent r="6" t="227" w="161" /><ent r="6" t="227" w="162" /><ent r="6" t="227" w="188" /><ent r="6" t="227" w="195" /><ent r="6" t="227" w="196" /><ent r="6" t="227" w="197" /><ent r="6" t="227" w="198" /><ent r="6" t="227" w="199" /><ent r="6" t="227" w="201" /><ent r="6" t="227" w="203" /><ent r="6" t="227" w="204" /><ent r="6" t="227" w="205" /><ent r="6" t="227" w="207" /><ent r="6" t="227" w="211" /><ent r="6" t="227" w="237" /><ent r="6" t="227" w="238" /><ent r="6" t="227" w="239" /><ent r="6" t="227" w="240" /><ent r="6" t="227" w="241" /><ent r="6" t="227" w="243" /><ent r="6" t="227" w="245" /><ent r="6" t="227" w="246" /><ent r="6" t="227" w="247" /><ent r="6" t="227" w="249" /><ent r="6" t="227" w="263" /><ent r="6" t="227" w="264" /><ent r="6" t="227" w="265" /><ent r="6" t="227" w="269" /><ent r="6" t="227" w="299" /><ent r="6" t="227" w="300" /><ent r="6" t="227" w="301" /><ent r="6" t="227" w="302" /><ent r="6" t="227" w="303" /><ent r="6" t="227" w="305" /><ent r="6" t="227" w="307" /><ent r="6" t="227" w="308" /><ent r="6" t="227" w="309" /><ent r="6" t="227" w="311" /><ent r="6" t="227" w="357" /><ent r="6" t="227" w="364" /><ent r="6" t="227" w="365" /><ent r="6" t="227" w="366" /><ent r="6" t="227" w="367" /><ent r="6" t="227" w="368" /><ent r="6" t="227" w="369" /><ent r="6" t="227" w="370" /><ent r="6" t="227" w="371" /><ent r="6" t="227" w="373" /><ent r="6" t="227" w="375" /><ent r="6" t="227" w="376" /><ent r="6" t="227" w="377" /><ent r="6" t="227" w="379" /><ent r="6" t="227" w="383" /><ent r="6" t="227" w="409" /><ent r="6" t="227" w="410" /><ent r="6" t="227" w="411" /><ent r="6" t="227" w="412" /><ent r="6" t="227" w="413" /><ent r="6" t="227" w="415" /><ent r="6" t="227" w="417" /><ent r="6" t="227" w="418" /><ent r="6" t="227" w="419" /><ent r="6" t="227" w="441" /><ent r="6" t="227" w="442" /><ent r="6" t="227" w="445" /><ent r="6" t="227" w="446" /><ent r="6" t="227" w="447" /><ent r="6" t="227" w="448" /><ent r="6" t="227" w="449" /><ent r="6" t="227" w="450" /><ent r="6" t="227" w="451" /><ent r="6" t="227" w="452" /><ent r="6" t="227" w="454" /><ent r="6" t="227" w="456" /><ent r="6" t="227" w="457" /><ent r="6" t="227" w="458" /><ent r="6" t="227" w="460" /><ent r="6" t="227" w="480" /><ent r="6" t="227" w="481" /><ent r="6" t="227" w="482" /><ent r="6" t="227" w="483" /><ent r="6" t="227" w="484" /><ent r="6" t="227" w="485" /><ent r="6" t="227" w="486" /><ent r="6" t="227" w="487" /><ent r="6" t="227" w="489" /><ent r="6" t="227" w="491" /><ent r="6" t="227" w="492" /><ent r="6" t="227" w="493" /><ent r="6" t="227" w="495" /><ent r="6" t="227" w="499" /><ent r="6" t="227" w="526" /><ent r="6" t="227" w="527" /><ent r="6" t="227" w="528" /><ent r="6" t="227" w="529" /><ent r="6" t="227" w="530" /><ent r="6" t="227" w="531" /><ent r="6" t="227" w="532" /><ent r="6" t="227" w="533" /><ent r="6" t="227" w="535" /><ent r="6" t="227" w="537" /><ent r="6" t="227" w="538" /><ent r="6" t="227" w="545" /><ent r="6" t="227" w="547" /><ent r="6" t="227" w="568" /><ent r="6" t="227" w="576" /><ent r="6" t="227" w="580" /><ent r="3" t="228" w="19" /><ent r="3" t="228" w="22" /><ent r="3" t="228" w="23" /><ent r="3" t="228" w="24" /><ent r="4" t="228" w="50" /><ent r="3" t="228" w="74" /><ent r="4" t="228" w="126" /><ent r="4" t="228" w="147" /><ent r="4" t="228" w="160" /><ent r="4" t="228" w="183" /><ent r="3" t="228" w="238" /><ent r="3" t="228" w="239" /><ent r="4" t="228" w="265" /><ent r="4" t="228" w="333" /><ent r="3" t="229" w="10" /><ent r="3" t="229" w="11" /><ent r="3" t="229" w="24" /><ent r="3" t="229" w="59" /><ent r="3" t="229" w="95" /><ent r="3" t="229" w="168" /><ent r="4" t="230" w="24" /><ent r="3" t="230" w="26" /><ent r="3" t="230" w="55" /><ent r="3" t="231" w="16" /><ent r="3" t="232" w="16" /><ent r="7" t="232" w="66" /><ent r="7" t="232" w="67" /><ent r="7" t="232" w="74" /><ent r="7" t="232" w="75" /><ent r="4" t="233" w="31" /><ent r="4" t="233" w="99" /><ent r="3" t="234" w="22" /><ent r="3" t="234" w="93" /><ent r="3" t="234" w="118" /><ent r="3" t="235" w="51" /><ent r="3" t="235" w="67" /><ent r="3" t="235" w="85" /><ent r="3" t="235" w="132" /><ent r="3" t="235" w="167" /><ent r="3" t="235" w="239" /><ent r="3" t="235" w="242" /><ent r="3" t="235" w="245" /><ent r="3" t="235" w="249" /><ent r="3" t="235" w="278" /><ent r="3" t="235" w="282" /><ent r="3" t="235" w="303" /><ent r="3" t="235" w="330" /><ent r="3" t="235" w="415" /><ent r="3" t="235" w="431" /><ent r="3" t="235" w="485" /><ent r="3" t="235" w="526" /><ent r="3" t="235" w="535" /><ent r="7" t="237" w="78" /><ent r="7" t="237" w="93" /><ent r="7" t="237" w="129" /><ent r="7" t="237" w="206" /><ent r="7" t="238" w="104" /><ent r="7" t="238" w="146" /><ent r="7" t="238" w="184" /><ent r="7" t="239" w="86" /><ent r="7" t="239" w="88" /></phr></stem></index>