﻿<?xml version="1.0" encoding="utf-8"?><index><stem n="incorrect"><phr n="incorrect"><ent r="6" t="170" w="1452" /><ent r="3" t="171" w="1202" /></phr></stem><stem n="misconnect"><phr n="misconnection"><ent r="6" t="170" w="1462" /></phr><phr n="misconnected"><ent r="3" t="171" w="1212" /></phr></stem><stem n="hit"><phr n="hitting"><ent r="6" t="170" w="1477" /><ent r="3" t="171" w="1228" /></phr></stem><stem n="(lower"><phr n="(lower"><ent r="3" t="170" w="1535" /><ent r="3" t="171" w="1252" /></phr></stem><stem n="(s)."><phr n="(s)."><ent r="3" t="170" w="1597" /><ent r="3" t="171" w="1316" /></phr></stem><stem n="charact"><phr n="characters"><ent r="4" t="170" w="1701" /><ent r="4" t="197" w="219" /></phr><phr n="character"><ent r="7" t="179" w="81" /></phr></stem><stem n="([,])"><phr n="([,])"><ent r="4" t="170" w="1702" /></phr></stem><stem n="slash"><phr n="slash"><ent r="4" t="170" w="1707" /><ent r="3" t="170" w="1730" /><ent r="3" t="170" w="1760" /><ent r="3" t="170" w="1803" /><ent r="3" t="170" w="1810" /></phr><phr n="Slashes"><ent r="6" t="218" w="193" /><ent r="6" t="218" w="510" /></phr></stem><stem n="(/)"><phr n="(/)"><ent r="4" t="170" w="1708" /></phr></stem><stem n="submenu"><phr n="submenu"><ent r="4" t="170" w="1709" /></phr><phr n="submenus"><ent r="3" t="170" w="1739" /></phr></stem><stem n="mywizard"><phr n="MyWizard"><ent r="4" t="170" w="1852" /><ent r="4" t="170" w="1888" /><ent r="4" t="170" w="1909" /><ent r="4" t="170" w="1933" /><ent r="4" t="170" w="1979" /><ent r="5" t="171" w="462" /><ent r="5" t="171" w="483" /><ent r="4" t="171" w="494" /><ent r="3" t="171" w="1507" /></phr></stem><stem n="“&amp;”"><phr n="“&amp;”"><ent r="3" t="170" w="1873" /></phr></stem><stem n="ywizard"><phr n="yWizards"><ent r="4" t="170" w="1886" /></phr></stem><stem n="[m&amp;ywizards]&amp;processing/mywizard"><phr n="[M&amp;yWizards]&amp;Processing/MyWizard"><ent r="4" t="170" w="1888" /></phr></stem><stem n="processing/mywizard"><phr n="Processing/MyWizard"><ent r="4" t="170" w="1888" /><ent r="4" t="170" w="1887" /></phr></stem><stem n="&amp;help/mywizard"><phr n="&amp;Help/MyWizard"><ent r="4" t="170" w="1909" /></phr></stem><stem n="help/mywizard"><phr n="Help/MyWizard"><ent r="4" t="170" w="1909" /><ent r="4" t="170" w="1908" /></phr></stem><stem n="[geo]/mywizard"><phr n="[Geo]/MyWizard"><ent r="4" t="170" w="1933" /></phr></stem><stem n="mywizard.wiz"><phr n="MyWizard.wiz"><ent r="4" t="170" w="1980" /><ent r="4" t="170" w="1979" /><ent r="5" t="171" w="463" /><ent r="5" t="171" w="462" /><ent r="5" t="171" w="484" /><ent r="5" t="171" w="483" /></phr></stem><stem n="(mywizard.wiz)"><phr n="(MyWizard.wiz)"><ent r="4" t="170" w="1981" /></phr></stem><stem n="regular"><phr n="regular"><ent r="3" t="171" w="134" /></phr></stem><stem n="consecut"><phr n="consecutively"><ent r="5" t="171" w="162" /></phr></stem><stem n=".wiz"><phr n=".wiz"><ent r="5" t="171" w="463" /><ent r="5" t="171" w="484" /><ent r="5" t="171" w="1476" /></phr></stem><stem n="(1"><phr n="(1"><ent r="4" t="171" w="700" /></phr></stem><stem n="usedegre"><phr n="useDegrees"><ent r="3" t="171" w="719" /><ent r="7" t="171" w="1099" /><ent r="7" t="171" w="1101" /><ent r="4" t="171" w="1353" /><ent r="3" t="171" w="1391" /></phr></stem><stem n="new_landsat6band"><phr n="new_landsat6band"><ent r="4" t="171" w="789" /><ent r="4" t="171" w="788" /></phr></stem><stem n="_landsat6band.tif"><phr n="_landsat6band.tif"><ent r="4" t="171" w="790" /></phr></stem><stem n="new_landsat6band.tif"><phr n="new_landsat6band.tif"><ent r="4" t="171" w="790" /><ent r="4" t="171" w="788" /></phr></stem><stem n="-input"><phr n="-input"><ent r="7" t="171" w="1074" /><ent r="7" t="171" w="1074" /><ent r="3" t="171" w="1373" /><ent r="3" t="171" w="1373" /></phr></stem><stem n="value-input"><phr n="Value-input"><ent r="7" t="171" w="1074" /><ent r="3" t="171" w="1373" /></phr></stem><stem n="greeninput"><phr n="greeninput"><ent r="7" t="171" w="1096" /></phr></stem><stem n="-usedegre"><phr n="-useDegrees"><ent r="7" t="171" w="1098" /><ent r="7" t="171" w="1098" /><ent r="3" t="171" w="1390" /><ent r="3" t="171" w="1390" /></phr></stem><stem n="value-usedegre"><phr n="Value-useDegrees"><ent r="7" t="171" w="1098" /><ent r="3" t="171" w="1390" /></phr></stem><stem n="displayresult"><phr n="displayResults"><ent r="7" t="171" w="1111" /><ent r="5" t="171" w="1326" /></phr></stem><stem n="-output"><phr n="-output"><ent r="7" t="171" w="1119" /><ent r="7" t="171" w="1119" /><ent r="3" t="171" w="1398" /><ent r="3" t="171" w="1398" /></phr></stem><stem n="value-output"><phr n="Value-output"><ent r="7" t="171" w="1119" /><ent r="3" t="171" w="1398" /></phr></stem><stem n="**import"><phr n="**Import"><ent r="7" t="171" w="1144" /></phr></stem><stem n="**to"><phr n="**To"><ent r="3" t="171" w="1157" /></phr></stem><stem n="(next"><phr n="(next"><ent r="3" t="171" w="1177" /></phr></stem><stem n="brown"><phr n="brown"><ent r="3" t="171" w="1186" /></phr></stem><stem n="7"><phr n="7"><ent r="3" t="171" w="1397" /><ent r="7" t="179" w="146" /><ent r="3" t="179" w="726" /><ent r="3" t="179" w="837" /></phr></stem><stem n="&quot;save"><phr n="&quot;Save"><ent r="6" t="171" w="1445" /></phr></stem><stem n="&quot;save&quot;"><phr n="&quot;Save&quot;"><ent r="6" t="171" w="1450" /></phr></stem><stem n="bandmath"><phr n="BandMath"><ent r="5" t="171" w="1475" /></phr><phr n="bandmath"><ent r="3" t="171" w="1680" /><ent r="3" t="171" w="1692" /></phr></stem><stem n="bandmath.wiz"><phr n="BandMath.wiz"><ent r="5" t="171" w="1476" /><ent r="5" t="171" w="1475" /></phr></stem><stem n=".xml"><phr n=".xml"><ent r="4" t="171" w="1489" /></phr></stem><stem n="cmd"><phr n="cmd"><ent r="5" t="171" w="1595" /></phr></stem><stem n="termin"><phr n="terminal"><ent r="3" t="171" w="1614" /></phr></stem><stem n=":\program"><phr n=":\Program"><ent r="4" t="171" w="1638" /></phr></stem><stem n="4.0"><phr n="4.0"><ent r="4" t="171" w="1642" /><ent r="4" t="171" w="1641" /></phr></stem><stem n="4.0."><phr n="4.0."><ent r="4" t="171" w="1642" /><ent r="4" t="171" w="1641" /></phr></stem><stem n="\opticks\4.0."><phr n="\Opticks\4.0."><ent r="4" t="171" w="1643" /></phr></stem><stem n="opt"><phr n="opt"><ent r="4" t="171" w="1651" /></phr></stem><stem n="opt/optick"><phr n="opt/Opticks"><ent r="4" t="171" w="1652" /><ent r="4" t="171" w="1651" /></phr></stem><stem n="opt/opticks/4"><phr n="opt/Opticks/4"><ent r="4" t="171" w="1653" /><ent r="4" t="171" w="1651" /></phr></stem><stem n="/opt/opticks/4.0"><phr n="/opt/Opticks/4.0"><ent r="4" t="171" w="1654" /></phr></stem><stem n="opt/opticks/4.0"><phr n="opt/Opticks/4.0"><ent r="4" t="171" w="1654" /><ent r="4" t="171" w="1651" /></phr></stem><stem n="opticksbatch"><phr n="opticksbatch"><ent r="3" t="171" w="1677" /></phr><phr n="OpticksBatch"><ent r="3" t="171" w="1689" /></phr></stem><stem n="opticksbatch/input"><phr n="opticksbatch/input"><ent r="3" t="171" w="1678" /><ent r="3" t="171" w="1677" /></phr></stem><stem n="\opticksbatch/input:wizards\bandmath.xml"><phr n="\opticksbatch/input:wizards\bandmath.xml"><ent r="3" t="171" w="1681" /></phr></stem><stem n="bandmath.xml"><phr n="bandmath.xml"><ent r="3" t="171" w="1681" /><ent r="3" t="171" w="1680" /></phr></stem><stem n="wizards/bandmath"><phr n="wizards/bandmath"><ent r="3" t="171" w="1692" /><ent r="3" t="171" w="1691" /></phr></stem><stem n=":wizards/bandmath.xml"><phr n=":wizards/bandmath.xml"><ent r="3" t="171" w="1693" /></phr></stem><stem n="wizards/bandmath.xml"><phr n="wizards/bandmath.xml"><ent r="3" t="171" w="1693" /><ent r="3" t="171" w="1691" /></phr></stem><stem n="(…/sampledata/geotiff)."><phr n="(…/SampleData/GeoTIFF)."><ent r="4" t="171" w="1726" /></phr></stem><stem n="consult"><phr n="Consult"><ent r="4" t="171" w="1726" /></phr></stem><stem n="icd"><phr n="ICD"><ent r="4" t="171" w="1730" /></phr></stem><stem n="round"><phr n="rounded"><ent r="7" t="173" w="50" /></phr><phr n="Rounded"><ent r="6" t="208" w="149" /><ent r="6" t="208" w="199" /><ent r="6" t="208" w="241" /><ent r="6" t="208" w="303" /><ent r="6" t="208" w="371" /><ent r="6" t="208" w="413" /><ent r="6" t="208" w="452" /><ent r="6" t="208" w="487" /><ent r="6" t="208" w="533" /></phr></stem><stem n="ellips"><phr n="ellipse"><ent r="7" t="173" w="55" /></phr><phr n="Ellipse"><ent r="6" t="208" w="143" /><ent r="6" t="208" w="195" /><ent r="6" t="208" w="237" /><ent r="6" t="208" w="299" /><ent r="6" t="208" w="365" /><ent r="6" t="208" w="409" /><ent r="6" t="208" w="446" /><ent r="6" t="208" w="481" /><ent r="6" t="208" w="527" /></phr></stem><stem n="north"><phr n="north"><ent r="5" t="173" w="224" /></phr><phr n="northing"><ent r="7" t="179" w="443" /></phr><phr n="North"><ent r="7" t="179" w="452" /><ent r="3" t="179" w="767" /><ent r="6" t="208" w="157" /><ent r="6" t="208" w="209" /><ent r="6" t="208" w="381" /><ent r="6" t="208" w="497" /><ent r="6" t="208" w="538" /><ent r="6" t="208" w="544" /><ent r="6" t="208" w="578" /></phr></stem><stem n="east"><phr n="east"><ent r="5" t="173" w="239" /></phr><phr n="easting"><ent r="7" t="179" w="440" /></phr><phr n="East"><ent r="6" t="208" w="159" /><ent r="6" t="208" w="211" /><ent r="6" t="208" w="383" /><ent r="6" t="208" w="499" /><ent r="6" t="208" w="545" /><ent r="6" t="208" w="580" /></phr></stem><stem n="(base"><phr n="(based"><ent r="6" t="174" w="43" /></phr></stem><stem n="bounc"><phr n="Bounce"><ent r="7" t="174" w="49" /></phr></stem><stem n="opposit"><phr n="opposite"><ent r="6" t="174" w="55" /></phr></stem><stem n="strict"><phr n="strict"><ent r="3" t="175" w="37" /></phr></stem><stem n=".25"><phr n=".25"><ent r="6" t="175" w="97" /><ent r="6" t="175" w="171" /><ent r="6" t="175" w="174" /></phr></stem><stem n="0.25"><phr n="0.25"><ent r="6" t="175" w="97" /><ent r="6" t="175" w="96" /><ent r="6" t="175" w="171" /><ent r="6" t="175" w="170" /><ent r="6" t="175" w="174" /><ent r="6" t="175" w="173" /></phr></stem><stem n="achiev"><phr n="achieved"><ent r="3" t="175" w="195" /></phr></stem><stem n="preserv"><phr n="preserve"><ent r="3" t="175" w="209" /></phr></stem><stem n="therefor"><phr n="Therefore"><ent r="3" t="176" w="120" /><ent r="3" t="213" w="525" /></phr></stem><stem n=":oper"><phr n=":operators"><ent r="100" t="177" w="7" /></phr></stem><stem n="sine"><phr n="Sine"><ent r="7" t="177" w="26" /></phr><phr n="sine"><ent r="7" t="177" w="39" /><ent r="7" t="177" w="57" /></phr></stem><stem n="cosin"><phr n="Cosine"><ent r="7" t="177" w="28" /></phr><phr n="cosine"><ent r="7" t="177" w="42" /><ent r="7" t="177" w="60" /></phr></stem><stem n="tangent"><phr n="Tangent"><ent r="7" t="177" w="30" /></phr><phr n="tangent"><ent r="7" t="177" w="45" /><ent r="7" t="177" w="63" /></phr></stem><stem n="secant"><phr n="Secant"><ent r="7" t="177" w="32" /></phr><phr n="secant"><ent r="7" t="177" w="48" /><ent r="7" t="177" w="66" /></phr></stem><stem n="cosec"><phr n="Cosecant"><ent r="7" t="177" w="34" /></phr><phr n="cosecant"><ent r="7" t="177" w="51" /><ent r="7" t="177" w="69" /></phr></stem><stem n="cotang"><phr n="Cotangent"><ent r="7" t="177" w="36" /></phr><phr n="cotangent"><ent r="7" t="177" w="54" /><ent r="7" t="177" w="72" /></phr></stem><stem n="invers"><phr n="Inverse"><ent r="7" t="177" w="38" /><ent r="7" t="177" w="41" /><ent r="7" t="177" w="44" /><ent r="7" t="177" w="47" /><ent r="7" t="177" w="50" /><ent r="7" t="177" w="53" /></phr></stem><stem n="hyperbol"><phr n="Hyperbolic"><ent r="7" t="177" w="56" /><ent r="7" t="177" w="59" /><ent r="7" t="177" w="62" /><ent r="7" t="177" w="65" /><ent r="7" t="177" w="68" /><ent r="7" t="177" w="71" /></phr></stem><stem n="1n"><phr n="1n"><ent r="7" t="177" w="80" /></phr></stem><stem n="paragraph"><phr n="Paragraph"><ent r="82" t="178" w="75" /><ent r="64" t="178" w="129" /><ent r="64" t="178" w="132" /><ent r="64" t="178" w="135" /><ent r="64" t="178" w="138" /><ent r="64" t="178" w="141" /><ent r="64" t="178" w="144" /><ent r="64" t="178" w="147" /><ent r="1000" t="181" w="1" /><ent r="102" t="181" w="4" /><ent r="1000" t="182" w="1" /><ent r="102" t="182" w="4" /><ent r="1000" t="183" w="1" /><ent r="102" t="183" w="4" /><ent r="1000" t="184" w="1" /><ent r="102" t="184" w="4" /><ent r="1000" t="185" w="1" /><ent r="102" t="185" w="4" /><ent r="1000" t="186" w="1" /><ent r="102" t="186" w="4" /><ent r="1000" t="187" w="1" /><ent r="102" t="187" w="4" /></phr><phr n="paragraph"><ent r="3" t="178" w="79" /><ent r="3" t="178" w="98" /><ent r="4" t="178" w="253" /><ent r="3" t="180" w="142" /></phr><phr n="Paragraphs"><ent r="3" t="178" w="106" /><ent r="3" t="178" w="226" /></phr><phr n="paragraphs"><ent r="3" t="180" w="130" /><ent r="3" t="180" w="151" /><ent r="3" t="180" w="157" /></phr></stem><stem n="k"><phr n="K"><ent r="3" t="178" w="110" /><ent r="3" t="180" w="161" /></phr></stem><stem n="f"><phr n="F"><ent r="64" t="178" w="139" /><ent r="3" t="178" w="228" /><ent r="1000" t="184" w="2" /><ent r="102" t="184" w="5" /><ent r="5" t="204" w="355" /></phr></stem><stem n="h"><phr n="H"><ent r="64" t="178" w="145" /><ent r="3" t="178" w="229" /><ent r="1000" t="186" w="2" /><ent r="102" t="186" w="5" /><ent r="5" t="204" w="218" /></phr></stem><stem n="j"><phr n="J"><ent r="64" t="178" w="148" /><ent r="3" t="178" w="231" /><ent r="1000" t="187" w="2" /><ent r="102" t="187" w="5" /></phr></stem><stem n="unload"><phr n="Unload"><ent r="82" t="178" w="193" /><ent r="3" t="178" w="198" /></phr></stem><stem n="tabular"><phr n="tabular"><ent r="3" t="178" w="233" /></phr></stem><stem n="curv"><phr n="curves"><ent r="4" t="178" w="341" /><ent r="4" t="178" w="362" /><ent r="4" t="178" w="377" /></phr></stem><stem n="“envi”."><phr n="“ENVI”."><ent r="3" t="179" w="30" /></phr></stem><stem n="keyword"><phr n="Keywords"><ent r="3" t="179" w="30" /></phr><phr n="keywords"><ent r="3" t="179" w="75" /></phr></stem><stem n="user'"><phr n="User's"><ent r="5" t="179" w="58" /><ent r="5" t="179" w="57" /></phr></stem><stem n="guid"><phr n="Guide"><ent r="5" t="179" w="59" /></phr></stem><stem n="3.4"><phr n="3.4"><ent r="5" t="179" w="64" /><ent r="5" t="179" w="63" /></phr></stem><stem n="3.4."><phr n="3.4."><ent r="5" t="179" w="64" /><ent r="5" t="179" w="63" /></phr></stem><stem n=".4."><phr n=".4."><ent r="5" t="179" w="65" /></phr></stem><stem n="septemb"><phr n="September"><ent r="5" t="179" w="65" /></phr></stem><stem n="2000"><phr n="2000"><ent r="5" t="179" w="66" /></phr></stem><stem n="copyright"><phr n="Copyright"><ent r="5" t="179" w="68" /></phr></stem><stem n="research"><phr n="Research"><ent r="5" t="179" w="69" /></phr></stem><stem n="inc"><phr n="Inc"><ent r="5" t="179" w="71" /></phr></stem><stem n="(pixels)"><phr n="(pixels)"><ent r="7" t="179" w="96" /></phr></stem><stem n="embed"><phr n="embedded"><ent r="7" t="179" w="133" /></phr></stem><stem n="128"><phr n="128"><ent r="7" t="179" w="142" /></phr></stem><stem n="erda"><phr n="ERDAS"><ent r="7" t="179" w="145" /></phr></stem><stem n=".5"><phr n=".5"><ent r="7" t="179" w="147" /><ent r="3" t="213" w="523" /><ent r="3" t="213" w="544" /></phr></stem><stem n="7.5"><phr n="7.5"><ent r="7" t="179" w="147" /><ent r="7" t="179" w="146" /></phr></stem><stem n=".lan"><phr n=".lan"><ent r="7" t="179" w="148" /></phr></stem><stem n="lan"><phr n="lan"><ent r="7" t="179" w="148" /></phr></stem><stem n="envi-defin"><phr n="ENVI-defined"><ent r="7" t="179" w="167" /></phr></stem><stem n="="><phr n="="><ent r="7" t="179" w="192" /><ent r="7" t="179" w="197" /><ent r="7" t="179" w="203" /><ent r="7" t="179" w="210" /><ent r="7" t="179" w="216" /><ent r="6" t="179" w="224" /><ent r="6" t="179" w="235" /><ent r="6" t="179" w="256" /><ent r="6" t="179" w="262" /><ent r="6" t="179" w="269" /><ent r="7" t="179" w="283" /><ent r="3" t="179" w="701" /><ent r="3" t="179" w="720" /><ent r="3" t="179" w="723" /><ent r="3" t="179" w="726" /><ent r="3" t="179" w="730" /><ent r="3" t="179" w="734" /><ent r="3" t="179" w="739" /><ent r="3" t="179" w="742" /><ent r="3" t="179" w="746" /><ent r="3" t="179" w="751" /><ent r="3" t="179" w="755" /><ent r="3" t="179" w="772" /><ent r="3" t="179" w="780" /><ent r="3" t="179" w="785" /><ent r="3" t="179" w="792" /><ent r="3" t="179" w="798" /><ent r="3" t="179" w="843" /><ent r="3" t="179" w="860" /></phr></stem><stem n="8-bit"><phr n="8-bit"><ent r="7" t="179" w="192" /></phr></stem><stem n="16-bit"><phr n="16-bit"><ent r="7" t="179" w="197" /><ent r="6" t="179" w="256" /></phr></stem><stem n="32"><phr n="32"><ent r="7" t="179" w="203" /><ent r="7" t="179" w="210" /><ent r="6" t="179" w="262" /></phr></stem><stem n="32-bit"><phr n="32-bit"><ent r="7" t="179" w="203" /><ent r="7" t="179" w="210" /><ent r="6" t="179" w="262" /></phr></stem><stem n="64"><phr n="64"><ent r="7" t="179" w="216" /><ent r="6" t="179" w="269" /><ent r="7" t="179" w="283" /></phr></stem><stem n="64-bit"><phr n="64-bit"><ent r="7" t="179" w="216" /><ent r="6" t="179" w="269" /><ent r="7" t="179" w="283" /></phr></stem><stem n="2x32"><phr n="2x32"><ent r="6" t="179" w="224" /></phr></stem><stem n="2x32-bit"><phr n="2x32-bit"><ent r="6" t="179" w="224" /></phr></stem><stem n="-imaginari"><phr n="-imaginary"><ent r="6" t="179" w="227" /><ent r="6" t="179" w="227" /><ent r="6" t="179" w="240" /><ent r="6" t="179" w="240" /></phr></stem><stem n="real-imaginari"><phr n="real-imaginary"><ent r="6" t="179" w="227" /><ent r="6" t="179" w="240" /></phr></stem><stem n="2x64"><phr n="2x64"><ent r="6" t="179" w="235" /></phr></stem><stem n="2x64-bit"><phr n="2x64-bit"><ent r="6" t="179" w="235" /></phr></stem><stem n="(not"><phr n="(not"><ent r="6" t="179" w="246" /><ent r="6" t="179" w="273" /><ent r="7" t="179" w="288" /></phr></stem><stem n="12"><phr n="12"><ent r="6" t="179" w="255" /></phr></stem><stem n="13"><phr n="13"><ent r="6" t="179" w="261" /><ent r="3" t="179" w="766" /></phr></stem><stem n="14"><phr n="14"><ent r="6" t="179" w="268" /></phr></stem><stem n="interleav"><phr n="interleave"><ent r="7" t="179" w="297" /><ent r="3" t="179" w="741" /><ent r="3" t="188" w="204" /><ent r="3" t="188" w="252" /><ent r="4" t="188" w="358" /><ent r="4" t="188" w="569" /></phr><phr n="interleaved"><ent r="7" t="179" w="309" /><ent r="7" t="179" w="315" /></phr><phr n="Interleave"><ent r="92" t="188" w="182" /><ent r="4" t="188" w="188" /><ent r="4" t="188" w="509" /><ent r="3" t="188" w="628" /></phr><phr n="interleaving"><ent r="4" t="188" w="522" /><ent r="3" t="188" w="623" /><ent r="3" t="188" w="685" /></phr></stem><stem n="sequenti"><phr n="sequential"><ent r="7" t="179" w="306" /></phr></stem><stem n="bsq"><phr n="BSQ"><ent r="7" t="179" w="307" /><ent r="3" t="188" w="200" /><ent r="3" t="188" w="240" /><ent r="3" t="188" w="278" /></phr><phr n="bsq"><ent r="3" t="179" w="742" /></phr></stem><stem n="(bsq),"><phr n="(BSQ),"><ent r="7" t="179" w="308" /></phr></stem><stem n="bip"><phr n="BIP"><ent r="7" t="179" w="312" /><ent r="3" t="188" w="198" /><ent r="3" t="188" w="238" /><ent r="3" t="188" w="265" /></phr></stem><stem n="(bip),"><phr n="(BIP),"><ent r="7" t="179" w="313" /></phr></stem><stem n="bil"><phr n="BIL"><ent r="7" t="179" w="318" /><ent r="3" t="188" w="197" /><ent r="3" t="188" w="280" /></phr></stem><stem n="(bil)."><phr n="(BIL)."><ent r="7" t="179" w="319" /></phr></stem><stem n="instrument"><phr n="instruments"><ent r="7" t="179" w="326" /></phr></stem><stem n="tm"><phr n="TM"><ent r="7" t="179" w="330" /><ent r="3" t="179" w="747" /></phr><phr n="tm"><ent r="3" t="179" w="803" /><ent r="3" t="179" w="809" /><ent r="3" t="179" w="815" /><ent r="3" t="179" w="821" /><ent r="3" t="179" w="827" /><ent r="3" t="179" w="833" /><ent r="3" t="179" w="839" /></phr></stem><stem n="spot"><phr n="SPOT"><ent r="7" t="179" w="331" /></phr></stem><stem n="radarsat"><phr n="RadarSat"><ent r="7" t="179" w="332" /></phr></stem><stem n="=0"><phr n="=0"><ent r="7" t="179" w="359" /></phr></stem><stem n="signific"><phr n="Significant"><ent r="7" t="179" w="362" /><ent r="7" t="179" w="378" /></phr><phr n="significant"><ent r="3" t="202" w="205" /></phr></stem><stem n="lsf"><phr n="LSF"><ent r="7" t="179" w="365" /></phr></stem><stem n="(lsf)"><phr n="(LSF)"><ent r="7" t="179" w="366" /></phr></stem><stem n="(dec"><phr n="(DEC"><ent r="7" t="179" w="367" /></phr></stem><stem n="dec"><phr n="DEC"><ent r="7" t="179" w="367" /></phr><phr n="Dec"><ent r="3" t="179" w="712" /></phr></stem><stem n="-do"><phr n="-DOS"><ent r="7" t="179" w="369" /><ent r="7" t="179" w="369" /></phr></stem><stem n="ms"><phr n="MS"><ent r="7" t="179" w="369" /></phr></stem><stem n="ms-do"><phr n="MS-DOS"><ent r="7" t="179" w="369" /></phr></stem><stem n="=1"><phr n="=1"><ent r="7" t="179" w="375" /></phr></stem><stem n="msf"><phr n="MSF"><ent r="7" t="179" w="381" /></phr></stem><stem n="(msf)"><phr n="(MSF)"><ent r="7" t="179" w="382" /></phr></stem><stem n="(all"><phr n="(all"><ent r="7" t="179" w="383" /></phr></stem><stem n="other"><phr n="others"><ent r="7" t="179" w="384" /></phr></stem><stem n="sun"><phr n="SUN"><ent r="7" t="179" w="385" /></phr></stem><stem n="sgi"><phr n="SGI"><ent r="7" t="179" w="386" /></phr></stem><stem n="ibm"><phr n="IBM"><ent r="7" t="179" w="387" /></phr></stem><stem n="hp"><phr n="HP"><ent r="7" t="179" w="388" /></phr></stem><stem n="dg"><phr n="DG"><ent r="7" t="179" w="389" /></phr></stem><stem n="-start"><phr n="-start"><ent r="7" t="179" w="391" /><ent r="7" t="179" w="391" /><ent r="7" t="179" w="394" /><ent r="7" t="179" w="394" /></phr></stem><stem n="x-start"><phr n="x-start"><ent r="7" t="179" w="391" /></phr></stem><stem n="y-start"><phr n="y-start"><ent r="7" t="179" w="394" /></phr></stem><stem n="magic"><phr n="magic"><ent r="7" t="179" w="430" /><ent r="7" t="179" w="434" /><ent r="7" t="179" w="438" /><ent r="7" t="179" w="441" /></phr></stem><stem n="zone"><phr n="Zone"><ent r="7" t="179" w="451" /></phr></stem><stem n="“north”"><phr n="“North”"><ent r="7" t="179" w="453" /></phr></stem><stem n="“south”"><phr n="“South”"><ent r="7" t="179" w="455" /></phr></stem><stem n="titl"><phr n="titles"><ent r="7" t="179" w="545" /><ent r="7" t="179" w="555" /><ent r="3" t="179" w="779" /></phr></stem><stem n="-georeferenc"><phr n="-georeferenced"><ent r="7" t="179" w="572" /><ent r="7" t="179" w="572" /></phr></stem><stem n="non-georeferenc"><phr n="non-georeferenced"><ent r="7" t="179" w="572" /></phr></stem><stem n="(%"><phr n="(%"><ent r="7" t="179" w="584" /></phr></stem><stem n="gaussian"><phr n="Gaussian"><ent r="7" t="179" w="587" /></phr></stem><stem n="wavelength"><phr n="wavelength"><ent r="7" t="179" w="614" /><ent r="7" t="179" w="619" /><ent r="7" t="179" w="662" /><ent r="3" t="179" w="842" /></phr><phr n="Wavelength"><ent r="3" t="179" w="780" /></phr></stem><stem n="fwhm"><phr n="FWHM"><ent r="7" t="179" w="637" /></phr><phr n="fwhm"><ent r="7" t="179" w="639" /><ent r="3" t="179" w="859" /></phr></stem><stem n="-width-half-max"><phr n="-width-half-max"><ent r="7" t="179" w="642" /><ent r="7" t="179" w="644" /></phr></stem><stem n="full-width"><phr n="full-width"><ent r="7" t="179" w="642" /></phr></stem><stem n="full-width-half"><phr n="full-width-half"><ent r="7" t="179" w="642" /></phr></stem><stem n="full-width-half-max"><phr n="full-width-half-max"><ent r="7" t="179" w="642" /></phr></stem><stem n="width-half"><phr n="width-half"><ent r="7" t="179" w="643" /></phr></stem><stem n="width-half-max"><phr n="width-half-max"><ent r="7" t="179" w="643" /></phr></stem><stem n="half-max"><phr n="half-max"><ent r="7" t="179" w="644" /></phr></stem><stem n="bbl"><phr n="bbl"><ent r="7" t="179" w="664" /></phr></stem><stem n="good"><phr n="good"><ent r="7" t="179" w="686" /></phr></stem><stem n="{"><phr n="{"><ent r="3" t="179" w="701" /><ent r="3" t="179" w="798" /><ent r="3" t="179" w="843" /><ent r="3" t="179" w="860" /></phr></stem><stem n="registr"><phr n="Registration"><ent r="3" t="179" w="702" /></phr></stem><stem n="1st"><phr n="1st"><ent r="3" t="179" w="705" /></phr></stem><stem n="nearest"><phr n="nearest"><ent r="3" t="179" w="709" /></phr></stem><stem n="neighbor"><phr n="neighbor"><ent r="3" t="179" w="710" /></phr></stem><stem n="[wed"><phr n="[Wed"><ent r="3" t="179" w="711" /></phr></stem><stem n="wed"><phr n="Wed"><ent r="3" t="179" w="711" /></phr></stem><stem n="23"><phr n="23"><ent r="3" t="179" w="714" /></phr></stem><stem n="59"><phr n="59"><ent r="3" t="179" w="715" /></phr></stem><stem n=":59:19"><phr n=":59:19"><ent r="3" t="179" w="716" /></phr></stem><stem n="19"><phr n="19"><ent r="3" t="179" w="716" /></phr></stem><stem n="1995"><phr n="1995"><ent r="3" t="179" w="717" /></phr></stem><stem n="]"><phr n="]"><ent r="3" t="179" w="718" /></phr></stem><stem n="}"><phr n="}"><ent r="3" t="179" w="718" /><ent r="3" t="179" w="768" /><ent r="3" t="179" w="782" /></phr></stem><stem n="709"><phr n="709"><ent r="3" t="179" w="720" /></phr></stem><stem n="946"><phr n="946"><ent r="3" t="179" w="723" /></phr></stem><stem n="{utm,"><phr n="{UTM,"><ent r="3" t="179" w="756" /></phr></stem><stem n="295380"><phr n="295380"><ent r="3" t="179" w="758" /></phr></stem><stem n="295380.000"><phr n="295380.000"><ent r="3" t="179" w="759" /><ent r="3" t="179" w="758" /></phr></stem><stem n="295380.000,"><phr n="295380.000,"><ent r="3" t="179" w="759" /><ent r="3" t="179" w="758" /></phr></stem><stem n=".000,"><phr n=".000,"><ent r="3" t="179" w="760" /><ent r="3" t="179" w="762" /></phr></stem><stem n="4763640"><phr n="4763640"><ent r="3" t="179" w="760" /></phr></stem><stem n="4763640.000"><phr n="4763640.000"><ent r="3" t="179" w="761" /><ent r="3" t="179" w="760" /></phr></stem><stem n="4763640.000,"><phr n="4763640.000,"><ent r="3" t="179" w="761" /><ent r="3" t="179" w="760" /></phr></stem><stem n="30.000000"><phr n="30.000000"><ent r="3" t="179" w="763" /><ent r="3" t="179" w="762" /><ent r="3" t="179" w="765" /><ent r="3" t="179" w="764" /><ent r="3" t="179" w="786" /><ent r="3" t="179" w="785" /><ent r="3" t="179" w="788" /><ent r="3" t="179" w="787" /></phr></stem><stem n="000000"><phr n="000000"><ent r="3" t="179" w="763" /><ent r="3" t="179" w="765" /><ent r="3" t="179" w="786" /><ent r="3" t="179" w="788" /></phr></stem><stem n="30.000000,"><phr n="30.000000,"><ent r="3" t="179" w="763" /><ent r="3" t="179" w="762" /><ent r="3" t="179" w="765" /><ent r="3" t="179" w="764" /><ent r="3" t="179" w="786" /><ent r="3" t="179" w="785" /></phr></stem><stem n=".000000,"><phr n=".000000,"><ent r="3" t="179" w="764" /><ent r="3" t="179" w="766" /></phr></stem><stem n="0.00"><phr n="0.00"><ent r="3" t="179" w="773" /><ent r="3" t="179" w="772" /></phr></stem><stem n="00"><phr n="00"><ent r="3" t="179" w="773" /><ent r="3" t="179" w="775" /></phr></stem><stem n="0.00,"><phr n="0.00,"><ent r="3" t="179" w="773" /><ent r="3" t="179" w="772" /></phr></stem><stem n="{0.00,"><phr n="{0.00,"><ent r="3" t="179" w="774" /></phr></stem><stem n="255.00"><phr n="255.00"><ent r="3" t="179" w="775" /><ent r="3" t="179" w="774" /></phr></stem><stem n=".00}"><phr n=".00}"><ent r="3" t="179" w="776" /></phr></stem><stem n="{wavelength,"><phr n="{Wavelength,"><ent r="3" t="179" w="781" /></phr></stem><stem n="{30.000000,"><phr n="{30.000000,"><ent r="3" t="179" w="787" /></phr></stem><stem n=".000000}"><phr n=".000000}"><ent r="3" t="179" w="789" /></phr></stem><stem n="5.0"><phr n="5.0"><ent r="3" t="179" w="793" /><ent r="3" t="179" w="792" /></phr></stem><stem n=".0%"><phr n=".0%"><ent r="3" t="179" w="794" /></phr></stem><stem n="warp"><phr n="Warp"><ent r="3" t="179" w="799" /><ent r="3" t="179" w="805" /><ent r="3" t="179" w="811" /><ent r="3" t="179" w="817" /><ent r="3" t="179" w="823" /><ent r="3" t="179" w="829" /><ent r="3" t="179" w="835" /></phr></stem><stem n="(band"><phr n="(Band"><ent r="3" t="179" w="800" /><ent r="3" t="179" w="806" /><ent r="3" t="179" w="812" /><ent r="3" t="179" w="818" /><ent r="3" t="179" w="824" /><ent r="3" t="179" w="830" /><ent r="3" t="179" w="836" /></phr></stem></index>