﻿<?xml version="1.0" encoding="utf-8"?><index><stem n="import"><phr n="Imports"><ent r="7" t="5" w="28" /></phr><phr n="Import"><ent r="68" t="5" w="37" /><ent r="1000" t="18" w="1" /><ent r="102" t="18" w="10" /><ent r="4" t="18" w="62" /><ent r="3" t="18" w="79" /><ent r="4" t="18" w="99" /><ent r="64" t="18" w="179" /><ent r="64" t="18" w="240" /><ent r="64" t="19" w="162" /><ent r="66" t="20" w="83" /><ent r="65" t="20" w="294" /><ent r="4" t="20" w="305" /><ent r="65" t="20" w="504" /><ent r="64" t="20" w="567" /><ent r="1000" t="21" w="1" /><ent r="102" t="21" w="13" /><ent r="92" t="21" w="231" /><ent r="5" t="21" w="246" /><ent r="4" t="21" w="252" /><ent r="4" t="21" w="273" /><ent r="4" t="21" w="432" /><ent r="92" t="21" w="450" /><ent r="5" t="21" w="488" /><ent r="64" t="21" w="532" /><ent r="5" t="23" w="37" /><ent r="4" t="23" w="43" /><ent r="3" t="23" w="116" /><ent r="64" t="29" w="121" /><ent r="1000" t="31" w="1" /><ent r="102" t="31" w="4" /><ent r="100" t="31" w="7" /><ent r="3" t="31" w="14" /><ent r="3" t="31" w="28" /><ent r="64" t="31" w="52" /><ent r="64" t="31" w="57" /><ent r="4" t="44" w="193" /><ent r="4" t="44" w="202" /><ent r="4" t="44" w="243" /><ent r="4" t="109" w="87" /><ent r="64" t="176" w="361" /><ent r="92" t="177" w="523" /><ent r="5" t="177" w="536" /><ent r="5" t="177" w="2352" /><ent r="5" t="179" w="398" /><ent r="4" t="179" w="404" /><ent r="6" t="179" w="455" /><ent r="4" t="180" w="350" /><ent r="1000" t="181" w="2" /><ent r="102" t="181" w="11" /><ent r="4" t="181" w="65" /><ent r="92" t="181" w="623" /><ent r="5" t="181" w="636" /><ent r="92" t="181" w="756" /><ent r="5" t="181" w="797" /><ent r="5" t="182" w="621" /><ent r="4" t="183" w="70" /><ent r="5" t="183" w="245" /><ent r="4" t="183" w="251" /><ent r="4" t="183" w="483" /><ent r="5" t="184" w="511" /><ent r="5" t="184" w="839" /><ent r="5" t="185" w="461" /><ent r="3" t="185" w="990" /><ent r="3" t="185" w="1060" /><ent r="7" t="185" w="1134" /><ent r="3" t="185" w="1371" /><ent r="7" t="186" w="1029" /><ent r="7" t="186" w="1094" /><ent r="3" t="186" w="1327" /><ent r="3" t="193" w="163" /><ent r="1000" t="198" w="1" /><ent r="102" t="198" w="5" /><ent r="5" t="198" w="76" /><ent r="4" t="198" w="83" /><ent r="100" t="206" w="7" /><ent r="3" t="206" w="16" /><ent r="1000" t="207" w="3" /><ent r="102" t="207" w="8" /><ent r="100" t="207" w="16" /><ent r="100" t="207" w="19" /><ent r="100" t="210" w="7" /><ent r="3" t="210" w="16" /><ent r="100" t="211" w="6" /><ent r="4" t="211" w="67" /><ent r="4" t="211" w="87" /><ent r="5" t="223" w="161" /></phr><phr n="import"><ent r="100" t="18" w="13" /><ent r="100" t="18" w="19" /><ent r="3" t="18" w="22" /><ent r="4" t="18" w="113" /><ent r="3" t="18" w="140" /><ent r="3" t="19" w="133" /><ent r="3" t="19" w="173" /><ent r="64" t="20" w="35" /><ent r="4" t="20" w="94" /><ent r="4" t="20" w="241" /><ent r="4" t="20" w="271" /><ent r="4" t="20" w="428" /><ent r="4" t="20" w="448" /><ent r="100" t="21" w="5" /><ent r="100" t="21" w="11" /><ent r="3" t="21" w="81" /><ent r="3" t="21" w="103" /><ent r="3" t="21" w="125" /><ent r="3" t="21" w="134" /><ent r="3" t="21" w="171" /><ent r="3" t="21" w="184" /><ent r="3" t="21" w="205" /><ent r="64" t="21" w="212" /><ent r="4" t="21" w="263" /><ent r="4" t="21" w="422" /><ent r="4" t="21" w="494" /><ent r="4" t="21" w="514" /><ent r="4" t="23" w="23" /><ent r="4" t="23" w="70" /><ent r="4" t="23" w="82" /><ent r="100" t="31" w="11" /><ent r="3" t="109" w="71" /><ent r="3" t="141" w="12" /><ent r="3" t="155" w="183" /><ent r="4" t="177" w="579" /><ent r="3" t="177" w="2394" /><ent r="3" t="179" w="47" /><ent r="3" t="179" w="1599" /><ent r="3" t="181" w="42" /><ent r="4" t="181" w="897" /><ent r="3" t="181" w="1117" /><ent r="3" t="183" w="43" /><ent r="4" t="183" w="110" /><ent r="3" t="183" w="128" /><ent r="4" t="183" w="444" /><ent r="4" t="183" w="490" /><ent r="4" t="183" w="556" /><ent r="3" t="183" w="569" /><ent r="4" t="185" w="1803" /><ent r="3" t="193" w="272" /><ent r="64" t="196" w="29" /><ent r="4" t="198" w="114" /><ent r="3" t="198" w="134" /><ent r="3" t="198" w="147" /><ent r="3" t="198" w="170" /><ent r="3" t="206" w="22" /><ent r="3" t="206" w="660" /><ent r="3" t="206" w="722" /><ent r="3" t="207" w="41" /><ent r="3" t="207" w="89" /><ent r="100" t="211" w="12" /></phr><phr n="importer"><ent r="4" t="18" w="147" /><ent r="3" t="20" w="27" /><ent r="4" t="20" w="101" /><ent r="4" t="20" w="114" /><ent r="4" t="20" w="121" /><ent r="4" t="20" w="197" /><ent r="4" t="20" w="201" /><ent r="4" t="20" w="418" /><ent r="3" t="31" w="48" /><ent r="3" t="33" w="18" /><ent r="3" t="33" w="22" /><ent r="8" t="123" w="408" /><ent r="100" t="198" w="10" /><ent r="100" t="198" w="12" /><ent r="3" t="198" w="26" /><ent r="3" t="198" w="59" /><ent r="4" t="206" w="601" /><ent r="3" t="211" w="120" /><ent r="3" t="211" w="139" /></phr><phr n="Importer"><ent r="4" t="18" w="150" /><ent r="3" t="19" w="155" /><ent r="5" t="20" w="51" /><ent r="5" t="20" w="89" /><ent r="4" t="20" w="127" /><ent r="5" t="20" w="130" /><ent r="5" t="20" w="141" /><ent r="5" t="20" w="153" /><ent r="65" t="20" w="183" /><ent r="5" t="20" w="188" /><ent r="4" t="20" w="193" /><ent r="4" t="20" w="208" /><ent r="65" t="20" w="231" /><ent r="5" t="20" w="236" /><ent r="5" t="20" w="262" /><ent r="5" t="20" w="266" /><ent r="4" t="20" w="284" /><ent r="5" t="20" w="322" /><ent r="4" t="20" w="361" /><ent r="5" t="20" w="374" /><ent r="5" t="20" w="378" /><ent r="5" t="20" w="382" /><ent r="5" t="20" w="423" /><ent r="5" t="20" w="443" /><ent r="5" t="20" w="455" /><ent r="5" t="20" w="459" /><ent r="5" t="20" w="462" /><ent r="65" t="20" w="475" /><ent r="5" t="20" w="479" /><ent r="5" t="20" w="484" /><ent r="4" t="20" w="489" /><ent r="5" t="20" w="511" /><ent r="5" t="20" w="521" /><ent r="65" t="20" w="543" /><ent r="3" t="21" w="57" /><ent r="4" t="21" w="281" /><ent r="4" t="21" w="285" /><ent r="1000" t="23" w="2" /><ent r="102" t="23" w="5" /><ent r="100" t="23" w="8" /><ent r="3" t="23" w="12" /><ent r="5" t="23" w="49" /><ent r="4" t="23" w="55" /><ent r="4" t="25" w="103" /><ent r="1000" t="32" w="2" /><ent r="102" t="32" w="7" /><ent r="3" t="32" w="11" /><ent r="3" t="32" w="94" /><ent r="4" t="32" w="153" /><ent r="4" t="32" w="159" /><ent r="4" t="32" w="174" /><ent r="1000" t="33" w="3" /><ent r="102" t="33" w="9" /><ent r="3" t="33" w="14" /><ent r="3" t="33" w="29" /><ent r="3" t="33" w="57" /><ent r="8" t="123" w="405" /><ent r="64" t="176" w="378" /><ent r="5" t="177" w="555" /><ent r="5" t="177" w="561" /><ent r="4" t="177" w="567" /><ent r="4" t="177" w="590" /><ent r="1000" t="183" w="8" /><ent r="100" t="183" w="14" /><ent r="102" t="183" w="23" /><ent r="4" t="183" w="256" /><ent r="5" t="183" w="263" /><ent r="4" t="184" w="530" /><ent r="5" t="184" w="536" /><ent r="5" t="184" w="542" /><ent r="4" t="184" w="858" /><ent r="5" t="184" w="864" /><ent r="5" t="184" w="870" /><ent r="1000" t="192" w="3" /><ent r="102" t="192" w="10" /><ent r="3" t="192" w="18" /><ent r="3" t="192" w="306" /><ent r="5" t="198" w="89" /><ent r="5" t="198" w="95" /><ent r="64" t="207" w="223" /></phr><phr n="importers"><ent r="4" t="18" w="158" /><ent r="3" t="20" w="48" /><ent r="3" t="20" w="550" /><ent r="3" t="123" w="87" /><ent r="4" t="169" w="190" /><ent r="4" t="169" w="235" /><ent r="4" t="206" w="477" /></phr><phr n="Importers"><ent r="65" t="18" w="161" /><ent r="1000" t="20" w="1" /><ent r="100" t="20" w="3" /><ent r="102" t="20" w="5" /><ent r="3" t="20" w="7" /><ent r="3" t="20" w="17" /><ent r="92" t="22" w="86" /></phr><phr n="imported"><ent r="3" t="18" w="194" /><ent r="3" t="18" w="213" /><ent r="3" t="18" w="236" /><ent r="3" t="21" w="92" /><ent r="3" t="21" w="229" /><ent r="4" t="21" w="308" /><ent r="3" t="21" w="446" /><ent r="3" t="177" w="1539" /><ent r="3" t="180" w="824" /><ent r="3" t="182" w="1316" /><ent r="4" t="183" w="117" /><ent r="3" t="193" w="252" /><ent r="3" t="193" w="261" /><ent r="3" t="193" w="331" /><ent r="3" t="207" w="69" /><ent r="3" t="207" w="78" /><ent r="3" t="207" w="148" /></phr><phr n="imports"><ent r="4" t="20" w="362" /><ent r="3" t="21" w="72" /><ent r="3" t="181" w="316" /><ent r="3" t="182" w="303" /></phr><phr n="importing"><ent r="4" t="23" w="75" /><ent r="3" t="31" w="23" /><ent r="4" t="31" w="91" /><ent r="3" t="44" w="187" /><ent r="3" t="100" w="27" /><ent r="3" t="177" w="34" /><ent r="4" t="179" w="545" /><ent r="3" t="181" w="31" /><ent r="4" t="183" w="64" /></phr><phr n="Importing"><ent r="65" t="31" w="97" /><ent r="1000" t="211" w="2" /><ent r="102" t="211" w="15" /></phr><phr n="Important"><ent r="4" t="44" w="599" /><ent r="4" t="170" w="228" /></phr></stem><stem n="file"><phr n="file"><ent r="7" t="5" w="31" /><ent r="6" t="11" w="132" /><ent r="100" t="18" w="4" /><ent r="100" t="18" w="8" /><ent r="100" t="18" w="15" /><ent r="3" t="18" w="25" /><ent r="4" t="18" w="109" /><ent r="4" t="18" w="146" /><ent r="3" t="18" w="195" /><ent r="3" t="18" w="230" /><ent r="3" t="18" w="250" /><ent r="100" t="19" w="7" /><ent r="100" t="19" w="11" /><ent r="3" t="19" w="57" /><ent r="3" t="19" w="70" /><ent r="3" t="19" w="110" /><ent r="3" t="19" w="116" /><ent r="3" t="19" w="159" /><ent r="3" t="19" w="179" /><ent r="3" t="19" w="185" /><ent r="3" t="19" w="193" /><ent r="3" t="20" w="23" /><ent r="64" t="20" w="38" /><ent r="4" t="20" w="107" /><ent r="4" t="20" w="166" /><ent r="4" t="20" w="409" /><ent r="4" t="20" w="529" /><ent r="100" t="21" w="7" /><ent r="100" t="21" w="10" /><ent r="3" t="21" w="19" /><ent r="3" t="21" w="94" /><ent r="3" t="21" w="105" /><ent r="3" t="21" w="138" /><ent r="3" t="21" w="208" /><ent r="64" t="21" w="215" /><ent r="4" t="21" w="259" /><ent r="4" t="21" w="305" /><ent r="3" t="21" w="363" /><ent r="3" t="21" w="392" /><ent r="3" t="21" w="443" /><ent r="4" t="21" w="498" /><ent r="3" t="22" w="48" /><ent r="4" t="23" w="66" /><ent r="3" t="23" w="125" /><ent r="3" t="24" w="61" /><ent r="4" t="25" w="59" /><ent r="4" t="25" w="65" /><ent r="4" t="25" w="205" /><ent r="4" t="25" w="227" /><ent r="3" t="26" w="38" /><ent r="3" t="26" w="48" /><ent r="3" t="26" w="55" /><ent r="4" t="26" w="72" /><ent r="4" t="26" w="78" /><ent r="4" t="26" w="166" /><ent r="4" t="26" w="172" /><ent r="4" t="26" w="346" /><ent r="4" t="26" w="402" /><ent r="4" t="26" w="597" /><ent r="4" t="27" w="70" /><ent r="100" t="29" w="6" /><ent r="100" t="29" w="11" /><ent r="3" t="29" w="21" /><ent r="4" t="29" w="77" /><ent r="3" t="30" w="54" /><ent r="3" t="32" w="23" /><ent r="3" t="32" w="36" /><ent r="3" t="32" w="45" /><ent r="3" t="32" w="48" /><ent r="3" t="32" w="57" /><ent r="3" t="32" w="90" /><ent r="4" t="32" w="146" /><ent r="4" t="32" w="179" /><ent r="3" t="33" w="80" /><ent r="3" t="33" w="94" /><ent r="3" t="34" w="19" /><ent r="3" t="34" w="26" /><ent r="3" t="49" w="56" /><ent r="3" t="49" w="91" /><ent r="4" t="49" w="251" /><ent r="4" t="49" w="260" /><ent r="4" t="49" w="437" /><ent r="4" t="49" w="448" /><ent r="4" t="49" w="453" /><ent r="4" t="52" w="35" /><ent r="4" t="75" w="38" /><ent r="4" t="78" w="109" /><ent r="4" t="78" w="114" /><ent r="4" t="80" w="206" /><ent r="3" t="81" w="185" /><ent r="4" t="81" w="274" /><ent r="4" t="81" w="281" /><ent r="6" t="90" w="339" /><ent r="3" t="95" w="35" /><ent r="4" t="95" w="128" /><ent r="4" t="95" w="251" /><ent r="4" t="99" w="185" /><ent r="4" t="108" w="440" /><ent r="4" t="109" w="54" /><ent r="3" t="110" w="19" /><ent r="3" t="112" w="22" /><ent r="3" t="129" w="67" /><ent r="3" t="129" w="71" /><ent r="3" t="129" w="177" /><ent r="3" t="130" w="28" /><ent r="3" t="130" w="50" /><ent r="4" t="131" w="60" /><ent r="4" t="131" w="67" /><ent r="3" t="141" w="62" /><ent r="3" t="141" w="95" /><ent r="4" t="142" w="287" /><ent r="3" t="155" w="25" /><ent r="3" t="155" w="35" /><ent r="3" t="155" w="42" /><ent r="4" t="155" w="96" /><ent r="3" t="155" w="114" /><ent r="3" t="155" w="188" /><ent r="3" t="155" w="251" /><ent r="3" t="155" w="335" /><ent r="3" t="155" w="364" /><ent r="3" t="155" w="378" /><ent r="3" t="155" w="496" /><ent r="5" t="166" w="325" /><ent r="5" t="166" w="332" /><ent r="3" t="166" w="369" /><ent r="3" t="166" w="555" /><ent r="4" t="166" w="814" /><ent r="4" t="166" w="821" /><ent r="3" t="166" w="893" /><ent r="3" t="166" w="913" /><ent r="3" t="166" w="924" /><ent r="4" t="177" w="58" /><ent r="4" t="177" w="94" /><ent r="4" t="177" w="544" /><ent r="3" t="177" w="1526" /><ent r="4" t="177" w="2135" /><ent r="4" t="177" w="2145" /><ent r="5" t="177" w="2199" /><ent r="4" t="177" w="2363" /><ent r="4" t="178" w="97" /><ent r="3" t="178" w="455" /><ent r="4" t="178" w="2226" /><ent r="4" t="179" w="413" /><ent r="3" t="179" w="1122" /><ent r="4" t="179" w="1433" /><ent r="4" t="179" w="1447" /><ent r="4" t="179" w="1458" /><ent r="3" t="180" w="699" /><ent r="100" t="181" w="8" /><ent r="4" t="181" w="63" /><ent r="4" t="181" w="68" /><ent r="4" t="181" w="73" /><ent r="4" t="181" w="82" /><ent r="4" t="181" w="89" /><ent r="3" t="181" w="166" /><ent r="3" t="181" w="278" /><ent r="3" t="181" w="291" /><ent r="3" t="181" w="313" /><ent r="3" t="181" w="353" /><ent r="3" t="181" w="365" /><ent r="4" t="181" w="645" /><ent r="5" t="181" w="808" /><ent r="4" t="181" w="822" /><ent r="4" t="181" w="908" /><ent r="4" t="181" w="923" /><ent r="3" t="181" w="1101" /><ent r="3" t="181" w="1123" /><ent r="3" t="181" w="1132" /><ent r="100" t="182" w="7" /><ent r="100" t="182" w="12" /><ent r="4" t="182" w="66" /><ent r="4" t="182" w="70" /><ent r="4" t="182" w="79" /><ent r="3" t="182" w="156" /><ent r="3" t="182" w="267" /><ent r="3" t="182" w="280" /><ent r="3" t="182" w="300" /><ent r="3" t="182" w="340" /><ent r="3" t="182" w="352" /><ent r="4" t="182" w="638" /><ent r="4" t="182" w="656" /><ent r="4" t="182" w="1059" /><ent r="4" t="182" w="1111" /><ent r="92" t="182" w="1149" /><ent r="4" t="182" w="1158" /><ent r="4" t="182" w="1162" /><ent r="4" t="182" w="1176" /><ent r="3" t="182" w="1190" /><ent r="3" t="182" w="1258" /><ent r="3" t="182" w="1292" /><ent r="3" t="182" w="1312" /><ent r="4" t="183" w="103" /><ent r="3" t="183" w="139" /><ent r="4" t="183" w="272" /><ent r="3" t="183" w="402" /><ent r="4" t="183" w="429" /><ent r="4" t="184" w="181" /><ent r="4" t="184" w="519" /><ent r="4" t="184" w="705" /><ent r="4" t="184" w="847" /><ent r="4" t="184" w="1082" /><ent r="4" t="185" w="1740" /><ent r="4" t="185" w="1753" /><ent r="4" t="185" w="1816" /><ent r="3" t="186" w="690" /><ent r="4" t="186" w="1417" /><ent r="4" t="186" w="1424" /><ent r="4" t="186" w="1432" /><ent r="4" t="186" w="1441" /><ent r="3" t="186" w="1468" /><ent r="4" t="186" w="1670" /><ent r="4" t="186" w="1692" /><ent r="3" t="192" w="28" /><ent r="3" t="192" w="36" /><ent r="3" t="192" w="237" /><ent r="3" t="192" w="277" /><ent r="3" t="193" w="42" /><ent r="3" t="193" w="71" /><ent r="3" t="193" w="85" /><ent r="3" t="193" w="216" /><ent r="3" t="193" w="350" /><ent r="3" t="193" w="361" /><ent r="83" t="193" w="491" /><ent r="4" t="193" w="514" /><ent r="4" t="193" w="692" /><ent r="4" t="193" w="719" /><ent r="4" t="193" w="727" /><ent r="4" t="193" w="740" /><ent r="4" t="193" w="744" /><ent r="3" t="196" w="105" /><ent r="3" t="196" w="170" /><ent r="3" t="196" w="182" /><ent r="3" t="196" w="191" /><ent r="3" t="196" w="204" /><ent r="3" t="197" w="19" /><ent r="3" t="197" w="22" /><ent r="3" t="197" w="33" /><ent r="7" t="197" w="121" /><ent r="7" t="197" w="139" /><ent r="7" t="197" w="157" /><ent r="7" t="197" w="161" /><ent r="7" t="197" w="169" /><ent r="7" t="197" w="501" /><ent r="3" t="197" w="732" /><ent r="100" t="198" w="14" /><ent r="4" t="198" w="109" /><ent r="3" t="198" w="125" /><ent r="3" t="206" w="27" /><ent r="3" t="206" w="37" /><ent r="4" t="206" w="450" /><ent r="4" t="206" w="571" /><ent r="4" t="206" w="630" /><ent r="3" t="206" w="718" /><ent r="3" t="207" w="167" /><ent r="3" t="207" w="178" /><ent r="3" t="208" w="15" /><ent r="3" t="210" w="30" /><ent r="3" t="210" w="118" /><ent r="3" t="211" w="34" /><ent r="3" t="212" w="20" /><ent r="3" t="212" w="30" /><ent r="3" t="212" w="36" /><ent r="3" t="212" w="108" /><ent r="3" t="212" w="113" /><ent r="4" t="212" w="277" /><ent r="4" t="212" w="314" /><ent r="4" t="212" w="323" /><ent r="4" t="212" w="332" /><ent r="4" t="213" w="208" /><ent r="4" t="214" w="167" /><ent r="4" t="215" w="206" /><ent r="3" t="215" w="250" /><ent r="3" t="216" w="32" /><ent r="5" t="221" w="136" /><ent r="5" t="221" w="147" /><ent r="6" t="227" w="328" /><ent r="3" t="228" w="30" /><ent r="6" t="240" w="680" /></phr><phr n="files"><ent r="100" t="18" w="18" /><ent r="3" t="18" w="118" /><ent r="3" t="18" w="136" /><ent r="3" t="18" w="214" /><ent r="3" t="18" w="237" /><ent r="3" t="19" w="23" /><ent r="3" t="19" w="35" /><ent r="3" t="19" w="61" /><ent r="3" t="19" w="135" /><ent r="3" t="19" w="145" /><ent r="5" t="20" w="58" /><ent r="5" t="20" w="70" /><ent r="4" t="20" w="338" /><ent r="4" t="20" w="352" /><ent r="4" t="20" w="358" /><ent r="4" t="20" w="450" /><ent r="4" t="20" w="493" /><ent r="3" t="21" w="24" /><ent r="3" t="21" w="61" /><ent r="3" t="21" w="75" /><ent r="3" t="21" w="83" /><ent r="3" t="21" w="189" /><ent r="100" t="22" w="8" /><ent r="4" t="23" w="83" /><ent r="4" t="23" w="93" /><ent r="3" t="33" w="52" /><ent r="4" t="52" w="28" /><ent r="4" t="70" w="149" /><ent r="3" t="81" w="137" /><ent r="3" t="81" w="231" /><ent r="3" t="81" w="356" /><ent r="3" t="81" w="390" /><ent r="3" t="109" w="31" /><ent r="3" t="109" w="47" /><ent r="4" t="109" w="59" /><ent r="4" t="109" w="64" /><ent r="3" t="113" w="156" /><ent r="5" t="166" w="329" /><ent r="7" t="176" w="282" /><ent r="7" t="176" w="304" /><ent r="7" t="177" w="499" /><ent r="7" t="177" w="521" /><ent r="4" t="177" w="2383" /><ent r="7" t="178" w="649" /><ent r="7" t="178" w="671" /><ent r="4" t="178" w="2937" /><ent r="7" t="179" w="361" /><ent r="7" t="179" w="383" /><ent r="4" t="179" w="1585" /><ent r="4" t="180" w="87" /><ent r="7" t="180" w="324" /><ent r="7" t="180" w="346" /><ent r="4" t="180" w="358" /><ent r="4" t="180" w="1691" /><ent r="3" t="181" w="35" /><ent r="3" t="181" w="46" /><ent r="3" t="181" w="55" /><ent r="3" t="181" w="95" /><ent r="3" t="181" w="146" /><ent r="3" t="181" w="178" /><ent r="3" t="181" w="319" /><ent r="3" t="181" w="330" /><ent r="3" t="181" w="337" /><ent r="3" t="181" w="388" /><ent r="3" t="181" w="400" /><ent r="7" t="181" w="599" /><ent r="7" t="181" w="621" /><ent r="3" t="181" w="1086" /><ent r="4" t="181" w="1106" /><ent r="3" t="182" w="38" /><ent r="3" t="182" w="47" /><ent r="3" t="182" w="85" /><ent r="3" t="182" w="136" /><ent r="3" t="182" w="168" /><ent r="3" t="182" w="306" /><ent r="3" t="182" w="317" /><ent r="3" t="182" w="324" /><ent r="3" t="182" w="374" /><ent r="3" t="182" w="386" /><ent r="7" t="182" w="584" /><ent r="7" t="182" w="606" /><ent r="3" t="182" w="789" /><ent r="4" t="182" w="1298" /><ent r="7" t="183" w="208" /><ent r="7" t="183" w="230" /><ent r="7" t="184" w="475" /><ent r="7" t="184" w="497" /><ent r="7" t="185" w="396" /><ent r="7" t="185" w="418" /><ent r="4" t="185" w="1866" /><ent r="5" t="186" w="148" /><ent r="5" t="186" w="156" /><ent r="7" t="186" w="386" /><ent r="7" t="186" w="408" /><ent r="3" t="192" w="289" /><ent r="3" t="192" w="292" /><ent r="4" t="193" w="516" /><ent r="3" t="196" w="166" /><ent r="3" t="197" w="43" /><ent r="3" t="197" w="47" /><ent r="7" t="197" w="149" /><ent r="7" t="197" w="574" /><ent r="3" t="198" w="31" /><ent r="3" t="198" w="43" /><ent r="3" t="211" w="60" /><ent r="3" t="211" w="80" /><ent r="3" t="219" w="23" /></phr><phr n="File"><ent r="5" t="18" w="39" /><ent r="4" t="18" w="201" /><ent r="92" t="19" w="104" /><ent r="66" t="20" w="85" /><ent r="6" t="20" w="333" /><ent r="5" t="20" w="483" /><ent r="4" t="20" w="488" /><ent r="65" t="20" w="506" /><ent r="65" t="20" w="544" /><ent r="64" t="20" w="569" /><ent r="1000" t="21" w="3" /><ent r="102" t="21" w="15" /><ent r="3" t="21" w="56" /><ent r="92" t="21" w="234" /><ent r="5" t="21" w="240" /><ent r="4" t="21" w="284" /><ent r="4" t="21" w="386" /><ent r="64" t="21" w="529" /><ent r="4" t="22" w="157" /><ent r="5" t="23" w="32" /><ent r="4" t="24" w="68" /><ent r="5" t="26" w="151" /><ent r="5" t="26" w="290" /><ent r="4" t="26" w="340" /><ent r="5" t="26" w="587" /><ent r="5" t="27" w="77" /><ent r="1000" t="29" w="3" /><ent r="102" t="29" w="15" /><ent r="4" t="29" w="62" /><ent r="65" t="29" w="105" /><ent r="64" t="29" w="123" /><ent r="5" t="30" w="34" /><ent r="4" t="30" w="61" /><ent r="64" t="31" w="59" /><ent r="65" t="31" w="75" /><ent r="5" t="32" w="106" /><ent r="3" t="32" w="127" /><ent r="4" t="32" w="161" /><ent r="5" t="51" w="53" /><ent r="4" t="51" w="92" /><ent r="5" t="52" w="51" /><ent r="3" t="52" w="72" /><ent r="3" t="68" w="117" /><ent r="3" t="68" w="128" /><ent r="3" t="68" w="136" /><ent r="5" t="78" w="82" /><ent r="4" t="78" w="97" /><ent r="5" t="79" w="53" /><ent r="5" t="80" w="94" /><ent r="5" t="80" w="170" /><ent r="65" t="81" w="73" /><ent r="92" t="81" w="124" /><ent r="3" t="81" w="128" /><ent r="3" t="81" w="350" /><ent r="4" t="95" w="119" /><ent r="4" t="95" w="240" /><ent r="4" t="113" w="176" /><ent r="5" t="116" w="68" /><ent r="5" t="118" w="29" /><ent r="4" t="118" w="97" /><ent r="5" t="129" w="122" /><ent r="5" t="141" w="496" /><ent r="5" t="141" w="541" /><ent r="3" t="155" w="119" /><ent r="92" t="155" w="243" /><ent r="3" t="155" w="247" /><ent r="6" t="166" w="310" /><ent r="5" t="177" w="533" /><ent r="5" t="177" w="2120" /><ent r="92" t="177" w="2313" /><ent r="5" t="177" w="2323" /><ent r="5" t="177" w="2351" /><ent r="92" t="178" w="674" /><ent r="5" t="178" w="684" /><ent r="4" t="178" w="2924" /><ent r="92" t="179" w="386" /><ent r="5" t="179" w="396" /><ent r="5" t="179" w="516" /><ent r="4" t="179" w="1094" /><ent r="4" t="179" w="1100" /><ent r="92" t="181" w="624" /><ent r="5" t="181" w="633" /><ent r="92" t="181" w="759" /><ent r="4" t="182" w="54" /><ent r="92" t="182" w="609" /><ent r="5" t="182" w="618" /><ent r="92" t="182" w="976" /><ent r="5" t="182" w="1021" /><ent r="4" t="182" w="1034" /><ent r="4" t="182" w="1042" /><ent r="4" t="182" w="1116" /><ent r="4" t="182" w="1121" /><ent r="92" t="183" w="233" /><ent r="5" t="183" w="242" /><ent r="5" t="184" w="510" /><ent r="5" t="184" w="838" /><ent r="5" t="184" w="1190" /><ent r="5" t="185" w="1733" /><ent r="5" t="185" w="1825" /><ent r="5" t="186" w="442" /><ent r="5" t="186" w="556" /><ent r="7" t="186" w="1076" /><ent r="3" t="186" w="1354" /><ent r="5" t="186" w="1380" /><ent r="5" t="186" w="1497" /><ent r="1000" t="192" w="4" /><ent r="102" t="192" w="11" /><ent r="92" t="197" w="696" /><ent r="1000" t="198" w="3" /><ent r="102" t="198" w="7" /><ent r="5" t="198" w="70" /><ent r="4" t="206" w="553" /><ent r="3" t="206" w="677" /><ent r="64" t="206" w="735" /><ent r="64" t="207" w="224" /><ent r="1000" t="208" w="1" /><ent r="102" t="208" w="4" /><ent r="100" t="208" w="7" /><ent r="3" t="208" w="11" /><ent r="64" t="209" w="57" /><ent r="4" t="210" w="62" /><ent r="3" t="210" w="112" /><ent r="64" t="210" w="130" /><ent r="5" t="212" w="221" /><ent r="4" t="212" w="271" /><ent r="5" t="213" w="152" /><ent r="4" t="213" w="202" /><ent r="5" t="214" w="111" /><ent r="4" t="214" w="161" /><ent r="5" t="215" w="150" /><ent r="4" t="215" w="200" /><ent r="1000" t="216" w="2" /><ent r="100" t="216" w="7" /><ent r="102" t="216" w="12" /><ent r="3" t="216" w="18" /><ent r="4" t="216" w="45" /><ent r="4" t="216" w="88" /><ent r="3" t="216" w="133" /><ent r="3" t="216" w="169" /><ent r="4" t="216" w="181" /><ent r="4" t="216" w="261" /><ent r="5" t="223" w="159" /><ent r="1000" t="237" w="3" /><ent r="100" t="237" w="21" /><ent r="100" t="237" w="28" /><ent r="102" t="237" w="33" /><ent r="3" t="237" w="44" /></phr><phr n="Files"><ent r="64" t="18" w="260" /><ent r="64" t="18" w="263" /><ent r="1000" t="19" w="2" /><ent r="102" t="19" w="14" /><ent r="92" t="19" w="101" /><ent r="64" t="20" w="575" /><ent r="64" t="21" w="535" /><ent r="1000" t="22" w="5" /><ent r="102" t="22" w="14" /><ent r="92" t="22" w="149" /><ent r="92" t="22" w="165" /><ent r="64" t="24" w="139" /><ent r="4" t="32" w="167" /><ent r="4" t="81" w="381" /><ent r="7" t="176" w="249" /><ent r="7" t="176" w="254" /><ent r="64" t="176" w="364" /><ent r="64" t="176" w="369" /><ent r="7" t="177" w="466" /><ent r="7" t="177" w="471" /><ent r="7" t="178" w="616" /><ent r="7" t="178" w="621" /><ent r="7" t="179" w="328" /><ent r="7" t="179" w="333" /><ent r="7" t="180" w="291" /><ent r="7" t="180" w="296" /><ent r="1000" t="181" w="5" /><ent r="102" t="181" w="14" /><ent r="7" t="181" w="566" /><ent r="7" t="181" w="571" /><ent r="1000" t="182" w="4" /><ent r="102" t="182" w="17" /><ent r="7" t="182" w="551" /><ent r="7" t="182" w="556" /><ent r="7" t="183" w="175" /><ent r="7" t="183" w="180" /><ent r="7" t="184" w="442" /><ent r="7" t="184" w="447" /><ent r="7" t="185" w="363" /><ent r="7" t="185" w="368" /><ent r="7" t="186" w="353" /><ent r="7" t="186" w="358" /><ent r="4" t="186" w="1590" /><ent r="82" t="196" w="152" /></phr></stem><stem n="o"><phr n="O"><ent r="7" t="5" w="35" /><ent r="4" t="18" w="89" /><ent r="4" t="32" w="141" /><ent r="5" t="78" w="88" /><ent r="4" t="116" w="85" /><ent r="4" t="193" w="664" /><ent r="4" t="193" w="776" /><ent r="5" t="223" w="167" /><ent r="5" t="223" w="288" /><ent r="5" t="228" w="58" /><ent r="7" t="237" w="146" /></phr><phr n="o"><ent r="5" t="148" w="146" /><ent r="4" t="167" w="75" /></phr></stem><stem n="print"><phr n="print"><ent r="100" t="5" w="47" /><ent r="100" t="51" w="6" /><ent r="3" t="51" w="24" /><ent r="3" t="51" w="40" /><ent r="100" t="98" w="8" /><ent r="100" t="98" w="10" /><ent r="3" t="98" w="36" /><ent r="3" t="98" w="66" /><ent r="3" t="98" w="77" /><ent r="3" t="98" w="127" /><ent r="3" t="134" w="86" /><ent r="3" t="223" w="31" /><ent r="100" t="237" w="175" /></phr><phr n="Prints"><ent r="7" t="5" w="49" /><ent r="7" t="90" w="147" /><ent r="7" t="114" w="66" /><ent r="7" t="237" w="179" /></phr><phr n="Print"><ent r="1000" t="51" w="1" /><ent r="102" t="51" w="10" /><ent r="5" t="51" w="59" /><ent r="3" t="51" w="83" /><ent r="4" t="51" w="89" /><ent r="4" t="51" w="99" /><ent r="5" t="51" w="113" /><ent r="3" t="51" w="121" /><ent r="64" t="87" w="236" /><ent r="7" t="90" w="145" /><ent r="67" t="90" w="152" /><ent r="1000" t="98" w="1" /><ent r="102" t="98" w="14" /><ent r="5" t="98" w="98" /><ent r="4" t="98" w="135" /><ent r="3" t="98" w="150" /><ent r="4" t="98" w="169" /><ent r="5" t="98" w="183" /><ent r="64" t="134" w="89" /><ent r="5" t="223" w="169" /><ent r="5" t="223" w="196" /><ent r="7" t="237" w="173" /></phr><phr n="printing"><ent r="3" t="51" w="16" /><ent r="3" t="98" w="22" /><ent r="3" t="98" w="55" /><ent r="3" t="134" w="38" /></phr></stem></index>