﻿<?xml version="1.0" encoding="utf-8"?><index><stem n="plug"><phr n="plug"><ent r="3" t="0" w="88" /><ent r="3" t="1" w="43" /><ent r="3" t="1" w="161" /><ent r="3" t="1" w="588" /><ent r="3" t="1" w="592" /><ent r="7" t="6" w="147" /><ent r="3" t="20" w="469" /><ent r="3" t="22" w="28" /><ent r="3" t="69" w="392" /><ent r="3" t="69" w="412" /><ent r="3" t="69" w="424" /><ent r="3" t="92" w="35" /><ent r="3" t="93" w="50" /><ent r="3" t="94" w="24" /><ent r="3" t="94" w="36" /><ent r="3" t="94" w="54" /><ent r="3" t="94" w="80" /><ent r="3" t="94" w="95" /><ent r="3" t="94" w="101" /><ent r="3" t="94" w="170" /><ent r="4" t="94" w="193" /><ent r="4" t="94" w="211" /><ent r="3" t="100" w="45" /><ent r="3" t="100" w="325" /><ent r="4" t="100" w="346" /><ent r="4" t="100" w="356" /><ent r="4" t="100" w="362" /><ent r="4" t="100" w="372" /><ent r="3" t="100" w="392" /><ent r="3" t="100" w="406" /><ent r="3" t="100" w="420" /><ent r="3" t="100" w="427" /><ent r="3" t="114" w="312" /><ent r="3" t="114" w="319" /><ent r="8" t="114" w="368" /><ent r="8" t="114" w="380" /><ent r="7" t="114" w="393" /><ent r="8" t="114" w="409" /><ent r="8" t="114" w="425" /><ent r="3" t="130" w="22" /><ent r="3" t="130" w="42" /><ent r="3" t="141" w="21" /><ent r="3" t="141" w="32" /><ent r="3" t="152" w="25" /><ent r="3" t="152" w="44" /><ent r="4" t="152" w="70" /><ent r="3" t="152" w="95" /><ent r="3" t="152" w="104" /><ent r="3" t="152" w="115" /><ent r="3" t="152" w="126" /><ent r="3" t="152" w="135" /><ent r="4" t="152" w="145" /><ent r="3" t="152" w="167" /><ent r="3" t="152" w="179" /><ent r="3" t="154" w="13" /><ent r="3" t="154" w="61" /><ent r="100" t="156" w="17" /><ent r="3" t="156" w="112" /><ent r="3" t="161" w="87" /><ent r="3" t="162" w="119" /><ent r="3" t="162" w="127" /><ent r="3" t="162" w="137" /><ent r="3" t="162" w="224" /><ent r="3" t="170" w="194" /><ent r="4" t="170" w="655" /><ent r="3" t="170" w="1172" /><ent r="3" t="170" w="1541" /><ent r="4" t="171" w="624" /><ent r="3" t="171" w="1256" /><ent r="3" t="188" w="260" /></phr><phr n="Plug"><ent r="92" t="1" w="580" /><ent r="7" t="6" w="64" /><ent r="68" t="6" w="69" /><ent r="3" t="69" w="90" /><ent r="92" t="69" w="378" /><ent r="3" t="69" w="383" /><ent r="65" t="77" w="38" /><ent r="1000" t="94" w="2" /><ent r="100" t="94" w="7" /><ent r="102" t="94" w="12" /><ent r="3" t="94" w="18" /><ent r="3" t="94" w="120" /><ent r="4" t="94" w="157" /><ent r="4" t="94" w="181" /><ent r="4" t="94" w="229" /><ent r="3" t="100" w="320" /><ent r="4" t="100" w="340" /><ent r="3" t="111" w="23" /><ent r="3" t="117" w="192" /><ent r="64" t="141" w="383" /><ent r="1000" t="152" w="1" /><ent r="100" t="152" w="5" /><ent r="100" t="152" w="10" /><ent r="102" t="152" w="13" /><ent r="3" t="152" w="17" /><ent r="3" t="152" w="35" /><ent r="4" t="152" w="57" /><ent r="4" t="152" w="62" /><ent r="3" t="152" w="155" /><ent r="3" t="153" w="208" /><ent r="3" t="153" w="229" /><ent r="3" t="153" w="259" /><ent r="3" t="153" w="265" /><ent r="3" t="153" w="294" /><ent r="3" t="153" w="305" /><ent r="1000" t="156" w="7" /><ent r="100" t="156" w="14" /><ent r="102" t="156" w="30" /><ent r="3" t="156" w="39" /><ent r="4" t="156" w="174" /><ent r="64" t="156" w="319" /><ent r="1000" t="157" w="7" /><ent r="100" t="157" w="14" /><ent r="3" t="157" w="32" /><ent r="3" t="157" w="122" /><ent r="4" t="157" w="153" /><ent r="4" t="157" w="280" /><ent r="3" t="159" w="18" /><ent r="3" t="159" w="38" /><ent r="82" t="162" w="210" /><ent r="64" t="162" w="359" /><ent r="1000" t="166" w="6" /><ent r="100" t="166" w="13" /><ent r="102" t="166" w="23" /><ent r="3" t="166" w="62" /><ent r="4" t="166" w="83" /><ent r="4" t="166" w="112" /><ent r="4" t="166" w="400" /><ent r="3" t="166" w="643" /><ent r="4" t="166" w="1490" /><ent r="4" t="170" w="58" /><ent r="4" t="170" w="218" /><ent r="92" t="170" w="604" /><ent r="4" t="170" w="616" /><ent r="4" t="170" w="628" /><ent r="4" t="170" w="638" /><ent r="4" t="171" w="81" /><ent r="4" t="171" w="550" /><ent r="92" t="171" w="583" /><ent r="5" t="171" w="591" /><ent r="4" t="171" w="604" /><ent r="4" t="171" w="614" /></phr></stem><stem n="plug-in"><phr n="plug-ins"><ent r="3" t="0" w="88" /><ent r="3" t="1" w="43" /><ent r="3" t="1" w="161" /><ent r="3" t="1" w="588" /><ent r="3" t="1" w="592" /><ent r="3" t="20" w="469" /><ent r="3" t="69" w="392" /><ent r="3" t="69" w="412" /><ent r="3" t="69" w="424" /><ent r="3" t="92" w="35" /><ent r="3" t="94" w="24" /><ent r="4" t="94" w="211" /><ent r="3" t="100" w="45" /><ent r="3" t="100" w="325" /><ent r="4" t="100" w="346" /><ent r="4" t="100" w="356" /><ent r="4" t="100" w="362" /><ent r="3" t="114" w="312" /><ent r="3" t="114" w="319" /><ent r="7" t="114" w="393" /><ent r="3" t="130" w="22" /><ent r="3" t="130" w="42" /><ent r="4" t="152" w="70" /><ent r="3" t="152" w="95" /><ent r="3" t="152" w="179" /><ent r="3" t="162" w="119" /><ent r="3" t="162" w="224" /><ent r="3" t="170" w="194" /><ent r="3" t="170" w="1541" /><ent r="3" t="171" w="1256" /><ent r="3" t="188" w="260" /></phr><phr n="Plug-Ins"><ent r="92" t="1" w="580" /><ent r="92" t="69" w="378" /><ent r="3" t="69" w="383" /><ent r="3" t="100" w="320" /><ent r="4" t="152" w="57" /><ent r="4" t="152" w="62" /></phr><phr n="Plug-In"><ent r="7" t="6" w="64" /><ent r="68" t="6" w="69" /><ent r="65" t="77" w="38" /><ent r="1000" t="94" w="2" /><ent r="100" t="94" w="7" /><ent r="102" t="94" w="12" /><ent r="3" t="94" w="18" /><ent r="3" t="94" w="120" /><ent r="4" t="94" w="157" /><ent r="4" t="94" w="181" /><ent r="4" t="94" w="229" /><ent r="4" t="100" w="340" /><ent r="3" t="111" w="23" /><ent r="3" t="117" w="192" /><ent r="64" t="141" w="383" /><ent r="1000" t="152" w="1" /><ent r="100" t="152" w="5" /><ent r="100" t="152" w="10" /><ent r="102" t="152" w="13" /><ent r="3" t="152" w="155" /><ent r="3" t="153" w="208" /><ent r="3" t="153" w="229" /><ent r="3" t="153" w="259" /><ent r="3" t="153" w="265" /><ent r="3" t="153" w="294" /><ent r="3" t="153" w="305" /><ent r="1000" t="156" w="7" /><ent r="102" t="156" w="30" /><ent r="3" t="156" w="39" /><ent r="64" t="156" w="319" /><ent r="1000" t="157" w="7" /><ent r="3" t="157" w="122" /><ent r="4" t="157" w="153" /><ent r="3" t="159" w="18" /><ent r="3" t="159" w="38" /><ent r="64" t="162" w="359" /><ent r="1000" t="166" w="6" /><ent r="102" t="166" w="23" /><ent r="3" t="166" w="62" /><ent r="4" t="166" w="83" /><ent r="4" t="166" w="112" /><ent r="4" t="166" w="400" /><ent r="3" t="166" w="643" /><ent r="4" t="166" w="1490" /><ent r="4" t="170" w="58" /><ent r="4" t="170" w="616" /><ent r="4" t="170" w="628" /><ent r="4" t="170" w="638" /><ent r="4" t="171" w="81" /><ent r="4" t="171" w="550" /><ent r="92" t="171" w="583" /><ent r="5" t="171" w="591" /><ent r="4" t="171" w="604" /><ent r="4" t="171" w="614" /></phr><phr n="plug-in"><ent r="7" t="6" w="147" /><ent r="3" t="22" w="28" /><ent r="3" t="93" w="50" /><ent r="3" t="94" w="36" /><ent r="3" t="94" w="54" /><ent r="3" t="94" w="80" /><ent r="3" t="94" w="95" /><ent r="3" t="94" w="101" /><ent r="3" t="94" w="170" /><ent r="4" t="94" w="193" /><ent r="4" t="100" w="372" /><ent r="3" t="100" w="392" /><ent r="3" t="100" w="406" /><ent r="3" t="100" w="420" /><ent r="3" t="100" w="427" /><ent r="8" t="114" w="368" /><ent r="8" t="114" w="380" /><ent r="8" t="114" w="409" /><ent r="8" t="114" w="425" /><ent r="3" t="141" w="21" /><ent r="3" t="141" w="32" /><ent r="3" t="152" w="25" /><ent r="3" t="152" w="44" /><ent r="3" t="152" w="104" /><ent r="3" t="152" w="115" /><ent r="3" t="152" w="126" /><ent r="3" t="152" w="135" /><ent r="4" t="152" w="145" /><ent r="3" t="152" w="167" /><ent r="3" t="154" w="13" /><ent r="3" t="154" w="61" /><ent r="100" t="156" w="17" /><ent r="3" t="156" w="112" /><ent r="3" t="161" w="87" /><ent r="3" t="162" w="127" /><ent r="3" t="162" w="137" /><ent r="4" t="170" w="655" /><ent r="3" t="170" w="1172" /><ent r="4" t="171" w="624" /></phr><phr n="Plug-ins"><ent r="3" t="69" w="90" /><ent r="82" t="162" w="210" /></phr><phr n="Plug-in"><ent r="3" t="152" w="17" /><ent r="3" t="152" w="35" /><ent r="100" t="156" w="14" /><ent r="4" t="156" w="174" /><ent r="100" t="157" w="14" /><ent r="3" t="157" w="32" /><ent r="4" t="157" w="280" /><ent r="100" t="166" w="13" /><ent r="4" t="170" w="218" /><ent r="92" t="170" w="604" /></phr></stem><stem n="in"><phr n="ins"><ent r="3" t="0" w="89" /><ent r="3" t="1" w="44" /><ent r="3" t="1" w="162" /><ent r="3" t="1" w="589" /><ent r="3" t="1" w="593" /><ent r="3" t="20" w="470" /><ent r="3" t="69" w="91" /><ent r="3" t="69" w="393" /><ent r="3" t="69" w="413" /><ent r="3" t="69" w="425" /><ent r="3" t="92" w="36" /><ent r="3" t="94" w="25" /><ent r="4" t="94" w="212" /><ent r="3" t="100" w="46" /><ent r="3" t="100" w="326" /><ent r="4" t="100" w="347" /><ent r="4" t="100" w="357" /><ent r="4" t="100" w="363" /><ent r="3" t="114" w="313" /><ent r="3" t="114" w="320" /><ent r="7" t="114" w="394" /><ent r="3" t="130" w="23" /><ent r="3" t="130" w="43" /><ent r="4" t="152" w="71" /><ent r="3" t="152" w="96" /><ent r="3" t="152" w="180" /><ent r="3" t="162" w="120" /><ent r="82" t="162" w="211" /><ent r="3" t="162" w="225" /><ent r="3" t="170" w="195" /><ent r="3" t="170" w="1542" /><ent r="3" t="171" w="1257" /><ent r="3" t="188" w="261" /></phr><phr n="Ins"><ent r="92" t="1" w="581" /><ent r="92" t="69" w="379" /><ent r="3" t="69" w="384" /><ent r="3" t="100" w="321" /><ent r="4" t="152" w="58" /><ent r="4" t="152" w="63" /></phr></stem><stem n="-ins."><phr n="-ins."><ent r="3" t="0" w="90" /><ent r="3" t="0" w="90" /><ent r="3" t="1" w="45" /><ent r="3" t="1" w="45" /><ent r="3" t="1" w="590" /><ent r="3" t="1" w="590" /><ent r="3" t="69" w="92" /><ent r="3" t="69" w="92" /><ent r="3" t="69" w="414" /><ent r="3" t="69" w="414" /><ent r="3" t="69" w="426" /><ent r="3" t="69" w="426" /><ent r="4" t="94" w="213" /><ent r="4" t="94" w="213" /><ent r="3" t="100" w="47" /><ent r="3" t="100" w="47" /><ent r="4" t="100" w="348" /><ent r="4" t="100" w="348" /><ent r="3" t="130" w="44" /><ent r="3" t="130" w="44" /><ent r="3" t="162" w="121" /><ent r="3" t="162" w="121" /></phr></stem><stem n="get"><phr n="get"><ent r="3" t="0" w="92" /><ent r="4" t="163" w="1873" /><ent r="3" t="167" w="131" /><ent r="3" t="168" w="121" /></phr></stem><stem n="start"><phr n="started"><ent r="3" t="0" w="93" /></phr><phr n="Starts"><ent r="64" t="18" w="232" /><ent r="1000" t="19" w="5" /><ent r="102" t="19" w="17" /></phr><phr n="start"><ent r="3" t="19" w="26" /><ent r="7" t="52" w="101" /><ent r="7" t="52" w="163" /><ent r="3" t="125" w="128" /><ent r="3" t="128" w="24" /><ent r="3" t="128" w="39" /><ent r="3" t="128" w="58" /><ent r="4" t="128" w="417" /><ent r="4" t="133" w="203" /><ent r="3" t="157" w="27" /><ent r="3" t="157" w="120" /><ent r="4" t="157" w="147" /><ent r="4" t="164" w="911" /><ent r="4" t="164" w="2599" /><ent r="4" t="166" w="394" /><ent r="4" t="169" w="226" /><ent r="4" t="171" w="1709" /><ent r="7" t="173" w="97" /><ent r="7" t="173" w="132" /><ent r="3" t="179" w="24" /><ent r="7" t="179" w="392" /><ent r="7" t="179" w="395" /><ent r="6" t="208" w="632" /></phr><phr n="starting"><ent r="3" t="19" w="148" /><ent r="100" t="157" w="16" /><ent r="7" t="179" w="400" /></phr><phr n="Start"><ent r="4" t="26" w="223" /><ent r="4" t="26" w="240" /><ent r="4" t="26" w="307" /><ent r="5" t="128" w="405" /><ent r="5" t="161" w="165" /><ent r="4" t="165" w="480" /><ent r="4" t="166" w="77" /><ent r="92" t="166" w="347" /><ent r="5" t="166" w="1305" /><ent r="4" t="170" w="51" /><ent r="92" t="170" w="515" /><ent r="5" t="171" w="1585" /><ent r="4" t="191" w="79" /><ent r="4" t="193" w="149" /><ent r="4" t="193" w="166" /><ent r="4" t="193" w="233" /><ent r="4" t="194" w="85" /><ent r="4" t="194" w="102" /><ent r="4" t="194" w="169" /><ent r="4" t="195" w="38" /><ent r="4" t="195" w="55" /><ent r="4" t="195" w="122" /><ent r="4" t="196" w="83" /><ent r="4" t="196" w="100" /><ent r="4" t="196" w="167" /><ent r="4" t="198" w="120" /><ent r="3" t="198" w="148" /><ent r="4" t="200" w="125" /><ent r="3" t="200" w="153" /></phr><phr n="starts"><ent r="3" t="94" w="56" /><ent r="4" t="164" w="916" /></phr><phr n="Starting"><ent r="64" t="156" w="313" /><ent r="1000" t="157" w="1" /><ent r="102" t="157" w="18" /></phr></stem><stem n=","><phr n=","><ent r="3" t="0" w="98" /><ent r="3" t="1" w="28" /><ent r="3" t="1" w="42" /><ent r="3" t="1" w="58" /><ent r="3" t="1" w="61" /><ent r="3" t="1" w="102" /><ent r="3" t="1" w="235" /><ent r="3" t="1" w="248" /><ent r="3" t="1" w="249" /><ent r="4" t="1" w="320" /><ent r="3" t="1" w="390" /><ent r="3" t="1" w="438" /><ent r="3" t="1" w="508" /><ent r="4" t="2" w="67" /><ent r="4" t="2" w="85" /><ent r="3" t="2" w="135" /><ent r="3" t="4" w="32" /><ent r="3" t="4" w="46" /><ent r="3" t="4" w="47" /><ent r="3" t="4" w="99" /><ent r="3" t="4" w="100" /><ent r="3" t="4" w="101" /><ent r="4" t="4" w="175" /><ent r="7" t="6" w="147" /><ent r="7" t="6" w="150" /><ent r="6" t="7" w="125" /><ent r="6" t="7" w="126" /><ent r="6" t="7" w="127" /><ent r="6" t="7" w="133" /><ent r="6" t="7" w="134" /><ent r="6" t="7" w="135" /><ent r="6" t="7" w="213" /><ent r="7" t="8" w="123" /><ent r="7" t="8" w="138" /><ent r="4" t="10" w="36" /><ent r="7" t="10" w="102" /><ent r="3" t="11" w="55" /><ent r="6" t="11" w="131" /><ent r="7" t="13" w="62" /><ent r="7" t="13" w="75" /><ent r="3" t="14" w="67" /><ent r="6" t="14" w="216" /><ent r="6" t="14" w="375" /><ent r="6" t="14" w="412" /><ent r="6" t="14" w="499" /><ent r="6" t="14" w="505" /><ent r="4" t="18" w="35" /><ent r="3" t="18" w="59" /><ent r="3" t="18" w="72" /><ent r="3" t="18" w="102" /><ent r="4" t="18" w="127" /><ent r="4" t="18" w="142" /><ent r="3" t="18" w="149" /><ent r="3" t="18" w="211" /><ent r="3" t="19" w="52" /><ent r="3" t="19" w="77" /><ent r="3" t="19" w="150" /><ent r="3" t="19" w="169" /><ent r="3" t="19" w="187" /><ent r="3" t="20" w="40" /><ent r="4" t="20" w="110" /><ent r="4" t="20" w="122" /><ent r="4" t="20" w="180" /><ent r="4" t="20" w="198" /><ent r="4" t="20" w="259" /><ent r="3" t="20" w="466" /><ent r="3" t="21" w="46" /><ent r="3" t="21" w="47" /><ent r="3" t="21" w="48" /><ent r="3" t="21" w="49" /><ent r="3" t="21" w="99" /><ent r="3" t="21" w="114" /><ent r="3" t="21" w="124" /><ent r="3" t="21" w="176" /><ent r="3" t="21" w="190" /><ent r="3" t="21" w="209" /><ent r="4" t="21" w="255" /><ent r="4" t="21" w="267" /><ent r="3" t="21" w="347" /><ent r="3" t="21" w="374" /><ent r="4" t="21" w="423" /><ent r="4" t="21" w="434" /><ent r="4" t="21" w="496" /><ent r="3" t="22" w="35" /><ent r="3" t="22" w="68" /><ent r="4" t="23" w="35" /><ent r="4" t="23" w="45" /><ent r="4" t="23" w="85" /><ent r="3" t="23" w="107" /><ent r="3" t="23" w="119" /><ent r="3" t="24" w="65" /><ent r="3" t="24" w="83" /><ent r="3" t="24" w="95" /><ent r="4" t="25" w="68" /><ent r="4" t="25" w="107" /><ent r="4" t="25" w="155" /><ent r="4" t="25" w="181" /><ent r="4" t="26" w="68" /><ent r="4" t="26" w="112" /><ent r="4" t="26" w="126" /><ent r="3" t="26" w="199" /><ent r="3" t="26" w="211" /><ent r="3" t="26" w="212" /><ent r="4" t="26" w="221" /><ent r="4" t="26" w="225" /><ent r="4" t="26" w="228" /><ent r="4" t="26" w="238" /><ent r="4" t="26" w="242" /><ent r="4" t="26" w="245" /><ent r="4" t="26" w="256" /><ent r="4" t="26" w="270" /><ent r="3" t="26" w="304" /><ent r="4" t="26" w="341" /><ent r="4" t="26" w="357" /><ent r="3" t="26" w="371" /><ent r="4" t="26" w="393" /><ent r="5" t="26" w="473" /><ent r="5" t="26" w="514" /><ent r="4" t="26" w="532" /><ent r="4" t="26" w="547" /><ent r="5" t="27" w="32" /><ent r="4" t="27" w="74" /><ent r="4" t="27" w="92" /><ent r="3" t="27" w="106" /><ent r="4" t="28" w="42" /><ent r="4" t="28" w="74" /><ent r="4" t="28" w="113" /><ent r="4" t="28" w="128" /><ent r="4" t="28" w="167" /><ent r="4" t="28" w="186" /><ent r="4" t="28" w="201" /><ent r="4" t="28" w="238" /><ent r="4" t="29" w="38" /><ent r="3" t="29" w="59" /><ent r="3" t="30" w="58" /><ent r="3" t="30" w="80" /><ent r="3" t="31" w="67" /><ent r="4" t="31" w="91" /><ent r="3" t="32" w="80" /><ent r="4" t="32" w="102" /><ent r="3" t="32" w="123" /><ent r="3" t="32" w="135" /><ent r="4" t="32" w="157" /><ent r="3" t="33" w="19" /><ent r="3" t="35" w="29" /><ent r="3" t="35" w="49" /><ent r="4" t="36" w="38" /><ent r="3" t="37" w="126" /><ent r="3" t="38" w="33" /><ent r="7" t="38" w="143" /><ent r="3" t="39" w="45" /><ent r="4" t="39" w="135" /><ent r="3" t="40" w="13" /><ent r="3" t="40" w="29" /><ent r="3" t="40" w="100" /><ent r="3" t="40" w="101" /><ent r="3" t="40" w="121" /><ent r="3" t="40" w="142" /><ent r="3" t="40" w="155" /><ent r="3" t="40" w="169" /><ent r="4" t="41" w="40" /><ent r="3" t="41" w="62" /><ent r="3" t="41" w="125" /><ent r="3" t="41" w="147" /><ent r="3" t="41" w="148" /><ent r="3" t="41" w="212" /><ent r="3" t="41" w="339" /><ent r="3" t="42" w="56" /><ent r="3" t="42" w="57" /><ent r="3" t="42" w="67" /><ent r="3" t="42" w="68" /><ent r="4" t="42" w="83" /><ent r="3" t="42" w="105" /><ent r="4" t="42" w="146" /><ent r="4" t="42" w="147" /><ent r="3" t="42" w="188" /><ent r="3" t="42" w="189" /><ent r="4" t="42" w="271" /><ent r="4" t="42" w="311" /><ent r="3" t="43" w="27" /><ent r="3" t="43" w="29" /><ent r="3" t="43" w="39" /><ent r="3" t="43" w="87" /><ent r="4" t="43" w="129" /><ent r="3" t="43" w="152" /><ent r="4" t="43" w="277" /><ent r="3" t="43" w="331" /><ent r="3" t="43" w="376" /><ent r="3" t="44" w="71" /><ent r="4" t="44" w="137" /><ent r="4" t="44" w="191" /><ent r="4" t="44" w="235" /><ent r="4" t="44" w="257" /><ent r="3" t="45" w="17" /><ent r="3" t="45" w="34" /><ent r="3" t="45" w="81" /><ent r="4" t="45" w="98" /><ent r="3" t="45" w="127" /><ent r="4" t="46" w="30" /><ent r="4" t="46" w="47" /><ent r="3" t="46" w="68" /><ent r="3" t="46" w="100" /><ent r="4" t="47" w="141" /><ent r="4" t="47" w="142" /><ent r="4" t="48" w="46" /><ent r="4" t="49" w="60" /><ent r="4" t="49" w="90" /><ent r="4" t="49" w="91" /><ent r="4" t="49" w="93" /><ent r="4" t="49" w="102" /><ent r="4" t="50" w="35" /><ent r="4" t="50" w="55" /><ent r="4" t="50" w="64" /><ent r="3" t="50" w="96" /><ent r="3" t="50" w="113" /><ent r="3" t="51" w="123" /><ent r="3" t="51" w="136" /><ent r="4" t="51" w="156" /><ent r="4" t="51" w="200" /><ent r="4" t="51" w="217" /><ent r="4" t="51" w="237" /><ent r="3" t="51" w="279" /><ent r="3" t="52" w="49" /><ent r="7" t="52" w="95" /><ent r="7" t="52" w="111" /><ent r="7" t="52" w="157" /><ent r="7" t="52" w="173" /><ent r="4" t="53" w="36" /><ent r="4" t="53" w="58" /><ent r="4" t="53" w="129" /><ent r="4" t="54" w="32" /><ent r="3" t="55" w="21" /><ent r="4" t="55" w="64" /><ent r="3" t="55" w="85" /><ent r="3" t="55" w="104" /><ent r="3" t="55" w="124" /><ent r="3" t="55" w="142" /><ent r="4" t="55" w="193" /><ent r="3" t="55" w="211" /><ent r="3" t="55" w="227" /><ent r="3" t="56" w="36" /><ent r="3" t="56" w="42" /><ent r="3" t="56" w="43" /><ent r="3" t="56" w="56" /><ent r="3" t="56" w="77" /><ent r="5" t="57" w="42" /><ent r="3" t="57" w="69" /><ent r="3" t="57" w="147" /><ent r="3" t="57" w="148" /><ent r="3" t="57" w="149" /><ent r="3" t="57" w="179" /><ent r="3" t="57" w="183" /><ent r="3" t="57" w="184" /><ent r="4" t="58" w="19" /><ent r="4" t="58" w="45" /><ent r="4" t="58" w="67" /><ent r="4" t="58" w="197" /><ent r="4" t="58" w="225" /><ent r="4" t="58" w="244" /><ent r="4" t="58" w="267" /><ent r="4" t="58" w="286" /><ent r="3" t="59" w="34" /><ent r="3" t="59" w="36" /><ent r="4" t="59" w="79" /><ent r="4" t="59" w="103" /><ent r="4" t="59" w="116" /><ent r="3" t="60" w="27" /><ent r="4" t="60" w="54" /><ent r="4" t="60" w="66" /><ent r="4" t="60" w="221" /><ent r="4" t="60" w="238" /><ent r="4" t="60" w="268" /><ent r="4" t="60" w="287" /><ent r="4" t="60" w="314" /><ent r="4" t="60" w="319" /><ent r="4" t="60" w="323" /><ent r="3" t="61" w="100" /><ent r="3" t="61" w="122" /><ent r="3" t="61" w="137" /><ent r="4" t="62" w="43" /><ent r="4" t="62" w="50" /><ent r="4" t="62" w="77" /><ent r="3" t="62" w="95" /><ent r="4" t="62" w="117" /><ent r="4" t="62" w="140" /><ent r="4" t="62" w="157" /><ent r="4" t="62" w="175" /><ent r="4" t="62" w="187" /><ent r="4" t="62" w="225" /><ent r="4" t="62" w="232" /><ent r="4" t="62" w="254" /><ent r="3" t="62" w="280" /><ent r="4" t="64" w="52" /><ent r="4" t="64" w="67" /><ent r="4" t="64" w="114" /><ent r="3" t="65" w="33" /><ent r="3" t="65" w="88" /><ent r="3" t="66" w="22" /><ent r="3" t="66" w="23" /><ent r="3" t="66" w="56" /><ent r="3" t="66" w="78" /><ent r="3" t="66" w="266" /><ent r="3" t="66" w="327" /><ent r="4" t="67" w="62" /><ent r="3" t="68" w="25" /><ent r="3" t="68" w="109" /><ent r="4" t="69" w="45" /><ent r="3" t="69" w="87" /><ent r="3" t="69" w="88" /><ent r="3" t="69" w="89" /><ent r="3" t="69" w="159" /><ent r="3" t="69" w="160" /><ent r="3" t="69" w="161" /><ent r="3" t="69" w="180" /><ent r="3" t="69" w="181" /><ent r="3" t="69" w="205" /><ent r="3" t="69" w="207" /><ent r="3" t="69" w="291" /><ent r="3" t="69" w="341" /><ent r="4" t="70" w="50" /><ent r="4" t="71" w="49" /><ent r="4" t="71" w="76" /><ent r="3" t="71" w="107" /><ent r="3" t="72" w="52" /><ent r="4" t="72" w="90" /><ent r="4" t="72" w="112" /><ent r="4" t="72" w="134" /><ent r="4" t="72" w="166" /><ent r="4" t="72" w="208" /><ent r="4" t="72" w="230" /><ent r="4" t="73" w="36" /><ent r="4" t="73" w="106" /><ent r="4" t="73" w="178" /><ent r="3" t="73" w="219" /><ent r="3" t="73" w="252" /><ent r="3" t="73" w="367" /><ent r="3" t="73" w="388" /><ent r="4" t="73" w="438" /><ent r="3" t="74" w="24" /><ent r="3" t="74" w="26" /><ent r="3" t="74" w="28" /><ent r="3" t="75" w="36" /><ent r="3" t="75" w="43" /><ent r="3" t="75" w="108" /><ent r="3" t="75" w="123" /><ent r="4" t="75" w="239" /><ent r="3" t="76" w="24" /><ent r="4" t="76" w="99" /><ent r="3" t="78" w="92" /><ent r="4" t="78" w="126" /><ent r="4" t="78" w="128" /><ent r="4" t="78" w="130" /><ent r="3" t="78" w="164" /><ent r="3" t="78" w="165" /><ent r="3" t="78" w="170" /><ent r="3" t="79" w="60" /><ent r="3" t="79" w="82" /><ent r="3" t="79" w="95" /><ent r="3" t="79" w="96" /><ent r="3" t="79" w="97" /><ent r="4" t="80" w="55" /><ent r="3" t="80" w="84" /><ent r="4" t="81" w="98" /><ent r="4" t="81" w="120" /><ent r="3" t="81" w="157" /><ent r="7" t="82" w="408" /><ent r="7" t="82" w="409" /><ent r="5" t="83" w="143" /><ent r="5" t="83" w="191" /><ent r="3" t="84" w="100" /><ent r="4" t="84" w="137" /><ent r="4" t="84" w="155" /><ent r="4" t="84" w="179" /><ent r="4" t="85" w="70" /><ent r="3" t="86" w="80" /><ent r="3" t="86" w="81" /><ent r="3" t="86" w="94" /><ent r="5" t="87" w="56" /><ent r="3" t="87" w="81" /><ent r="4" t="87" w="100" /><ent r="5" t="87" w="180" /><ent r="3" t="87" w="206" /><ent r="4" t="87" w="225" /><ent r="5" t="88" w="57" /><ent r="3" t="88" w="83" /><ent r="4" t="88" w="102" /><ent r="3" t="88" w="163" /><ent r="4" t="88" w="238" /><ent r="3" t="88" w="254" /><ent r="3" t="88" w="266" /><ent r="3" t="88" w="308" /><ent r="3" t="88" w="320" /><ent r="3" t="90" w="29" /><ent r="3" t="90" w="46" /><ent r="3" t="90" w="63" /><ent r="4" t="90" w="89" /><ent r="3" t="91" w="68" /><ent r="3" t="91" w="69" /><ent r="4" t="91" w="92" /><ent r="3" t="92" w="31" /><ent r="3" t="92" w="39" /><ent r="3" t="92" w="40" /><ent r="3" t="92" w="44" /><ent r="3" t="92" w="71" /><ent r="3" t="92" w="72" /><ent r="3" t="92" w="98" /><ent r="3" t="92" w="113" /><ent r="3" t="92" w="120" /><ent r="3" t="92" w="160" /><ent r="3" t="92" w="183" /><ent r="3" t="93" w="68" /><ent r="3" t="93" w="94" /><ent r="3" t="93" w="116" /><ent r="3" t="94" w="57" /><ent r="3" t="94" w="85" /><ent r="3" t="94" w="104" /><ent r="3" t="94" w="217" /><ent r="4" t="94" w="242" /><ent r="3" t="96" w="84" /><ent r="3" t="96" w="108" /><ent r="3" t="96" w="109" /><ent r="4" t="96" w="130" /><ent r="4" t="96" w="154" /><ent r="3" t="96" w="200" /><ent r="4" t="97" w="72" /><ent r="4" t="97" w="96" /><ent r="4" t="98" w="85" /><ent r="4" t="98" w="109" /><ent r="3" t="98" w="324" /><ent r="3" t="98" w="343" /><ent r="3" t="98" w="367" /><ent r="4" t="98" w="452" /><ent r="4" t="98" w="473" /><ent r="4" t="98" w="496" /><ent r="4" t="98" w="509" /><ent r="4" t="99" w="86" /><ent r="4" t="99" w="110" /><ent r="3" t="99" w="300" /><ent r="3" t="99" w="302" /><ent r="4" t="99" w="379" /><ent r="4" t="99" w="408" /><ent r="4" t="99" w="444" /><ent r="4" t="99" w="455" /><ent r="3" t="100" w="132" /><ent r="3" t="100" w="196" /><ent r="3" t="100" w="232" /><ent r="3" t="100" w="257" /><ent r="4" t="100" w="294" /><ent r="4" t="100" w="434" /><ent r="3" t="100" w="474" /><ent r="6" t="101" w="12" /><ent r="3" t="101" w="86" /><ent r="3" t="101" w="107" /><ent r="3" t="102" w="32" /><ent r="3" t="102" w="44" /><ent r="3" t="102" w="45" /><ent r="3" t="102" w="46" /><ent r="3" t="102" w="51" /><ent r="3" t="103" w="19" /><ent r="3" t="103" w="22" /><ent r="3" t="103" w="33" /><ent r="3" t="105" w="47" /><ent r="3" t="105" w="48" /><ent r="3" t="105" w="49" /><ent r="3" t="105" w="92" /><ent r="3" t="105" w="122" /><ent r="3" t="105" w="123" /><ent r="3" t="105" w="157" /><ent r="3" t="105" w="165" /><ent r="3" t="105" w="179" /><ent r="3" t="105" w="193" /><ent r="3" t="105" w="207" /><ent r="3" t="105" w="221" /><ent r="3" t="105" w="255" /><ent r="100" t="105" w="271" /><ent r="3" t="105" w="297" /><ent r="3" t="105" w="309" /><ent r="3" t="105" w="460" /><ent r="4" t="105" w="484" /><ent r="4" t="105" w="486" /><ent r="4" t="105" w="492" /><ent r="4" t="105" w="498" /><ent r="4" t="105" w="503" /><ent r="4" t="105" w="523" /><ent r="3" t="105" w="575" /><ent r="7" t="106" w="26" /><ent r="7" t="106" w="41" /><ent r="7" t="106" w="244" /><ent r="7" t="106" w="278" /><ent r="4" t="107" w="25" /><ent r="3" t="107" w="51" /><ent r="4" t="107" w="83" /><ent r="4" t="107" w="129" /><ent r="4" t="107" w="138" /><ent r="4" t="107" w="155" /><ent r="4" t="107" w="185" /><ent r="3" t="108" w="23" /><ent r="3" t="108" w="24" /><ent r="4" t="108" w="39" /><ent r="4" t="108" w="64" /><ent r="3" t="108" w="97" /><ent r="4" t="108" w="107" /><ent r="3" t="108" w="137" /><ent r="4" t="109" w="75" /><ent r="3" t="109" w="125" /><ent r="3" t="109" w="150" /><ent r="3" t="109" w="176" /><ent r="4" t="110" w="25" /><ent r="3" t="110" w="58" /><ent r="4" t="110" w="69" /><ent r="3" t="111" w="35" /><ent r="3" t="111" w="41" /><ent r="3" t="111" w="52" /><ent r="3" t="111" w="103" /><ent r="3" t="112" w="137" /><ent r="3" t="112" w="163" /><ent r="4" t="112" w="202" /><ent r="4" t="112" w="205" /><ent r="3" t="113" w="181" /><ent r="4" t="113" w="231" /><ent r="4" t="113" w="235" /><ent r="4" t="113" w="282" /><ent r="5" t="113" w="285" /><ent r="4" t="113" w="290" /><ent r="4" t="113" w="374" /><ent r="4" t="113" w="378" /><ent r="4" t="113" w="423" /><ent r="3" t="113" w="498" /><ent r="4" t="113" w="513" /><ent r="4" t="113" w="517" /><ent r="4" t="113" w="562" /><ent r="5" t="113" w="565" /><ent r="4" t="113" w="570" /><ent r="3" t="114" w="86" /><ent r="3" t="114" w="87" /><ent r="3" t="114" w="110" /><ent r="3" t="114" w="111" /><ent r="3" t="114" w="119" /><ent r="3" t="114" w="122" /><ent r="3" t="114" w="146" /><ent r="3" t="114" w="171" /><ent r="3" t="114" w="205" /><ent r="3" t="114" w="208" /><ent r="3" t="114" w="229" /><ent r="3" t="114" w="255" /><ent r="3" t="114" w="281" /><ent r="3" t="114" w="330" /><ent r="3" t="114" w="598" /><ent r="3" t="114" w="607" /><ent r="3" t="114" w="758" /><ent r="3" t="114" w="779" /><ent r="3" t="114" w="793" /><ent r="3" t="114" w="837" /><ent r="3" t="114" w="846" /><ent r="4" t="115" w="41" /><ent r="4" t="115" w="114" /><ent r="4" t="115" w="169" /><ent r="4" t="115" w="182" /><ent r="3" t="116" w="105" /><ent r="3" t="116" w="172" /><ent r="3" t="116" w="191" /><ent r="3" t="116" w="228" /><ent r="3" t="117" w="127" /><ent r="3" t="117" w="153" /><ent r="3" t="117" w="259" /><ent r="3" t="117" w="274" /><ent r="3" t="117" w="286" /><ent r="3" t="117" w="302" /><ent r="3" t="118" w="19" /><ent r="3" t="119" w="46" /><ent r="3" t="119" w="79" /><ent r="4" t="119" w="97" /><ent r="4" t="119" w="114" /><ent r="3" t="119" w="178" /><ent r="3" t="119" w="199" /><ent r="3" t="120" w="53" /><ent r="3" t="120" w="79" /><ent r="3" t="120" w="93" /><ent r="3" t="121" w="20" /><ent r="4" t="121" w="44" /><ent r="4" t="121" w="56" /><ent r="3" t="122" w="47" /><ent r="3" t="122" w="50" /><ent r="3" t="122" w="59" /><ent r="3" t="122" w="62" /><ent r="4" t="122" w="79" /><ent r="4" t="123" w="49" /><ent r="4" t="123" w="62" /><ent r="4" t="124" w="46" /><ent r="4" t="124" w="58" /><ent r="3" t="124" w="88" /><ent r="3" t="125" w="15" /><ent r="4" t="125" w="49" /><ent r="3" t="125" w="154" /><ent r="3" t="126" w="26" /><ent r="3" t="126" w="74" /><ent r="3" t="128" w="34" /><ent r="3" t="128" w="57" /><ent r="4" t="128" w="103" /><ent r="4" t="128" w="142" /><ent r="4" t="128" w="196" /><ent r="3" t="128" w="313" /><ent r="3" t="128" w="325" /><ent r="3" t="128" w="347" /><ent r="3" t="128" w="379" /><ent r="3" t="128" w="493" /><ent r="3" t="128" w="588" /><ent r="3" t="128" w="657" /><ent r="3" t="129" w="17" /><ent r="3" t="129" w="44" /><ent r="3" t="129" w="49" /><ent r="3" t="129" w="63" /><ent r="3" t="129" w="89" /><ent r="4" t="129" w="125" /><ent r="3" t="129" w="148" /><ent r="4" t="129" w="248" /><ent r="4" t="129" w="368" /><ent r="4" t="129" w="387" /><ent r="4" t="129" w="419" /><ent r="4" t="129" w="466" /><ent r="4" t="129" w="469" /><ent r="4" t="129" w="470" /><ent r="4" t="129" w="511" /><ent r="4" t="129" w="514" /><ent r="4" t="129" w="515" /><ent r="3" t="129" w="606" /><ent r="3" t="129" w="623" /><ent r="3" t="129" w="653" /><ent r="4" t="130" w="117" /><ent r="5" t="130" w="190" /><ent r="5" t="130" w="191" /><ent r="5" t="130" w="256" /><ent r="5" t="130" w="258" /><ent r="4" t="130" w="265" /><ent r="4" t="130" w="271" /><ent r="3" t="130" w="293" /><ent r="3" t="131" w="24" /><ent r="3" t="131" w="25" /><ent r="4" t="131" w="42" /><ent r="4" t="131" w="66" /><ent r="4" t="131" w="86" /><ent r="4" t="131" w="87" /><ent r="4" t="131" w="88" /><ent r="4" t="131" w="89" /><ent r="4" t="131" w="91" /><ent r="4" t="131" w="99" /><ent r="3" t="131" w="128" /><ent r="3" t="131" w="146" /><ent r="3" t="131" w="175" /><ent r="3" t="131" w="180" /><ent r="3" t="131" w="199" /><ent r="3" t="131" w="231" /><ent r="3" t="131" w="249" /><ent r="3" t="131" w="278" /><ent r="3" t="131" w="283" /><ent r="3" t="131" w="302" /><ent r="3" t="131" w="327" /><ent r="3" t="131" w="355" /><ent r="3" t="131" w="363" /><ent r="3" t="131" w="399" /><ent r="3" t="131" w="435" /><ent r="3" t="131" w="453" /><ent r="3" t="131" w="482" /><ent r="3" t="131" w="487" /><ent r="3" t="131" w="506" /><ent r="3" t="131" w="529" /><ent r="3" t="131" w="599" /><ent r="3" t="131" w="617" /><ent r="3" t="131" w="646" /><ent r="3" t="131" w="651" /><ent r="3" t="131" w="670" /><ent r="4" t="133" w="81" /><ent r="4" t="133" w="105" /><ent r="4" t="133" w="157" /><ent r="4" t="133" w="158" /><ent r="4" t="133" w="160" /><ent r="4" t="133" w="165" /><ent r="4" t="133" w="167" /><ent r="4" t="133" w="168" /><ent r="4" t="133" w="191" /><ent r="4" t="133" w="192" /><ent r="3" t="133" w="238" /><ent r="4" t="134" w="81" /><ent r="4" t="134" w="105" /><ent r="3" t="134" w="158" /><ent r="3" t="134" w="210" /><ent r="3" t="135" w="74" /><ent r="3" t="135" w="75" /><ent r="4" t="135" w="95" /><ent r="4" t="135" w="119" /><ent r="3" t="135" w="160" /><ent r="3" t="135" w="194" /><ent r="4" t="136" w="90" /><ent r="4" t="136" w="114" /><ent r="3" t="136" w="165" /><ent r="3" t="136" w="187" /><ent r="3" t="136" w="188" /><ent r="4" t="137" w="81" /><ent r="4" t="137" w="105" /><ent r="4" t="137" w="133" /><ent r="4" t="138" w="77" /><ent r="4" t="138" w="101" /><ent r="4" t="138" w="138" /><ent r="4" t="138" w="141" /><ent r="4" t="138" w="148" /><ent r="5" t="138" w="187" /><ent r="5" t="138" w="188" /><ent r="4" t="138" w="476" /><ent r="4" t="138" w="479" /><ent r="4" t="138" w="498" /><ent r="4" t="138" w="566" /><ent r="4" t="138" w="899" /><ent r="4" t="138" w="967" /><ent r="4" t="139" w="78" /><ent r="4" t="139" w="102" /><ent r="3" t="139" w="197" /><ent r="3" t="139" w="248" /><ent r="4" t="139" w="440" /><ent r="4" t="140" w="88" /><ent r="4" t="140" w="112" /><ent r="4" t="140" w="137" /><ent r="3" t="140" w="171" /><ent r="3" t="140" w="224" /><ent r="3" t="140" w="242" /><ent r="3" t="141" w="21" /><ent r="3" t="141" w="32" /><ent r="4" t="141" w="68" /><ent r="3" t="141" w="87" /><ent r="3" t="141" w="137" /><ent r="3" t="141" w="163" /><ent r="3" t="141" w="228" /><ent r="4" t="141" w="246" /><ent r="3" t="141" w="313" /><ent r="3" t="141" w="325" /><ent r="3" t="142" w="25" /><ent r="3" t="142" w="27" /><ent r="3" t="142" w="58" /><ent r="3" t="142" w="119" /><ent r="3" t="142" w="120" /><ent r="5" t="142" w="133" /><ent r="3" t="142" w="152" /><ent r="3" t="142" w="168" /><ent r="3" t="142" w="195" /><ent r="3" t="142" w="209" /><ent r="3" t="142" w="211" /><ent r="3" t="142" w="257" /><ent r="3" t="143" w="63" /><ent r="3" t="143" w="66" /><ent r="4" t="143" w="168" /><ent r="3" t="143" w="186" /><ent r="3" t="143" w="202" /><ent r="3" t="143" w="265" /><ent r="3" t="143" w="401" /><ent r="3" t="144" w="25" /><ent r="3" t="144" w="30" /><ent r="3" t="144" w="31" /><ent r="4" t="144" w="82" /><ent r="4" t="144" w="120" /><ent r="4" t="144" w="121" /><ent r="3" t="144" w="156" /><ent r="5" t="144" w="172" /><ent r="3" t="144" w="190" /><ent r="3" t="144" w="206" /><ent r="6" t="145" w="70" /><ent r="3" t="145" w="89" /><ent r="3" t="145" w="105" /><ent r="3" t="145" w="204" /><ent r="3" t="145" w="220" /><ent r="3" t="145" w="241" /><ent r="4" t="146" w="61" /><ent r="4" t="146" w="89" /><ent r="3" t="146" w="107" /><ent r="3" t="146" w="123" /><ent r="5" t="146" w="268" /><ent r="5" t="146" w="336" /><ent r="3" t="147" w="21" /><ent r="3" t="147" w="26" /><ent r="3" t="147" w="27" /><ent r="4" t="147" w="97" /><ent r="3" t="147" w="131" /><ent r="3" t="147" w="168" /><ent r="3" t="147" w="196" /><ent r="3" t="147" w="228" /><ent r="4" t="147" w="244" /><ent r="3" t="147" w="262" /><ent r="3" t="147" w="278" /><ent r="4" t="148" w="86" /><ent r="4" t="148" w="112" /><ent r="3" t="148" w="155" /><ent r="3" t="148" w="173" /><ent r="3" t="148" w="191" /><ent r="3" t="148" w="207" /><ent r="4" t="149" w="78" /><ent r="4" t="149" w="107" /><ent r="3" t="149" w="125" /><ent r="3" t="149" w="141" /><ent r="3" t="149" w="230" /><ent r="3" t="149" w="233" /><ent r="3" t="149" w="280" /><ent r="3" t="149" w="317" /><ent r="3" t="150" w="26" /><ent r="4" t="150" w="94" /><ent r="3" t="150" w="113" /><ent r="3" t="150" w="135" /><ent r="3" t="150" w="169" /><ent r="3" t="150" w="183" /><ent r="4" t="150" w="203" /><ent r="3" t="150" w="221" /><ent r="3" t="150" w="237" /><ent r="4" t="151" w="160" /><ent r="4" t="151" w="188" /><ent r="3" t="151" w="206" /><ent r="3" t="151" w="222" /><ent r="5" t="151" w="325" /><ent r="5" t="151" w="326" /><ent r="5" t="151" w="421" /><ent r="5" t="151" w="489" /><ent r="3" t="152" w="31" /><ent r="3" t="152" w="32" /><ent r="3" t="152" w="33" /><ent r="4" t="152" w="55" /><ent r="3" t="152" w="92" /><ent r="3" t="153" w="23" /><ent r="3" t="153" w="45" /><ent r="3" t="153" w="96" /><ent r="3" t="153" w="97" /><ent r="4" t="153" w="153" /><ent r="5" t="153" w="181" /><ent r="3" t="153" w="227" /><ent r="3" t="153" w="247" /><ent r="3" t="153" w="257" /><ent r="5" t="153" w="352" /><ent r="5" t="153" w="355" /><ent r="3" t="153" w="423" /><ent r="3" t="153" w="441" /><ent r="4" t="153" w="578" /><ent r="4" t="153" w="596" /><ent r="3" t="153" w="652" /><ent r="3" t="153" w="693" /><ent r="3" t="153" w="760" /><ent r="3" t="153" w="784" /><ent r="4" t="153" w="810" /><ent r="3" t="153" w="837" /><ent r="3" t="153" w="879" /><ent r="3" t="153" w="924" /><ent r="3" t="153" w="930" /><ent r="3" t="153" w="933" /><ent r="3" t="153" w="980" /><ent r="4" t="153" w="1024" /><ent r="3" t="154" w="24" /><ent r="3" t="154" w="27" /><ent r="4" t="154" w="71" /><ent r="3" t="154" w="101" /><ent r="3" t="154" w="123" /><ent r="3" t="154" w="135" /><ent r="3" t="154" w="136" /><ent r="4" t="154" w="149" /><ent r="4" t="154" w="150" /><ent r="3" t="154" w="192" /><ent r="4" t="154" w="221" /><ent r="3" t="154" w="235" /><ent r="3" t="154" w="254" /><ent r="3" t="154" w="282" /><ent r="3" t="154" w="295" /><ent r="3" t="154" w="309" /><ent r="3" t="155" w="90" /><ent r="3" t="155" w="111" /><ent r="3" t="155" w="123" /><ent r="6" t="155" w="197" /><ent r="3" t="156" w="52" /><ent r="3" t="156" w="60" /><ent r="3" t="156" w="61" /><ent r="3" t="156" w="62" /><ent r="3" t="156" w="94" /><ent r="3" t="156" w="122" /><ent r="4" t="156" w="169" /><ent r="4" t="156" w="252" /><ent r="4" t="157" w="211" /><ent r="3" t="157" w="238" /><ent r="3" t="157" w="321" /><ent r="3" t="157" w="339" /><ent r="3" t="158" w="19" /><ent r="3" t="158" w="66" /><ent r="4" t="158" w="179" /><ent r="4" t="158" w="183" /><ent r="3" t="158" w="209" /><ent r="4" t="158" w="270" /><ent r="3" t="159" w="35" /><ent r="3" t="159" w="103" /><ent r="4" t="159" w="126" /><ent r="3" t="160" w="31" /><ent r="4" t="160" w="105" /><ent r="4" t="160" w="179" /><ent r="5" t="160" w="183" /><ent r="5" t="160" w="185" /><ent r="4" t="160" w="199" /><ent r="4" t="160" w="269" /><ent r="3" t="161" w="20" /><ent r="3" t="161" w="28" /><ent r="3" t="161" w="59" /><ent r="3" t="161" w="67" /><ent r="3" t="161" w="70" /><ent r="3" t="161" w="92" /><ent r="4" t="161" w="342" /><ent r="4" t="161" w="359" /><ent r="4" t="161" w="400" /><ent r="3" t="162" w="40" /><ent r="3" t="162" w="49" /><ent r="3" t="162" w="53" /><ent r="3" t="162" w="57" /><ent r="3" t="162" w="62" /><ent r="3" t="162" w="85" /><ent r="3" t="162" w="97" /><ent r="3" t="162" w="195" /><ent r="7" t="162" w="270" /><ent r="64" t="162" w="328" /><ent r="64" t="162" w="330" /><ent r="64" t="162" w="332" /><ent r="64" t="162" w="334" /><ent r="64" t="162" w="344" /><ent r="64" t="162" w="350" /><ent r="64" t="162" w="351" /><ent r="3" t="163" w="28" /><ent r="3" t="163" w="35" /><ent r="3" t="163" w="38" /><ent r="3" t="163" w="45" /><ent r="4" t="163" w="63" /><ent r="4" t="163" w="64" /><ent r="4" t="163" w="65" /><ent r="4" t="163" w="66" /><ent r="3" t="163" w="107" /><ent r="3" t="163" w="118" /><ent r="3" t="163" w="121" /><ent r="3" t="163" w="125" /><ent r="3" t="163" w="235" /><ent r="3" t="163" w="237" /><ent r="3" t="163" w="267" /><ent r="3" t="163" w="268" /><ent r="3" t="163" w="280" /><ent r="4" t="163" w="386" /><ent r="4" t="163" w="438" /><ent r="7" t="163" w="487" /><ent r="4" t="163" w="533" /><ent r="4" t="163" w="537" /><ent r="4" t="163" w="584" /><ent r="4" t="163" w="604" /><ent r="4" t="163" w="608" /><ent r="4" t="163" w="611" /><ent r="3" t="163" w="633" /><ent r="4" t="163" w="682" /><ent r="3" t="163" w="766" /><ent r="3" t="163" w="785" /><ent r="3" t="163" w="789" /><ent r="4" t="163" w="843" /><ent r="4" t="163" w="886" /><ent r="4" t="163" w="940" /><ent r="3" t="163" w="953" /><ent r="3" t="163" w="957" /><ent r="4" t="163" w="982" /><ent r="4" t="163" w="1003" /><ent r="3" t="163" w="1047" /><ent r="4" t="163" w="1061" /><ent r="4" t="163" w="1133" /><ent r="5" t="163" w="1143" /><ent r="3" t="163" w="1170" /><ent r="3" t="163" w="1194" /><ent r="3" t="163" w="1204" /><ent r="3" t="163" w="1205" /><ent r="3" t="163" w="1216" /><ent r="3" t="163" w="1261" /><ent r="3" t="163" w="1337" /><ent r="3" t="163" w="1348" /><ent r="3" t="163" w="1353" /><ent r="3" t="163" w="1360" /><ent r="4" t="163" w="1371" /><ent r="3" t="163" w="1417" /><ent r="3" t="163" w="1426" /><ent r="3" t="163" w="1444" /><ent r="3" t="163" w="1454" /><ent r="3" t="163" w="1455" /><ent r="4" t="163" w="1559" /><ent r="4" t="163" w="1560" /><ent r="4" t="163" w="1561" /><ent r="3" t="163" w="1587" /><ent r="3" t="163" w="1592" /><ent r="4" t="163" w="1646" /><ent r="4" t="163" w="1651" /><ent r="4" t="163" w="1679" /><ent r="4" t="163" w="1680" /><ent r="4" t="163" w="1681" /><ent r="4" t="163" w="1696" /><ent r="4" t="163" w="1701" /><ent r="4" t="163" w="1773" /><ent r="5" t="163" w="1783" /><ent r="5" t="163" w="1784" /><ent r="4" t="163" w="1824" /><ent r="4" t="163" w="1884" /><ent r="4" t="163" w="1932" /><ent r="4" t="163" w="1933" /><ent r="4" t="163" w="2018" /><ent r="4" t="163" w="2083" /><ent r="4" t="163" w="2087" /><ent r="4" t="163" w="2141" /><ent r="5" t="163" w="2144" /><ent r="4" t="163" w="2187" /><ent r="4" t="163" w="2272" /><ent r="4" t="163" w="2312" /><ent r="4" t="163" w="2317" /><ent r="4" t="163" w="2327" /><ent r="4" t="163" w="2341" /><ent r="5" t="163" w="2344" /><ent r="3" t="163" w="2387" /><ent r="3" t="163" w="2388" /><ent r="3" t="163" w="2403" /><ent r="3" t="163" w="2404" /><ent r="3" t="163" w="2405" /><ent r="1000" t="164" w="3" /><ent r="1000" t="164" w="5" /><ent r="102" t="164" w="22" /><ent r="102" t="164" w="24" /><ent r="102" t="164" w="26" /><ent r="102" t="164" w="28" /><ent r="3" t="164" w="48" /><ent r="3" t="164" w="55" /><ent r="3" t="164" w="62" /><ent r="3" t="164" w="67" /><ent r="3" t="164" w="70" /><ent r="3" t="164" w="73" /><ent r="3" t="164" w="84" /><ent r="3" t="164" w="190" /><ent r="3" t="164" w="213" /><ent r="3" t="164" w="252" /><ent r="3" t="164" w="264" /><ent r="3" t="164" w="373" /><ent r="3" t="164" w="379" /><ent r="3" t="164" w="381" /><ent r="3" t="164" w="431" /><ent r="3" t="164" w="433" /><ent r="4" t="164" w="536" /><ent r="4" t="164" w="588" /><ent r="7" t="164" w="637" /><ent r="4" t="164" w="683" /><ent r="5" t="164" w="687" /><ent r="4" t="164" w="753" /><ent r="3" t="164" w="837" /><ent r="3" t="164" w="864" /><ent r="3" t="164" w="893" /><ent r="4" t="164" w="927" /><ent r="3" t="164" w="943" /><ent r="4" t="164" w="984" /><ent r="4" t="164" w="995" /><ent r="4" t="164" w="1025" /><ent r="4" t="164" w="1119" /><ent r="4" t="164" w="1123" /><ent r="4" t="164" w="1142" /><ent r="4" t="164" w="1148" /><ent r="4" t="164" w="1153" /><ent r="4" t="164" w="1158" /><ent r="4" t="164" w="1215" /><ent r="4" t="164" w="1219" /><ent r="4" t="164" w="1250" /><ent r="3" t="164" w="1357" /><ent r="3" t="164" w="1404" /><ent r="3" t="164" w="1405" /><ent r="3" t="164" w="1418" /><ent r="3" t="164" w="1421" /><ent r="3" t="164" w="1441" /><ent r="4" t="164" w="1648" /><ent r="4" t="164" w="1680" /><ent r="4" t="164" w="1691" /><ent r="4" t="164" w="1713" /><ent r="4" t="164" w="1734" /><ent r="4" t="164" w="1790" /><ent r="4" t="164" w="1801" /><ent r="4" t="164" w="1804" /><ent r="4" t="164" w="1816" /><ent r="3" t="164" w="1844" /><ent r="3" t="164" w="1854" /><ent r="4" t="164" w="2008" /><ent r="3" t="164" w="2024" /><ent r="4" t="164" w="2028" /><ent r="3" t="164" w="2048" /><ent r="3" t="164" w="2073" /><ent r="4" t="164" w="2102" /><ent r="3" t="164" w="2115" /><ent r="3" t="164" w="2136" /><ent r="4" t="164" w="2225" /><ent r="4" t="164" w="2252" /><ent r="3" t="164" w="2326" /><ent r="4" t="164" w="2373" /><ent r="4" t="164" w="2401" /><ent r="3" t="164" w="2466" /><ent r="3" t="164" w="2474" /><ent r="3" t="164" w="2479" /><ent r="4" t="164" w="2492" /><ent r="5" t="164" w="2553" /><ent r="4" t="164" w="2636" /><ent r="3" t="164" w="2692" /><ent r="3" t="164" w="2776" /><ent r="4" t="164" w="2840" /><ent r="4" t="164" w="2908" /><ent r="3" t="164" w="2957" /><ent r="3" t="164" w="2969" /><ent r="3" t="164" w="2972" /><ent r="1000" t="165" w="3" /><ent r="1000" t="165" w="4" /><ent r="102" t="165" w="14" /><ent r="102" t="165" w="20" /><ent r="102" t="165" w="21" /><ent r="3" t="165" w="38" /><ent r="3" t="165" w="70" /><ent r="3" t="165" w="127" /><ent r="3" t="165" w="135" /><ent r="3" t="165" w="143" /><ent r="3" t="165" w="145" /><ent r="4" t="165" w="248" /><ent r="4" t="165" w="300" /><ent r="7" t="165" w="349" /><ent r="4" t="165" w="395" /><ent r="5" t="165" w="399" /><ent r="4" t="165" w="408" /><ent r="4" t="165" w="447" /><ent r="4" t="165" w="466" /><ent r="4" t="165" w="552" /><ent r="4" t="165" w="574" /><ent r="4" t="165" w="597" /><ent r="5" t="165" w="694" /><ent r="3" t="165" w="774" /><ent r="4" t="165" w="813" /><ent r="4" t="165" w="948" /><ent r="4" t="165" w="996" /><ent r="4" t="165" w="1015" /><ent r="5" t="165" w="1018" /><ent r="5" t="165" w="1019" /><ent r="4" t="165" w="1053" /><ent r="4" t="165" w="1138" /><ent r="4" t="165" w="1176" /><ent r="5" t="165" w="1216" /><ent r="4" t="165" w="1256" /><ent r="4" t="165" w="1312" /><ent r="4" t="165" w="1358" /><ent r="3" t="165" w="1394" /><ent r="4" t="165" w="1434" /><ent r="3" t="165" w="1468" /><ent r="3" t="165" w="1533" /><ent r="3" t="165" w="1557" /><ent r="3" t="165" w="1584" /><ent r="3" t="165" w="1586" /><ent r="3" t="166" w="36" /><ent r="3" t="166" w="68" /><ent r="3" t="166" w="133" /><ent r="3" t="166" w="134" /><ent r="3" t="166" w="135" /><ent r="4" t="166" w="208" /><ent r="4" t="166" w="260" /><ent r="7" t="166" w="309" /><ent r="4" t="166" w="419" /><ent r="4" t="166" w="559" /><ent r="3" t="166" w="667" /><ent r="3" t="166" w="729" /><ent r="3" t="166" w="764" /><ent r="4" t="166" w="952" /><ent r="3" t="166" w="982" /><ent r="4" t="166" w="1015" /><ent r="4" t="166" w="1034" /><ent r="4" t="166" w="1054" /><ent r="4" t="166" w="1062" /><ent r="3" t="166" w="1195" /><ent r="3" t="166" w="1205" /><ent r="3" t="166" w="1215" /><ent r="3" t="166" w="1231" /><ent r="3" t="166" w="1251" /><ent r="3" t="166" w="1259" /><ent r="3" t="166" w="1262" /><ent r="3" t="166" w="1280" /><ent r="3" t="166" w="1412" /><ent r="4" t="166" w="1499" /><ent r="4" t="166" w="1512" /><ent r="4" t="166" w="1527" /><ent r="3" t="167" w="26" /><ent r="3" t="167" w="40" /><ent r="3" t="167" w="116" /><ent r="3" t="167" w="117" /><ent r="3" t="167" w="118" /><ent r="3" t="167" w="119" /><ent r="3" t="167" w="168" /><ent r="3" t="167" w="187" /><ent r="3" t="167" w="192" /><ent r="3" t="167" w="195" /><ent r="3" t="167" w="228" /><ent r="3" t="167" w="246" /><ent r="3" t="167" w="255" /><ent r="3" t="167" w="256" /><ent r="3" t="167" w="257" /><ent r="3" t="167" w="268" /><ent r="3" t="167" w="289" /><ent r="3" t="167" w="302" /><ent r="3" t="167" w="376" /><ent r="4" t="167" w="486" /><ent r="4" t="167" w="538" /><ent r="7" t="167" w="587" /><ent r="4" t="167" w="633" /><ent r="4" t="167" w="637" /><ent r="4" t="167" w="683" /><ent r="4" t="167" w="699" /><ent r="4" t="167" w="703" /><ent r="4" t="167" w="712" /><ent r="3" t="167" w="726" /><ent r="4" t="167" w="766" /><ent r="4" t="167" w="784" /><ent r="4" t="167" w="804" /><ent r="4" t="167" w="866" /><ent r="4" t="167" w="887" /><ent r="4" t="167" w="900" /><ent r="4" t="167" w="911" /><ent r="4" t="167" w="986" /><ent r="3" t="167" w="1002" /><ent r="4" t="167" w="1053" /><ent r="3" t="167" w="1078" /><ent r="3" t="167" w="1157" /><ent r="3" t="167" w="1158" /><ent r="3" t="167" w="1159" /><ent r="3" t="167" w="1164" /><ent r="3" t="167" w="1174" /><ent r="3" t="168" w="29" /><ent r="3" t="168" w="43" /><ent r="3" t="168" w="106" /><ent r="3" t="168" w="107" /><ent r="3" t="168" w="108" /><ent r="3" t="168" w="109" /><ent r="3" t="168" w="158" /><ent r="3" t="168" w="177" /><ent r="3" t="168" w="182" /><ent r="3" t="168" w="185" /><ent r="3" t="168" w="217" /><ent r="3" t="168" w="235" /><ent r="3" t="168" w="244" /><ent r="3" t="168" w="245" /><ent r="3" t="168" w="246" /><ent r="3" t="168" w="257" /><ent r="3" t="168" w="278" /><ent r="3" t="168" w="363" /><ent r="4" t="168" w="471" /><ent r="4" t="168" w="523" /><ent r="7" t="168" w="572" /><ent r="4" t="168" w="618" /><ent r="4" t="168" w="622" /><ent r="4" t="168" w="632" /><ent r="4" t="168" w="659" /><ent r="4" t="168" w="669" /><ent r="3" t="168" w="691" /><ent r="3" t="168" w="697" /><ent r="3" t="168" w="724" /><ent r="3" t="168" w="728" /><ent r="3" t="168" w="759" /><ent r="3" t="168" w="793" /><ent r="3" t="168" w="794" /><ent r="3" t="168" w="797" /><ent r="3" t="168" w="813" /><ent r="5" t="168" w="843" /><ent r="4" t="168" w="856" /><ent r="4" t="168" w="871" /><ent r="4" t="168" w="890" /><ent r="4" t="168" w="934" /><ent r="4" t="168" w="964" /><ent r="6" t="168" w="983" /><ent r="4" t="168" w="1010" /><ent r="4" t="168" w="1044" /><ent r="3" t="168" w="1075" /><ent r="4" t="168" w="1093" /><ent r="4" t="168" w="1118" /><ent r="4" t="168" w="1159" /><ent r="3" t="168" w="1231" /><ent r="3" t="168" w="1259" /><ent r="3" t="168" w="1269" /><ent r="3" t="168" w="1307" /><ent r="3" t="168" w="1308" /><ent r="3" t="169" w="26" /><ent r="3" t="169" w="42" /><ent r="4" t="169" w="179" /><ent r="4" t="169" w="205" /><ent r="4" t="169" w="206" /><ent r="4" t="169" w="207" /><ent r="4" t="169" w="225" /><ent r="4" t="169" w="253" /><ent r="4" t="169" w="362" /><ent r="4" t="169" w="414" /><ent r="7" t="169" w="463" /><ent r="4" t="169" w="510" /><ent r="5" t="169" w="513" /><ent r="5" t="169" w="568" /><ent r="3" t="169" w="575" /><ent r="4" t="169" w="624" /><ent r="3" t="169" w="642" /><ent r="4" t="169" w="667" /><ent r="4" t="169" w="703" /><ent r="5" t="169" w="715" /><ent r="4" t="169" w="764" /><ent r="5" t="169" w="862" /><ent r="5" t="169" w="888" /><ent r="5" t="169" w="916" /><ent r="5" t="169" w="964" /><ent r="5" t="169" w="993" /><ent r="3" t="169" w="1017" /><ent r="3" t="169" w="1026" /><ent r="3" t="169" w="1028" /><ent r="3" t="169" w="1029" /><ent r="3" t="169" w="1030" /><ent r="4" t="169" w="1073" /><ent r="3" t="169" w="1089" /><ent r="3" t="169" w="1141" /><ent r="4" t="169" w="1155" /><ent r="3" t="169" w="1173" /><ent r="4" t="169" w="1216" /><ent r="4" t="169" w="1269" /><ent r="3" t="169" w="1309" /><ent r="3" t="170" w="24" /><ent r="3" t="170" w="45" /><ent r="3" t="170" w="109" /><ent r="3" t="170" w="113" /><ent r="3" t="170" w="170" /><ent r="3" t="170" w="194" /><ent r="3" t="170" w="258" /><ent r="3" t="170" w="301" /><ent r="4" t="170" w="376" /><ent r="4" t="170" w="428" /><ent r="7" t="170" w="477" /><ent r="4" t="170" w="522" /><ent r="4" t="170" w="526" /><ent r="4" t="170" w="547" /><ent r="4" t="170" w="570" /><ent r="4" t="170" w="613" /><ent r="4" t="170" w="642" /><ent r="4" t="170" w="769" /><ent r="4" t="170" w="791" /><ent r="4" t="170" w="801" /><ent r="4" t="170" w="812" /><ent r="4" t="170" w="875" /><ent r="4" t="170" w="897" /><ent r="4" t="170" w="907" /><ent r="4" t="170" w="918" /><ent r="3" t="170" w="973" /><ent r="3" t="170" w="1036" /><ent r="3" t="170" w="1125" /><ent r="3" t="170" w="1148" /><ent r="3" t="170" w="1190" /><ent r="3" t="170" w="1196" /><ent r="3" t="170" w="1203" /><ent r="3" t="170" w="1207" /><ent r="3" t="170" w="1211" /><ent r="4" t="170" w="1271" /><ent r="4" t="170" w="1329" /><ent r="4" t="170" w="1354" /><ent r="4" t="170" w="1380" /><ent r="6" t="170" w="1454" /><ent r="3" t="170" w="1750" /><ent r="3" t="170" w="1767" /><ent r="3" t="170" w="1786" /><ent r="3" t="170" w="1804" /><ent r="3" t="170" w="1955" /><ent r="4" t="170" w="1973" /><ent r="4" t="170" w="1996" /><ent r="4" t="170" w="2029" /><ent r="4" t="170" w="2054" /><ent r="4" t="170" w="2078" /><ent r="3" t="171" w="32" /><ent r="3" t="171" w="64" /><ent r="3" t="171" w="121" /><ent r="5" t="171" w="180" /><ent r="4" t="171" w="199" /><ent r="4" t="171" w="273" /><ent r="4" t="171" w="325" /><ent r="7" t="171" w="374" /><ent r="4" t="171" w="421" /><ent r="4" t="171" w="425" /><ent r="4" t="171" w="465" /><ent r="4" t="171" w="508" /><ent r="4" t="171" w="564" /><ent r="4" t="171" w="618" /><ent r="4" t="171" w="671" /><ent r="4" t="171" w="693" /><ent r="3" t="171" w="779" /><ent r="4" t="171" w="799" /><ent r="3" t="171" w="883" /><ent r="3" t="171" w="938" /><ent r="3" t="171" w="962" /><ent r="3" t="171" w="1006" /><ent r="3" t="171" w="1033" /><ent r="3" t="171" w="1052" /><ent r="3" t="171" w="1173" /><ent r="3" t="171" w="1204" /><ent r="3" t="171" w="1287" /><ent r="4" t="171" w="1332" /><ent r="4" t="171" w="1426" /><ent r="4" t="171" w="1488" /><ent r="3" t="171" w="1510" /><ent r="3" t="171" w="1522" /><ent r="4" t="171" w="1548" /><ent r="4" t="171" w="1573" /><ent r="4" t="171" w="1581" /><ent r="3" t="171" w="1612" /><ent r="3" t="171" w="1632" /><ent r="3" t="171" w="1646" /><ent r="4" t="171" w="1674" /><ent r="3" t="171" w="1687" /><ent r="3" t="172" w="17" /><ent r="3" t="172" w="29" /><ent r="3" t="172" w="31" /><ent r="4" t="172" w="125" /><ent r="4" t="172" w="147" /><ent r="3" t="173" w="16" /><ent r="3" t="173" w="34" /><ent r="7" t="173" w="91" /><ent r="7" t="173" w="107" /><ent r="7" t="173" w="126" /><ent r="7" t="173" w="142" /><ent r="5" t="173" w="279" /><ent r="3" t="175" w="54" /><ent r="3" t="175" w="115" /><ent r="3" t="175" w="201" /><ent r="3" t="176" w="36" /><ent r="3" t="176" w="46" /><ent r="3" t="176" w="64" /><ent r="3" t="176" w="97" /><ent r="3" t="176" w="107" /><ent r="3" t="176" w="121" /><ent r="3" t="178" w="50" /><ent r="3" t="178" w="108" /><ent r="3" t="178" w="109" /><ent r="3" t="178" w="183" /><ent r="3" t="178" w="228" /><ent r="3" t="178" w="229" /><ent r="3" t="178" w="230" /><ent r="4" t="178" w="248" /><ent r="4" t="178" w="318" /><ent r="4" t="178" w="355" /><ent r="3" t="179" w="21" /><ent r="5" t="179" w="66" /><ent r="5" t="179" w="71" /><ent r="7" t="179" w="142" /><ent r="6" t="179" w="227" /><ent r="6" t="179" w="240" /><ent r="7" t="179" w="331" /><ent r="7" t="179" w="332" /><ent r="7" t="179" w="333" /><ent r="7" t="179" w="346" /><ent r="7" t="179" w="348" /><ent r="7" t="179" w="350" /><ent r="7" t="179" w="352" /><ent r="7" t="179" w="386" /><ent r="7" t="179" w="387" /><ent r="7" t="179" w="388" /><ent r="7" t="179" w="389" /><ent r="7" t="179" w="434" /><ent r="7" t="179" w="438" /><ent r="7" t="179" w="441" /><ent r="7" t="179" w="444" /><ent r="7" t="179" w="447" /><ent r="7" t="179" w="450" /><ent r="7" t="179" w="452" /><ent r="7" t="179" w="476" /><ent r="7" t="179" w="493" /><ent r="7" t="179" w="494" /><ent r="7" t="179" w="585" /><ent r="7" t="179" w="587" /><ent r="7" t="179" w="588" /><ent r="7" t="179" w="589" /><ent r="7" t="179" w="678" /><ent r="3" t="179" w="757" /><ent r="3" t="179" w="758" /><ent r="3" t="179" w="767" /><ent r="4" t="180" w="66" /><ent r="4" t="180" w="85" /><ent r="3" t="180" w="159" /><ent r="3" t="180" w="160" /><ent r="3" t="188" w="38" /><ent r="3" t="188" w="52" /><ent r="3" t="188" w="54" /><ent r="3" t="188" w="87" /><ent r="3" t="188" w="101" /><ent r="3" t="188" w="105" /><ent r="3" t="188" w="108" /><ent r="3" t="188" w="119" /><ent r="3" t="188" w="139" /><ent r="3" t="188" w="159" /><ent r="3" t="188" w="198" /><ent r="3" t="188" w="199" /><ent r="3" t="188" w="312" /><ent r="4" t="188" w="375" /><ent r="4" t="188" w="391" /><ent r="4" t="188" w="427" /><ent r="4" t="188" w="448" /><ent r="4" t="188" w="481" /><ent r="4" t="188" w="563" /><ent r="4" t="188" w="567" /><ent r="4" t="188" w="568" /><ent r="4" t="188" w="589" /><ent r="3" t="189" w="21" /><ent r="3" t="190" w="25" /><ent r="3" t="190" w="26" /><ent r="3" t="190" w="29" /><ent r="3" t="191" w="34" /><ent r="3" t="191" w="35" /><ent r="3" t="191" w="42" /><ent r="3" t="191" w="76" /><ent r="3" t="191" w="113" /><ent r="3" t="192" w="64" /><ent r="3" t="192" w="84" /><ent r="3" t="193" w="116" /><ent r="3" t="193" w="130" /><ent r="4" t="193" w="147" /><ent r="4" t="193" w="151" /><ent r="4" t="193" w="154" /><ent r="4" t="193" w="164" /><ent r="4" t="193" w="168" /><ent r="4" t="193" w="171" /><ent r="4" t="193" w="182" /><ent r="4" t="193" w="196" /><ent r="3" t="193" w="230" /><ent r="4" t="193" w="267" /><ent r="4" t="193" w="283" /><ent r="4" t="193" w="325" /><ent r="3" t="194" w="52" /><ent r="3" t="194" w="66" /><ent r="4" t="194" w="83" /><ent r="4" t="194" w="87" /><ent r="4" t="194" w="90" /><ent r="4" t="194" w="100" /><ent r="4" t="194" w="104" /><ent r="4" t="194" w="107" /><ent r="4" t="194" w="118" /><ent r="4" t="194" w="132" /><ent r="3" t="194" w="166" /><ent r="4" t="194" w="203" /><ent r="4" t="194" w="219" /><ent r="4" t="194" w="247" /><ent r="3" t="195" w="19" /><ent r="4" t="195" w="36" /><ent r="4" t="195" w="40" /><ent r="4" t="195" w="43" /><ent r="4" t="195" w="53" /><ent r="4" t="195" w="57" /><ent r="4" t="195" w="60" /><ent r="4" t="195" w="71" /><ent r="4" t="195" w="85" /><ent r="3" t="195" w="119" /><ent r="4" t="195" w="156" /><ent r="4" t="195" w="172" /><ent r="3" t="196" w="50" /><ent r="3" t="196" w="64" /><ent r="4" t="196" w="81" /><ent r="4" t="196" w="85" /><ent r="4" t="196" w="88" /><ent r="4" t="196" w="98" /><ent r="4" t="196" w="102" /><ent r="4" t="196" w="105" /><ent r="4" t="196" w="116" /><ent r="4" t="196" w="130" /><ent r="3" t="196" w="164" /><ent r="4" t="196" w="201" /><ent r="4" t="196" w="217" /><ent r="4" t="197" w="48" /><ent r="4" t="197" w="91" /><ent r="3" t="197" w="136" /><ent r="3" t="197" w="158" /><ent r="4" t="197" w="184" /><ent r="4" t="197" w="264" /><ent r="3" t="198" w="34" /><ent r="3" t="198" w="52" /><ent r="3" t="198" w="83" /><ent r="3" t="198" w="143" /><ent r="3" t="198" w="154" /><ent r="4" t="199" w="50" /><ent r="3" t="200" w="39" /><ent r="3" t="200" w="57" /><ent r="3" t="200" w="88" /><ent r="3" t="200" w="148" /><ent r="3" t="200" w="159" /><ent r="3" t="201" w="35" /><ent r="4" t="201" w="53" /><ent r="4" t="201" w="68" /><ent r="4" t="201" w="84" /><ent r="4" t="201" w="92" /><ent r="4" t="202" w="60" /><ent r="4" t="202" w="79" /><ent r="5" t="202" w="141" /><ent r="5" t="202" w="149" /><ent r="5" t="202" w="156" /><ent r="3" t="202" w="201" /><ent r="3" t="202" w="202" /><ent r="4" t="203" w="53" /><ent r="3" t="204" w="33" /><ent r="4" t="205" w="83" /><ent r="4" t="205" w="107" /><ent r="3" t="205" w="151" /><ent r="3" t="206" w="20" /><ent r="3" t="206" w="36" /><ent r="3" t="206" w="54" /><ent r="4" t="206" w="71" /><ent r="4" t="206" w="94" /><ent r="4" t="206" w="120" /><ent r="4" t="206" w="151" /><ent r="3" t="206" w="165" /><ent r="3" t="206" w="170" /><ent r="3" t="206" w="174" /><ent r="4" t="207" w="82" /><ent r="4" t="207" w="106" /><ent r="4" t="207" w="126" /><ent r="6" t="208" w="50" /><ent r="6" t="208" w="59" /><ent r="6" t="208" w="142" /><ent r="6" t="208" w="143" /><ent r="6" t="208" w="144" /><ent r="6" t="208" w="145" /><ent r="6" t="208" w="146" /><ent r="6" t="208" w="147" /><ent r="6" t="208" w="148" /><ent r="6" t="208" w="149" /><ent r="6" t="208" w="151" /><ent r="6" t="208" w="153" /><ent r="6" t="208" w="154" /><ent r="6" t="208" w="157" /><ent r="6" t="208" w="159" /><ent r="6" t="208" w="161" /><ent r="6" t="208" w="162" /><ent r="6" t="208" w="188" /><ent r="6" t="208" w="195" /><ent r="6" t="208" w="196" /><ent r="6" t="208" w="197" /><ent r="6" t="208" w="198" /><ent r="6" t="208" w="199" /><ent r="6" t="208" w="201" /><ent r="6" t="208" w="203" /><ent r="6" t="208" w="204" /><ent r="6" t="208" w="205" /><ent r="6" t="208" w="207" /><ent r="6" t="208" w="211" /><ent r="6" t="208" w="237" /><ent r="6" t="208" w="238" /><ent r="6" t="208" w="239" /><ent r="6" t="208" w="240" /><ent r="6" t="208" w="241" /><ent r="6" t="208" w="243" /><ent r="6" t="208" w="245" /><ent r="6" t="208" w="246" /><ent r="6" t="208" w="247" /><ent r="6" t="208" w="249" /><ent r="6" t="208" w="263" /><ent r="6" t="208" w="264" /><ent r="6" t="208" w="265" /><ent r="6" t="208" w="269" /><ent r="6" t="208" w="299" /><ent r="6" t="208" w="300" /><ent r="6" t="208" w="301" /><ent r="6" t="208" w="302" /><ent r="6" t="208" w="303" /><ent r="6" t="208" w="305" /><ent r="6" t="208" w="307" /><ent r="6" t="208" w="308" /><ent r="6" t="208" w="309" /><ent r="6" t="208" w="311" /><ent r="6" t="208" w="357" /><ent r="6" t="208" w="364" /><ent r="6" t="208" w="365" /><ent r="6" t="208" w="366" /><ent r="6" t="208" w="367" /><ent r="6" t="208" w="368" /><ent r="6" t="208" w="369" /><ent r="6" t="208" w="370" /><ent r="6" t="208" w="371" /><ent r="6" t="208" w="373" /><ent r="6" t="208" w="375" /><ent r="6" t="208" w="376" /><ent r="6" t="208" w="377" /><ent r="6" t="208" w="379" /><ent r="6" t="208" w="383" /><ent r="6" t="208" w="409" /><ent r="6" t="208" w="410" /><ent r="6" t="208" w="411" /><ent r="6" t="208" w="412" /><ent r="6" t="208" w="413" /><ent r="6" t="208" w="415" /><ent r="6" t="208" w="417" /><ent r="6" t="208" w="418" /><ent r="6" t="208" w="419" /><ent r="6" t="208" w="441" /><ent r="6" t="208" w="442" /><ent r="6" t="208" w="445" /><ent r="6" t="208" w="446" /><ent r="6" t="208" w="447" /><ent r="6" t="208" w="448" /><ent r="6" t="208" w="449" /><ent r="6" t="208" w="450" /><ent r="6" t="208" w="451" /><ent r="6" t="208" w="452" /><ent r="6" t="208" w="454" /><ent r="6" t="208" w="456" /><ent r="6" t="208" w="457" /><ent r="6" t="208" w="458" /><ent r="6" t="208" w="460" /><ent r="6" t="208" w="480" /><ent r="6" t="208" w="481" /><ent r="6" t="208" w="482" /><ent r="6" t="208" w="483" /><ent r="6" t="208" w="484" /><ent r="6" t="208" w="485" /><ent r="6" t="208" w="486" /><ent r="6" t="208" w="487" /><ent r="6" t="208" w="489" /><ent r="6" t="208" w="491" /><ent r="6" t="208" w="492" /><ent r="6" t="208" w="493" /><ent r="6" t="208" w="495" /><ent r="6" t="208" w="499" /><ent r="6" t="208" w="526" /><ent r="6" t="208" w="527" /><ent r="6" t="208" w="528" /><ent r="6" t="208" w="529" /><ent r="6" t="208" w="530" /><ent r="6" t="208" w="531" /><ent r="6" t="208" w="532" /><ent r="6" t="208" w="533" /><ent r="6" t="208" w="535" /><ent r="6" t="208" w="537" /><ent r="6" t="208" w="538" /><ent r="6" t="208" w="545" /><ent r="6" t="208" w="547" /><ent r="6" t="208" w="568" /><ent r="6" t="208" w="576" /><ent r="6" t="208" w="580" /><ent r="3" t="209" w="19" /><ent r="3" t="209" w="22" /><ent r="3" t="209" w="23" /><ent r="3" t="209" w="24" /><ent r="4" t="209" w="50" /><ent r="4" t="209" w="105" /><ent r="4" t="209" w="126" /><ent r="4" t="209" w="139" /><ent r="4" t="209" w="162" /><ent r="4" t="209" w="223" /><ent r="4" t="209" w="291" /><ent r="3" t="210" w="16" /><ent r="3" t="211" w="16" /><ent r="7" t="211" w="66" /><ent r="7" t="211" w="67" /><ent r="7" t="211" w="74" /><ent r="7" t="211" w="75" /><ent r="4" t="212" w="31" /><ent r="4" t="212" w="99" /><ent r="3" t="213" w="51" /><ent r="3" t="213" w="67" /><ent r="3" t="213" w="85" /><ent r="3" t="213" w="132" /><ent r="3" t="213" w="167" /><ent r="3" t="213" w="239" /><ent r="3" t="213" w="242" /><ent r="3" t="213" w="245" /><ent r="3" t="213" w="249" /><ent r="3" t="213" w="278" /><ent r="3" t="213" w="282" /><ent r="3" t="213" w="303" /><ent r="3" t="213" w="330" /><ent r="3" t="213" w="415" /><ent r="3" t="213" w="431" /><ent r="3" t="213" w="485" /><ent r="3" t="213" w="526" /><ent r="3" t="213" w="535" /><ent r="7" t="215" w="78" /><ent r="7" t="215" w="93" /><ent r="7" t="215" w="129" /><ent r="7" t="215" w="206" /><ent r="7" t="216" w="104" /><ent r="7" t="216" w="146" /><ent r="7" t="216" w="184" /><ent r="7" t="217" w="86" /><ent r="7" t="217" w="88" /></phr></stem></index>