﻿<?xml version="1.0" encoding="utf-8"?><index><stem n="opticks.org/confluence/displai"><phr n="opticks.org/confluence/display"><ent r="68" t="172" w="268" /><ent r="68" t="172" w="265" /><ent r="68" t="173" w="485" /><ent r="68" t="173" w="482" /><ent r="68" t="174" w="635" /><ent r="68" t="174" w="632" /><ent r="68" t="175" w="347" /><ent r="68" t="175" w="344" /><ent r="68" t="176" w="307" /><ent r="68" t="176" w="304" /><ent r="68" t="177" w="585" /><ent r="68" t="177" w="582" /><ent r="68" t="178" w="570" /><ent r="68" t="178" w="567" /><ent r="68" t="179" w="194" /><ent r="68" t="179" w="191" /><ent r="68" t="180" w="461" /><ent r="68" t="180" w="458" /><ent r="68" t="181" w="382" /><ent r="68" t="181" w="379" /><ent r="68" t="182" w="372" /><ent r="68" t="182" w="369" /></phr></stem><stem n="opticks.org/confluence/display/optick"><phr n="opticks.org/confluence/display/opticks"><ent r="68" t="172" w="269" /><ent r="68" t="172" w="265" /><ent r="68" t="173" w="486" /><ent r="68" t="173" w="482" /><ent r="68" t="174" w="636" /><ent r="68" t="174" w="632" /><ent r="68" t="175" w="348" /><ent r="68" t="175" w="344" /><ent r="68" t="176" w="308" /><ent r="68" t="176" w="304" /><ent r="68" t="177" w="586" /><ent r="68" t="177" w="582" /><ent r="68" t="178" w="571" /><ent r="68" t="178" w="567" /><ent r="68" t="179" w="195" /><ent r="68" t="179" w="191" /><ent r="68" t="180" w="462" /><ent r="68" t="180" w="458" /><ent r="68" t="181" w="383" /><ent r="68" t="181" w="379" /><ent r="68" t="182" w="373" /><ent r="68" t="182" w="369" /></phr></stem><stem n="://opticks.org/confluence/display/opticks/sample+data"><phr n="://opticks.org/confluence/display/opticks/Sample+Data"><ent r="68" t="172" w="270" /><ent r="68" t="173" w="487" /><ent r="68" t="174" w="637" /><ent r="68" t="175" w="349" /><ent r="68" t="176" w="309" /><ent r="68" t="177" w="587" /><ent r="68" t="178" w="572" /><ent r="68" t="179" w="196" /><ent r="68" t="180" w="463" /><ent r="68" t="181" w="384" /><ent r="68" t="182" w="374" /></phr></stem><stem n="opticks.org/confluence/display/opticks/sample+data"><phr n="opticks.org/confluence/display/opticks/Sample+Data"><ent r="68" t="172" w="270" /><ent r="68" t="172" w="265" /><ent r="68" t="173" w="487" /><ent r="68" t="173" w="482" /><ent r="68" t="174" w="637" /><ent r="68" t="174" w="632" /><ent r="68" t="175" w="349" /><ent r="68" t="175" w="344" /><ent r="68" t="176" w="309" /><ent r="68" t="176" w="304" /><ent r="68" t="177" w="587" /><ent r="68" t="177" w="582" /><ent r="68" t="178" w="572" /><ent r="68" t="178" w="567" /><ent r="68" t="179" w="196" /><ent r="68" t="179" w="191" /><ent r="68" t="180" w="463" /><ent r="68" t="180" w="458" /><ent r="68" t="181" w="384" /><ent r="68" t="181" w="379" /><ent r="68" t="182" w="374" /><ent r="68" t="182" w="369" /></phr></stem><stem n="sample+data"><phr n="Sample+Data"><ent r="68" t="172" w="270" /><ent r="68" t="173" w="487" /><ent r="68" t="174" w="637" /><ent r="68" t="175" w="349" /><ent r="68" t="176" w="309" /><ent r="68" t="177" w="587" /><ent r="68" t="178" w="572" /><ent r="68" t="179" w="196" /><ent r="68" t="180" w="463" /><ent r="68" t="181" w="384" /><ent r="68" t="182" w="374" /></phr></stem><stem n="information/annot"><phr n="Information/Annotations"><ent r="64" t="172" w="334" /><ent r="64" t="172" w="333" /><ent r="102" t="174" w="30" /><ent r="102" t="174" w="29" /></phr><phr n="information/annotations"><ent r="4" t="174" w="121" /><ent r="4" t="174" w="120" /></phr></stem><stem n="information/annotations,"><phr n="Information/Annotations,"><ent r="64" t="172" w="334" /><ent r="64" t="172" w="333" /><ent r="102" t="174" w="30" /><ent r="102" t="174" w="29" /></phr></stem><stem n="/annotations,"><phr n="/Annotations,"><ent r="64" t="172" w="335" /><ent r="102" t="174" w="31" /></phr></stem><stem n="familiar"><phr n="familiar"><ent r="3" t="173" w="31" /><ent r="3" t="175" w="41" /><ent r="3" t="177" w="29" /><ent r="3" t="178" w="32" /><ent r="3" t="179" w="36" /><ent r="3" t="180" w="29" /><ent r="3" t="181" w="27" /><ent r="3" t="181" w="1875" /><ent r="3" t="182" w="35" /><ent r="3" t="182" w="1700" /></phr></stem><stem n="’ll"><phr n="’ll"><ent r="3" t="173" w="46" /><ent r="3" t="174" w="85" /><ent r="3" t="176" w="69" /><ent r="3" t="182" w="622" /></phr></stem><stem n="lesson"><phr n="Lesson"><ent r="4" t="173" w="96" /><ent r="4" t="174" w="127" /><ent r="4" t="175" w="113" /><ent r="4" t="176" w="102" /><ent r="4" t="177" w="84" /><ent r="4" t="178" w="74" /><ent r="4" t="179" w="120" /><ent r="4" t="180" w="75" /><ent r="4" t="181" w="76" /><ent r="4" t="182" w="110" /></phr><phr n="lesson"><ent r="3" t="174" w="272" /><ent r="4" t="180" w="281" /></phr></stem><stem n="graph"><phr n="graph"><ent r="3" t="173" w="142" /><ent r="4" t="175" w="1373" /></phr></stem><stem n="characterist"><phr n="characteristics"><ent r="3" t="173" w="191" /></phr></stem><stem n="format/sc"><phr n="format/scaling"><ent r="3" t="173" w="233" /><ent r="3" t="173" w="232" /></phr></stem><stem n="format/scaling,"><phr n="format/scaling,"><ent r="3" t="173" w="233" /><ent r="3" t="173" w="232" /></phr></stem><stem n="/scaling,"><phr n="/scaling,"><ent r="3" t="173" w="234" /></phr></stem><stem n="crop"><phr n="cropping"><ent r="3" t="173" w="234" /></phr></stem><stem n="-format"><phr n="-formatted"><ent r="3" t="173" w="242" /><ent r="3" t="173" w="242" /></phr></stem><stem n="ice-format"><phr n="ICE-formatted"><ent r="3" t="173" w="242" /></phr></stem><stem n="whenev"><phr n="whenever"><ent r="3" t="173" w="252" /></phr></stem><stem n="obtain"><phr n="obtained"><ent r="3" t="173" w="262" /></phr><phr n="obtain"><ent r="3" t="181" w="192" /></phr></stem><stem n="d"><phr n="D"><ent r="66" t="173" w="318" /><ent r="64" t="192" w="136" /><ent r="3" t="192" w="227" /><ent r="1000" t="197" w="2" /><ent r="102" t="197" w="5" /></phr><phr n="d"><ent r="4" t="174" w="1453" /></phr></stem><stem n="isplai"><phr n="isplay"><ent r="65" t="173" w="320" /></phr></stem><stem n="landsat6band"><phr n="landsat6band"><ent r="5" t="173" w="546" /><ent r="6" t="173" w="2358" /><ent r="5" t="174" w="693" /><ent r="5" t="174" w="2222" /><ent r="5" t="174" w="2391" /><ent r="5" t="180" w="521" /><ent r="5" t="180" w="559" /><ent r="5" t="180" w="768" /><ent r="5" t="180" w="930" /><ent r="4" t="182" w="692" /><ent r="4" t="182" w="713" /><ent r="4" t="182" w="738" /></phr><phr n="Landsat6band"><ent r="5" t="174" w="1081" /><ent r="5" t="180" w="1156" /></phr></stem><stem n="landsat6band.tif"><phr n="landsat6band.tif"><ent r="5" t="173" w="547" /><ent r="5" t="173" w="546" /><ent r="5" t="180" w="522" /><ent r="5" t="180" w="521" /><ent r="5" t="180" w="560" /><ent r="5" t="180" w="559" /><ent r="5" t="180" w="931" /><ent r="5" t="180" w="930" /></phr><phr n="Landsat6band.tif"><ent r="5" t="180" w="1157" /><ent r="5" t="180" w="1156" /></phr></stem><stem n="landsat6band.tif."><phr n="landsat6band.tif."><ent r="5" t="173" w="547" /><ent r="5" t="173" w="546" /></phr></stem><stem n=".tif."><phr n=".tif."><ent r="5" t="173" w="548" /></phr></stem><stem n="smaller"><phr n="smaller"><ent r="3" t="173" w="642" /></phr></stem><stem n="outlin"><phr n="outlining"><ent r="3" t="173" w="691" /></phr><phr n="outline"><ent r="4" t="177" w="870" /></phr><phr n="outlined"><ent r="3" t="181" w="571" /></phr></stem><stem n="-size"><phr n="-size"><ent r="3" t="173" w="713" /><ent r="3" t="173" w="713" /></phr></stem><stem n="full-siz"><phr n="full-size"><ent r="3" t="173" w="713" /></phr></stem><stem n="-spatial"><phr n="-spatial"><ent r="3" t="173" w="732" /><ent r="3" t="173" w="732" /></phr></stem><stem n="geo-spati"><phr n="geo-spatial"><ent r="3" t="173" w="732" /></phr></stem><stem n="enlarg"><phr n="enlarge"><ent r="4" t="173" w="926" /><ent r="4" t="175" w="635" /><ent r="4" t="180" w="1206" /></phr></stem><stem n="180"><phr n="180"><ent r="4" t="173" w="990" /></phr></stem><stem n="horizontal-axi"><phr n="horizontal-axis"><ent r="4" t="173" w="994" /></phr></stem><stem n="represent"><phr n="representation"><ent r="4" t="173" w="1084" /><ent r="7" t="193" w="189" /></phr></stem><stem n="1r2g3b"><phr n="1r2g3b"><ent r="4" t="173" w="1140" /></phr></stem><stem n="windo"><phr n="Windo"><ent r="5" t="173" w="1169" /></phr></stem><stem n="white"><phr n="white"><ent r="3" t="173" w="1274" /><ent r="4" t="173" w="2219" /><ent r="3" t="180" w="613" /><ent r="4" t="180" w="1203" /><ent r="3" t="189" w="224" /></phr><phr n="White"><ent r="4" t="180" w="694" /></phr></stem><stem n="inact"><phr n="inactive"><ent r="3" t="173" w="1276" /></phr></stem><stem n="abov"><phr n="above"><ent r="3" t="173" w="1309" /><ent r="3" t="177" w="1145" /><ent r="3" t="181" w="1689" /></phr></stem><stem n="illustr"><phr n="illustrates"><ent r="3" t="173" w="1310" /></phr></stem><stem n="approxim"><phr n="approximately"><ent r="3" t="173" w="1319" /><ent r="4" t="174" w="1743" /></phr><phr n="approximate"><ent r="3" t="188" w="124" /></phr></stem><stem n="8"><phr n="8"><ent r="3" t="173" w="1320" /><ent r="4" t="174" w="1357" /><ent r="5" t="174" w="1372" /><ent r="3" t="182" w="1351" /><ent r="7" t="193" w="192" /></phr></stem><stem n="19"><phr n="19"><ent r="3" t="173" w="1324" /><ent r="3" t="193" w="716" /></phr></stem><stem n="meet"><phr n="meeting"><ent r="3" t="173" w="1341" /></phr></stem><stem n="criteria"><phr n="criteria"><ent r="3" t="173" w="1343" /></phr></stem><stem n="larg"><phr n="large"><ent r="3" t="173" w="1446" /><ent r="4" t="202" w="375" /></phr></stem><stem n="experi"><phr n="Experiment"><ent r="3" t="173" w="1459" /><ent r="4" t="173" w="1890" /><ent r="4" t="173" w="1955" /></phr></stem><stem n="observ"><phr n="observing"><ent r="3" t="173" w="1469" /></phr><phr n="observe"><ent r="4" t="173" w="1849" /><ent r="4" t="173" w="1880" /></phr></stem><stem n="spreadsheet"><phr n="spreadsheets"><ent r="3" t="173" w="1545" /></phr></stem><stem n="(click"><phr n="(click"><ent r="4" t="173" w="1736" /><ent r="4" t="175" w="894" /></phr><phr n="(Click"><ent r="3" t="175" w="907" /></phr></stem><stem n="feel"><phr n="feel"><ent r="4" t="173" w="1910" /></phr></stem><stem n="relationship"><phr n="relationship"><ent r="4" t="173" w="1913" /></phr></stem><stem n="-grai"><phr n="-Gray"><ent r="4" t="173" w="1946" /><ent r="4" t="173" w="1946" /></phr></stem><stem n="1-grai"><phr n="1-Gray"><ent r="4" t="173" w="1946" /></phr></stem><stem n="dark"><phr n="dark"><ent r="4" t="173" w="2026" /><ent r="4" t="174" w="1661" /></phr></stem><stem n="(almost"><phr n="(almost"><ent r="4" t="173" w="2027" /></phr></stem><stem n="almost"><phr n="almost"><ent r="4" t="173" w="2027" /></phr></stem><stem n="veget"><phr n="vegetative"><ent r="4" t="173" w="2034" /><ent r="4" t="173" w="2081" /><ent r="3" t="174" w="2055" /><ent r="4" t="174" w="2610" /></phr><phr n="vegetation"><ent r="4" t="173" w="2043" /><ent r="3" t="174" w="289" /><ent r="3" t="174" w="300" /></phr><phr n="Vegetation"><ent r="3" t="174" w="281" /><ent r="3" t="174" w="1855" /><ent r="92" t="174" w="2441" /><ent r="4" t="174" w="2700" /></phr></stem><stem n="bed"><phr n="bed"><ent r="4" t="173" w="2039" /></phr></stem><stem n="life"><phr n="life"><ent r="4" t="173" w="2046" /></phr></stem><stem n="life-lik"><phr n="life-like"><ent r="4" t="173" w="2046" /></phr></stem><stem n="-like,"><phr n="-like,"><ent r="4" t="173" w="2048" /><ent r="4" t="173" w="2048" /></phr></stem><stem n="(red,"><phr n="(red,"><ent r="4" t="173" w="2052" /></phr></stem><stem n="89"><phr n="89"><ent r="5" t="173" w="2064" /></phr></stem><stem n="35"><phr n="35"><ent r="5" t="173" w="2075" /></phr></stem><stem n="(top)"><phr n="(top)"><ent r="4" t="173" w="2093" /></phr></stem><stem n="(bottom)"><phr n="(bottom)"><ent r="4" t="173" w="2096" /></phr></stem><stem n="(assum"><phr n="(assuming"><ent r="4" t="173" w="2097" /></phr><phr n="(assumes"><ent r="4" t="189" w="72" /><ent r="4" t="189" w="164" /></phr></stem><stem n="assum"><phr n="assuming"><ent r="4" t="173" w="2097" /><ent r="3" t="189" w="255" /></phr><phr n="assumes"><ent r="4" t="189" w="72" /><ent r="4" t="189" w="92" /><ent r="4" t="189" w="164" /><ent r="4" t="189" w="184" /></phr></stem><stem n="r3g2b1"><phr n="R3G2B1"><ent r="4" t="173" w="2108" /></phr></stem><stem n="–"><phr n="–"><ent r="92" t="173" w="2157" /><ent r="3" t="188" w="216" /><ent r="3" t="188" w="234" /></phr></stem><stem n="reload"><phr n="Reload"><ent r="92" t="173" w="2340" /><ent r="4" t="182" w="70" /><ent r="92" t="182" w="410" /></phr><phr n="reload"><ent r="3" t="175" w="147" /></phr></stem><stem n="landsat6band.r"><phr n="landsat6band.re"><ent r="6" t="173" w="2359" /><ent r="6" t="173" w="2358" /></phr></stem><stem n="landsat6band.re.ic"><phr n="landsat6band.re.ice"><ent r="6" t="173" w="2360" /><ent r="6" t="173" w="2358" /></phr></stem><stem n=".re.ice.h5"><phr n=".re.ice.h5"><ent r="6" t="173" w="2361" /></phr></stem><stem n="landsat6band.re.ice.h5"><phr n="landsat6band.re.ice.h5"><ent r="6" t="173" w="2361" /><ent r="6" t="173" w="2358" /></phr></stem><stem n="/review"><phr n="/Review"><ent r="4" t="173" w="2386" /><ent r="4" t="175" w="1588" /><ent r="4" t="177" w="1205" /><ent r="4" t="178" w="1301" /><ent r="4" t="180" w="1284" /><ent r="4" t="181" w="1869" /></phr></stem><stem n="summary/review"><phr n="Summary/Review"><ent r="4" t="173" w="2386" /><ent r="4" t="173" w="2385" /><ent r="4" t="175" w="1588" /><ent r="4" t="175" w="1587" /><ent r="4" t="177" w="1205" /><ent r="4" t="177" w="1204" /><ent r="4" t="178" w="1301" /><ent r="4" t="178" w="1300" /><ent r="4" t="179" w="561" /><ent r="4" t="179" w="560" /><ent r="4" t="180" w="1284" /><ent r="4" t="180" w="1283" /><ent r="4" t="181" w="1869" /><ent r="4" t="181" w="1868" /></phr></stem><stem n="/annot"><phr n="/annotations"><ent r="4" t="174" w="121" /></phr></stem><stem n="(gcps)."><phr n="(GCPs)."><ent r="3" t="174" w="153" /></phr></stem><stem n="unitless"><phr n="unitless"><ent r="3" t="174" w="196" /></phr></stem><stem n="length"><phr n="lengths"><ent r="3" t="174" w="198" /></phr><phr n="length"><ent r="3" t="174" w="206" /></phr></stem><stem n="equival"><phr n="equivalent"><ent r="3" t="174" w="203" /></phr></stem><stem n="index"><phr n="Index"><ent r="3" t="174" w="282" /><ent r="3" t="174" w="1856" /></phr><phr n="index"><ent r="6" t="223" w="36" /></phr></stem><stem n="ndvi"><phr n="NDVI"><ent r="3" t="174" w="283" /><ent r="3" t="174" w="1857" /><ent r="4" t="174" w="2088" /></phr></stem><stem n="(ndvi)"><phr n="(NDVI)"><ent r="3" t="174" w="284" /><ent r="3" t="174" w="1858" /></phr></stem><stem n="classifi"><phr n="classify"><ent r="3" t="174" w="288" /></phr><phr n="classified"><ent r="3" t="211" w="249" /><ent r="3" t="211" w="253" /></phr></stem><stem n="reli"><phr n="relies"><ent r="3" t="174" w="298" /></phr></stem><stem n="low"><phr n="low"><ent r="3" t="174" w="302" /><ent r="3" t="217" w="175" /></phr></stem><stem n="-ir"><phr n="-IR"><ent r="3" t="174" w="313" /><ent r="3" t="174" w="313" /></phr></stem><stem n="near-ir"><phr n="near-IR"><ent r="3" t="174" w="313" /></phr></stem><stem n="materi"><phr n="materials"><ent r="3" t="174" w="321" /><ent r="3" t="174" w="2960" /></phr></stem><stem n="reus"><phr n="reused"><ent r="3" t="174" w="418" /></phr></stem><stem n="legend"><phr n="legend"><ent r="3" t="174" w="429" /></phr><phr n="Legend"><ent r="5" t="219" w="189" /></phr></stem><stem n="target"><phr n="target"><ent r="3" t="174" w="435" /></phr></stem><stem n="callout"><phr n="callouts"><ent r="3" t="174" w="436" /></phr></stem><stem n="landsat6band.ic"><phr n="landsat6band.ice"><ent r="5" t="174" w="694" /><ent r="5" t="174" w="693" /><ent r="5" t="174" w="2223" /><ent r="5" t="174" w="2222" /><ent r="5" t="174" w="2392" /><ent r="5" t="174" w="2391" /><ent r="4" t="182" w="693" /><ent r="4" t="182" w="692" /><ent r="4" t="182" w="714" /><ent r="4" t="182" w="713" /></phr><phr n="Landsat6band.ice"><ent r="5" t="174" w="1082" /><ent r="5" t="174" w="1081" /></phr></stem><stem n=".ice.h5"><phr n=".ice.h5"><ent r="5" t="174" w="695" /><ent r="5" t="174" w="1083" /><ent r="5" t="174" w="2224" /><ent r="5" t="174" w="2393" /><ent r="4" t="182" w="694" /></phr></stem><stem n="landsat6band.ice.h5"><phr n="landsat6band.ice.h5"><ent r="5" t="174" w="695" /><ent r="5" t="174" w="693" /><ent r="5" t="174" w="2224" /><ent r="5" t="174" w="2222" /><ent r="5" t="174" w="2393" /><ent r="5" t="174" w="2391" /><ent r="4" t="182" w="694" /><ent r="4" t="182" w="692" /><ent r="4" t="182" w="715" /><ent r="4" t="182" w="713" /></phr><phr n="Landsat6band.ice.h5"><ent r="5" t="174" w="1083" /><ent r="5" t="174" w="1081" /></phr></stem><stem n="five"><phr n="five"><ent r="3" t="174" w="830" /><ent r="4" t="174" w="1165" /></phr></stem><stem n="(more"><phr n="(More"><ent r="3" t="174" w="843" /></phr></stem><stem n="inaccur"><phr n="inaccurate"><ent r="3" t="174" w="856" /></phr></stem><stem n="came"><phr n="came"><ent r="4" t="174" w="1017" /></phr></stem><stem n="project"><phr n="project"><ent r="4" t="174" w="1073" /></phr><phr n="projection"><ent r="7" t="193" w="427" /><ent r="6" t="193" w="459" /></phr><phr n="Projection"><ent r="7" t="193" w="450" /></phr></stem><stem n="reopen"><phr n="Reopen"><ent r="4" t="174" w="1078" /></phr></stem><stem n="reappear"><phr n="reappear"><ent r="4" t="174" w="1094" /></phr></stem><stem n="tell"><phr n="tell"><ent r="3" t="174" w="1293" /></phr></stem><stem n="0°"><phr n="0°"><ent r="5" t="174" w="1337" /><ent r="5" t="174" w="1499" /></phr></stem><stem n="n44"><phr n="N44"><ent r="5" t="174" w="1344" /></phr></stem><stem n="9"><phr n="9"><ent r="4" t="174" w="1356" /><ent r="3" t="182" w="1357" /><ent r="6" t="182" w="1413" /><ent r="6" t="193" w="234" /></phr></stem><stem n="9'8"><phr n="9'8"><ent r="4" t="174" w="1357" /><ent r="4" t="174" w="1356" /></phr></stem><stem n="9'8.529"><phr n="9'8.529"><ent r="4" t="174" w="1358" /><ent r="4" t="174" w="1356" /></phr></stem><stem n="529"><phr n="529"><ent r="4" t="174" w="1358" /><ent r="5" t="174" w="1373" /></phr></stem><stem n="'8.529&quot;"><phr n="'8.529&quot;"><ent r="4" t="174" w="1359" /></phr></stem><stem n="(where"><phr n="(where"><ent r="4" t="174" w="1359" /></phr></stem><stem n="denot"><phr n="denote"><ent r="4" t="174" w="1361" /></phr></stem><stem n="n44°9"><phr n="N44°9"><ent r="5" t="174" w="1371" /></phr></stem><stem n="n44°9'8"><phr n="N44°9'8"><ent r="5" t="174" w="1372" /><ent r="5" t="174" w="1371" /></phr></stem><stem n="'8.529"><phr n="'8.529"><ent r="5" t="174" w="1373" /></phr></stem><stem n="n44°9'8.529"><phr n="N44°9'8.529"><ent r="5" t="174" w="1373" /><ent r="5" t="174" w="1371" /></phr></stem><stem n="&quot;."><phr n="&quot;."><ent r="4" t="174" w="1375" /></phr></stem><stem n="alt"><phr n="Alt"><ent r="3" t="174" w="1403" /><ent r="3" t="221" w="58" /><ent r="3" t="221" w="167" /></phr></stem><stem n="0176"><phr n="0176"><ent r="3" t="174" w="1410" /></phr></stem><stem n="keypad"><phr n="keypad"><ent r="3" t="174" w="1418" /></phr></stem><stem n="numlock"><phr n="NumLock"><ent r="4" t="174" w="1422" /></phr></stem><stem n="letter"><phr n="letters"><ent r="3" t="174" w="1451" /></phr></stem><stem n="m"><phr n="m"><ent r="4" t="174" w="1456" /></phr></stem><stem n="south"><phr n="South"><ent r="3" t="174" w="1462" /><ent r="7" t="193" w="454" /></phr></stem><stem n="west"><phr n="West"><ent r="3" t="174" w="1464" /></phr></stem><stem n="107°46"><phr n="107°46"><ent r="3" t="174" w="1479" /></phr></stem><stem n="107°46'37"><phr n="107°46'37"><ent r="3" t="174" w="1480" /><ent r="3" t="174" w="1479" /></phr></stem><stem n="37"><phr n="37"><ent r="3" t="174" w="1480" /><ent r="5" t="174" w="1506" /></phr></stem><stem n="107°46'37.798"><phr n="107°46'37.798"><ent r="3" t="174" w="1481" /><ent r="3" t="174" w="1479" /></phr></stem><stem n="798"><phr n="798"><ent r="3" t="174" w="1481" /><ent r="5" t="174" w="1507" /></phr><phr n="798s"><ent r="3" t="174" w="1488" /></phr></stem><stem n="'37.798&quot;"><phr n="'37.798&quot;"><ent r="3" t="174" w="1482" /><ent r="5" t="174" w="1508" /></phr></stem><stem n="107d46m37"><phr n="107d46m37"><ent r="3" t="174" w="1487" /></phr></stem><stem n="-107d46m37.798"><phr n="-107d46m37.798s"><ent r="3" t="174" w="1488" /><ent r="3" t="174" w="1488" /></phr></stem><stem n="107d46m37.798"><phr n="107d46m37.798s"><ent r="3" t="174" w="1488" /><ent r="3" t="174" w="1487" /></phr></stem><stem n="w107°46"><phr n="W107°46"><ent r="5" t="174" w="1505" /></phr></stem><stem n="w107°46'37"><phr n="W107°46'37"><ent r="5" t="174" w="1506" /><ent r="5" t="174" w="1505" /></phr></stem><stem n="w107°46'37.798"><phr n="W107°46'37.798"><ent r="5" t="174" w="1507" /><ent r="5" t="174" w="1505" /></phr></stem><stem n="-refer"><phr n="-Reference"><ent r="7" t="174" w="1530" /><ent r="7" t="174" w="1530" /><ent r="7" t="174" w="1533" /><ent r="7" t="174" w="1533" /></phr></stem><stem n="x-refer"><phr n="X-Reference"><ent r="7" t="174" w="1530" /></phr></stem><stem n="y-refer"><phr n="Y-Reference"><ent r="7" t="174" w="1533" /></phr></stem><stem n="n44°17"><phr n="N44°17"><ent r="8" t="174" w="1547" /><ent r="8" t="174" w="1558" /></phr></stem><stem n="w107°47"><phr n="W107°47"><ent r="8" t="174" w="1549" /></phr></stem><stem n="n44°17'15"><phr n="N44°17'15"><ent r="8" t="174" w="1559" /><ent r="8" t="174" w="1558" /></phr></stem><stem n="n44°17'15.48"><phr n="N44°17'15.48"><ent r="8" t="174" w="1560" /><ent r="8" t="174" w="1558" /></phr></stem><stem n="48"><phr n="48"><ent r="8" t="174" w="1560" /><ent r="5" t="180" w="633" /></phr></stem><stem n="'15.48&quot;"><phr n="'15.48&quot;"><ent r="8" t="174" w="1561" /></phr></stem><stem n="w107°36"><phr n="W107°36"><ent r="8" t="174" w="1562" /></phr></stem><stem n="w107°36'3"><phr n="W107°36'3"><ent r="8" t="174" w="1563" /><ent r="8" t="174" w="1562" /></phr></stem><stem n="w107°36'3.652"><phr n="W107°36'3.652"><ent r="8" t="174" w="1564" /><ent r="8" t="174" w="1562" /></phr></stem><stem n="652"><phr n="652"><ent r="8" t="174" w="1564" /></phr></stem><stem n="'3.652&quot;"><phr n="'3.652&quot;"><ent r="8" t="174" w="1565" /></phr></stem><stem n="pair"><phr n="pairings"><ent r="3" t="174" w="1649" /><ent r="3" t="174" w="2138" /></phr><phr n="pair"><ent r="3" t="181" w="892" /><ent r="6" t="193" w="229" /><ent r="6" t="193" w="242" /></phr></stem><stem n="circular"><phr n="circular"><ent r="4" t="174" w="1662" /><ent r="4" t="174" w="1731" /><ent r="4" t="174" w="2401" /></phr></stem><stem n="ruler"><phr n="ruler"><ent r="4" t="174" w="1721" /></phr></stem><stem n="diamet"><phr n="diameter"><ent r="4" t="174" w="1738" /><ent r="4" t="174" w="1740" /></phr></stem><stem n="900"><phr n="900"><ent r="4" t="174" w="1744" /></phr></stem><stem n="six"><phr n="six"><ent r="3" t="174" w="1826" /></phr></stem><stem n="formula"><phr n="formula"><ent r="3" t="174" w="1849" /><ent r="4" t="174" w="1969" /><ent r="3" t="188" w="204" /></phr></stem><stem n="nir-r"><phr n="NIR-Red"><ent r="3" t="174" w="1867" /></phr></stem><stem n="nir+r"><phr n="NIR+Red"><ent r="3" t="174" w="1869" /></phr></stem><stem n="(nir-red)/(nir+red)"><phr n="(NIR-Red)/(NIR+Red)"><ent r="3" t="174" w="1870" /></phr></stem><stem n="b4"><phr n="b4"><ent r="3" t="174" w="1873" /><ent r="3" t="174" w="1889" /><ent r="3" t="174" w="1925" /><ent r="3" t="174" w="1977" /><ent r="5" t="181" w="665" /></phr></stem><stem n="b4-b3"><phr n="b4-b3"><ent r="3" t="174" w="1873" /><ent r="3" t="174" w="1925" /><ent r="3" t="174" w="1977" /><ent r="5" t="181" w="665" /></phr></stem><stem n="b3"><phr n="b3"><ent r="3" t="174" w="1874" /><ent r="3" t="174" w="1926" /><ent r="3" t="174" w="1978" /><ent r="5" t="181" w="666" /></phr></stem><stem n="b4+b3"><phr n="b4+b3"><ent r="3" t="174" w="1875" /><ent r="3" t="174" w="1979" /><ent r="5" t="181" w="667" /></phr></stem><stem n="(b4-b3)/(b4+b3)."><phr n="(b4-b3)/(b4+b3)."><ent r="3" t="174" w="1876" /><ent r="5" t="181" w="668" /></phr></stem><stem n="parenthes"><phr n="parentheses"><ent r="4" t="174" w="1879" /><ent r="4" t="174" w="1931" /><ent r="5" t="174" w="1942" /><ent r="7" t="191" w="104" /><ent r="7" t="191" w="107" /></phr></stem><stem n="(b4)"><phr n="(b4)"><ent r="3" t="174" w="1890" /></phr></stem><stem n="subtract"><phr n="subtraction"><ent r="4" t="174" w="1908" /></phr><phr n="subtracted"><ent r="4" t="189" w="82" /><ent r="4" t="189" w="174" /></phr><phr n="Subtract"><ent r="7" t="191" w="15" /></phr></stem><stem n="(b4-b3)."><phr n="(b4-b3)."><ent r="3" t="174" w="1927" /></phr></stem><stem n="divis"><phr n="division"><ent r="4" t="174" w="1936" /></phr></stem><stem n="(b4-b3)/(b4+b3)"><phr n="(b4-b3)/(b4+b3)"><ent r="3" t="174" w="1980" /></phr></stem><stem n="successfulli"><phr n="successfully"><ent r="4" t="174" w="1996" /><ent r="4" t="174" w="2000" /><ent r="4" t="179" w="461" /><ent r="3" t="179" w="498" /><ent r="3" t="194" w="144" /><ent r="3" t="194" w="153" /></phr></stem><stem n="highli"><phr n="highly"><ent r="3" t="174" w="2054" /><ent r="4" t="174" w="2609" /><ent r="3" t="176" w="604" /></phr></stem><stem n="-math-gener"><phr n="-math-generated"><ent r="3" t="174" w="2077" /><ent r="3" t="174" w="2078" /></phr></stem><stem n="band-math"><phr n="band-math"><ent r="3" t="174" w="2077" /><ent r="4" t="174" w="2528" /><ent r="4" t="174" w="2540" /></phr></stem><stem n="band-math-gener"><phr n="band-math-generated"><ent r="3" t="174" w="2077" /></phr></stem><stem n="math-gener"><phr n="math-generated"><ent r="3" t="174" w="2078" /></phr></stem><stem n="-by-side,"><phr n="-by-side,"><ent r="4" t="174" w="2155" /><ent r="4" t="174" w="2156" /><ent r="4" t="180" w="988" /><ent r="4" t="180" w="989" /></phr></stem><stem n="pixel-bas"><phr n="pixel-based"><ent r="4" t="174" w="2296" /></phr></stem><stem n="(pixel-based)"><phr n="(pixel-based)"><ent r="4" t="174" w="2298" /></phr></stem><stem n="aren"><phr n="aren"><ent r="4" t="174" w="2302" /></phr></stem><stem n="aren't"><phr n="aren't"><ent r="4" t="174" w="2303" /><ent r="4" t="174" w="2302" /></phr></stem><stem n="latitiud"><phr n="Latitiude"><ent r="4" t="174" w="2306" /></phr></stem><stem n="latitiude/longitud"><phr n="Latitiude/Longitude"><ent r="4" t="174" w="2307" /><ent r="4" t="174" w="2306" /></phr></stem><stem n="layer'"><phr n="layer's"><ent r="3" t="174" w="2479" /><ent r="3" t="174" w="2478" /></phr></stem><stem n="-math"><phr n="-math"><ent r="4" t="174" w="2528" /><ent r="4" t="174" w="2528" /><ent r="4" t="174" w="2540" /><ent r="4" t="174" w="2540" /></phr></stem><stem n="dot"><phr n="dotted"><ent r="4" t="174" w="2623" /></phr><phr n="dots"><ent r="4" t="181" w="834" /><ent r="3" t="181" w="919" /><ent r="7" t="181" w="1166" /><ent r="3" t="182" w="795" /></phr><phr n="dot"><ent r="3" t="181" w="866" /><ent r="3" t="181" w="929" /><ent r="3" t="181" w="955" /><ent r="3" t="182" w="805" /><ent r="3" t="182" w="832" /><ent r="3" t="182" w="1131" /><ent r="3" t="182" w="1134" /><ent r="6" t="223" w="441" /></phr></stem><stem n="thicker"><phr n="thicker"><ent r="3" t="174" w="2648" /></phr></stem><stem n="(to"><phr n="(to"><ent r="4" t="174" w="2730" /></phr></stem><stem n="18"><phr n="18"><ent r="4" t="174" w="2748" /><ent r="3" t="176" w="53" /></phr></stem><stem n="clean"><phr n="clean"><ent r="3" t="174" w="2772" /></phr></stem><stem n="landsat-geo"><phr n="Landsat-Geo"><ent r="5" t="174" w="2918" /></phr></stem><stem n="-geo.jpg"><phr n="-Geo.jpg"><ent r="5" t="174" w="2920" /><ent r="5" t="174" w="2920" /></phr></stem><stem n="landsat-geo.jpg"><phr n="Landsat-Geo.jpg"><ent r="5" t="174" w="2920" /><ent r="5" t="174" w="2919" /></phr></stem><stem n="jpg"><phr n="jpg"><ent r="5" t="174" w="2920" /></phr></stem><stem n="(both"><phr n="(both"><ent r="3" t="175" w="48" /></phr></stem><stem n="(aoi),"><phr n="(AOI),"><ent r="3" t="175" w="58" /></phr></stem></index>