﻿<?xml version="1.0" encoding="utf-8"?><index><stem n="review"><phr n="review"><ent r="3" t="155" w="415" /><ent r="3" t="193" w="122" /></phr><phr n="Review"><ent r="4" t="177" w="2386" /><ent r="5" t="178" w="2943" /><ent r="4" t="179" w="1588" /><ent r="4" t="181" w="1109" /><ent r="4" t="182" w="1301" /><ent r="4" t="183" w="561" /><ent r="4" t="184" w="1209" /><ent r="4" t="185" w="1869" /></phr></stem><stem n="(start,"><phr n="(start,"><ent r="3" t="155" w="435" /><ent r="3" t="193" w="140" /></phr></stem><stem n="’re"><phr n="’re"><ent r="4" t="156" w="152" /><ent r="4" t="159" w="73" /><ent r="4" t="162" w="91" /><ent r="3" t="186" w="1212" /></phr></stem><stem n="(upper"><phr n="(upper"><ent r="3" t="156" w="238" /></phr></stem><stem n=":script"><phr n=":Scripting"><ent r="100" t="158" w="10" /></phr></stem><stem n="“line”"><phr n="“line”"><ent r="3" t="158" w="142" /></phr></stem><stem n="(normal"><phr n="(normal"><ent r="3" t="158" w="153" /></phr></stem><stem n="512"><phr n="512"><ent r="3" t="158" w="167" /><ent r="3" t="178" w="1290" /><ent r="8" t="178" w="1554" /></phr></stem><stem n=".the"><phr n=".The"><ent r="4" t="159" w="65" /><ent r="4" t="164" w="132" /></phr></stem><stem n=":layer"><phr n=":layer"><ent r="100" t="160" w="6" /></phr><phr n=":layers"><ent r="100" t="172" w="8" /></phr></stem><stem n="“gcp"><phr n="“GCP"><ent r="3" t="160" w="37" /></phr></stem><stem n="“corner"><phr n="“Corner"><ent r="3" t="160" w="41" /></phr></stem><stem n="(“corner"><phr n="(“Corner"><ent r="3" t="160" w="43" /></phr></stem><stem n="-screen"><phr n="-screen"><ent r="3" t="160" w="188" /><ent r="3" t="160" w="188" /></phr></stem><stem n="on-screen"><phr n="on-screen"><ent r="3" t="160" w="188" /></phr></stem><stem n="ident"><phr n="identical"><ent r="3" t="161" w="49" /></phr></stem><stem n=":latitude/longitud"><phr n=":Latitude/Longitude"><ent r="100" t="162" w="13" /></phr></stem><stem n="reason"><phr n="reasonable"><ent r="3" t="162" w="263" /></phr><phr n="reason"><ent r="3" t="166" w="515" /></phr></stem><stem n="autogrid"><phr n="Autogrid"><ent r="3" t="162" w="276" /></phr></stem><stem n="independ"><phr n="independently"><ent r="3" t="163" w="53" /><ent r="3" t="167" w="116" /><ent r="3" t="193" w="178" /></phr></stem><stem n=":raster"><phr n=":Raster"><ent r="100" t="164" w="14" /><ent r="100" t="164" w="75" /></phr></stem><stem n="sometim"><phr n="sometimes"><ent r="3" t="164" w="59" /><ent r="3" t="235" w="339" /></phr></stem><stem n="-in."><phr n="-in."><ent r="3" t="164" w="68" /><ent r="3" t="164" w="68" /><ent r="3" t="165" w="117" /><ent r="3" t="165" w="117" /><ent r="3" t="165" w="169" /><ent r="3" t="165" w="169" /><ent r="4" t="169" w="176" /><ent r="4" t="169" w="176" /></phr><phr n="-In."><ent r="3" t="166" w="307" /><ent r="3" t="166" w="307" /><ent r="4" t="170" w="155" /><ent r="4" t="170" w="155" /><ent r="3" t="180" w="64" /><ent r="3" t="180" w="64" /><ent r="4" t="180" w="501" /><ent r="4" t="180" w="501" /><ent r="4" t="180" w="1617" /><ent r="4" t="180" w="1617" /></phr></stem><stem n="preset"><phr n="Presets"><ent r="4" t="164" w="733" /><ent r="5" t="167" w="228" /><ent r="5" t="167" w="264" /><ent r="5" t="167" w="311" /></phr></stem><stem n=":plug-in"><phr n=":Plug-In"><ent r="100" t="165" w="10" /></phr></stem><stem n="modul"><phr n="modules"><ent r="3" t="165" w="85" /><ent r="3" t="165" w="177" /></phr><phr n="module"><ent r="3" t="165" w="91" /><ent r="3" t="165" w="100" /><ent r="3" t="165" w="124" /><ent r="3" t="165" w="133" /></phr></stem><stem n="dll"><phr n="DLLs"><ent r="3" t="165" w="86" /></phr></stem><stem n="(dlls)."><phr n="(DLLs)."><ent r="3" t="165" w="87" /></phr></stem><stem n="-ins.)"><phr n="-ins.)"><ent r="3" t="165" w="181" /><ent r="3" t="165" w="181" /></phr></stem><stem n="high"><phr n="high"><ent r="3" t="166" w="25" /><ent r="3" t="178" w="309" /></phr></stem><stem n="extract"><phr n="extracted"><ent r="3" t="166" w="30" /></phr></stem><stem n="redund"><phr n="redundant"><ent r="3" t="166" w="36" /><ent r="3" t="166" w="71" /><ent r="3" t="179" w="167" /><ent r="5" t="221" w="143" /></phr></stem><stem n="repetit"><phr n="repetitive"><ent r="3" t="166" w="38" /><ent r="3" t="166" w="53" /><ent r="3" t="185" w="108" /></phr></stem><stem n="amplifi"><phr n="amplifies"><ent r="3" t="166" w="58" /><ent r="3" t="179" w="155" /></phr></stem><stem n="variat"><phr n="variations"><ent r="3" t="166" w="59" /><ent r="3" t="179" w="156" /></phr><phr n="variation"><ent r="3" t="166" w="490" /></phr></stem><stem n="pca"><phr n="PCA"><ent r="100" t="166" w="74" /><ent r="3" t="166" w="80" /><ent r="3" t="166" w="228" /><ent r="3" t="166" w="258" /><ent r="3" t="166" w="293" /><ent r="3" t="166" w="443" /><ent r="4" t="166" w="589" /><ent r="3" t="166" w="632" /><ent r="3" t="166" w="653" /><ent r="3" t="166" w="661" /><ent r="4" t="166" w="806" /><ent r="3" t="166" w="858" /><ent r="3" t="166" w="931" /><ent r="64" t="176" w="350" /><ent r="1000" t="179" w="5" /><ent r="100" t="179" w="7" /><ent r="102" t="179" w="22" /><ent r="3" t="179" w="64" /><ent r="3" t="179" w="84" /><ent r="4" t="179" w="111" /><ent r="3" t="179" w="150" /><ent r="3" t="179" w="172" /><ent r="92" t="179" w="1021" /><ent r="4" t="179" w="1071" /><ent r="3" t="179" w="1109" /><ent r="3" t="179" w="1131" /><ent r="4" t="179" w="1263" /><ent r="4" t="179" w="1323" /><ent r="5" t="179" w="1356" /><ent r="4" t="179" w="1398" /><ent r="3" t="179" w="1418" /><ent r="3" t="179" w="1485" /><ent r="4" t="179" w="1500" /><ent r="3" t="179" w="1605" /></phr></stem><stem n="(pca)"><phr n="(PCA)"><ent r="3" t="166" w="81" /><ent r="3" t="179" w="65" /><ent r="92" t="179" w="1022" /></phr></stem><stem n="util"><phr n="utilize"><ent r="3" t="166" w="92" /></phr></stem><stem n="moment"><phr n="moment"><ent r="3" t="166" w="95" /><ent r="3" t="166" w="239" /><ent r="5" t="166" w="351" /></phr><phr n="Moment"><ent r="3" t="166" w="200" /><ent r="3" t="166" w="207" /><ent r="3" t="166" w="223" /><ent r="3" t="166" w="264" /><ent r="3" t="166" w="304" /></phr></stem><stem n="covari"><phr n="covariance"><ent r="3" t="166" w="96" /><ent r="3" t="166" w="272" /><ent r="3" t="166" w="286" /><ent r="5" t="166" w="354" /><ent r="4" t="179" w="1273" /><ent r="4" t="179" w="1289" /><ent r="4" t="179" w="1295" /><ent r="4" t="179" w="1307" /><ent r="4" t="179" w="1318" /></phr><phr n="Covariance"><ent r="4" t="166" w="740" /><ent r="4" t="179" w="1162" /></phr></stem><stem n="correl"><phr n="correlation"><ent r="3" t="166" w="98" /><ent r="3" t="166" w="274" /><ent r="3" t="166" w="277" /><ent r="5" t="166" w="358" /></phr></stem><stem n="matrix"><phr n="matrix"><ent r="3" t="166" w="100" /><ent r="3" t="166" w="201" /><ent r="3" t="166" w="224" /><ent r="3" t="166" w="240" /><ent r="3" t="166" w="270" /><ent r="3" t="166" w="279" /><ent r="3" t="166" w="287" /><ent r="5" t="166" w="341" /><ent r="3" t="166" w="906" /><ent r="4" t="167" w="81" /><ent r="3" t="167" w="124" /><ent r="3" t="167" w="134" /><ent r="5" t="167" w="170" /><ent r="3" t="168" w="243" /><ent r="4" t="179" w="1274" /><ent r="4" t="179" w="1290" /><ent r="4" t="179" w="1296" /><ent r="4" t="179" w="1308" /><ent r="4" t="179" w="1319" /><ent r="3" t="182" w="1271" /></phr><phr n="Matrix"><ent r="1000" t="167" w="2" /><ent r="100" t="167" w="8" /><ent r="102" t="167" w="11" /><ent r="3" t="167" w="18" /><ent r="4" t="167" w="30" /><ent r="4" t="167" w="46" /></phr></stem><stem n="slightli"><phr n="slightly"><ent r="3" t="166" w="213" /><ent r="4" t="166" w="719" /><ent r="3" t="177" w="1630" /><ent r="4" t="180" w="1188" /><ent r="3" t="234" w="123" /></phr></stem><stem n="matric"><phr n="matrices"><ent r="3" t="166" w="288" /></phr></stem><stem n="pcaxxx"><phr n="pcaxxx"><ent r="5" t="166" w="335" /><ent r="3" t="166" w="900" /></phr></stem><stem n="“.pcaxxx”"><phr n="“.pcaxxx”"><ent r="5" t="166" w="336" /><ent r="3" t="166" w="901" /></phr></stem><stem n="xxx"><phr n="xxx"><ent r="5" t="166" w="337" /><ent r="3" t="166" w="902" /></phr></stem><stem n="pcasmm"><phr n="pcasmm"><ent r="5" t="166" w="348" /></phr></stem><stem n="“.pcasmm”"><phr n="“.pcasmm”"><ent r="5" t="166" w="349" /></phr></stem><stem n="pcacvm"><phr n="pcacvm"><ent r="5" t="166" w="352" /></phr></stem><stem n="“.pcacvm”"><phr n="“.pcacvm”"><ent r="5" t="166" w="353" /></phr></stem><stem n="pcaccm"><phr n="pcaccm"><ent r="5" t="166" w="356" /></phr></stem><stem n="“.pcaccm”"><phr n="“.pcaccm”"><ent r="5" t="166" w="357" /></phr></stem><stem n="(roi)"><phr n="(ROI)"><ent r="5" t="166" w="384" /><ent r="4" t="172" w="152" /><ent r="3" t="173" w="39" /><ent r="5" t="179" w="1240" /></phr></stem><stem n="“area"><phr n="“Area"><ent r="3" t="166" w="428" /></phr></stem><stem n="eigen"><phr n="Eigen"><ent r="4" t="166" w="479" /><ent r="65" t="166" w="483" /><ent r="92" t="166" w="962" /><ent r="3" t="166" w="976" /><ent r="3" t="166" w="979" /><ent r="4" t="166" w="1017" /><ent r="4" t="179" w="1192" /><ent r="4" t="179" w="1362" /></phr></stem><stem n="mainli"><phr n="mainly"><ent r="3" t="166" w="508" /></phr></stem><stem n="nois"><phr n="noise"><ent r="3" t="166" w="510" /></phr></stem><stem n="thu"><phr n="Thus"><ent r="3" t="166" w="511" /></phr></stem><stem n="littl"><phr n="little"><ent r="3" t="166" w="514" /><ent r="3" t="166" w="525" /><ent r="4" t="186" w="194" /></phr></stem><stem n="highest"><phr n="highest"><ent r="3" t="166" w="519" /><ent r="4" t="166" w="1004" /></phr></stem><stem n="landsat"><phr n="LANDSAT"><ent r="4" t="166" w="576" /></phr><phr n="Landsat"><ent r="3" t="178" w="812" /><ent r="4" t="178" w="1020" /><ent r="3" t="178" w="1860" /><ent r="5" t="178" w="2918" /><ent r="7" t="197" w="329" /><ent r="3" t="197" w="746" /><ent r="3" t="235" w="514" /></phr></stem><stem n="imageri"><phr n="imagery"><ent r="4" t="166" w="577" /><ent r="3" t="169" w="93" /><ent r="3" t="177" w="105" /></phr></stem><stem n="unsign"><phr n="unsigned"><ent r="4" t="166" w="580" /><ent r="4" t="166" w="592" /><ent r="6" t="197" w="258" /><ent r="6" t="197" w="264" /><ent r="6" t="197" w="271" /><ent r="7" t="197" w="285" /><ent r="6" t="240" w="50" /><ent r="6" t="240" w="75" /><ent r="6" t="240" w="100" /><ent r="6" t="240" w="125" /></phr></stem><stem n="byte"><phr n="byte"><ent r="4" t="166" w="582" /><ent r="4" t="166" w="594" /><ent r="7" t="197" w="194" /><ent r="7" t="197" w="335" /><ent r="7" t="197" w="357" /><ent r="7" t="197" w="373" /><ent r="3" t="197" w="749" /></phr><phr n="bytes"><ent r="7" t="197" w="131" /><ent r="7" t="197" w="143" /><ent r="7" t="197" w="151" /><ent r="7" t="197" w="343" /></phr><phr n="Byte"><ent r="7" t="197" w="363" /><ent r="7" t="197" w="379" /></phr></stem><stem n="-byte"><phr n="-byte"><ent r="4" t="166" w="593" /><ent r="4" t="166" w="593" /></phr></stem><stem n="one-byt"><phr n="one-byte"><ent r="4" t="166" w="593" /></phr></stem><stem n="max"><phr n="Max"><ent r="5" t="166" w="621" /><ent r="5" t="179" w="1224" /><ent r="4" t="183" w="95" /><ent r="3" t="193" w="603" /></phr><phr n="max"><ent r="7" t="197" w="645" /></phr></stem><stem n="cover"><phr n="cover"><ent r="3" t="166" w="636" /></phr><phr n="covered"><ent r="3" t="178" w="2879" /></phr></stem><stem n="wide"><phr n="wide"><ent r="3" t="166" w="638" /></phr><phr n="widely"><ent r="3" t="181" w="173" /><ent r="3" t="182" w="163" /></phr></stem><stem n="loss"><phr n="loss"><ent r="3" t="166" w="642" /></phr></stem><stem n="truncat"><phr n="truncation"><ent r="3" t="166" w="649" /></phr></stem><stem n="filenam"><phr n="filename"><ent r="4" t="166" w="803" /><ent r="4" t="178" w="2916" /><ent r="4" t="183" w="432" /><ent r="3" t="186" w="730" /><ent r="4" t="193" w="713" /></phr><phr n="Filename"><ent r="3" t="186" w="679" /><ent r="3" t="186" w="701" /><ent r="7" t="186" w="1033" /><ent r="7" t="186" w="1079" /><ent r="6" t="227" w="316" /><ent r="6" t="240" w="232" /></phr></stem><stem n="bypass"><phr n="bypass"><ent r="3" t="166" w="843" /><ent r="4" t="170" w="208" /><ent r="3" t="170" w="253" /><ent r="4" t="170" w="266" /><ent r="4" t="180" w="655" /><ent r="3" t="180" w="685" /><ent r="3" t="180" w="728" /></phr><phr n="bypassing"><ent r="4" t="170" w="200" /><ent r="4" t="170" w="299" /><ent r="3" t="171" w="28" /><ent r="4" t="180" w="648" /></phr><phr n="Bypass"><ent r="5" t="170" w="221" /><ent r="3" t="170" w="233" /><ent r="3" t="170" w="316" /><ent r="3" t="170" w="334" /><ent r="4" t="180" w="667" /><ent r="4" t="180" w="770" /></phr></stem><stem n=";"><phr n=";"><ent r="3" t="166" w="859" /><ent r="3" t="177" w="1276" /><ent r="4" t="180" w="1466" /><ent r="4" t="185" w="1350" /><ent r="3" t="221" w="165" /></phr></stem><stem n="permiss"><phr n="permissions"><ent r="3" t="166" w="871" /></phr></stem><stem n="resid"><phr n="resides"><ent r="3" t="166" w="878" /></phr></stem><stem n="overwrit"><phr n="overwrite"><ent r="3" t="166" w="921" /><ent r="4" t="179" w="1455" /><ent r="6" t="186" w="1405" /><ent r="4" t="193" w="724" /><ent r="4" t="193" w="738" /></phr></stem><stem n="convolut"><phr n="Convolution"><ent r="1000" t="167" w="1" /><ent r="102" t="167" w="5" /><ent r="100" t="167" w="7" /><ent r="3" t="167" w="17" /><ent r="4" t="167" w="29" /><ent r="4" t="167" w="45" /></phr></stem><stem n="divid"><phr n="divided"><ent r="3" t="167" w="126" /></phr><phr n="divide"><ent r="3" t="167" w="149" /></phr><phr n="Divide"><ent r="7" t="194" w="19" /></phr></stem><stem n="divisor"><phr n="Divisor"><ent r="4" t="167" w="144" /></phr></stem><stem n="convolv"><phr n="convolving"><ent r="6" t="167" w="194" /></phr></stem><stem n="futur"><phr n="future"><ent r="3" t="167" w="221" /><ent r="5" t="170" w="288" /><ent r="3" t="180" w="750" /><ent r="3" t="183" w="404" /></phr></stem><stem n="express"><phr n="expressions"><ent r="3" t="168" w="17" /></phr><phr n="expression"><ent r="4" t="168" w="145" /><ent r="3" t="168" w="168" /><ent r="3" t="168" w="184" /><ent r="3" t="168" w="281" /><ent r="3" t="168" w="294" /><ent r="5" t="185" w="642" /><ent r="3" t="185" w="678" /><ent r="7" t="185" w="1173" /><ent r="4" t="185" w="1232" /><ent r="3" t="185" w="1377" /><ent r="7" t="186" w="1036" /><ent r="7" t="186" w="1038" /><ent r="3" t="186" w="1333" /></phr><phr n="Expression"><ent r="4" t="185" w="1116" /><ent r="7" t="185" w="1175" /><ent r="7" t="185" w="1181" /><ent r="7" t="186" w="1044" /></phr></stem><stem n="bands/cub"><phr n="bands/cubes"><ent r="4" t="168" w="152" /><ent r="4" t="168" w="151" /></phr></stem><stem n="bands/cubes."><phr n="bands/cubes."><ent r="4" t="168" w="152" /><ent r="4" t="168" w="151" /></phr></stem><stem n="/cubes."><phr n="/cubes."><ent r="4" t="168" w="153" /></phr></stem><stem n="(and"><phr n="(and"><ent r="3" t="168" w="162" /></phr></stem><stem n="multi-cub"><phr n="multi-cube"><ent r="3" t="168" w="165" /></phr></stem><stem n="-cube),"><phr n="-cube),"><ent r="3" t="168" w="167" /><ent r="3" t="168" w="167" /></phr></stem><stem n="evalu"><phr n="evaluated"><ent r="3" t="168" w="171" /></phr></stem><stem n="definit"><phr n="definitions"><ent r="3" t="168" w="187" /></phr><phr n="Definition"><ent r="6" t="227" w="17" /></phr></stem><stem n="radian"><phr n="Radians"><ent r="5" t="168" w="203" /></phr><phr n="radians"><ent r="4" t="168" w="216" /></phr></stem><stem n="triginometr"><phr n="triginometric"><ent r="4" t="168" w="209" /></phr></stem><stem n="sing"><phr n="singe"><ent r="3" t="168" w="264" /></phr></stem><stem n="-look"><phr n="-Look"><ent r="1000" t="169" w="3" /><ent r="1000" t="169" w="3" /><ent r="100" t="169" w="10" /><ent r="100" t="169" w="10" /><ent r="102" t="169" w="26" /><ent r="102" t="169" w="26" /><ent r="3" t="169" w="35" /><ent r="3" t="169" w="35" /><ent r="64" t="169" w="315" /><ent r="64" t="169" w="315" /><ent r="1000" t="170" w="3" /><ent r="1000" t="170" w="3" /><ent r="100" t="170" w="10" /><ent r="100" t="170" w="10" /><ent r="102" t="170" w="20" /><ent r="102" t="170" w="20" /><ent r="4" t="170" w="149" /><ent r="4" t="170" w="149" /><ent r="5" t="170" w="158" /><ent r="5" t="170" w="158" /><ent r="3" t="172" w="14" /><ent r="3" t="172" w="14" /><ent r="64" t="176" w="353" /><ent r="64" t="176" w="353" /><ent r="1000" t="180" w="2" /><ent r="1000" t="180" w="2" /><ent r="100" t="180" w="9" /><ent r="100" t="180" w="9" /><ent r="102" t="180" w="19" /><ent r="102" t="180" w="19" /><ent r="3" t="180" w="58" /><ent r="3" t="180" w="58" /><ent r="4" t="180" w="79" /><ent r="4" t="180" w="79" /><ent r="4" t="180" w="108" /><ent r="4" t="180" w="108" /><ent r="4" t="180" w="495" /><ent r="4" t="180" w="495" /><ent r="3" t="180" w="503" /><ent r="3" t="180" w="503" /><ent r="4" t="180" w="513" /><ent r="4" t="180" w="513" /><ent r="3" t="180" w="738" /><ent r="3" t="180" w="738" /><ent r="4" t="180" w="792" /><ent r="4" t="180" w="792" /><ent r="4" t="180" w="883" /><ent r="4" t="180" w="883" /><ent r="4" t="180" w="990" /><ent r="4" t="180" w="990" /><ent r="4" t="180" w="1008" /><ent r="4" t="180" w="1008" /><ent r="4" t="180" w="1611" /><ent r="4" t="180" w="1611" /><ent r="3" t="180" w="1680" /><ent r="3" t="180" w="1680" /></phr></stem><stem n="quick"><phr n="Quick"><ent r="1000" t="169" w="3" /><ent r="100" t="169" w="10" /><ent r="100" t="169" w="19" /><ent r="102" t="169" w="26" /><ent r="3" t="169" w="35" /><ent r="64" t="169" w="315" /><ent r="1000" t="170" w="3" /><ent r="100" t="170" w="10" /><ent r="102" t="170" w="20" /><ent r="4" t="170" w="149" /><ent r="5" t="170" w="158" /><ent r="4" t="170" w="276" /><ent r="3" t="172" w="14" /><ent r="64" t="176" w="353" /><ent r="1000" t="180" w="2" /><ent r="100" t="180" w="9" /><ent r="102" t="180" w="19" /><ent r="3" t="180" w="58" /><ent r="4" t="180" w="79" /><ent r="4" t="180" w="108" /><ent r="4" t="180" w="495" /><ent r="3" t="180" w="503" /><ent r="4" t="180" w="513" /><ent r="3" t="180" w="738" /><ent r="4" t="180" w="792" /><ent r="4" t="180" w="883" /><ent r="4" t="180" w="990" /><ent r="4" t="180" w="1008" /><ent r="4" t="180" w="1611" /><ent r="3" t="180" w="1680" /></phr></stem><stem n="quick-look"><phr n="Quick-Look"><ent r="1000" t="169" w="3" /><ent r="100" t="169" w="10" /><ent r="100" t="169" w="19" /><ent r="102" t="169" w="26" /><ent r="3" t="169" w="35" /><ent r="64" t="169" w="315" /><ent r="1000" t="170" w="3" /><ent r="100" t="170" w="10" /><ent r="102" t="170" w="20" /><ent r="4" t="170" w="149" /><ent r="5" t="170" w="158" /><ent r="3" t="172" w="14" /><ent r="64" t="176" w="353" /><ent r="1000" t="180" w="2" /><ent r="100" t="180" w="9" /><ent r="102" t="180" w="19" /><ent r="3" t="180" w="58" /><ent r="4" t="180" w="79" /><ent r="4" t="180" w="108" /><ent r="4" t="180" w="495" /><ent r="3" t="180" w="503" /><ent r="4" t="180" w="513" /><ent r="3" t="180" w="738" /><ent r="4" t="180" w="792" /><ent r="4" t="180" w="883" /><ent r="4" t="180" w="990" /><ent r="4" t="180" w="1008" /><ent r="4" t="180" w="1611" /><ent r="3" t="180" w="1680" /></phr></stem><stem n="-in:quick-look"><phr n="-in:Quick-Look"><ent r="100" t="169" w="19" /><ent r="100" t="169" w="20" /></phr></stem><stem n="fuse"><phr n="fuses"><ent r="3" t="169" w="41" /></phr><phr n="fusing"><ent r="3" t="169" w="117" /><ent r="4" t="170" w="91" /><ent r="3" t="180" w="596" /></phr><phr n="fused"><ent r="4" t="169" w="137" /><ent r="4" t="169" w="152" /><ent r="4" t="169" w="206" /><ent r="3" t="172" w="37" /><ent r="3" t="173" w="42" /><ent r="4" t="173" w="171" /><ent r="100" t="174" w="5" /><ent r="4" t="174" w="361" /><ent r="4" t="180" w="99" /><ent r="3" t="180" w="1051" /><ent r="4" t="180" w="1224" /></phr><phr n="fuse"><ent r="4" t="169" w="221" /><ent r="3" t="180" w="120" /><ent r="4" t="180" w="1153" /></phr><phr n="Fused"><ent r="64" t="173" w="364" /><ent r="1000" t="174" w="2" /><ent r="102" t="174" w="9" /></phr></stem><stem n="eo"><phr n="EO"><ent r="3" t="169" w="48" /><ent r="4" t="170" w="97" /></phr></stem><stem n="thermal"><phr n="Thermal"><ent r="3" t="169" w="50" /></phr></stem><stem n="ir"><phr n="IR"><ent r="3" t="169" w="51" /><ent r="3" t="178" w="314" /></phr><phr n="ir"><ent r="5" t="180" w="360" /><ent r="5" t="180" w="368" /><ent r="5" t="180" w="379" /><ent r="5" t="180" w="429" /><ent r="5" t="180" w="532" /><ent r="5" t="180" w="549" /></phr></stem><stem n="skew"><phr n="skewed"><ent r="3" t="169" w="60" /><ent r="3" t="180" w="133" /></phr></stem><stem n="translat"><phr n="translated"><ent r="3" t="169" w="63" /><ent r="3" t="180" w="136" /></phr><phr n="translation"><ent r="3" t="174" w="61" /><ent r="3" t="180" w="1356" /></phr></stem><stem n="-gener"><phr n="-generation"><ent r="3" t="169" w="65" /><ent r="3" t="169" w="65" /></phr></stem><stem n="next-gener"><phr n="next-generation"><ent r="3" t="169" w="65" /></phr></stem><stem n="better"><phr n="better"><ent r="3" t="169" w="72" /><ent r="4" t="170" w="88" /><ent r="3" t="178" w="849" /><ent r="3" t="180" w="593" /><ent r="4" t="206" w="429" /></phr></stem><stem n="design"><phr n="designed"><ent r="3" t="169" w="86" /><ent r="3" t="177" w="101" /></phr><phr n="designated"><ent r="3" t="176" w="49" /></phr><phr n="Designate"><ent r="92" t="179" w="831" /><ent r="4" t="180" w="93" /></phr><phr n="designate"><ent r="3" t="179" w="843" /></phr><phr n="designates"><ent r="3" t="181" w="293" /><ent r="3" t="182" w="282" /></phr></stem><stem n="restrict"><phr n="restrictions"><ent r="3" t="169" w="125" /><ent r="4" t="206" w="605" /></phr><phr n="Restrictions"><ent r="6" t="240" w="36" /></phr></stem><stem n="secondari"><phr n="Secondary"><ent r="4" t="169" w="133" /><ent r="4" t="170" w="75" /><ent r="4" t="170" w="115" /><ent r="4" t="170" w="184" /><ent r="5" t="173" w="229" /><ent r="4" t="180" w="559" /><ent r="3" t="180" w="578" /><ent r="3" t="180" w="618" /><ent r="4" t="180" w="1476" /></phr><phr n="secondary"><ent r="3" t="170" w="44" /><ent r="4" t="171" w="107" /><ent r="4" t="173" w="211" /><ent r="3" t="174" w="64" /><ent r="4" t="174" w="277" /><ent r="3" t="180" w="1359" /><ent r="3" t="180" w="1555" /><ent r="4" t="180" w="1621" /></phr></stem><stem n="lack"><phr n="lacking"><ent r="4" t="169" w="154" /></phr></stem><stem n="(ground"><phr n="(Ground"><ent r="4" t="169" w="162" /></phr></stem><stem n="accur"><phr n="accurately"><ent r="4" t="169" w="200" /></phr><phr n="accurate"><ent r="3" t="170" w="250" /><ent r="3" t="178" w="841" /><ent r="3" t="180" w="702" /></phr></stem><stem n="-by-sid"><phr n="-by-side"><ent r="4" t="169" w="208" /><ent r="4" t="169" w="209" /><ent r="4" t="169" w="223" /><ent r="4" t="169" w="224" /><ent r="4" t="173" w="242" /><ent r="4" t="173" w="243" /><ent r="3" t="174" w="31" /><ent r="3" t="174" w="32" /><ent r="3" t="174" w="294" /><ent r="3" t="174" w="295" /><ent r="4" t="174" w="304" /><ent r="4" t="174" w="305" /><ent r="4" t="174" w="381" /><ent r="4" t="174" w="382" /><ent r="4" t="174" w="401" /><ent r="4" t="174" w="402" /><ent r="3" t="180" w="1595" /><ent r="3" t="180" w="1596" /><ent r="4" t="180" w="1639" /><ent r="4" t="180" w="1640" /><ent r="3" t="180" w="1671" /><ent r="3" t="180" w="1672" /></phr><phr n="-by-Side"><ent r="3" t="173" w="51" /><ent r="3" t="173" w="52" /><ent r="5" t="173" w="144" /><ent r="5" t="173" w="145" /><ent r="92" t="174" w="286" /><ent r="92" t="174" w="287" /><ent r="3" t="180" w="1062" /><ent r="3" t="180" w="1063" /><ent r="92" t="180" w="1587" /><ent r="92" t="180" w="1588" /></phr></stem><stem n="side-bi"><phr n="side-by"><ent r="4" t="169" w="208" /><ent r="4" t="169" w="223" /><ent r="4" t="173" w="242" /><ent r="3" t="174" w="31" /><ent r="3" t="174" w="294" /><ent r="4" t="174" w="304" /><ent r="4" t="174" w="381" /><ent r="4" t="174" w="401" /><ent r="4" t="178" w="2152" /><ent r="3" t="180" w="1595" /><ent r="4" t="180" w="1639" /><ent r="3" t="180" w="1671" /><ent r="4" t="184" w="905" /></phr><phr n="Side-by"><ent r="3" t="173" w="51" /><ent r="5" t="173" w="144" /><ent r="92" t="174" w="286" /><ent r="3" t="180" w="1062" /><ent r="92" t="180" w="1587" /></phr></stem><stem n="side-by-sid"><phr n="side-by-side"><ent r="4" t="169" w="208" /><ent r="4" t="169" w="223" /><ent r="4" t="173" w="242" /><ent r="3" t="174" w="31" /><ent r="3" t="174" w="294" /><ent r="4" t="174" w="304" /><ent r="4" t="174" w="381" /><ent r="4" t="174" w="401" /><ent r="4" t="178" w="2152" /><ent r="3" t="180" w="1595" /><ent r="4" t="180" w="1639" /><ent r="3" t="180" w="1671" /><ent r="4" t="184" w="905" /></phr><phr n="Side-by-Side"><ent r="3" t="173" w="51" /><ent r="5" t="173" w="144" /><ent r="92" t="174" w="286" /><ent r="3" t="180" w="1062" /><ent r="92" t="180" w="1587" /></phr></stem><stem n="by-sid"><phr n="by-side"><ent r="4" t="169" w="209" /><ent r="4" t="169" w="224" /><ent r="4" t="173" w="243" /><ent r="3" t="174" w="32" /><ent r="3" t="174" w="295" /><ent r="4" t="174" w="305" /><ent r="4" t="174" w="382" /><ent r="4" t="174" w="402" /><ent r="4" t="178" w="2153" /><ent r="3" t="180" w="1596" /><ent r="4" t="180" w="1640" /><ent r="3" t="180" w="1672" /><ent r="4" t="184" w="906" /></phr><phr n="by-Side"><ent r="3" t="173" w="52" /><ent r="5" t="173" w="145" /><ent r="92" t="174" w="287" /><ent r="3" t="180" w="1063" /><ent r="92" t="180" w="1588" /></phr></stem><stem n="why"><phr n="why"><ent r="4" t="169" w="218" /></phr></stem><stem n="fall"><phr n="fall"><ent r="4" t="169" w="241" /></phr></stem><stem n="categori"><phr n="category"><ent r="4" t="169" w="244" /></phr></stem><stem n="geoloc"><phr n="geolocation"><ent r="4" t="169" w="250" /><ent r="3" t="171" w="56" /><ent r="3" t="180" w="855" /></phr></stem><stem n="problem"><phr n="problems"><ent r="4" t="169" w="258" /></phr></stem><stem n="desk"><phr n="Desk"><ent r="4" t="169" w="269" /></phr></stem><stem n="“not"><phr n="“Not"><ent r="4" t="169" w="277" /></phr></stem><stem n="“for"><phr n="“For"><ent r="4" t="169" w="282" /></phr></stem><stem n="dodii"><phr n="DODIIS"><ent r="4" t="169" w="299" /></phr></stem><stem n="certifi"><phr n="certified"><ent r="4" t="169" w="300" /></phr></stem><stem n="-in:start"><phr n="-in:starting"><ent r="100" t="170" w="16" /><ent r="100" t="170" w="16" /></phr></stem><stem n="properli"><phr n="properly"><ent r="4" t="170" w="61" /></phr></stem><stem n="recommend"><phr n="recommend"><ent r="4" t="170" w="64" /><ent r="3" t="180" w="567" /><ent r="3" t="180" w="682" /><ent r="3" t="185" w="1673" /></phr></stem><stem n="produc"><phr n="produce"><ent r="4" t="170" w="86" /><ent r="3" t="177" w="239" /><ent r="3" t="180" w="591" /><ent r="3" t="184" w="931" /></phr></stem><stem n="("><phr n="("><ent r="4" t="170" w="189" /><ent r="4" t="170" w="259" /><ent r="4" t="171" w="220" /><ent r="4" t="173" w="149" /><ent r="4" t="173" w="189" /><ent r="4" t="173" w="247" /><ent r="4" t="174" w="183" /><ent r="3" t="178" w="1474" /><ent r="4" t="180" w="638" /><ent r="4" t="186" w="474" /><ent r="3" t="195" w="12" /></phr></stem><stem n="agre"><phr n="agree"><ent r="3" t="170" w="239" /></phr></stem><stem n="enough"><phr n="enough"><ent r="3" t="170" w="251" /><ent r="4" t="173" w="261" /><ent r="3" t="181" w="750" /><ent r="4" t="206" w="376" /></phr></stem><stem n="did"><phr n="did"><ent r="3" t="170" w="330" /></phr></stem><stem n="correct"><phr n="correct"><ent r="3" t="171" w="52" /><ent r="4" t="171" w="252" /><ent r="4" t="178" w="1971" /><ent r="3" t="180" w="851" /><ent r="3" t="193" w="392" /><ent r="3" t="207" w="209" /><ent r="3" t="229" w="173" /></phr></stem></index>