﻿<?xml version="1.0" encoding="utf-8"?><index><stem n="now"><phr n="now"><ent r="3" t="21" w="445" /><ent r="3" t="44" w="488" /><ent r="4" t="54" w="69" /><ent r="3" t="55" w="113" /><ent r="3" t="84" w="130" /><ent r="3" t="84" w="216" /><ent r="3" t="87" w="78" /><ent r="3" t="93" w="124" /><ent r="4" t="115" w="125" /><ent r="3" t="118" w="106" /><ent r="4" t="128" w="147" /><ent r="3" t="173" w="2390" /><ent r="3" t="174" w="935" /><ent r="3" t="174" w="1572" /><ent r="3" t="174" w="1651" /><ent r="3" t="174" w="1891" /><ent r="3" t="174" w="1923" /><ent r="4" t="174" w="1974" /><ent r="3" t="174" w="2947" /><ent r="3" t="175" w="1592" /><ent r="4" t="176" w="700" /><ent r="4" t="177" w="973" /><ent r="3" t="177" w="1209" /><ent r="3" t="178" w="1305" /><ent r="3" t="179" w="384" /><ent r="3" t="179" w="394" /><ent r="4" t="179" w="469" /><ent r="3" t="179" w="497" /><ent r="3" t="179" w="565" /><ent r="3" t="180" w="1288" /><ent r="3" t="181" w="1873" /><ent r="3" t="182" w="623" /><ent r="4" t="182" w="1141" /><ent r="3" t="182" w="1364" /><ent r="3" t="182" w="1698" /><ent r="4" t="192" w="290" /><ent r="3" t="192" w="392" /></phr></stem><stem n="arcsd"><phr n="ArcSDE"><ent r="92" t="21" w="453" /><ent r="3" t="21" w="464" /><ent r="4" t="108" w="67" /><ent r="3" t="109" w="23" /><ent r="3" t="109" w="30" /></phr></stem><stem n="server"><phr n="Server"><ent r="92" t="21" w="454" /><ent r="3" t="21" w="465" /></phr><phr n="server"><ent r="3" t="109" w="43" /></phr></stem><stem n="geodatabas"><phr n="geodatabase"><ent r="5" t="21" w="489" /><ent r="3" t="108" w="73" /><ent r="4" t="108" w="88" /><ent r="3" t="110" w="18" /><ent r="5" t="177" w="795" /></phr><phr n="Geodatabase"><ent r="3" t="109" w="24" /><ent r="3" t="109" w="31" /><ent r="4" t="177" w="894" /></phr></stem><stem n="4"><phr n="4"><ent r="4" t="21" w="508" /><ent r="3" t="80" w="373" /><ent r="3" t="107" w="396" /><ent r="3" t="121" w="66" /><ent r="3" t="142" w="236" /><ent r="3" t="146" w="198" /><ent r="4" t="174" w="1886" /><ent r="4" t="174" w="1950" /><ent r="3" t="175" w="1550" /><ent r="4" t="181" w="1360" /><ent r="3" t="181" w="1383" /><ent r="4" t="181" w="1651" /><ent r="4" t="182" w="1279" /><ent r="4" t="182" w="1308" /><ent r="3" t="182" w="1335" /><ent r="4" t="182" w="1592" /><ent r="4" t="182" w="1604" /><ent r="6" t="186" w="102" /><ent r="5" t="193" w="64" /><ent r="7" t="193" w="209" /><ent r="3" t="193" w="819" /></phr></stem><stem n="6"><phr n="6"><ent r="4" t="21" w="510" /><ent r="3" t="107" w="398" /><ent r="3" t="178" w="775" /><ent r="3" t="182" w="1343" /><ent r="6" t="193" w="223" /><ent r="3" t="193" w="831" /></phr></stem><stem n="/displai"><phr n="/Display"><ent r="64" t="21" w="533" /><ent r="64" t="172" w="362" /><ent r="1000" t="177" w="3" /><ent r="102" t="177" w="12" /></phr></stem><stem n="import/displai"><phr n="Import/Display"><ent r="64" t="21" w="533" /><ent r="64" t="21" w="532" /><ent r="64" t="172" w="362" /><ent r="64" t="172" w="361" /><ent r="1000" t="177" w="3" /><ent r="1000" t="177" w="2" /><ent r="102" t="177" w="12" /><ent r="102" t="177" w="11" /></phr></stem><stem n="common"><phr n="common"><ent r="3" t="22" w="21" /><ent r="4" t="60" w="85" /><ent r="3" t="60" w="106" /><ent r="3" t="81" w="16" /><ent r="3" t="112" w="242" /><ent r="3" t="122" w="325" /><ent r="3" t="172" w="30" /><ent r="3" t="173" w="2404" /><ent r="3" t="174" w="894" /><ent r="3" t="174" w="2980" /><ent r="3" t="175" w="1612" /><ent r="3" t="178" w="1323" /></phr><phr n="Common"><ent r="5" t="142" w="143" /></phr></stem><stem n="-in-specif"><phr n="-in-specific"><ent r="3" t="22" w="28" /><ent r="3" t="22" w="29" /></phr></stem><stem n="plug-in-specif"><phr n="plug-in-specific"><ent r="3" t="22" w="28" /></phr></stem><stem n="in-specif"><phr n="in-specific"><ent r="3" t="22" w="29" /></phr></stem><stem n="32"><phr n="32"><ent r="3" t="22" w="35" /><ent r="7" t="193" w="203" /><ent r="7" t="193" w="210" /><ent r="6" t="193" w="262" /></phr></stem><stem n="32-bit"><phr n="32-bit"><ent r="3" t="22" w="35" /><ent r="7" t="193" w="203" /><ent r="7" t="193" w="210" /><ent r="6" t="193" w="262" /></phr></stem><stem n="bit"><phr n="bit"><ent r="3" t="22" w="36" /><ent r="3" t="22" w="73" /><ent r="4" t="28" w="61" /><ent r="4" t="28" w="151" /><ent r="7" t="193" w="193" /><ent r="7" t="193" w="198" /><ent r="7" t="193" w="204" /><ent r="7" t="193" w="211" /><ent r="7" t="193" w="217" /><ent r="6" t="193" w="225" /><ent r="6" t="193" w="236" /><ent r="6" t="193" w="257" /><ent r="6" t="193" w="263" /><ent r="6" t="193" w="270" /><ent r="7" t="193" w="284" /><ent r="4" t="202" w="421" /><ent r="3" t="213" w="99" /><ent r="3" t="215" w="104" /></phr><phr n="Bits"><ent r="4" t="140" w="342" /><ent r="5" t="209" w="259" /><ent r="5" t="216" w="104" /></phr></stem><stem n="-bit,"><phr n="-bit,"><ent r="3" t="22" w="37" /><ent r="3" t="22" w="37" /><ent r="3" t="22" w="74" /><ent r="3" t="22" w="74" /></phr></stem><stem n="500"><phr n="500"><ent r="3" t="22" w="45" /><ent r="3" t="22" w="51" /></phr></stem><stem n="megabyt"><phr n="megabytes"><ent r="3" t="22" w="46" /><ent r="3" t="22" w="52" /><ent r="3" t="140" w="424" /></phr></stem><stem n="larger"><phr n="larger"><ent r="3" t="22" w="49" /><ent r="3" t="173" w="309" /><ent r="7" t="193" w="414" /></phr></stem><stem n="process"><phr n="processed"><ent r="3" t="22" w="55" /></phr><phr n="processing"><ent r="4" t="58" w="97" /><ent r="4" t="58" w="114" /><ent r="3" t="100" w="34" /><ent r="3" t="155" w="150" /><ent r="3" t="164" w="42" /><ent r="4" t="164" w="275" /><ent r="3" t="172" w="189" /><ent r="3" t="173" w="288" /><ent r="3" t="174" w="401" /><ent r="4" t="175" w="1347" /><ent r="3" t="179" w="507" /><ent r="3" t="181" w="38" /><ent r="3" t="181" w="94" /><ent r="3" t="181" w="1889" /><ent r="3" t="182" w="140" /><ent r="4" t="182" w="1658" /><ent r="3" t="182" w="1713" /><ent r="7" t="193" w="87" /><ent r="7" t="193" w="177" /><ent r="3" t="202" w="254" /><ent r="4" t="202" w="435" /></phr><phr n="processes"><ent r="3" t="80" w="432" /><ent r="3" t="80" w="493" /><ent r="3" t="101" w="29" /><ent r="3" t="112" w="56" /><ent r="8" t="122" w="370" /><ent r="4" t="181" w="62" /><ent r="3" t="181" w="89" /><ent r="3" t="181" w="215" /><ent r="3" t="181" w="280" /><ent r="3" t="181" w="826" /><ent r="3" t="181" w="896" /><ent r="4" t="182" w="91" /><ent r="3" t="182" w="781" /></phr><phr n="process"><ent r="4" t="80" w="514" /><ent r="3" t="100" w="69" /><ent r="4" t="101" w="175" /><ent r="4" t="101" w="223" /><ent r="4" t="101" w="257" /><ent r="3" t="107" w="9" /><ent r="3" t="112" w="424" /><ent r="7" t="113" w="252" /><ent r="7" t="113" w="286" /><ent r="3" t="122" w="42" /><ent r="3" t="174" w="133" /><ent r="4" t="174" w="913" /><ent r="3" t="175" w="77" /><ent r="4" t="177" w="919" /><ent r="4" t="177" w="1125" /><ent r="3" t="181" w="146" /><ent r="3" t="181" w="236" /><ent r="3" t="181" w="854" /><ent r="3" t="187" w="20" /><ent r="3" t="231" w="193" /><ent r="3" t="231" w="367" /><ent r="7" t="234" w="154" /><ent r="7" t="234" w="192" /></phr><phr n="Process"><ent r="5" t="164" w="270" /><ent r="5" t="174" w="1984" /><ent r="93" t="231" w="12" /></phr><phr n="Processes"><ent r="92" t="181" w="1094" /><ent r="92" t="182" w="858" /></phr><phr n="Processing"><ent r="4" t="182" w="125" /><ent r="92" t="202" w="220" /><ent r="3" t="202" w="263" /><ent r="3" t="202" w="325" /><ent r="4" t="202" w="336" /><ent r="6" t="236" w="330" /></phr></stem><stem n="disk"><phr n="disk"><ent r="3" t="22" w="57" /><ent r="4" t="202" w="573" /><ent r="4" t="202" w="646" /></phr><phr n="Disk"><ent r="3" t="202" w="329" /><ent r="3" t="202" w="332" /><ent r="3" t="202" w="348" /><ent r="3" t="202" w="353" /><ent r="5" t="202" w="438" /><ent r="4" t="202" w="523" /><ent r="5" t="202" w="562" /><ent r="4" t="202" w="594" /><ent r="4" t="202" w="620" /><ent r="3" t="202" w="684" /><ent r="3" t="202" w="728" /></phr></stem><stem n="abl"><phr n="able"><ent r="3" t="22" w="62" /><ent r="4" t="170" w="288" /><ent r="3" t="172" w="43" /><ent r="3" t="173" w="2392" /><ent r="3" t="174" w="51" /><ent r="3" t="174" w="2949" /><ent r="3" t="175" w="1594" /><ent r="3" t="176" w="39" /><ent r="3" t="177" w="1211" /><ent r="3" t="179" w="567" /><ent r="3" t="180" w="1290" /><ent r="4" t="181" w="1762" /></phr></stem><stem n="solari"><phr n="Solaris"><ent r="3" t="22" w="69" /><ent r="3" t="172" w="179" /><ent r="4" t="182" w="1561" /><ent r="3" t="182" w="1596" /><ent r="4" t="182" w="1636" /></phr></stem><stem n="64"><phr n="64"><ent r="3" t="22" w="72" /><ent r="7" t="193" w="216" /><ent r="6" t="193" w="269" /><ent r="7" t="193" w="283" /></phr></stem><stem n="64-bit"><phr n="64-bit"><ent r="3" t="22" w="72" /><ent r="7" t="193" w="216" /><ent r="6" t="193" w="269" /><ent r="7" t="193" w="283" /></phr></stem><stem n="3"><phr n="3"><ent r="3" t="22" w="82" /><ent r="3" t="121" w="67" /><ent r="8" t="174" w="1552" /><ent r="8" t="174" w="1563" /><ent r="4" t="174" w="1916" /><ent r="4" t="174" w="1963" /><ent r="4" t="174" w="2363" /><ent r="3" t="175" w="1560" /><ent r="3" t="178" w="689" /><ent r="3" t="181" w="1379" /><ent r="4" t="181" w="1630" /><ent r="4" t="182" w="698" /><ent r="3" t="182" w="1331" /><ent r="3" t="187" w="119" /><ent r="3" t="188" w="236" /><ent r="5" t="193" w="63" /><ent r="7" t="193" w="202" /><ent r="3" t="193" w="813" /></phr></stem><stem n=".0"><phr n=".0"><ent r="3" t="22" w="83" /><ent r="6" t="223" w="92" /></phr></stem><stem n="3.0"><phr n="3.0"><ent r="3" t="22" w="83" /><ent r="3" t="22" w="82" /></phr></stem><stem n="gigabyt"><phr n="gigabytes"><ent r="3" t="22" w="84" /></phr></stem><stem n="/hdf5"><phr n="/HDF5"><ent r="4" t="22" w="107" /><ent r="4" t="22" w="140" /></phr></stem><stem n="ice/hdf5"><phr n="Ice/HDF5"><ent r="4" t="22" w="107" /><ent r="4" t="22" w="106" /><ent r="4" t="22" w="140" /><ent r="4" t="22" w="139" /></phr></stem><stem n="bitmap"><phr n="Bitmap"><ent r="4" t="22" w="128" /><ent r="67" t="27" w="136" /><ent r="5" t="28" w="49" /><ent r="65" t="28" w="91" /><ent r="1000" t="214" w="1" /><ent r="100" t="214" w="5" /><ent r="102" t="214" w="9" /><ent r="4" t="214" w="15" /></phr><phr n="bitmap"><ent r="4" t="28" w="68" /><ent r="4" t="214" w="29" /></phr></stem><stem n="bmp"><phr n="BMP"><ent r="4" t="22" w="129" /><ent r="4" t="140" w="86" /></phr><phr n="bmp"><ent r="4" t="28" w="70" /></phr><phr n="Bmp"><ent r="92" t="140" w="119" /></phr></stem><stem n="(bmp)"><phr n="(BMP)"><ent r="4" t="22" w="130" /></phr></stem><stem n="jpeg"><phr n="JPEG"><ent r="4" t="22" w="133" /><ent r="67" t="27" w="126" /><ent r="5" t="28" w="139" /><ent r="6" t="28" w="159" /><ent r="65" t="28" w="192" /><ent r="5" t="139" w="190" /><ent r="3" t="140" w="24" /><ent r="4" t="140" w="89" /><ent r="92" t="140" w="426" /><ent r="3" t="140" w="530" /><ent r="64" t="172" w="336" /><ent r="102" t="174" w="32" /><ent r="3" t="174" w="78" /><ent r="4" t="174" w="124" /><ent r="100" t="174" w="440" /><ent r="4" t="174" w="443" /><ent r="3" t="174" w="454" /><ent r="5" t="174" w="2910" /><ent r="3" t="174" w="2973" /><ent r="1000" t="217" w="1" /><ent r="100" t="217" w="6" /><ent r="102" t="217" w="9" /><ent r="4" t="217" w="15" /><ent r="4" t="217" w="31" /><ent r="4" t="217" w="37" /></phr><phr n="jpeg"><ent r="4" t="28" w="167" /></phr><phr n="JPEGs"><ent r="3" t="217" w="123" /><ent r="3" t="217" w="177" /><ent r="3" t="217" w="192" /></phr></stem><stem n="png"><phr n="PNG"><ent r="4" t="22" w="135" /><ent r="67" t="27" w="141" /><ent r="5" t="28" w="251" /><ent r="7" t="28" w="269" /><ent r="4" t="28" w="276" /><ent r="65" t="28" w="297" /><ent r="4" t="140" w="93" /><ent r="1000" t="218" w="1" /><ent r="100" t="218" w="6" /><ent r="102" t="218" w="11" /><ent r="4" t="218" w="17" /><ent r="4" t="218" w="31" /></phr><phr n="Png"><ent r="92" t="140" w="590" /></phr></stem><stem n="input"><phr n="Input"><ent r="92" t="22" w="147" /><ent r="92" t="22" w="163" /><ent r="82" t="122" w="451" /><ent r="3" t="122" w="499" /><ent r="92" t="155" w="169" /><ent r="3" t="155" w="173" /><ent r="7" t="181" w="1180" /><ent r="7" t="182" w="1043" /></phr><phr n="input"><ent r="4" t="58" w="40" /><ent r="4" t="58" w="64" /><ent r="3" t="107" w="409" /><ent r="3" t="112" w="442" /><ent r="4" t="119" w="74" /><ent r="3" t="122" w="115" /><ent r="3" t="122" w="326" /><ent r="3" t="122" w="465" /><ent r="3" t="122" w="474" /><ent r="3" t="122" w="489" /><ent r="3" t="122" w="493" /><ent r="3" t="122" w="567" /><ent r="3" t="122" w="661" /><ent r="3" t="122" w="698" /><ent r="4" t="122" w="789" /><ent r="3" t="125" w="31" /><ent r="4" t="125" w="52" /><ent r="4" t="125" w="76" /><ent r="4" t="126" w="86" /><ent r="3" t="126" w="176" /><ent r="3" t="126" w="205" /><ent r="3" t="126" w="277" /><ent r="3" t="152" w="359" /><ent r="3" t="155" w="181" /><ent r="4" t="163" w="599" /><ent r="3" t="176" w="1239" /><ent r="3" t="179" w="359" /><ent r="3" t="181" w="873" /><ent r="3" t="181" w="888" /><ent r="3" t="181" w="911" /><ent r="3" t="181" w="998" /><ent r="3" t="181" w="1030" /><ent r="3" t="181" w="1085" /><ent r="4" t="181" w="1104" /><ent r="7" t="181" w="1159" /><ent r="7" t="181" w="1164" /><ent r="7" t="181" w="1184" /><ent r="5" t="182" w="165" /><ent r="4" t="182" w="198" /><ent r="3" t="182" w="682" /><ent r="3" t="182" w="787" /><ent r="3" t="182" w="875" /><ent r="3" t="182" w="1010" /><ent r="7" t="182" w="1025" /><ent r="7" t="182" w="1027" /><ent r="3" t="182" w="1324" /><ent r="3" t="182" w="1629" /><ent r="3" t="182" w="1641" /><ent r="3" t="187" w="63" /><ent r="3" t="188" w="89" /><ent r="3" t="190" w="65" /><ent r="83" t="190" w="485" /></phr><phr n="inputs"><ent r="3" t="126" w="218" /><ent r="3" t="126" w="247" /><ent r="3" t="162" w="32" /><ent r="3" t="181" w="201" /><ent r="3" t="181" w="847" /><ent r="3" t="181" w="1067" /><ent r="3" t="182" w="892" /><ent r="3" t="182" w="897" /><ent r="3" t="182" w="964" /></phr><phr n="INPUT"><ent r="8" t="181" w="1124" /><ent r="8" t="182" w="1014" /></phr><phr n="Inputs"><ent r="3" t="182" w="957" /><ent r="3" t="182" w="976" /></phr></stem><stem n="/output"><phr n="/Output"><ent r="92" t="22" w="148" /><ent r="92" t="22" w="164" /></phr><phr n="/output"><ent r="7" t="181" w="1165" /></phr></stem><stem n="input/output"><phr n="Input/Output"><ent r="92" t="22" w="148" /><ent r="92" t="22" w="147" /><ent r="92" t="22" w="164" /><ent r="92" t="22" w="163" /></phr><phr n="input/output"><ent r="7" t="181" w="1165" /><ent r="7" t="181" w="1164" /></phr></stem><stem n="output"><phr n="Output"><ent r="92" t="22" w="148" /><ent r="92" t="22" w="164" /><ent r="5" t="60" w="125" /><ent r="82" t="122" w="453" /><ent r="3" t="122" w="524" /><ent r="92" t="155" w="186" /><ent r="4" t="155" w="196" /><ent r="4" t="155" w="233" /><ent r="5" t="163" w="560" /><ent r="4" t="169" w="153" /><ent r="64" t="169" w="163" /><ent r="1000" t="170" w="5" /><ent r="102" t="170" w="19" /><ent r="5" t="175" w="1217" /><ent r="4" t="176" w="980" /><ent r="92" t="176" w="987" /><ent r="92" t="213" w="20" /><ent r="92" t="215" w="25" /></phr><phr n="output"><ent r="4" t="26" w="149" /><ent r="3" t="112" w="432" /><ent r="100" t="122" w="93" /><ent r="3" t="122" w="117" /><ent r="3" t="122" w="328" /><ent r="3" t="122" w="467" /><ent r="3" t="122" w="479" /><ent r="3" t="122" w="514" /><ent r="3" t="122" w="518" /><ent r="3" t="125" w="24" /><ent r="4" t="125" w="56" /><ent r="4" t="125" w="72" /><ent r="3" t="126" w="178" /><ent r="3" t="126" w="207" /><ent r="3" t="126" w="279" /><ent r="3" t="152" w="377" /><ent r="4" t="163" w="588" /><ent r="4" t="163" w="611" /><ent r="3" t="163" w="651" /><ent r="3" t="163" w="670" /><ent r="3" t="163" w="690" /><ent r="100" t="170" w="8" /><ent r="3" t="170" w="61" /><ent r="4" t="170" w="135" /><ent r="3" t="174" w="254" /><ent r="3" t="175" w="1416" /><ent r="4" t="176" w="1120" /><ent r="3" t="181" w="875" /><ent r="3" t="181" w="882" /><ent r="3" t="181" w="913" /><ent r="3" t="181" w="987" /><ent r="3" t="181" w="1072" /><ent r="4" t="181" w="1102" /><ent r="7" t="181" w="1165" /><ent r="3" t="181" w="1307" /><ent r="3" t="182" w="704" /><ent r="3" t="182" w="789" /><ent r="3" t="182" w="862" /><ent r="3" t="182" w="1008" /><ent r="7" t="182" w="1070" /><ent r="7" t="182" w="1072" /><ent r="3" t="182" w="1130" /><ent r="3" t="182" w="1236" /><ent r="3" t="182" w="1349" /><ent r="3" t="190" w="83" /><ent r="3" t="190" w="223" /><ent r="4" t="190" w="685" /></phr><phr n="outputs"><ent r="3" t="126" w="249" /><ent r="3" t="162" w="34" /><ent r="3" t="181" w="203" /><ent r="3" t="181" w="849" /><ent r="3" t="181" w="1069" /><ent r="3" t="182" w="894" /><ent r="3" t="182" w="899" /><ent r="3" t="182" w="966" /></phr><phr n="OUTPUT"><ent r="8" t="181" w="1122" /><ent r="8" t="182" w="1012" /></phr><phr n="Outputs"><ent r="3" t="182" w="959" /><ent r="3" t="182" w="989" /></phr></stem><stem n="(*.cgm)"><phr n="(*.cgm)"><ent r="4" t="22" w="153" /></phr></stem><stem n="read"><phr n="Read"><ent r="4" t="22" w="153" /><ent r="4" t="22" w="158" /><ent r="4" t="22" w="169" /><ent r="4" t="22" w="174" /><ent r="4" t="22" w="179" /><ent r="4" t="22" w="184" /><ent r="4" t="22" w="191" /><ent r="4" t="22" w="197" /><ent r="4" t="22" w="202" /><ent r="4" t="22" w="207" /><ent r="3" t="202" w="333" /><ent r="3" t="202" w="349" /><ent r="5" t="202" w="439" /><ent r="4" t="202" w="595" /><ent r="4" t="202" w="621" /><ent r="3" t="202" w="729" /></phr><phr n="read"><ent r="3" t="32" w="41" /><ent r="3" t="152" w="45" /><ent r="4" t="174" w="1369" /><ent r="3" t="174" w="1924" /><ent r="4" t="174" w="1975" /><ent r="3" t="192" w="89" /><ent r="7" t="193" w="159" /></phr><phr n="reads"><ent r="8" t="122" w="411" /></phr></stem><stem n="read/writ"><phr n="Read/Write"><ent r="4" t="22" w="154" /><ent r="4" t="22" w="153" /><ent r="4" t="22" w="159" /><ent r="4" t="22" w="158" /><ent r="4" t="22" w="170" /><ent r="4" t="22" w="169" /><ent r="4" t="22" w="175" /><ent r="4" t="22" w="174" /><ent r="4" t="22" w="180" /><ent r="4" t="22" w="179" /><ent r="4" t="22" w="185" /><ent r="4" t="22" w="184" /><ent r="4" t="22" w="192" /><ent r="4" t="22" w="191" /><ent r="4" t="22" w="198" /><ent r="4" t="22" w="197" /><ent r="4" t="22" w="203" /><ent r="4" t="22" w="202" /><ent r="4" t="22" w="208" /><ent r="4" t="22" w="207" /></phr></stem><stem n="write"><phr n="Write"><ent r="4" t="22" w="154" /><ent r="4" t="22" w="159" /><ent r="4" t="22" w="170" /><ent r="4" t="22" w="175" /><ent r="4" t="22" w="180" /><ent r="4" t="22" w="185" /><ent r="4" t="22" w="192" /><ent r="4" t="22" w="198" /><ent r="4" t="22" w="203" /><ent r="4" t="22" w="208" /></phr><phr n="writes"><ent r="3" t="152" w="375" /><ent r="3" t="152" w="381" /><ent r="3" t="190" w="81" /><ent r="3" t="190" w="87" /></phr><phr n="write"><ent r="3" t="163" w="870" /><ent r="4" t="182" w="1666" /><ent r="3" t="190" w="765" /></phr></stem><stem n="(read/write)"><phr n="(Read/Write)"><ent r="4" t="22" w="155" /><ent r="4" t="22" w="160" /><ent r="4" t="22" w="171" /><ent r="4" t="22" w="176" /><ent r="4" t="22" w="181" /><ent r="4" t="22" w="186" /><ent r="4" t="22" w="193" /><ent r="4" t="22" w="199" /><ent r="4" t="22" w="204" /><ent r="4" t="22" w="209" /></phr></stem><stem n="-specif"><phr n="-Specific"><ent r="92" t="22" w="161" /><ent r="92" t="22" w="161" /></phr><phr n="-specific"><ent r="4" t="23" w="97" /><ent r="4" t="23" w="97" /></phr></stem><stem n="opticks-specif"><phr n="Opticks-Specific"><ent r="92" t="22" w="161" /></phr></stem><stem n="wiz"><phr n="wiz"><ent r="4" t="22" w="168" /><ent r="4" t="181" w="1742" /><ent r="5" t="182" w="461" /><ent r="5" t="182" w="482" /><ent r="5" t="182" w="1427" /></phr></stem><stem n="(*.wiz)"><phr n="(*.wiz)"><ent r="4" t="22" w="169" /></phr></stem><stem n="batch"><phr n="Batch"><ent r="4" t="22" w="172" /><ent r="4" t="114" w="159" /><ent r="5" t="119" w="62" /><ent r="4" t="119" w="69" /><ent r="5" t="122" w="778" /><ent r="4" t="122" w="784" /><ent r="5" t="126" w="78" /><ent r="4" t="126" w="81" /><ent r="3" t="126" w="238" /><ent r="5" t="126" w="378" /><ent r="64" t="172" w="389" /><ent r="5" t="181" w="557" /><ent r="1000" t="182" w="6" /><ent r="103" t="182" w="19" /><ent r="4" t="182" w="107" /><ent r="4" t="182" w="124" /><ent r="5" t="182" w="517" /><ent r="4" t="182" w="1437" /><ent r="92" t="182" w="1482" /><ent r="4" t="182" w="1680" /></phr><phr n="batch"><ent r="4" t="114" w="152" /><ent r="4" t="114" w="173" /><ent r="4" t="114" w="182" /><ent r="4" t="119" w="79" /><ent r="4" t="119" w="134" /><ent r="3" t="119" w="145" /><ent r="3" t="119" w="171" /><ent r="4" t="119" w="224" /><ent r="100" t="122" w="776" /><ent r="100" t="122" w="781" /><ent r="3" t="122" w="817" /><ent r="3" t="122" w="852" /><ent r="3" t="122" w="862" /><ent r="3" t="122" w="883" /><ent r="3" t="125" w="189" /><ent r="3" t="125" w="220" /><ent r="3" t="125" w="224" /><ent r="4" t="126" w="124" /><ent r="3" t="126" w="135" /><ent r="3" t="126" w="161" /><ent r="3" t="126" w="212" /><ent r="3" t="126" w="223" /><ent r="3" t="126" w="319" /><ent r="3" t="126" w="327" /><ent r="3" t="181" w="93" /><ent r="3" t="181" w="597" /><ent r="100" t="182" w="9" /><ent r="3" t="182" w="41" /><ent r="3" t="182" w="128" /><ent r="3" t="182" w="131" /><ent r="3" t="182" w="139" /><ent r="5" t="182" w="178" /><ent r="4" t="182" w="533" /><ent r="4" t="182" w="1657" /><ent r="4" t="182" w="1690" /><ent r="3" t="182" w="1712" /></phr></stem><stem n="(*.xml)"><phr n="(*.xml)"><ent r="4" t="22" w="174" /></phr></stem><stem n="templat"><phr n="Template"><ent r="4" t="22" w="177" /><ent r="4" t="80" w="143" /><ent r="64" t="127" w="122" /><ent r="64" t="127" w="126" /><ent r="5" t="128" w="141" /><ent r="64" t="128" w="220" /><ent r="64" t="128" w="224" /><ent r="64" t="129" w="113" /><ent r="64" t="129" w="117" /><ent r="1000" t="130" w="3" /><ent r="102" t="130" w="13" /><ent r="5" t="130" w="47" /><ent r="4" t="130" w="53" /><ent r="64" t="130" w="84" /><ent r="64" t="131" w="104" /><ent r="64" t="131" w="108" /><ent r="1000" t="132" w="3" /><ent r="102" t="132" w="13" /><ent r="5" t="132" w="53" /><ent r="4" t="132" w="59" /><ent r="64" t="132" w="85" /></phr><phr n="template"><ent r="3" t="80" w="147" /><ent r="3" t="80" w="176" /><ent r="3" t="128" w="31" /><ent r="3" t="128" w="34" /><ent r="3" t="128" w="60" /><ent r="3" t="128" w="66" /><ent r="3" t="128" w="70" /><ent r="3" t="128" w="78" /><ent r="4" t="128" w="93" /><ent r="4" t="128" w="154" /><ent r="4" t="128" w="168" /><ent r="3" t="128" w="176" /><ent r="3" t="128" w="183" /><ent r="3" t="129" w="27" /><ent r="3" t="129" w="49" /><ent r="100" t="130" w="5" /><ent r="100" t="130" w="9" /><ent r="3" t="130" w="19" /><ent r="3" t="130" w="32" /><ent r="4" t="130" w="59" /><ent r="100" t="132" w="5" /><ent r="100" t="132" w="9" /><ent r="3" t="132" w="24" /><ent r="3" t="132" w="37" /><ent r="4" t="132" w="69" /></phr><phr n="templates"><ent r="3" t="132" w="16" /></phr></stem><stem n="spg"><phr n="spg"><ent r="4" t="22" w="178" /></phr></stem><stem n="(*.spg)"><phr n="(*.spg)"><ent r="4" t="22" w="179" /></phr></stem><stem n="ano"><phr n="ano"><ent r="4" t="22" w="183" /></phr></stem><stem n="(*.ano)"><phr n="(*.ano)"><ent r="4" t="22" w="184" /></phr></stem><stem n="ground"><phr n="Ground"><ent r="4" t="22" w="187" /><ent r="3" t="72" w="8" /><ent r="3" t="73" w="12" /><ent r="3" t="107" w="30" /><ent r="4" t="166" w="162" /><ent r="3" t="174" w="819" /><ent r="4" t="174" w="1142" /><ent r="3" t="174" w="2779" /><ent r="93" t="231" w="146" /></phr><phr n="ground"><ent r="3" t="173" w="722" /><ent r="3" t="174" w="149" /><ent r="100" t="231" w="150" /><ent r="3" t="231" w="157" /><ent r="3" t="231" w="344" /></phr></stem><stem n="(*.gcp)"><phr n="(*.gcp)"><ent r="4" t="22" w="191" /></phr></stem><stem n="tpl"><phr n="tpl"><ent r="4" t="22" w="196" /></phr></stem><stem n="(*.tpl)"><phr n="(*.tpl)"><ent r="4" t="22" w="197" /></phr></stem><stem n="(*.aoi)"><phr n="(*.aoi)"><ent r="4" t="22" w="202" /></phr></stem><stem n="(*.session)"><phr n="(*.session)"><ent r="4" t="22" w="207" /></phr></stem><stem n="extens"><phr n="extensive"><ent r="4" t="23" w="90" /></phr><phr n="extension"><ent r="4" t="79" w="214" /><ent r="3" t="95" w="299" /><ent r="3" t="98" w="31" /><ent r="5" t="163" w="333" /><ent r="3" t="173" w="1529" /><ent r="4" t="190" w="519" /><ent r="4" t="190" w="748" /></phr></stem><stem n="nitf-specif"><phr n="NITF-specific"><ent r="4" t="23" w="97" /></phr></stem><stem n="updat"><phr n="update"><ent r="3" t="23" w="104" /><ent r="4" t="94" w="145" /><ent r="4" t="94" w="165" /><ent r="3" t="116" w="153" /><ent r="100" t="118" w="15" /><ent r="3" t="118" w="86" /><ent r="3" t="158" w="24" /><ent r="4" t="163" w="1010" /><ent r="4" t="174" w="2437" /><ent r="3" t="181" w="1707" /></phr><phr n="updated"><ent r="4" t="73" w="206" /><ent r="4" t="190" w="586" /></phr><phr n="updating"><ent r="4" t="80" w="102" /><ent r="4" t="156" w="75" /><ent r="4" t="159" w="93" /><ent r="4" t="161" w="142" /></phr><phr n="Update"><ent r="4" t="103" w="176" /><ent r="4" t="104" w="119" /><ent r="4" t="105" w="141" /><ent r="4" t="106" w="142" /><ent r="64" t="114" w="276" /><ent r="4" t="116" w="167" /><ent r="1000" t="118" w="1" /><ent r="102" t="118" w="5" /><ent r="100" t="118" w="9" /><ent r="3" t="118" w="17" /><ent r="3" t="118" w="22" /><ent r="4" t="118" w="62" /><ent r="4" t="120" w="119" /><ent r="5" t="120" w="283" /><ent r="5" t="120" w="561" /><ent r="4" t="181" w="1719" /><ent r="5" t="181" w="1852" /></phr><phr n="updates"><ent r="4" t="140" w="99" /><ent r="3" t="174" w="2332" /><ent r="5" t="184" w="229" /><ent r="5" t="184" w="244" /></phr></stem><stem n=":data"><phr n=":data"><ent r="100" t="24" w="6" /><ent r="100" t="25" w="10" /></phr><phr n=":Data"><ent r="100" t="152" w="10" /><ent r="100" t="202" w="9" /></phr></stem><stem n=":export"><phr n=":export"><ent r="100" t="24" w="11" /><ent r="100" t="26" w="5" /><ent r="100" t="27" w="7" /><ent r="100" t="29" w="7" /><ent r="100" t="140" w="11" /><ent r="100" t="178" w="8" /></phr></stem><stem n="hdr"><phr n="hdr"><ent r="4" t="25" w="48" /><ent r="4" t="32" w="168" /><ent r="5" t="175" w="416" /><ent r="5" t="179" w="278" /></phr></stem><stem n="(.hdr)"><phr n="(.hdr)"><ent r="4" t="25" w="49" /></phr></stem><stem n="correspond"><phr n="corresponding"><ent r="4" t="25" w="62" /><ent r="3" t="33" w="91" /><ent r="3" t="34" w="22" /><ent r="4" t="94" w="155" /><ent r="4" t="106" w="433" /><ent r="3" t="164" w="174" /><ent r="3" t="173" w="241" /><ent r="4" t="173" w="1121" /><ent r="4" t="174" w="2537" /><ent r="3" t="208" w="33" /><ent r="4" t="208" w="312" /></phr><phr n="correspond"><ent r="3" t="107" w="217" /><ent r="5" t="148" w="409" /><ent r="5" t="148" w="832" /><ent r="5" t="156" w="284" /><ent r="5" t="161" w="405" /><ent r="3" t="174" w="1301" /><ent r="4" t="229" w="47" /><ent r="3" t="231" w="538" /></phr></stem></index>