﻿<?xml version="1.0" encoding="utf-8"?><index><stem n="panel"><phr n="panel"><ent r="4" t="2" w="84" /><ent r="3" t="2" w="98" /><ent r="4" t="81" w="54" /><ent r="4" t="142" w="135" /><ent r="3" t="167" w="58" /><ent r="4" t="178" w="2900" /></phr></stem><stem n="navig"><phr n="navigation"><ent r="3" t="2" w="104" /><ent r="3" t="2" w="127" /></phr><phr n="Navigate"><ent r="4" t="18" w="104" /><ent r="4" t="29" w="66" /><ent r="4" t="32" w="176" /><ent r="4" t="78" w="102" /><ent r="4" t="80" w="189" /><ent r="3" t="81" w="319" /><ent r="4" t="88" w="35" /><ent r="4" t="95" w="124" /><ent r="3" t="96" w="278" /><ent r="3" t="100" w="199" /><ent r="3" t="156" w="118" /><ent r="4" t="177" w="539" /><ent r="4" t="178" w="687" /><ent r="4" t="181" w="640" /><ent r="4" t="181" w="817" /><ent r="6" t="182" w="991" /><ent r="4" t="183" w="265" /><ent r="4" t="184" w="514" /><ent r="4" t="184" w="842" /><ent r="4" t="186" w="457" /><ent r="3" t="186" w="1575" /><ent r="4" t="193" w="508" /><ent r="4" t="193" w="703" /><ent r="4" t="198" w="103" /><ent r="4" t="225" w="89" /></phr><phr n="navigate"><ent r="4" t="21" w="255" /><ent r="4" t="26" w="156" /><ent r="4" t="57" w="35" /><ent r="4" t="67" w="89" /><ent r="4" t="70" w="140" /><ent r="4" t="81" w="61" /><ent r="3" t="83" w="87" /><ent r="5" t="95" w="56" /><ent r="5" t="95" w="180" /><ent r="5" t="96" w="57" /><ent r="4" t="116" w="107" /><ent r="4" t="129" w="165" /><ent r="4" t="131" w="56" /><ent r="4" t="142" w="142" /><ent r="3" t="165" w="128" /><ent r="4" t="171" w="94" /><ent r="4" t="179" w="406" /><ent r="4" t="182" w="630" /><ent r="4" t="182" w="1126" /><ent r="4" t="183" w="419" /></phr></stem><stem n="tree"><phr n="tree"><ent r="3" t="2" w="105" /><ent r="3" t="2" w="128" /><ent r="4" t="44" w="304" /><ent r="4" t="70" w="63" /><ent r="3" t="77" w="112" /><ent r="3" t="77" w="378" /><ent r="3" t="77" w="388" /><ent r="4" t="86" w="48" /><ent r="3" t="90" w="72" /><ent r="4" t="91" w="33" /><ent r="4" t="92" w="54" /><ent r="3" t="93" w="98" /><ent r="4" t="94" w="38" /><ent r="4" t="97" w="37" /><ent r="3" t="98" w="113" /><ent r="3" t="99" w="116" /><ent r="4" t="104" w="146" /><ent r="4" t="105" w="88" /><ent r="4" t="106" w="101" /><ent r="4" t="107" w="102" /><ent r="3" t="141" w="177" /><ent r="4" t="143" w="58" /><ent r="4" t="145" w="97" /><ent r="4" t="146" w="97" /><ent r="4" t="147" w="111" /><ent r="4" t="148" w="106" /><ent r="4" t="149" w="99" /><ent r="4" t="150" w="97" /><ent r="4" t="151" w="93" /><ent r="4" t="152" w="94" /><ent r="4" t="153" w="104" /><ent r="4" t="165" w="76" /><ent r="3" t="165" w="80" /><ent r="4" t="224" w="99" /><ent r="4" t="226" w="98" /></phr></stem><stem n="expand"><phr n="expand"><ent r="3" t="2" w="123" /><ent r="4" t="44" w="157" /><ent r="3" t="77" w="115" /><ent r="3" t="142" w="97" /><ent r="3" t="143" w="582" /><ent r="3" t="155" w="224" /><ent r="3" t="165" w="89" /><ent r="4" t="178" w="2517" /><ent r="4" t="184" w="719" /><ent r="3" t="206" w="67" /><ent r="4" t="225" w="132" /></phr><phr n="Expand"><ent r="4" t="70" w="58" /><ent r="3" t="77" w="386" /><ent r="4" t="86" w="44" /><ent r="3" t="90" w="68" /><ent r="4" t="91" w="29" /><ent r="4" t="92" w="50" /><ent r="3" t="93" w="94" /><ent r="4" t="94" w="34" /><ent r="4" t="97" w="33" /><ent r="3" t="98" w="109" /><ent r="3" t="99" w="112" /><ent r="3" t="101" w="132" /><ent r="3" t="141" w="173" /><ent r="4" t="156" w="320" /><ent r="4" t="157" w="60" /><ent r="4" t="158" w="32" /><ent r="4" t="178" w="2510" /><ent r="3" t="217" w="166" /><ent r="3" t="219" w="171" /></phr><phr n="expands"><ent r="3" t="113" w="356" /><ent r="3" t="185" w="587" /></phr><phr n="expanded"><ent r="3" t="186" w="138" /></phr></stem><stem n="collaps"><phr n="collapse"><ent r="3" t="2" w="125" /><ent r="3" t="77" w="117" /><ent r="3" t="142" w="99" /><ent r="3" t="143" w="584" /></phr></stem><stem n="default"><phr n="default"><ent r="3" t="2" w="132" /><ent r="6" t="12" w="90" /><ent r="6" t="14" w="293" /><ent r="3" t="18" w="82" /><ent r="4" t="29" w="83" /><ent r="4" t="36" w="88" /><ent r="3" t="44" w="354" /><ent r="3" t="44" w="607" /><ent r="3" t="44" w="625" /><ent r="3" t="45" w="18" /><ent r="4" t="49" w="197" /><ent r="4" t="49" w="244" /><ent r="4" t="49" w="274" /><ent r="4" t="58" w="198" /><ent r="3" t="66" w="35" /><ent r="4" t="68" w="71" /><ent r="4" t="70" w="174" /><ent r="3" t="73" w="53" /><ent r="4" t="74" w="243" /><ent r="3" t="76" w="108" /><ent r="3" t="80" w="51" /><ent r="4" t="80" w="114" /><ent r="4" t="80" w="123" /><ent r="4" t="80" w="205" /><ent r="4" t="81" w="86" /><ent r="3" t="81" w="133" /><ent r="3" t="81" w="172" /><ent r="3" t="81" w="366" /><ent r="3" t="81" w="582" /><ent r="5" t="91" w="165" /><ent r="3" t="98" w="152" /><ent r="3" t="99" w="155" /><ent r="4" t="106" w="196" /><ent r="3" t="106" w="326" /><ent r="3" t="113" w="113" /><ent r="4" t="115" w="136" /><ent r="4" t="118" w="79" /><ent r="4" t="118" w="87" /><ent r="3" t="127" w="301" /><ent r="3" t="129" w="30" /><ent r="3" t="129" w="33" /><ent r="3" t="129" w="59" /><ent r="3" t="129" w="175" /><ent r="3" t="130" w="26" /><ent r="3" t="130" w="48" /><ent r="3" t="135" w="110" /><ent r="5" t="142" w="204" /><ent r="3" t="143" w="132" /><ent r="3" t="143" w="147" /><ent r="3" t="143" w="235" /><ent r="3" t="143" w="250" /><ent r="3" t="143" w="378" /><ent r="3" t="143" w="439" /><ent r="3" t="143" w="454" /><ent r="3" t="143" w="603" /><ent r="3" t="143" w="618" /><ent r="3" t="144" w="18" /><ent r="3" t="145" w="26" /><ent r="4" t="145" w="230" /><ent r="3" t="146" w="26" /><ent r="3" t="146" w="174" /><ent r="3" t="146" w="212" /><ent r="3" t="147" w="26" /><ent r="3" t="148" w="26" /><ent r="3" t="149" w="26" /><ent r="3" t="150" w="23" /><ent r="3" t="151" w="21" /><ent r="4" t="151" w="137" /><ent r="4" t="151" w="139" /><ent r="4" t="151" w="142" /><ent r="3" t="152" w="21" /><ent r="6" t="152" w="128" /><ent r="6" t="152" w="132" /><ent r="3" t="152" w="213" /><ent r="3" t="152" w="250" /><ent r="3" t="153" w="31" /><ent r="3" t="153" w="187" /><ent r="3" t="153" w="226" /><ent r="3" t="154" w="319" /><ent r="3" t="158" w="157" /><ent r="4" t="162" w="163" /><ent r="4" t="166" w="457" /><ent r="4" t="166" w="618" /><ent r="3" t="167" w="122" /><ent r="3" t="167" w="158" /><ent r="3" t="167" w="175" /><ent r="4" t="173" w="124" /><ent r="4" t="174" w="191" /><ent r="3" t="177" w="1194" /><ent r="4" t="177" w="1593" /><ent r="3" t="177" w="2022" /><ent r="4" t="177" w="2134" /><ent r="4" t="177" w="2282" /><ent r="4" t="179" w="808" /><ent r="4" t="179" w="1436" /><ent r="4" t="182" w="1062" /><ent r="3" t="185" w="1494" /><ent r="4" t="185" w="1745" /><ent r="4" t="185" w="1756" /><ent r="3" t="186" w="1471" /><ent r="3" t="186" w="1584" /><ent r="3" t="186" w="1598" /><ent r="3" t="191" w="179" /><ent r="3" t="193" w="655" /><ent r="7" t="197" w="471" /><ent r="7" t="197" w="512" /><ent r="7" t="197" w="576" /><ent r="3" t="197" w="790" /><ent r="4" t="212" w="318" /><ent r="3" t="217" w="34" /><ent r="3" t="217" w="49" /><ent r="3" t="219" w="39" /><ent r="3" t="219" w="54" /><ent r="4" t="221" w="34" /><ent r="100" t="223" w="7" /><ent r="100" t="223" w="11" /><ent r="100" t="223" w="13" /><ent r="4" t="224" w="123" /><ent r="3" t="224" w="161" /><ent r="3" t="224" w="166" /><ent r="4" t="224" w="241" /><ent r="3" t="229" w="54" /></phr><phr n="Default"><ent r="64" t="2" w="137" /><ent r="1000" t="45" w="3" /><ent r="102" t="45" w="8" /><ent r="4" t="81" w="141" /><ent r="6" t="104" w="41" /><ent r="6" t="104" w="68" /><ent r="5" t="104" w="179" /><ent r="6" t="106" w="37" /><ent r="6" t="106" w="64" /><ent r="92" t="106" w="165" /><ent r="4" t="106" w="171" /><ent r="92" t="106" w="242" /><ent r="4" t="106" w="248" /><ent r="92" t="106" w="416" /><ent r="4" t="106" w="423" /><ent r="6" t="107" w="38" /><ent r="6" t="107" w="65" /><ent r="92" t="107" w="485" /><ent r="4" t="129" w="129" /><ent r="6" t="142" w="48" /><ent r="6" t="142" w="75" /><ent r="6" t="145" w="35" /><ent r="6" t="145" w="62" /><ent r="5" t="145" w="142" /><ent r="5" t="145" w="180" /><ent r="5" t="145" w="196" /><ent r="5" t="145" w="218" /><ent r="6" t="146" w="35" /><ent r="6" t="146" w="62" /><ent r="6" t="147" w="35" /><ent r="6" t="147" w="62" /><ent r="6" t="148" w="42" /><ent r="6" t="148" w="69" /><ent r="4" t="148" w="154" /><ent r="4" t="148" w="177" /><ent r="6" t="149" w="38" /><ent r="6" t="149" w="65" /><ent r="5" t="149" w="144" /><ent r="5" t="149" w="167" /><ent r="5" t="149" w="182" /><ent r="6" t="150" w="34" /><ent r="6" t="150" w="61" /><ent r="5" t="150" w="130" /><ent r="6" t="151" w="31" /><ent r="6" t="151" w="58" /><ent r="92" t="151" w="168" /><ent r="92" t="151" w="280" /><ent r="92" t="151" w="703" /><ent r="6" t="152" w="31" /><ent r="6" t="152" w="58" /><ent r="92" t="152" w="160" /><ent r="92" t="152" w="259" /><ent r="3" t="152" w="264" /><ent r="6" t="153" w="41" /><ent r="6" t="153" w="68" /><ent r="1000" t="223" w="1" /><ent r="102" t="223" w="17" /><ent r="3" t="224" w="130" /><ent r="6" t="226" w="35" /><ent r="6" t="226" w="62" /></phr><phr n="defaults"><ent r="3" t="2" w="146" /><ent r="4" t="32" w="163" /><ent r="100" t="44" w="9" /><ent r="100" t="45" w="13" /><ent r="3" t="50" w="89" /><ent r="4" t="50" w="112" /><ent r="3" t="81" w="18" /><ent r="4" t="81" w="674" /><ent r="3" t="106" w="348" /><ent r="3" t="141" w="65" /><ent r="5" t="142" w="162" /><ent r="5" t="142" w="239" /><ent r="5" t="142" w="253" /><ent r="3" t="154" w="44" /><ent r="3" t="154" w="167" /><ent r="5" t="154" w="252" /><ent r="3" t="166" w="196" /><ent r="3" t="166" w="683" /><ent r="4" t="179" w="816" /><ent r="4" t="179" w="998" /><ent r="4" t="179" w="1231" /><ent r="4" t="179" w="1331" /><ent r="4" t="179" w="1342" /><ent r="4" t="180" w="411" /><ent r="4" t="181" w="715" /><ent r="4" t="182" w="741" /><ent r="3" t="223" w="53" /><ent r="3" t="224" w="18" /></phr></stem><stem n="chang"><phr n="change"><ent r="3" t="2" w="144" /><ent r="7" t="8" w="201" /><ent r="7" t="8" w="218" /><ent r="7" t="9" w="34" /><ent r="7" t="9" w="56" /><ent r="7" t="10" w="71" /><ent r="7" t="11" w="202" /><ent r="7" t="11" w="220" /><ent r="7" t="11" w="267" /><ent r="7" t="11" w="282" /><ent r="7" t="11" w="296" /><ent r="7" t="11" w="310" /><ent r="3" t="18" w="94" /><ent r="3" t="47" w="147" /><ent r="4" t="47" w="191" /><ent r="4" t="47" w="222" /><ent r="3" t="47" w="286" /><ent r="3" t="47" w="336" /><ent r="100" t="61" w="9" /><ent r="3" t="61" w="17" /><ent r="3" t="62" w="23" /><ent r="3" t="62" w="78" /><ent r="3" t="62" w="101" /><ent r="3" t="65" w="182" /><ent r="3" t="65" w="210" /><ent r="4" t="65" w="251" /><ent r="3" t="66" w="62" /><ent r="3" t="66" w="67" /><ent r="3" t="67" w="167" /><ent r="3" t="67" w="216" /><ent r="100" t="72" w="5" /><ent r="3" t="72" w="19" /><ent r="3" t="74" w="218" /><ent r="3" t="74" w="262" /><ent r="3" t="76" w="120" /><ent r="3" t="77" w="211" /><ent r="3" t="80" w="63" /><ent r="4" t="80" w="211" /><ent r="4" t="81" w="272" /><ent r="3" t="81" w="386" /><ent r="3" t="81" w="417" /><ent r="3" t="81" w="470" /><ent r="3" t="86" w="161" /><ent r="6" t="90" w="323" /><ent r="7" t="90" w="470" /><ent r="7" t="90" w="533" /><ent r="3" t="92" w="38" /><ent r="3" t="95" w="19" /><ent r="3" t="98" w="164" /><ent r="3" t="99" w="167" /><ent r="3" t="118" w="121" /><ent r="3" t="118" w="127" /><ent r="3" t="120" w="190" /><ent r="3" t="123" w="595" /><ent r="3" t="126" w="180" /><ent r="3" t="126" w="209" /><ent r="3" t="127" w="387" /><ent r="3" t="134" w="32" /><ent r="3" t="140" w="51" /><ent r="3" t="141" w="103" /><ent r="4" t="141" w="117" /><ent r="4" t="141" w="462" /><ent r="4" t="141" w="507" /><ent r="3" t="146" w="200" /><ent r="3" t="147" w="157" /><ent r="3" t="152" w="238" /><ent r="4" t="153" w="134" /><ent r="3" t="153" w="214" /><ent r="3" t="158" w="190" /><ent r="3" t="158" w="227" /><ent r="3" t="160" w="23" /><ent r="3" t="160" w="128" /><ent r="3" t="160" w="162" /><ent r="3" t="160" w="193" /><ent r="3" t="163" w="28" /><ent r="3" t="163" w="109" /><ent r="3" t="163" w="131" /><ent r="4" t="166" w="465" /><ent r="4" t="166" w="627" /><ent r="3" t="166" w="696" /><ent r="4" t="166" w="824" /><ent r="3" t="166" w="925" /><ent r="4" t="174" w="340" /><ent r="4" t="177" w="853" /><ent r="4" t="177" w="1127" /><ent r="4" t="177" w="1421" /><ent r="4" t="177" w="1685" /><ent r="3" t="177" w="1752" /><ent r="4" t="177" w="1949" /><ent r="4" t="177" w="1972" /><ent r="3" t="178" w="373" /><ent r="4" t="178" w="1715" /><ent r="4" t="178" w="2904" /><ent r="3" t="179" w="127" /><ent r="3" t="181" w="48" /><ent r="3" t="181" w="1029" /><ent r="4" t="182" w="668" /><ent r="4" t="182" w="1053" /><ent r="3" t="184" w="652" /><ent r="4" t="184" w="782" /><ent r="3" t="184" w="799" /><ent r="4" t="185" w="1120" /><ent r="7" t="185" w="1157" /><ent r="4" t="185" w="1349" /><ent r="3" t="186" w="728" /><ent r="3" t="186" w="1108" /><ent r="4" t="186" w="1268" /><ent r="5" t="188" w="273" /><ent r="3" t="223" w="51" /><ent r="4" t="224" w="121" /></phr><phr n="changes"><ent r="7" t="5" w="184" /><ent r="7" t="5" w="233" /><ent r="7" t="8" w="225" /><ent r="3" t="62" w="221" /><ent r="4" t="74" w="119" /><ent r="3" t="74" w="338" /><ent r="4" t="81" w="113" /><ent r="3" t="81" w="122" /><ent r="5" t="90" w="278" /><ent r="3" t="104" w="266" /><ent r="3" t="105" w="144" /><ent r="3" t="106" w="163" /><ent r="3" t="107" w="163" /><ent r="3" t="119" w="68" /><ent r="3" t="121" w="86" /><ent r="3" t="123" w="605" /><ent r="3" t="142" w="292" /><ent r="3" t="143" w="117" /><ent r="3" t="145" w="254" /><ent r="3" t="146" w="238" /><ent r="3" t="147" w="218" /><ent r="3" t="148" w="209" /><ent r="3" t="149" w="218" /><ent r="3" t="150" w="168" /><ent r="3" t="151" w="166" /><ent r="3" t="152" w="158" /><ent r="3" t="153" w="275" /><ent r="3" t="154" w="353" /><ent r="3" t="155" w="162" /><ent r="4" t="156" w="156" /><ent r="3" t="156" w="196" /><ent r="3" t="157" w="200" /><ent r="3" t="158" w="99" /><ent r="3" t="159" w="117" /><ent r="3" t="160" w="272" /><ent r="3" t="161" w="201" /><ent r="3" t="162" w="135" /><ent r="3" t="163" w="231" /><ent r="3" t="164" w="184" /><ent r="3" t="171" w="162" /><ent r="3" t="171" w="174" /><ent r="4" t="177" w="1595" /><ent r="4" t="177" w="1838" /><ent r="4" t="177" w="1851" /><ent r="4" t="177" w="1882" /><ent r="3" t="177" w="2019" /><ent r="3" t="178" w="341" /><ent r="3" t="178" w="1321" /><ent r="3" t="178" w="2333" /><ent r="4" t="179" w="951" /><ent r="3" t="180" w="43" /><ent r="3" t="180" w="939" /><ent r="3" t="180" w="950" /><ent r="4" t="185" w="1249" /><ent r="4" t="186" w="1298" /><ent r="3" t="190" w="71" /><ent r="3" t="193" w="225" /><ent r="3" t="226" w="167" /></phr><phr n="Change"><ent r="68" t="8" w="207" /><ent r="6" t="14" w="257" /><ent r="64" t="16" w="35" /><ent r="4" t="47" w="205" /><ent r="5" t="47" w="235" /><ent r="5" t="47" w="300" /><ent r="1000" t="61" w="1" /><ent r="102" t="61" w="11" /><ent r="1000" t="66" w="1" /><ent r="100" t="66" w="10" /><ent r="102" t="66" w="15" /><ent r="4" t="70" w="204" /><ent r="1000" t="72" w="1" /><ent r="102" t="72" w="9" /><ent r="3" t="72" w="13" /><ent r="5" t="72" w="96" /><ent r="4" t="72" w="103" /><ent r="92" t="127" w="381" /><ent r="4" t="178" w="2720" /><ent r="4" t="178" w="2741" /><ent r="4" t="179" w="877" /><ent r="4" t="179" w="944" /><ent r="4" t="181" w="75" /><ent r="4" t="182" w="903" /><ent r="4" t="185" w="64" /><ent r="4" t="185" w="549" /><ent r="92" t="185" w="1224" /><ent r="4" t="186" w="93" /><ent r="92" t="186" w="1188" /><ent r="66" t="188" w="283" /></phr><phr n="changed"><ent r="3" t="21" w="398" /><ent r="3" t="73" w="63" /><ent r="3" t="108" w="268" /><ent r="3" t="123" w="304" /><ent r="3" t="234" w="115" /></phr><phr n="Changing"><ent r="6" t="104" w="50" /><ent r="6" t="106" w="46" /><ent r="6" t="107" w="47" /><ent r="6" t="142" w="57" /><ent r="6" t="145" w="44" /><ent r="6" t="146" w="44" /><ent r="6" t="147" w="44" /><ent r="6" t="148" w="51" /><ent r="6" t="149" w="47" /><ent r="6" t="150" w="43" /><ent r="6" t="151" w="40" /><ent r="6" t="152" w="40" /><ent r="6" t="153" w="50" /><ent r="4" t="179" w="1340" /><ent r="6" t="226" w="44" /></phr><phr n="changing"><ent r="3" t="104" w="198" /><ent r="3" t="177" w="1461" /><ent r="4" t="179" w="1503" /></phr></stem><stem n="instruct"><phr n="instructions"><ent r="3" t="2" w="149" /><ent r="3" t="140" w="320" /><ent r="3" t="223" w="56" /></phr></stem><stem n="what"><phr n="What"><ent r="6" t="3" w="13" /><ent r="7" t="5" w="15" /><ent r="7" t="6" w="15" /><ent r="6" t="7" w="16" /><ent r="7" t="8" w="50" /><ent r="7" t="9" w="15" /><ent r="7" t="10" w="60" /><ent r="7" t="11" w="92" /><ent r="7" t="12" w="20" /><ent r="7" t="13" w="48" /><ent r="6" t="39" w="69" /><ent r="6" t="59" w="63" /><ent r="6" t="90" w="125" /><ent r="6" t="114" w="19" /><ent r="6" t="236" w="54" /><ent r="6" t="237" w="57" /><ent r="6" t="238" w="54" /><ent r="6" t="239" w="42" /></phr><phr n="what"><ent r="3" t="44" w="72" /><ent r="3" t="47" w="135" /><ent r="4" t="103" w="45" /><ent r="3" t="104" w="91" /><ent r="3" t="105" w="22" /><ent r="4" t="107" w="452" /><ent r="4" t="108" w="354" /><ent r="4" t="108" w="360" /><ent r="3" t="177" w="1299" /><ent r="3" t="181" w="134" /><ent r="3" t="182" w="124" /><ent r="3" t="185" w="168" /><ent r="4" t="195" w="145" /><ent r="7" t="197" w="580" /><ent r="3" t="206" w="253" /><ent r="3" t="206" w="262" /></phr></stem><stem n="doe"><phr n="does"><ent r="6" t="3" w="15" /><ent r="7" t="5" w="17" /><ent r="7" t="6" w="17" /><ent r="6" t="7" w="18" /><ent r="7" t="8" w="52" /><ent r="7" t="9" w="17" /><ent r="7" t="10" w="62" /><ent r="7" t="11" w="94" /><ent r="7" t="12" w="22" /><ent r="7" t="13" w="50" /><ent r="3" t="22" w="25" /><ent r="6" t="39" w="71" /><ent r="6" t="59" w="65" /><ent r="3" t="63" w="71" /><ent r="4" t="86" w="64" /><ent r="3" t="90" w="88" /><ent r="6" t="90" w="127" /><ent r="4" t="91" w="49" /><ent r="4" t="92" w="70" /><ent r="3" t="93" w="52" /><ent r="3" t="93" w="114" /><ent r="4" t="94" w="54" /><ent r="4" t="97" w="53" /><ent r="3" t="98" w="67" /><ent r="6" t="104" w="53" /><ent r="6" t="106" w="49" /><ent r="4" t="106" w="232" /><ent r="6" t="107" w="50" /><ent r="6" t="114" w="21" /><ent r="3" t="121" w="484" /><ent r="3" t="141" w="451" /><ent r="6" t="142" w="60" /><ent r="6" t="145" w="47" /><ent r="6" t="146" w="47" /><ent r="6" t="147" w="47" /><ent r="6" t="148" w="54" /><ent r="6" t="149" w="50" /><ent r="6" t="150" w="46" /><ent r="6" t="151" w="43" /><ent r="6" t="152" w="43" /><ent r="6" t="153" w="53" /><ent r="3" t="155" w="483" /><ent r="3" t="176" w="129" /><ent r="3" t="177" w="109" /><ent r="3" t="177" w="1749" /><ent r="3" t="181" w="332" /><ent r="3" t="182" w="319" /><ent r="4" t="185" w="1347" /><ent r="3" t="185" w="1508" /><ent r="3" t="185" w="1527" /><ent r="3" t="185" w="1696" /><ent r="3" t="190" w="107" /><ent r="3" t="191" w="91" /><ent r="3" t="193" w="596" /><ent r="3" t="195" w="58" /><ent r="3" t="214" w="218" /><ent r="6" t="226" w="47" /></phr><phr n="Does"><ent r="6" t="236" w="56" /><ent r="6" t="237" w="59" /><ent r="6" t="238" w="56" /><ent r="6" t="239" w="44" /></phr></stem><stem n="+"><phr n="+"><ent r="6" t="3" w="19" /><ent r="6" t="3" w="30" /><ent r="6" t="3" w="67" /><ent r="7" t="5" w="34" /><ent r="7" t="5" w="91" /><ent r="7" t="5" w="127" /><ent r="7" t="5" w="164" /><ent r="7" t="5" w="218" /><ent r="7" t="5" w="267" /><ent r="7" t="7" w="310" /><ent r="3" t="18" w="87" /><ent r="3" t="32" w="139" /><ent r="4" t="44" w="317" /><ent r="3" t="46" w="160" /><ent r="3" t="46" w="173" /><ent r="3" t="46" w="177" /><ent r="3" t="50" w="121" /><ent r="3" t="50" w="125" /><ent r="3" t="51" w="68" /><ent r="4" t="51" w="96" /><ent r="3" t="64" w="233" /><ent r="3" t="98" w="157" /><ent r="3" t="99" w="160" /><ent r="3" t="100" w="138" /><ent r="4" t="104" w="159" /><ent r="4" t="105" w="101" /><ent r="4" t="106" w="114" /><ent r="4" t="106" w="130" /><ent r="4" t="107" w="115" /><ent r="4" t="107" w="131" /><ent r="3" t="107" w="180" /><ent r="4" t="107" w="259" /><ent r="4" t="107" w="261" /><ent r="4" t="107" w="274" /><ent r="3" t="116" w="83" /><ent r="3" t="118" w="44" /><ent r="100" t="141" w="226" /><ent r="65" t="141" w="231" /><ent r="92" t="141" w="270" /><ent r="3" t="141" w="277" /><ent r="4" t="141" w="367" /><ent r="3" t="141" w="635" /><ent r="4" t="143" w="71" /><ent r="3" t="143" w="370" /><ent r="4" t="145" w="110" /><ent r="4" t="146" w="110" /><ent r="4" t="147" w="124" /><ent r="4" t="148" w="119" /><ent r="4" t="149" w="112" /><ent r="4" t="150" w="110" /><ent r="4" t="151" w="106" /><ent r="4" t="152" w="107" /><ent r="4" t="153" w="117" /><ent r="3" t="191" w="117" /><ent r="3" t="191" w="227" /><ent r="5" t="223" w="87" /><ent r="5" t="223" w="97" /><ent r="5" t="223" w="107" /><ent r="5" t="223" w="117" /><ent r="5" t="223" w="125" /><ent r="5" t="223" w="133" /><ent r="5" t="223" w="142" /><ent r="5" t="223" w="149" /><ent r="5" t="223" w="156" /><ent r="5" t="223" w="166" /><ent r="5" t="223" w="174" /><ent r="5" t="223" w="184" /><ent r="5" t="223" w="193" /><ent r="5" t="223" w="200" /><ent r="5" t="223" w="209" /><ent r="5" t="223" w="327" /><ent r="5" t="223" w="329" /><ent r="5" t="223" w="364" /><ent r="4" t="225" w="125" /><ent r="3" t="225" w="188" /><ent r="4" t="226" w="111" /><ent r="7" t="236" w="100" /><ent r="7" t="236" w="136" /><ent r="7" t="236" w="175" /><ent r="7" t="237" w="109" /><ent r="7" t="237" w="145" /><ent r="7" t="237" w="156" /><ent r="6" t="238" w="82" /><ent r="5" t="238" w="126" /><ent r="7" t="239" w="106" /><ent r="7" t="239" w="107" /><ent r="6" t="239" w="121" /></phr></stem><stem n="ctrl"><phr n="Ctrl"><ent r="6" t="3" w="20" /><ent r="6" t="3" w="68" /><ent r="7" t="5" w="33" /><ent r="7" t="7" w="309" /><ent r="4" t="18" w="85" /><ent r="4" t="18" w="127" /><ent r="4" t="32" w="137" /><ent r="4" t="46" w="158" /><ent r="4" t="46" w="171" /><ent r="4" t="50" w="119" /><ent r="4" t="51" w="66" /><ent r="4" t="51" w="95" /><ent r="5" t="60" w="62" /><ent r="3" t="64" w="158" /><ent r="4" t="64" w="231" /><ent r="4" t="98" w="155" /><ent r="4" t="99" w="158" /><ent r="3" t="107" w="181" /><ent r="4" t="107" w="258" /><ent r="4" t="107" w="273" /><ent r="4" t="116" w="81" /><ent r="4" t="118" w="42" /><ent r="4" t="123" w="199" /><ent r="4" t="124" w="314" /><ent r="4" t="172" w="132" /><ent r="3" t="186" w="926" /><ent r="5" t="196" w="273" /><ent r="5" t="223" w="86" /><ent r="5" t="223" w="96" /><ent r="5" t="223" w="106" /><ent r="5" t="223" w="116" /><ent r="5" t="223" w="124" /><ent r="5" t="223" w="132" /><ent r="5" t="223" w="141" /><ent r="5" t="223" w="148" /><ent r="5" t="223" w="155" /><ent r="5" t="223" w="165" /><ent r="5" t="223" w="173" /><ent r="5" t="223" w="183" /><ent r="5" t="223" w="192" /><ent r="5" t="223" w="199" /><ent r="5" t="223" w="208" /><ent r="5" t="223" w="326" /><ent r="7" t="236" w="99" /><ent r="7" t="236" w="135" /><ent r="7" t="236" w="174" /><ent r="7" t="237" w="108" /><ent r="7" t="237" w="144" /><ent r="7" t="237" w="155" /><ent r="6" t="238" w="81" /><ent r="5" t="238" w="125" /><ent r="7" t="239" w="105" /><ent r="6" t="239" w="120" /></phr></stem><stem n="copi"><phr n="Copies"><ent r="6" t="3" w="22" /><ent r="7" t="5" w="100" /><ent r="5" t="90" w="485" /><ent r="7" t="114" w="115" /><ent r="4" t="141" w="570" /><ent r="7" t="236" w="105" /></phr><phr n="copied"><ent r="7" t="5" w="113" /><ent r="3" t="168" w="51" /><ent r="3" t="172" w="87" /><ent r="4" t="173" w="239" /></phr><phr n="copy"><ent r="7" t="5" w="138" /><ent r="4" t="48" w="172" /><ent r="100" t="50" w="9" /><ent r="100" t="50" w="11" /><ent r="3" t="50" w="37" /><ent r="4" t="50" w="178" /><ent r="4" t="50" w="250" /><ent r="4" t="53" w="95" /><ent r="100" t="172" w="7" /><ent r="4" t="173" w="201" /><ent r="4" t="206" w="567" /><ent r="4" t="206" w="582" /><ent r="4" t="206" w="626" /><ent r="4" t="206" w="637" /><ent r="3" t="206" w="714" /><ent r="100" t="236" w="10" /></phr><phr n="Copy"><ent r="102" t="50" w="5" /><ent r="5" t="50" w="156" /><ent r="4" t="50" w="165" /><ent r="5" t="50" w="210" /><ent r="4" t="50" w="219" /><ent r="3" t="50" w="224" /><ent r="4" t="50" w="232" /><ent r="5" t="53" w="83" /><ent r="5" t="90" w="482" /><ent r="92" t="106" w="312" /><ent r="4" t="106" w="364" /><ent r="4" t="141" w="564" /><ent r="3" t="143" w="176" /><ent r="3" t="143" w="279" /><ent r="3" t="143" w="483" /><ent r="3" t="143" w="647" /><ent r="5" t="223" w="138" /><ent r="7" t="236" w="103" /></phr><phr n="Copying"><ent r="64" t="170" w="324" /><ent r="65" t="171" w="298" /><ent r="64" t="171" w="305" /><ent r="1000" t="172" w="1" /><ent r="102" t="172" w="10" /></phr><phr n="copying"><ent r="100" t="172" w="5" /><ent r="3" t="184" w="962" /></phr></stem><stem n="shift"><phr n="Shift"><ent r="6" t="3" w="31" /><ent r="4" t="18" w="123" /><ent r="3" t="18" w="221" /><ent r="4" t="46" w="175" /><ent r="4" t="49" w="345" /><ent r="4" t="50" w="123" /><ent r="5" t="60" w="66" /><ent r="4" t="64" w="97" /><ent r="4" t="123" w="195" /><ent r="4" t="172" w="130" /><ent r="4" t="178" w="1154" /><ent r="3" t="186" w="924" /><ent r="5" t="223" w="328" /><ent r="5" t="223" w="363" /></phr></stem><stem n="extend"><phr n="Extends"><ent r="6" t="3" w="33" /></phr><phr n="extend"><ent r="6" t="167" w="199" /></phr><phr n="extends"><ent r="6" t="167" w="202" /></phr></stem><stem n="middl"><phr n="Middle"><ent r="6" t="3" w="38" /><ent r="3" t="64" w="184" /></phr><phr n="middle"><ent r="3" t="37" w="21" /><ent r="4" t="37" w="66" /><ent r="3" t="64" w="186" /><ent r="3" t="177" w="873" /><ent r="3" t="177" w="1633" /><ent r="4" t="178" w="2841" /><ent r="4" t="179" w="615" /><ent r="4" t="179" w="657" /><ent r="4" t="182" w="881" /><ent r="3" t="186" w="866" /><ent r="3" t="186" w="885" /></phr></stem><stem n="zoom"><phr n="Zooms"><ent r="6" t="3" w="41" /><ent r="6" t="3" w="52" /><ent r="6" t="3" w="60" /><ent r="7" t="239" w="97" /><ent r="7" t="239" w="112" /></phr><phr n="zoomed"><ent r="6" t="3" w="75" /><ent r="4" t="49" w="280" /><ent r="3" t="49" w="325" /><ent r="4" t="106" w="267" /><ent r="4" t="106" w="285" /><ent r="3" t="154" w="311" /><ent r="3" t="175" w="132" /><ent r="3" t="177" w="693" /><ent r="3" t="177" w="708" /><ent r="3" t="177" w="1662" /><ent r="4" t="177" w="1691" /><ent r="4" t="177" w="1714" /><ent r="3" t="181" w="747" /></phr><phr n="Zoom"><ent r="6" t="7" w="23" /><ent r="67" t="7" w="26" /><ent r="6" t="7" w="28" /><ent r="67" t="7" w="31" /><ent r="6" t="7" w="33" /><ent r="67" t="7" w="46" /><ent r="6" t="7" w="48" /><ent r="67" t="7" w="61" /><ent r="6" t="7" w="63" /><ent r="67" t="7" w="79" /><ent r="7" t="7" w="81" /><ent r="68" t="7" w="107" /><ent r="6" t="7" w="109" /><ent r="67" t="7" w="113" /><ent r="6" t="7" w="115" /><ent r="67" t="7" w="121" /><ent r="6" t="38" w="66" /><ent r="67" t="38" w="74" /><ent r="6" t="38" w="76" /><ent r="67" t="38" w="84" /><ent r="6" t="38" w="86" /><ent r="67" t="38" w="92" /><ent r="1000" t="40" w="1" /><ent r="102" t="40" w="5" /><ent r="3" t="40" w="8" /><ent r="3" t="40" w="36" /><ent r="4" t="40" w="54" /><ent r="5" t="40" w="203" /><ent r="4" t="47" w="308" /><ent r="3" t="49" w="292" /><ent r="4" t="81" w="539" /><ent r="7" t="90" w="195" /><ent r="67" t="90" w="206" /><ent r="5" t="90" w="265" /><ent r="5" t="90" w="294" /><ent r="6" t="91" w="118" /><ent r="1000" t="97" w="2" /><ent r="102" t="97" w="5" /><ent r="5" t="97" w="69" /><ent r="4" t="97" w="74" /><ent r="4" t="104" w="245" /><ent r="92" t="106" w="243" /><ent r="4" t="106" w="249" /><ent r="5" t="106" w="259" /><ent r="5" t="107" w="198" /><ent r="5" t="107" w="211" /><ent r="4" t="107" w="219" /><ent r="5" t="114" w="189" /><ent r="5" t="114" w="192" /><ent r="5" t="114" w="195" /><ent r="4" t="171" w="84" /><ent r="4" t="171" w="234" /><ent r="4" t="174" w="318" /><ent r="4" t="174" w="320" /><ent r="5" t="177" w="607" /><ent r="3" t="177" w="616" /><ent r="3" t="177" w="766" /><ent r="4" t="177" w="788" /><ent r="3" t="177" w="821" /><ent r="4" t="177" w="843" /><ent r="4" t="177" w="848" /><ent r="4" t="177" w="886" /><ent r="4" t="177" w="893" /><ent r="4" t="177" w="1584" /><ent r="4" t="177" w="1618" /><ent r="3" t="177" w="1763" /><ent r="4" t="178" w="1657" /><ent r="4" t="178" w="2182" /><ent r="4" t="178" w="2422" /><ent r="4" t="178" w="2848" /><ent r="3" t="178" w="2867" /><ent r="4" t="179" w="625" /><ent r="4" t="179" w="644" /><ent r="4" t="179" w="653" /><ent r="4" t="180" w="391" /><ent r="4" t="180" w="450" /><ent r="4" t="180" w="1095" /><ent r="3" t="182" w="762" /><ent r="4" t="182" w="867" /><ent r="4" t="184" w="691" /><ent r="5" t="223" w="341" /><ent r="5" t="223" w="343" /><ent r="5" t="223" w="349" /><ent r="5" t="223" w="351" /><ent r="5" t="223" w="358" /><ent r="5" t="223" w="360" /><ent r="5" t="223" w="368" /><ent r="5" t="223" w="370" /><ent r="5" t="223" w="377" /><ent r="5" t="223" w="379" /><ent r="7" t="239" w="94" /><ent r="7" t="239" w="109" /><ent r="7" t="239" w="123" /></phr><phr n="zoom"><ent r="6" t="7" w="44" /><ent r="6" t="7" w="59" /><ent r="6" t="7" w="70" /><ent r="7" t="7" w="90" /><ent r="6" t="11" w="347" /><ent r="100" t="40" w="3" /><ent r="3" t="40" w="17" /><ent r="3" t="40" w="26" /><ent r="3" t="40" w="59" /><ent r="3" t="40" w="82" /><ent r="4" t="40" w="91" /><ent r="4" t="40" w="116" /><ent r="4" t="40" w="224" /><ent r="3" t="40" w="229" /><ent r="3" t="40" w="234" /><ent r="3" t="40" w="244" /><ent r="3" t="40" w="249" /><ent r="3" t="47" w="152" /><ent r="3" t="47" w="288" /><ent r="5" t="47" w="301" /><ent r="3" t="47" w="328" /><ent r="3" t="48" w="56" /><ent r="3" t="48" w="188" /><ent r="4" t="48" w="296" /><ent r="64" t="49" w="64" /><ent r="3" t="49" w="360" /><ent r="3" t="49" w="386" /><ent r="3" t="49" w="417" /><ent r="3" t="58" w="268" /><ent r="3" t="81" w="548" /><ent r="4" t="81" w="554" /><ent r="4" t="81" w="589" /><ent r="64" t="82" w="63" /><ent r="64" t="87" w="189" /><ent r="7" t="90" w="202" /><ent r="5" t="90" w="272" /><ent r="5" t="90" w="281" /><ent r="5" t="90" w="306" /><ent r="5" t="90" w="311" /><ent r="5" t="91" w="125" /><ent r="100" t="97" w="8" /><ent r="100" t="97" w="10" /><ent r="3" t="97" w="20" /><ent r="4" t="103" w="35" /><ent r="3" t="104" w="32" /><ent r="3" t="104" w="110" /><ent r="3" t="106" w="256" /><ent r="4" t="106" w="291" /><ent r="4" t="107" w="209" /><ent r="4" t="107" w="225" /><ent r="4" t="107" w="229" /><ent r="4" t="107" w="458" /><ent r="4" t="107" w="549" /><ent r="4" t="107" w="564" /><ent r="3" t="132" w="41" /><ent r="4" t="171" w="230" /><ent r="4" t="171" w="256" /><ent r="4" t="171" w="273" /><ent r="4" t="173" w="70" /><ent r="4" t="173" w="73" /><ent r="4" t="177" w="63" /><ent r="3" t="177" w="121" /><ent r="3" t="177" w="829" /><ent r="4" t="177" w="854" /><ent r="4" t="177" w="860" /><ent r="3" t="177" w="878" /><ent r="4" t="177" w="900" /><ent r="4" t="177" w="914" /><ent r="3" t="177" w="1621" /><ent r="3" t="177" w="2411" /><ent r="3" t="178" w="344" /><ent r="3" t="178" w="944" /><ent r="4" t="178" w="1671" /><ent r="4" t="178" w="2397" /><ent r="4" t="180" w="1651" /><ent r="4" t="180" w="1659" /><ent r="3" t="181" w="1018" /></phr><phr n="zooms"><ent r="3" t="81" w="565" /><ent r="3" t="81" w="577" /><ent r="3" t="81" w="601" /><ent r="3" t="81" w="610" /><ent r="3" t="177" w="655" /><ent r="4" t="178" w="2417" /><ent r="4" t="179" w="579" /></phr><phr n="Zoomed"><ent r="5" t="107" w="446" /></phr><phr n="Zooming"><ent r="92" t="107" w="488" /><ent r="5" t="107" w="543" /><ent r="5" t="107" w="558" /><ent r="4" t="154" w="276" /><ent r="4" t="154" w="290" /></phr></stem></index>