﻿<?xml version="1.0" encoding="utf-8"?><index><stem n="math"><phr n="Math"><ent r="64" t="16" w="22" /><ent r="1000" t="168" w="2" /><ent r="102" t="168" w="8" /><ent r="3" t="168" w="12" /><ent r="3" t="168" w="60" /><ent r="5" t="168" w="74" /><ent r="3" t="168" w="79" /><ent r="3" t="168" w="110" /><ent r="3" t="168" w="236" /><ent r="64" t="176" w="329" /><ent r="1000" t="178" w="6" /><ent r="102" t="178" w="25" /><ent r="92" t="178" w="1776" /><ent r="5" t="178" w="1813" /><ent r="3" t="178" w="1818" /><ent r="3" t="178" w="1836" /><ent r="3" t="178" w="1903" /><ent r="4" t="178" w="2371" /><ent r="4" t="178" w="2413" /><ent r="4" t="178" w="2427" /><ent r="4" t="178" w="2568" /><ent r="5" t="185" w="511" /><ent r="4" t="185" w="544" /><ent r="3" t="185" w="1002" /><ent r="3" t="185" w="1029" /><ent r="3" t="185" w="1050" /><ent r="4" t="185" w="1113" /><ent r="7" t="185" w="1142" /><ent r="7" t="185" w="1178" /><ent r="3" t="185" w="1385" /><ent r="7" t="186" w="1041" /><ent r="7" t="186" w="1054" /><ent r="7" t="186" w="1064" /><ent r="7" t="186" w="1082" /><ent r="7" t="186" w="1085" /><ent r="7" t="186" w="1102" /><ent r="3" t="186" w="1111" /><ent r="3" t="186" w="1345" /><ent r="1000" t="194" w="2" /><ent r="102" t="194" w="10" /><ent r="3" t="206" w="291" /></phr><phr n="math"><ent r="100" t="168" w="5" /><ent r="100" t="178" w="9" /><ent r="3" t="178" w="65" /><ent r="4" t="178" w="110" /><ent r="4" t="178" w="226" /><ent r="3" t="178" w="250" /><ent r="3" t="178" w="262" /><ent r="3" t="178" w="2062" /><ent r="3" t="178" w="2078" /><ent r="4" t="178" w="2529" /><ent r="4" t="178" w="2541" /><ent r="3" t="178" w="2956" /><ent r="100" t="194" w="6" /></phr></stem><stem n="fusion"><phr n="Fusion"><ent r="64" t="16" w="25" /><ent r="1000" t="169" w="6" /><ent r="100" t="169" w="13" /><ent r="100" t="169" w="22" /><ent r="102" t="169" w="29" /><ent r="3" t="169" w="38" /><ent r="64" t="169" w="318" /><ent r="1000" t="170" w="6" /><ent r="100" t="170" w="13" /><ent r="102" t="170" w="23" /><ent r="3" t="170" w="31" /><ent r="4" t="170" w="59" /><ent r="5" t="170" w="144" /><ent r="4" t="170" w="152" /><ent r="5" t="170" w="161" /><ent r="4" t="170" w="279" /><ent r="3" t="171" w="168" /><ent r="3" t="172" w="17" /><ent r="4" t="172" w="119" /><ent r="5" t="173" w="115" /><ent r="5" t="173" w="184" /><ent r="4" t="174" w="391" /><ent r="64" t="176" w="356" /><ent r="1000" t="180" w="5" /><ent r="100" t="180" w="12" /><ent r="102" t="180" w="22" /><ent r="3" t="180" w="61" /><ent r="4" t="180" w="82" /><ent r="4" t="180" w="111" /><ent r="5" t="180" w="490" /><ent r="4" t="180" w="498" /><ent r="3" t="180" w="506" /><ent r="4" t="180" w="516" /><ent r="3" t="180" w="679" /><ent r="3" t="180" w="741" /><ent r="4" t="180" w="795" /><ent r="4" t="180" w="886" /><ent r="3" t="180" w="945" /><ent r="4" t="180" w="957" /><ent r="4" t="180" w="993" /><ent r="4" t="180" w="1011" /><ent r="4" t="180" w="1614" /><ent r="3" t="180" w="1683" /></phr><phr n="fusion"><ent r="4" t="173" w="313" /><ent r="4" t="173" w="336" /><ent r="64" t="174" w="17" /><ent r="4" t="174" w="106" /><ent r="3" t="180" w="74" /><ent r="4" t="180" w="1238" /><ent r="4" t="180" w="1277" /><ent r="3" t="180" w="1330" /></phr></stem><stem n="princip"><phr n="Principal"><ent r="64" t="16" w="27" /><ent r="1000" t="166" w="1" /><ent r="100" t="166" w="5" /><ent r="102" t="166" w="9" /><ent r="3" t="166" w="55" /><ent r="3" t="166" w="77" /><ent r="5" t="166" w="155" /><ent r="4" t="166" w="160" /><ent r="3" t="166" w="411" /><ent r="4" t="166" w="569" /><ent r="100" t="179" w="29" /><ent r="3" t="179" w="61" /><ent r="92" t="179" w="1018" /><ent r="5" t="179" w="1054" /><ent r="4" t="179" w="1061" /><ent r="3" t="179" w="1081" /><ent r="4" t="179" w="1466" /><ent r="3" t="206" w="293" /></phr><phr n="principal"><ent r="3" t="166" w="102" /><ent r="3" t="166" w="132" /><ent r="3" t="166" w="142" /><ent r="3" t="166" w="501" /></phr></stem><stem n="analysi"><phr n="Analysis"><ent r="64" t="16" w="29" /><ent r="1000" t="166" w="3" /><ent r="100" t="166" w="7" /><ent r="102" t="166" w="11" /><ent r="3" t="166" w="79" /><ent r="5" t="166" w="157" /><ent r="4" t="166" w="162" /><ent r="3" t="166" w="413" /><ent r="4" t="166" w="571" /><ent r="100" t="179" w="31" /><ent r="3" t="179" w="63" /><ent r="92" t="179" w="1020" /><ent r="5" t="179" w="1056" /><ent r="4" t="179" w="1063" /><ent r="3" t="179" w="1083" /><ent r="4" t="179" w="1468" /><ent r="5" t="198" w="23" /></phr><phr n="analysis"><ent r="3" t="76" w="74" /><ent r="3" t="128" w="15" /><ent r="3" t="166" w="57" /><ent r="3" t="166" w="144" /><ent r="4" t="166" w="707" /><ent r="3" t="166" w="910" /><ent r="3" t="176" w="190" /><ent r="3" t="177" w="1550" /><ent r="4" t="179" w="1324" /><ent r="4" t="184" w="260" /><ent r="64" t="195" w="19" /></phr></stem><stem n="flatten"><phr n="Flatten"><ent r="64" t="16" w="31" /><ent r="64" t="69" w="161" /><ent r="1000" t="71" w="1" /><ent r="102" t="71" w="13" /><ent r="3" t="71" w="17" /><ent r="5" t="71" w="68" /></phr><phr n="flatten"><ent r="100" t="71" w="5" /><ent r="100" t="71" w="11" /><ent r="3" t="71" w="99" /></phr><phr n="flattening"><ent r="4" t="71" w="80" /><ent r="3" t="71" w="114" /></phr></stem><stem n="qt"><phr n="QT"><ent r="64" t="16" w="39" /><ent r="1000" t="175" w="1" /><ent r="102" t="175" w="4" /><ent r="100" t="175" w="7" /><ent r="64" t="175" w="12" /><ent r="5" t="175" w="48" /><ent r="3" t="175" w="53" /><ent r="64" t="195" w="20" /><ent r="3" t="195" w="25" /><ent r="3" t="195" w="30" /></phr></stem><stem n="cluster"><phr n="Cluster"><ent r="64" t="16" w="40" /><ent r="1000" t="175" w="2" /><ent r="102" t="175" w="5" /><ent r="100" t="175" w="8" /><ent r="64" t="175" w="13" /><ent r="3" t="175" w="19" /><ent r="5" t="175" w="49" /><ent r="3" t="175" w="54" /><ent r="5" t="175" w="62" /><ent r="64" t="195" w="18" /></phr><phr n="cluster"><ent r="3" t="175" w="35" /><ent r="4" t="175" w="73" /><ent r="4" t="195" w="95" /><ent r="4" t="195" w="115" /><ent r="4" t="195" w="123" /><ent r="4" t="195" w="132" /><ent r="4" t="195" w="139" /><ent r="4" t="195" w="151" /></phr><phr n="clusters"><ent r="3" t="175" w="145" /><ent r="3" t="175" w="162" /><ent r="3" t="195" w="65" /><ent r="4" t="195" w="90" /></phr><phr n="Clustering"><ent r="1000" t="195" w="3" /><ent r="102" t="195" w="8" /></phr><phr n="clustering"><ent r="64" t="195" w="21" /><ent r="3" t="195" w="26" /><ent r="3" t="195" w="33" /><ent r="3" t="195" w="48" /></phr></stem><stem n=":open"><phr n=":open"><ent r="100" t="18" w="5" /><ent r="100" t="19" w="8" /><ent r="100" t="78" w="10" /><ent r="100" t="113" w="74" /><ent r="100" t="116" w="6" /></phr></stem><stem n=":file"><phr n=":file"><ent r="100" t="18" w="8" /><ent r="100" t="19" w="11" /></phr><phr n=":File"><ent r="100" t="237" w="28" /></phr></stem><stem n=":import"><phr n=":import"><ent r="100" t="18" w="19" /><ent r="100" t="21" w="11" /><ent r="100" t="31" w="11" /><ent r="100" t="211" w="12" /></phr><phr n=":Import"><ent r="100" t="207" w="16" /></phr></stem><stem n="i"><phr n="I"><ent r="5" t="18" w="45" /><ent r="4" t="27" w="25" /><ent r="4" t="182" w="978" /></phr><phr n="i"><ent r="3" t="195" w="182" /></phr></stem><stem n="mport"><phr n="mport"><ent r="5" t="18" w="47" /></phr></stem><stem n="..."><phr n="..."><ent r="5" t="18" w="49" /><ent r="5" t="21" w="248" /><ent r="5" t="23" w="39" /><ent r="4" t="23" w="111" /><ent r="5" t="26" w="184" /><ent r="5" t="26" w="275" /><ent r="5" t="32" w="113" /><ent r="6" t="38" w="65" /><ent r="5" t="44" w="299" /><ent r="4" t="47" w="208" /><ent r="5" t="47" w="238" /><ent r="5" t="47" w="303" /><ent r="5" t="50" w="212" /><ent r="5" t="51" w="60" /><ent r="5" t="53" w="102" /><ent r="5" t="53" w="160" /><ent r="5" t="62" w="67" /><ent r="4" t="62" w="133" /><ent r="4" t="74" w="306" /><ent r="5" t="78" w="92" /><ent r="4" t="79" w="80" /><ent r="5" t="80" w="179" /><ent r="4" t="80" w="185" /><ent r="4" t="83" w="128" /><ent r="5" t="83" w="229" /><ent r="7" t="90" w="133" /><ent r="7" t="90" w="146" /><ent r="7" t="90" w="223" /><ent r="5" t="90" w="245" /><ent r="7" t="90" w="466" /><ent r="5" t="92" w="87" /><ent r="4" t="92" w="111" /><ent r="5" t="93" w="82" /><ent r="4" t="93" w="132" /><ent r="5" t="94" w="71" /><ent r="5" t="95" w="105" /><ent r="5" t="95" w="234" /><ent r="5" t="98" w="99" /><ent r="4" t="98" w="136" /><ent r="5" t="99" w="102" /><ent r="4" t="99" w="139" /><ent r="5" t="104" w="141" /><ent r="5" t="105" w="83" /><ent r="5" t="106" w="96" /><ent r="5" t="107" w="97" /><ent r="4" t="113" w="104" /><ent r="5" t="116" w="51" /><ent r="5" t="125" w="48" /><ent r="5" t="131" w="48" /><ent r="5" t="133" w="54" /><ent r="6" t="138" w="79" /><ent r="6" t="138" w="139" /><ent r="5" t="140" w="380" /><ent r="4" t="140" w="405" /><ent r="5" t="141" w="135" /><ent r="4" t="141" w="161" /><ent r="4" t="141" w="197" /><ent r="5" t="141" w="379" /><ent r="5" t="143" w="53" /><ent r="5" t="145" w="92" /><ent r="5" t="146" w="92" /><ent r="5" t="147" w="106" /><ent r="5" t="148" w="101" /><ent r="5" t="149" w="94" /><ent r="5" t="150" w="92" /><ent r="5" t="151" w="88" /><ent r="5" t="152" w="89" /><ent r="5" t="153" w="99" /><ent r="5" t="154" w="77" /><ent r="5" t="155" w="107" /><ent r="5" t="156" w="106" /><ent r="4" t="156" w="130" /><ent r="5" t="158" w="49" /><ent r="4" t="158" w="208" /><ent r="4" t="158" w="245" /><ent r="5" t="159" w="64" /><ent r="5" t="160" w="100" /><ent r="5" t="160" w="116" /><ent r="4" t="160" w="214" /><ent r="5" t="161" w="89" /><ent r="5" t="162" w="81" /><ent r="5" t="163" w="97" /><ent r="4" t="163" w="155" /><ent r="5" t="164" w="131" /><ent r="5" t="165" w="152" /><ent r="5" t="179" w="469" /><ent r="5" t="179" w="777" /><ent r="5" t="181" w="638" /><ent r="5" t="182" w="623" /><ent r="5" t="183" w="247" /><ent r="5" t="185" w="434" /><ent r="4" t="187" w="88" /><ent r="82" t="193" w="321" /><ent r="3" t="193" w="325" /><ent r="82" t="193" w="342" /><ent r="3" t="193" w="345" /><ent r="82" t="193" w="353" /><ent r="82" t="193" w="364" /><ent r="3" t="193" w="367" /><ent r="82" t="193" w="380" /><ent r="3" t="193" w="383" /><ent r="5" t="193" w="700" /><ent r="5" t="198" w="79" /><ent r="82" t="207" w="138" /><ent r="3" t="207" w="142" /><ent r="82" t="207" w="159" /><ent r="3" t="207" w="162" /><ent r="82" t="207" w="170" /><ent r="82" t="207" w="181" /><ent r="3" t="207" w="184" /><ent r="82" t="207" w="197" /><ent r="3" t="207" w="200" /><ent r="4" t="210" w="47" /><ent r="5" t="212" w="206" /><ent r="5" t="213" w="137" /><ent r="5" t="214" w="96" /><ent r="5" t="215" w="135" /><ent r="5" t="224" w="94" /><ent r="5" t="226" w="93" /><ent r="5" t="228" w="207" /></phr></stem><stem n="press"><phr n="press"><ent r="3" t="18" w="72" /><ent r="3" t="32" w="135" /><ent r="3" t="70" w="95" /><ent r="3" t="70" w="280" /><ent r="3" t="74" w="332" /><ent r="3" t="98" w="143" /><ent r="3" t="99" w="146" /><ent r="3" t="101" w="66" /><ent r="4" t="174" w="221" /><ent r="4" t="177" w="1133" /><ent r="4" t="224" w="217" /><ent r="4" t="225" w="151" /><ent r="3" t="225" w="165" /><ent r="3" t="225" w="174" /></phr><phr n="Press"><ent r="4" t="44" w="452" /><ent r="3" t="51" w="64" /><ent r="3" t="118" w="40" /><ent r="4" t="126" w="153" /><ent r="3" t="179" w="1421" /><ent r="3" t="186" w="1608" /><ent r="3" t="186" w="1646" /></phr><phr n="pressing"><ent r="4" t="178" w="1764" /><ent r="3" t="225" w="171" /></phr></stem><stem n="want"><phr n="want"><ent r="4" t="18" w="111" /><ent r="3" t="18" w="138" /><ent r="3" t="19" w="63" /><ent r="4" t="21" w="261" /><ent r="4" t="23" w="68" /><ent r="4" t="26" w="162" /><ent r="4" t="26" w="260" /><ent r="4" t="26" w="265" /><ent r="4" t="26" w="348" /><ent r="3" t="26" w="377" /><ent r="4" t="29" w="72" /><ent r="4" t="32" w="181" /><ent r="3" t="43" w="130" /><ent r="4" t="44" w="443" /><ent r="4" t="44" w="583" /><ent r="3" t="47" w="278" /><ent r="4" t="48" w="170" /><ent r="3" t="49" w="307" /><ent r="4" t="50" w="248" /><ent r="3" t="51" w="22" /><ent r="4" t="52" w="37" /><ent r="3" t="53" w="36" /><ent r="4" t="54" w="36" /><ent r="4" t="55" w="43" /><ent r="4" t="55" w="77" /><ent r="4" t="58" w="163" /><ent r="4" t="60" w="55" /><ent r="3" t="62" w="89" /><ent r="3" t="62" w="108" /><ent r="4" t="65" w="118" /><ent r="4" t="67" w="105" /><ent r="4" t="70" w="260" /><ent r="3" t="70" w="274" /><ent r="3" t="71" w="55" /><ent r="4" t="72" w="79" /><ent r="4" t="74" w="105" /><ent r="4" t="74" w="163" /><ent r="4" t="74" w="186" /><ent r="4" t="80" w="195" /><ent r="4" t="83" w="208" /><ent r="4" t="83" w="303" /><ent r="4" t="84" w="87" /><ent r="4" t="86" w="60" /><ent r="4" t="86" w="113" /><ent r="4" t="88" w="40" /><ent r="4" t="89" w="105" /><ent r="3" t="89" w="145" /><ent r="3" t="90" w="84" /><ent r="4" t="91" w="45" /><ent r="4" t="92" w="66" /><ent r="3" t="93" w="110" /><ent r="4" t="93" w="146" /><ent r="4" t="94" w="50" /><ent r="4" t="95" w="130" /><ent r="4" t="95" w="254" /><ent r="3" t="96" w="284" /><ent r="4" t="97" w="49" /><ent r="3" t="98" w="34" /><ent r="3" t="98" w="125" /><ent r="3" t="99" w="128" /><ent r="3" t="110" w="64" /><ent r="7" t="114" w="50" /><ent r="4" t="116" w="112" /><ent r="4" t="124" w="65" /><ent r="4" t="124" w="302" /><ent r="4" t="131" w="62" /><ent r="4" t="140" w="87" /><ent r="4" t="140" w="133" /><ent r="3" t="140" w="192" /><ent r="4" t="140" w="242" /><ent r="4" t="141" w="115" /><ent r="3" t="143" w="360" /><ent r="3" t="143" w="540" /><ent r="4" t="145" w="130" /><ent r="4" t="146" w="138" /><ent r="4" t="147" w="152" /><ent r="4" t="148" w="150" /><ent r="4" t="149" w="132" /><ent r="4" t="150" w="147" /><ent r="4" t="151" w="126" /><ent r="6" t="152" w="137" /><ent r="3" t="152" w="177" /><ent r="3" t="160" w="135" /><ent r="3" t="160" w="200" /><ent r="3" t="163" w="139" /><ent r="3" t="166" w="371" /><ent r="4" t="170" w="264" /><ent r="3" t="172" w="93" /><ent r="4" t="172" w="125" /><ent r="4" t="173" w="308" /><ent r="4" t="177" w="458" /><ent r="4" t="177" w="924" /><ent r="4" t="178" w="608" /><ent r="3" t="178" w="1317" /><ent r="4" t="179" w="320" /><ent r="4" t="180" w="283" /><ent r="3" t="180" w="874" /><ent r="4" t="181" w="558" /><ent r="4" t="182" w="543" /><ent r="4" t="183" w="425" /><ent r="4" t="184" w="434" /><ent r="3" t="184" w="1051" /><ent r="3" t="185" w="799" /><ent r="4" t="186" w="345" /><ent r="3" t="186" w="1448" /><ent r="4" t="186" w="1519" /><ent r="4" t="187" w="75" /><ent r="4" t="193" w="736" /><ent r="4" t="196" w="255" /><ent r="4" t="198" w="112" /><ent r="3" t="206" w="130" /><ent r="4" t="206" w="485" /><ent r="3" t="210" w="120" /><ent r="3" t="211" w="49" /><ent r="3" t="212" w="142" /><ent r="4" t="212" w="191" /><ent r="4" t="212" w="196" /><ent r="4" t="212" w="279" /><ent r="3" t="213" w="73" /><ent r="4" t="213" w="122" /><ent r="4" t="213" w="127" /><ent r="4" t="213" w="210" /><ent r="3" t="214" w="26" /><ent r="4" t="214" w="81" /><ent r="4" t="214" w="86" /><ent r="4" t="214" w="169" /><ent r="3" t="215" w="71" /><ent r="4" t="215" w="120" /><ent r="4" t="215" w="125" /><ent r="4" t="215" w="208" /><ent r="3" t="216" w="27" /><ent r="4" t="216" w="68" /><ent r="4" t="216" w="95" /><ent r="4" t="216" w="284" /><ent r="3" t="217" w="127" /><ent r="3" t="219" w="132" /><ent r="4" t="225" w="155" /><ent r="4" t="226" w="135" /><ent r="4" t="226" w="146" /><ent r="3" t="228" w="67" /><ent r="4" t="229" w="105" /><ent r="7" t="237" w="102" /><ent r="7" t="237" w="138" /><ent r="7" t="237" w="215" /></phr><phr n="wanted"><ent r="3" t="185" w="981" /></phr></stem><stem n="multipl"><phr n="multiple"><ent r="3" t="18" w="117" /><ent r="3" t="19" w="33" /><ent r="3" t="23" w="128" /><ent r="3" t="64" w="90" /><ent r="3" t="81" w="244" /><ent r="3" t="100" w="51" /><ent r="3" t="113" w="441" /><ent r="7" t="114" w="89" /><ent r="7" t="114" w="125" /><ent r="7" t="114" w="163" /><ent r="3" t="123" w="566" /><ent r="3" t="124" w="262" /><ent r="3" t="146" w="194" /><ent r="3" t="152" w="233" /><ent r="3" t="153" w="207" /><ent r="3" t="168" w="25" /><ent r="4" t="169" w="186" /><ent r="3" t="171" w="48" /><ent r="4" t="172" w="136" /><ent r="3" t="178" w="238" /><ent r="3" t="180" w="847" /><ent r="3" t="185" w="916" /><ent r="3" t="185" w="1032" /><ent r="5" t="186" w="160" /><ent r="3" t="186" w="792" /><ent r="4" t="193" w="551" /></phr><phr n="Multiple"><ent r="5" t="186" w="146" /><ent r="6" t="240" w="383" /><ent r="6" t="240" w="402" /><ent r="6" t="240" w="420" /><ent r="6" t="240" w="439" /><ent r="6" t="240" w="457" /><ent r="6" t="240" w="476" /><ent r="6" t="240" w="494" /><ent r="6" t="240" w="513" /><ent r="5" t="240" w="532" /><ent r="5" t="240" w="550" /><ent r="5" t="240" w="568" /><ent r="5" t="240" w="587" /><ent r="6" t="240" w="605" /><ent r="6" t="240" w="623" /><ent r="6" t="240" w="641" /><ent r="6" t="240" w="656" /><ent r="6" t="240" w="679" /></phr></stem><stem n="paramet"><phr n="parameters"><ent r="3" t="18" w="176" /><ent r="3" t="19" w="174" /><ent r="3" t="27" w="105" /><ent r="4" t="159" w="193" /><ent r="4" t="164" w="318" /><ent r="3" t="177" w="229" /><ent r="4" t="179" w="1067" /><ent r="3" t="212" w="85" /><ent r="3" t="213" w="29" /><ent r="3" t="215" w="29" /><ent r="4" t="229" w="103" /><ent r="4" t="229" w="148" /></phr><phr n="Parameter"><ent r="3" t="196" w="302" /><ent r="7" t="197" w="183" /></phr></stem><stem n="relat"><phr n="Related"><ent r="92" t="18" w="253" /><ent r="92" t="20" w="564" /><ent r="92" t="21" w="524" /><ent r="92" t="23" w="137" /><ent r="92" t="24" w="129" /><ent r="92" t="29" w="118" /><ent r="92" t="35" w="55" /><ent r="92" t="36" w="91" /><ent r="92" t="37" w="186" /><ent r="93" t="40" w="263" /><ent r="92" t="53" w="190" /><ent r="92" t="54" w="90" /><ent r="92" t="55" w="132" /><ent r="92" t="58" w="298" /><ent r="92" t="63" w="90" /><ent r="92" t="65" w="293" /><ent r="92" t="66" w="132" /><ent r="92" t="67" w="294" /><ent r="92" t="69" w="166" /><ent r="92" t="70" w="294" /><ent r="92" t="73" w="114" /><ent r="92" t="76" w="130" /><ent r="92" t="77" w="399" /><ent r="92" t="78" w="165" /><ent r="92" t="79" w="121" /><ent r="92" t="80" w="244" /><ent r="92" t="82" w="76" /><ent r="92" t="89" w="281" /><ent r="92" t="95" w="282" /><ent r="92" t="96" w="327" /><ent r="92" t="100" w="268" /><ent r="92" t="101" w="150" /><ent r="92" t="102" w="261" /><ent r="92" t="108" w="497" /><ent r="92" t="113" w="557" /><ent r="92" t="115" w="256" /><ent r="92" t="116" w="133" /><ent r="92" t="117" w="189" /><ent r="92" t="118" w="144" /><ent r="92" t="119" w="113" /><ent r="92" t="120" w="227" /><ent r="92" t="123" w="946" /><ent r="92" t="124" w="422" /><ent r="92" t="127" w="451" /><ent r="92" t="128" w="108" /><ent r="92" t="129" w="208" /><ent r="92" t="130" w="100" /><ent r="92" t="131" w="76" /><ent r="92" t="132" w="87" /><ent r="92" t="133" w="77" /><ent r="92" t="135" w="190" /><ent r="92" t="136" w="124" /><ent r="92" t="137" w="52" /><ent r="92" t="154" w="376" /><ent r="92" t="155" w="498" /><ent r="92" t="169" w="310" /><ent r="92" t="171" w="302" /><ent r="92" t="172" w="156" /><ent r="92" t="173" w="360" /><ent r="92" t="193" w="783" /><ent r="92" t="198" w="178" /><ent r="92" t="206" w="732" /><ent r="92" t="207" w="212" /><ent r="92" t="208" w="38" /><ent r="92" t="209" w="51" /><ent r="92" t="210" w="124" /><ent r="92" t="234" w="129" /></phr><phr n="related"><ent r="3" t="76" w="102" /><ent r="3" t="191" w="42" /></phr><phr n="relation"><ent r="3" t="180" w="1558" /></phr></stem><stem n="topic"><phr n="Topics"><ent r="92" t="18" w="254" /><ent r="92" t="20" w="565" /><ent r="92" t="21" w="525" /><ent r="92" t="23" w="138" /><ent r="92" t="24" w="130" /><ent r="92" t="35" w="56" /><ent r="92" t="36" w="92" /><ent r="92" t="53" w="191" /><ent r="92" t="54" w="91" /><ent r="92" t="55" w="133" /><ent r="92" t="58" w="299" /><ent r="92" t="63" w="91" /><ent r="92" t="66" w="133" /><ent r="92" t="76" w="131" /><ent r="92" t="77" w="400" /><ent r="92" t="78" w="166" /><ent r="92" t="79" w="122" /><ent r="92" t="80" w="245" /><ent r="92" t="82" w="77" /><ent r="92" t="101" w="151" /><ent r="92" t="108" w="498" /><ent r="92" t="113" w="558" /><ent r="92" t="115" w="257" /><ent r="92" t="116" w="134" /><ent r="92" t="117" w="190" /><ent r="92" t="119" w="114" /><ent r="92" t="120" w="228" /><ent r="92" t="124" w="423" /><ent r="92" t="127" w="452" /><ent r="92" t="128" w="109" /><ent r="92" t="129" w="209" /><ent r="92" t="130" w="101" /><ent r="92" t="131" w="77" /><ent r="92" t="132" w="88" /><ent r="92" t="133" w="78" /><ent r="92" t="135" w="191" /><ent r="92" t="136" w="125" /><ent r="92" t="137" w="53" /><ent r="92" t="154" w="377" /><ent r="92" t="206" w="733" /><ent r="92" t="207" w="213" /><ent r="92" t="208" w="39" /><ent r="92" t="209" w="52" /><ent r="92" t="210" w="125" /></phr><phr n="Topic"><ent r="92" t="29" w="119" /><ent r="92" t="37" w="187" /><ent r="93" t="40" w="264" /><ent r="92" t="65" w="294" /><ent r="92" t="67" w="295" /><ent r="92" t="69" w="167" /><ent r="92" t="70" w="295" /><ent r="92" t="73" w="115" /><ent r="92" t="89" w="282" /><ent r="92" t="95" w="283" /><ent r="92" t="96" w="328" /><ent r="92" t="100" w="269" /><ent r="92" t="102" w="262" /><ent r="92" t="118" w="145" /><ent r="92" t="123" w="947" /><ent r="92" t="155" w="499" /><ent r="92" t="169" w="311" /><ent r="92" t="171" w="303" /><ent r="92" t="172" w="157" /><ent r="92" t="173" w="361" /><ent r="92" t="193" w="784" /><ent r="92" t="198" w="179" /><ent r="92" t="234" w="130" /></phr></stem><stem n="directori"><phr n="directory"><ent r="3" t="19" w="76" /><ent r="4" t="26" w="159" /><ent r="4" t="78" w="105" /><ent r="4" t="80" w="192" /><ent r="4" t="118" w="88" /><ent r="3" t="119" w="31" /><ent r="3" t="119" w="75" /><ent r="4" t="165" w="75" /><ent r="3" t="165" w="79" /><ent r="3" t="166" w="886" /><ent r="4" t="179" w="811" /><ent r="4" t="179" w="1439" /><ent r="4" t="183" w="422" /><ent r="4" t="186" w="1421" /><ent r="3" t="186" w="1477" /><ent r="3" t="186" w="1580" /><ent r="4" t="193" w="707" /><ent r="6" t="240" w="246" /><ent r="6" t="240" w="677" /></phr></stem><stem n="path"><phr n="path"><ent r="3" t="19" w="82" /><ent r="4" t="68" w="64" /><ent r="5" t="68" w="76" /><ent r="5" t="68" w="93" /><ent r="3" t="68" w="165" /><ent r="3" t="70" w="26" /><ent r="4" t="70" w="76" /><ent r="4" t="70" w="258" /><ent r="3" t="70" w="272" /><ent r="7" t="176" w="287" /><ent r="7" t="176" w="298" /><ent r="7" t="177" w="504" /><ent r="7" t="177" w="515" /><ent r="7" t="178" w="654" /><ent r="7" t="178" w="665" /><ent r="4" t="178" w="2271" /><ent r="7" t="179" w="366" /><ent r="7" t="179" w="377" /><ent r="7" t="180" w="329" /><ent r="7" t="180" w="340" /><ent r="7" t="181" w="604" /><ent r="7" t="181" w="615" /><ent r="7" t="182" w="589" /><ent r="7" t="182" w="600" /><ent r="7" t="183" w="213" /><ent r="7" t="183" w="224" /><ent r="7" t="184" w="480" /><ent r="7" t="184" w="491" /><ent r="7" t="185" w="401" /><ent r="7" t="185" w="412" /><ent r="7" t="186" w="391" /><ent r="7" t="186" w="402" /></phr><phr n="Path"><ent r="4" t="70" w="82" /><ent r="4" t="70" w="109" /><ent r="4" t="70" w="126" /><ent r="92" t="70" w="218" /><ent r="4" t="118" w="92" /><ent r="4" t="182" w="1122" /><ent r="5" t="198" w="22" /></phr><phr n="Paths"><ent r="4" t="70" w="253" /></phr></stem><stem n=":\&gt;"><phr n=":\&gt;"><ent r="3" t="19" w="88" /></phr></stem><stem n="&gt;"><phr n="&gt;"><ent r="3" t="19" w="88" /><ent r="4" t="174" w="317" /><ent r="4" t="174" w="325" /><ent r="4" t="174" w="333" /></phr></stem><stem n=".ex"><phr n=".exe"><ent r="3" t="19" w="90" /></phr></stem><stem n="opticks.ex"><phr n="Opticks.exe"><ent r="3" t="19" w="90" /><ent r="3" t="19" w="89" /></phr></stem><stem n="ex"><phr n="exe"><ent r="3" t="19" w="90" /></phr></stem><stem n="cube1"><phr n="cube1"><ent r="3" t="19" w="91" /></phr></stem><stem n=".sio"><phr n=".sio"><ent r="3" t="19" w="92" /><ent r="3" t="19" w="94" /></phr></stem><stem n="cube1.sio"><phr n="cube1.sio"><ent r="3" t="19" w="92" /><ent r="3" t="19" w="91" /></phr></stem><stem n="sio"><phr n="sio"><ent r="3" t="19" w="92" /><ent r="3" t="19" w="94" /></phr><phr n="SIO"><ent r="5" t="20" w="478" /><ent r="4" t="22" w="104" /></phr></stem><stem n="cube2"><phr n="cube2"><ent r="3" t="19" w="93" /></phr></stem><stem n="cube2.sio"><phr n="cube2.sio"><ent r="3" t="19" w="94" /><ent r="3" t="19" w="93" /></phr></stem><stem n="map3"><phr n="map3"><ent r="3" t="19" w="97" /></phr></stem><stem n=":\data\map3.tiff"><phr n=":\data\map3.tiff"><ent r="3" t="19" w="98" /></phr></stem><stem n="map3.tiff"><phr n="map3.tiff"><ent r="3" t="19" w="98" /><ent r="3" t="19" w="97" /></phr></stem><stem n="tiff"><phr n="tiff"><ent r="3" t="19" w="98" /></phr><phr n="TIFF"><ent r="6" t="20" w="329" /><ent r="4" t="20" w="349" /><ent r="4" t="20" w="363" /></phr></stem><stem n="system"><phr n="System"><ent r="92" t="19" w="105" /><ent r="5" t="21" w="33" /><ent r="102" t="66" w="20" /><ent r="5" t="66" w="107" /><ent r="4" t="66" w="112" /><ent r="5" t="73" w="40" /><ent r="4" t="74" w="258" /><ent r="3" t="108" w="92" /><ent r="4" t="141" w="371" /><ent r="4" t="162" w="187" /><ent r="66" t="188" w="288" /><ent r="5" t="227" w="605" /><ent r="7" t="232" w="89" /></phr><phr n="system"><ent r="3" t="19" w="111" /><ent r="3" t="21" w="89" /><ent r="3" t="21" w="98" /><ent r="3" t="21" w="117" /><ent r="3" t="138" w="209" /><ent r="3" t="141" w="69" /><ent r="3" t="181" w="103" /><ent r="3" t="181" w="341" /><ent r="3" t="181" w="394" /><ent r="3" t="181" w="406" /><ent r="3" t="182" w="93" /><ent r="3" t="182" w="328" /><ent r="3" t="182" w="380" /><ent r="3" t="182" w="392" /><ent r="3" t="215" w="254" /></phr><phr n="systems"><ent r="4" t="159" w="594" /><ent r="4" t="164" w="777" /><ent r="3" t="178" w="896" /><ent r="7" t="197" w="371" /></phr><phr n="Systems"><ent r="5" t="197" w="70" /></phr></stem><stem n="(or"><phr n="(or"><ent r="3" t="19" w="118" /><ent r="4" t="83" w="159" /><ent r="3" t="84" w="35" /><ent r="3" t="172" w="76" /><ent r="4" t="192" w="124" /><ent r="4" t="192" w="134" /><ent r="4" t="192" w="199" /><ent r="4" t="192" w="209" /></phr></stem><stem n="onto"><phr n="onto"><ent r="3" t="19" w="120" /><ent r="3" t="69" w="107" /><ent r="3" t="123" w="180" /><ent r="3" t="123" w="211" /><ent r="3" t="123" w="252" /><ent r="3" t="124" w="123" /><ent r="4" t="185" w="471" /><ent r="4" t="185" w="518" /><ent r="4" t="185" w="621" /><ent r="4" t="185" w="710" /><ent r="4" t="186" w="565" /><ent r="4" t="186" w="601" /><ent r="4" t="186" w="651" /></phr></stem></index>