﻿<?xml version="1.0" encoding="utf-8"?><index><stem n="list"><phr n="list"><ent r="4" t="1" w="290" /><ent r="4" t="1" w="336" /><ent r="4" t="4" w="145" /><ent r="4" t="4" w="193" /><ent r="7" t="5" w="208" /><ent r="7" t="5" w="215" /><ent r="7" t="5" w="257" /><ent r="7" t="5" w="264" /><ent r="7" t="7" w="100" /><ent r="7" t="13" w="154" /><ent r="7" t="13" w="180" /><ent r="6" t="14" w="207" /><ent r="6" t="14" w="233" /><ent r="4" t="18" w="153" /><ent r="3" t="18" w="208" /><ent r="3" t="18" w="233" /><ent r="3" t="20" w="46" /><ent r="4" t="23" w="60" /><ent r="4" t="26" w="145" /><ent r="5" t="26" w="472" /><ent r="5" t="26" w="513" /><ent r="4" t="32" w="156" /><ent r="4" t="44" w="133" /><ent r="4" t="44" w="177" /><ent r="4" t="44" w="232" /><ent r="4" t="44" w="324" /><ent r="3" t="44" w="570" /><ent r="4" t="48" w="126" /><ent r="4" t="48" w="278" /><ent r="3" t="49" w="99" /><ent r="4" t="49" w="223" /><ent r="3" t="59" w="53" /><ent r="4" t="60" w="75" /><ent r="4" t="60" w="139" /><ent r="4" t="65" w="52" /><ent r="4" t="65" w="202" /><ent r="4" t="66" w="115" /><ent r="4" t="67" w="190" /><ent r="4" t="67" w="208" /><ent r="4" t="70" w="54" /><ent r="4" t="70" w="236" /><ent r="4" t="70" w="250" /><ent r="3" t="74" w="283" /><ent r="3" t="75" w="12" /><ent r="3" t="77" w="360" /><ent r="4" t="92" w="133" /><ent r="4" t="94" w="115" /><ent r="3" t="102" w="49" /><ent r="3" t="102" w="63" /><ent r="3" t="102" w="110" /><ent r="3" t="102" w="165" /><ent r="4" t="104" w="168" /><ent r="4" t="105" w="110" /><ent r="4" t="106" w="123" /><ent r="4" t="106" w="466" /><ent r="4" t="107" w="124" /><ent r="3" t="108" w="316" /><ent r="4" t="108" w="343" /><ent r="4" t="108" w="351" /><ent r="4" t="108" w="451" /><ent r="3" t="117" w="155" /><ent r="3" t="119" w="40" /><ent r="3" t="119" w="45" /><ent r="4" t="120" w="216" /><ent r="3" t="124" w="116" /><ent r="3" t="127" w="347" /><ent r="3" t="127" w="413" /><ent r="4" t="127" w="449" /><ent r="4" t="134" w="69" /><ent r="4" t="141" w="217" /><ent r="4" t="141" w="304" /><ent r="4" t="141" w="312" /><ent r="4" t="141" w="326" /><ent r="4" t="141" w="369" /><ent r="4" t="141" w="429" /><ent r="4" t="141" w="504" /><ent r="4" t="141" w="549" /><ent r="3" t="141" w="632" /><ent r="3" t="141" w="654" /><ent r="3" t="141" w="662" /><ent r="3" t="142" w="102" /><ent r="4" t="143" w="78" /><ent r="3" t="143" w="376" /><ent r="3" t="143" w="412" /><ent r="3" t="143" w="587" /><ent r="4" t="145" w="117" /><ent r="4" t="146" w="117" /><ent r="4" t="146" w="129" /><ent r="3" t="146" w="146" /><ent r="4" t="147" w="131" /><ent r="4" t="147" w="143" /><ent r="3" t="147" w="170" /><ent r="3" t="147" w="182" /><ent r="4" t="148" w="128" /><ent r="4" t="149" w="119" /><ent r="4" t="150" w="119" /><ent r="4" t="150" w="138" /><ent r="4" t="151" w="113" /><ent r="4" t="151" w="339" /><ent r="4" t="151" w="565" /><ent r="4" t="151" w="762" /><ent r="4" t="151" w="988" /><ent r="4" t="152" w="116" /><ent r="3" t="152" w="168" /><ent r="3" t="152" w="185" /><ent r="4" t="153" w="124" /><ent r="4" t="153" w="147" /><ent r="3" t="153" w="159" /><ent r="3" t="154" w="188" /><ent r="3" t="154" w="207" /><ent r="3" t="155" w="29" /><ent r="4" t="159" w="149" /><ent r="4" t="159" w="252" /><ent r="4" t="159" w="439" /><ent r="3" t="160" w="51" /><ent r="3" t="160" w="208" /><ent r="3" t="161" w="144" /><ent r="4" t="162" w="168" /><ent r="3" t="162" w="196" /><ent r="3" t="162" w="211" /><ent r="3" t="163" w="122" /><ent r="4" t="164" w="373" /><ent r="4" t="164" w="560" /><ent r="4" t="165" w="67" /><ent r="3" t="165" w="83" /><ent r="3" t="165" w="139" /><ent r="4" t="166" w="394" /><ent r="4" t="166" w="568" /><ent r="4" t="166" w="605" /><ent r="4" t="166" w="609" /><ent r="4" t="167" w="270" /><ent r="4" t="167" w="284" /><ent r="4" t="167" w="317" /><ent r="4" t="167" w="331" /><ent r="3" t="168" w="124" /><ent r="4" t="170" w="177" /><ent r="4" t="170" w="187" /><ent r="4" t="171" w="148" /><ent r="4" t="171" w="182" /><ent r="4" t="171" w="235" /><ent r="4" t="172" w="120" /><ent r="4" t="177" w="356" /><ent r="4" t="177" w="404" /><ent r="4" t="178" w="506" /><ent r="4" t="178" w="554" /><ent r="4" t="178" w="1634" /><ent r="4" t="179" w="218" /><ent r="4" t="179" w="266" /><ent r="4" t="179" w="463" /><ent r="4" t="179" w="1255" /><ent r="4" t="180" w="181" /><ent r="4" t="180" w="229" /><ent r="4" t="180" w="545" /><ent r="4" t="180" w="562" /><ent r="4" t="180" w="926" /><ent r="4" t="181" w="456" /><ent r="4" t="181" w="504" /><ent r="4" t="182" w="441" /><ent r="4" t="182" w="489" /><ent r="3" t="182" w="1075" /><ent r="4" t="184" w="332" /><ent r="4" t="184" w="380" /><ent r="4" t="184" w="1072" /><ent r="3" t="185" w="334" /><ent r="4" t="185" w="649" /><ent r="4" t="185" w="738" /><ent r="3" t="185" w="961" /><ent r="3" t="185" w="1710" /><ent r="4" t="186" w="243" /><ent r="4" t="186" w="291" /><ent r="4" t="186" w="523" /><ent r="3" t="186" w="838" /><ent r="3" t="186" w="962" /><ent r="3" t="186" w="977" /><ent r="3" t="186" w="990" /><ent r="3" t="186" w="996" /><ent r="3" t="196" w="157" /><ent r="3" t="196" w="187" /><ent r="4" t="196" w="322" /><ent r="6" t="198" w="101" /><ent r="4" t="216" w="101" /><ent r="4" t="216" w="116" /><ent r="3" t="216" w="128" /><ent r="3" t="216" w="165" /><ent r="4" t="216" w="243" /><ent r="4" t="216" w="295" /><ent r="3" t="224" w="181" /><ent r="4" t="224" w="210" /><ent r="4" t="224" w="239" /><ent r="3" t="225" w="105" /><ent r="4" t="225" w="119" /><ent r="4" t="225" w="134" /><ent r="6" t="227" w="431" /><ent r="4" t="228" w="139" /><ent r="4" t="228" w="290" /><ent r="4" t="229" w="137" /><ent r="4" t="229" w="213" /><ent r="3" t="235" w="211" /><ent r="3" t="235" w="238" /><ent r="3" t="235" w="252" /><ent r="3" t="235" w="267" /><ent r="5" t="240" w="252" /><ent r="6" t="240" w="277" /><ent r="6" t="240" w="285" /><ent r="5" t="240" w="293" /><ent r="6" t="240" w="301" /><ent r="6" t="240" w="309" /><ent r="5" t="240" w="317" /><ent r="6" t="240" w="325" /><ent r="6" t="240" w="334" /><ent r="5" t="240" w="342" /><ent r="5" t="240" w="350" /><ent r="5" t="240" w="358" /><ent r="6" t="240" w="366" /></phr><phr n="List"><ent r="7" t="8" w="190" /><ent r="4" t="55" w="92" /><ent r="3" t="74" w="288" /><ent r="3" t="74" w="292" /><ent r="64" t="115" w="278" /><ent r="4" t="117" w="169" /><ent r="1000" t="119" w="3" /><ent r="102" t="119" w="7" /><ent r="100" t="119" w="11" /><ent r="100" t="119" w="14" /><ent r="3" t="119" w="19" /><ent r="3" t="119" w="25" /><ent r="4" t="119" w="64" /><ent r="4" t="121" w="121" /><ent r="5" t="121" w="285" /><ent r="5" t="121" w="563" /><ent r="3" t="160" w="38" /><ent r="4" t="177" w="2264" /><ent r="4" t="178" w="781" /><ent r="3" t="178" w="2117" /><ent r="4" t="185" w="1721" /><ent r="5" t="185" w="1854" /><ent r="7" t="197" w="487" /><ent r="3" t="235" w="231" /></phr><phr n="listing"><ent r="4" t="26" w="79" /></phr><phr n="lists"><ent r="3" t="26" w="319" /><ent r="100" t="75" w="5" /><ent r="3" t="75" w="24" /><ent r="3" t="77" w="193" /><ent r="4" t="77" w="294" /><ent r="3" t="77" w="339" /><ent r="3" t="77" w="380" /><ent r="3" t="81" w="208" /><ent r="3" t="113" w="291" /><ent r="3" t="123" w="637" /><ent r="4" t="148" w="141" /><ent r="3" t="155" w="258" /><ent r="3" t="155" w="280" /><ent r="3" t="165" w="93" /><ent r="3" t="168" w="113" /><ent r="4" t="169" w="165" /><ent r="3" t="208" w="22" /><ent r="3" t="209" w="13" /><ent r="3" t="210" w="91" /><ent r="3" t="212" w="250" /><ent r="3" t="213" w="181" /><ent r="3" t="214" w="140" /><ent r="3" t="215" w="179" /></phr><phr n="listed"><ent r="3" t="44" w="336" /><ent r="4" t="48" w="153" /><ent r="3" t="81" w="358" /><ent r="3" t="141" w="84" /><ent r="3" t="176" w="57" /><ent r="3" t="186" w="900" /></phr><phr n="Lists"><ent r="1000" t="75" w="2" /><ent r="102" t="75" w="8" /><ent r="7" t="197" w="420" /><ent r="7" t="197" w="616" /><ent r="7" t="197" w="641" /><ent r="7" t="197" w="666" /></phr></stem><stem n="activ"><phr n="Active"><ent r="4" t="1" w="295" /><ent r="4" t="1" w="343" /><ent r="4" t="4" w="150" /><ent r="4" t="4" w="200" /><ent r="1000" t="51" w="3" /><ent r="102" t="51" w="12" /><ent r="64" t="134" w="91" /><ent r="4" t="177" w="361" /><ent r="4" t="177" w="411" /><ent r="4" t="178" w="511" /><ent r="4" t="178" w="561" /><ent r="4" t="179" w="223" /><ent r="4" t="179" w="273" /><ent r="4" t="180" w="186" /><ent r="4" t="180" w="236" /><ent r="4" t="181" w="461" /><ent r="4" t="181" w="511" /><ent r="4" t="182" w="446" /><ent r="4" t="182" w="496" /><ent r="4" t="184" w="337" /><ent r="4" t="184" w="387" /><ent r="3" t="185" w="339" /><ent r="4" t="186" w="248" /><ent r="4" t="186" w="298" /></phr><phr n="Activates"><ent r="6" t="3" w="70" /><ent r="6" t="13" w="208" /><ent r="4" t="53" w="63" /></phr><phr n="activate"><ent r="3" t="4" w="77" /><ent r="4" t="10" w="42" /><ent r="3" t="35" w="20" /><ent r="3" t="37" w="27" /><ent r="3" t="37" w="58" /><ent r="100" t="54" w="9" /><ent r="100" t="54" w="14" /><ent r="3" t="54" w="17" /><ent r="4" t="54" w="38" /><ent r="3" t="58" w="132" /><ent r="3" t="63" w="58" /><ent r="3" t="69" w="30" /><ent r="4" t="70" w="129" /><ent r="65" t="72" w="42" /><ent r="4" t="74" w="114" /><ent r="3" t="77" w="106" /><ent r="100" t="88" w="11" /><ent r="100" t="88" w="18" /><ent r="3" t="88" w="21" /><ent r="4" t="88" w="42" /><ent r="3" t="154" w="153" /><ent r="3" t="167" w="15" /><ent r="65" t="173" w="90" /><ent r="3" t="177" w="1282" /><ent r="4" t="178" w="976" /><ent r="4" t="178" w="1680" /><ent r="4" t="178" w="1779" /><ent r="4" t="181" w="680" /><ent r="4" t="181" w="762" /><ent r="4" t="181" w="855" /><ent r="3" t="181" w="938" /><ent r="4" t="182" w="913" /><ent r="3" t="186" w="912" /></phr><phr n="active"><ent r="3" t="4" w="97" /><ent r="7" t="5" w="42" /><ent r="7" t="5" w="56" /><ent r="7" t="5" w="81" /><ent r="7" t="5" w="88" /><ent r="7" t="5" w="117" /><ent r="7" t="5" w="124" /><ent r="7" t="5" w="154" /><ent r="7" t="5" w="161" /><ent r="5" t="6" w="137" /><ent r="5" t="6" w="154" /><ent r="3" t="8" w="33" /><ent r="7" t="8" w="122" /><ent r="64" t="10" w="25" /><ent r="3" t="10" w="54" /><ent r="4" t="11" w="32" /><ent r="6" t="13" w="218" /><ent r="3" t="30" w="27" /><ent r="4" t="49" w="121" /><ent r="3" t="50" w="77" /><ent r="100" t="51" w="7" /><ent r="3" t="51" w="27" /><ent r="3" t="51" w="33" /><ent r="3" t="51" w="46" /><ent r="4" t="53" w="74" /><ent r="4" t="54" w="63" /><ent r="4" t="54" w="81" /><ent r="3" t="55" w="124" /><ent r="3" t="56" w="23" /><ent r="3" t="56" w="33" /><ent r="5" t="64" w="48" /><ent r="4" t="65" w="25" /><ent r="3" t="67" w="33" /><ent r="3" t="71" w="37" /><ent r="3" t="77" w="164" /><ent r="3" t="84" w="23" /><ent r="4" t="84" w="73" /><ent r="4" t="86" w="70" /><ent r="3" t="87" w="180" /><ent r="4" t="88" w="70" /><ent r="3" t="88" w="89" /><ent r="3" t="90" w="94" /><ent r="4" t="91" w="55" /><ent r="4" t="92" w="76" /><ent r="3" t="93" w="120" /><ent r="4" t="94" w="60" /><ent r="4" t="95" w="141" /><ent r="4" t="97" w="59" /><ent r="3" t="98" w="39" /><ent r="3" t="98" w="45" /><ent r="3" t="98" w="73" /><ent r="3" t="106" w="335" /><ent r="3" t="128" w="87" /><ent r="3" t="130" w="41" /><ent r="3" t="130" w="67" /><ent r="3" t="130" w="78" /><ent r="4" t="135" w="43" /><ent r="3" t="135" w="75" /><ent r="3" t="143" w="142" /><ent r="3" t="143" w="245" /><ent r="3" t="143" w="449" /><ent r="3" t="143" w="613" /><ent r="3" t="166" w="233" /><ent r="4" t="177" w="863" /><ent r="3" t="177" w="1270" /><ent r="4" t="179" w="684" /><ent r="4" t="184" w="136" /><ent r="4" t="184" w="201" /><ent r="3" t="212" w="57" /><ent r="3" t="212" w="67" /><ent r="3" t="217" w="44" /><ent r="3" t="219" w="49" /></phr><phr n="Activate"><ent r="64" t="4" w="106" /><ent r="64" t="8" w="43" /><ent r="64" t="11" w="42" /><ent r="5" t="53" w="61" /><ent r="65" t="53" w="78" /><ent r="1000" t="54" w="1" /><ent r="102" t="54" w="5" /><ent r="5" t="54" w="48" /><ent r="64" t="55" w="139" /><ent r="64" t="58" w="138" /><ent r="64" t="63" w="63" /><ent r="66" t="64" w="51" /><ent r="65" t="65" w="28" /><ent r="64" t="67" w="36" /><ent r="1000" t="88" w="1" /><ent r="102" t="88" w="6" /><ent r="4" t="88" w="56" /><ent r="5" t="107" w="421" /><ent r="4" t="177" w="912" /><ent r="4" t="178" w="731" /><ent r="4" t="178" w="1096" /><ent r="4" t="181" w="959" /></phr><phr n="activated"><ent r="3" t="37" w="99" /><ent r="4" t="54" w="88" /><ent r="4" t="58" w="245" /><ent r="3" t="69" w="83" /><ent r="3" t="129" w="205" /><ent r="3" t="167" w="88" /><ent r="3" t="167" w="109" /><ent r="4" t="179" w="725" /><ent r="3" t="186" w="940" /><ent r="3" t="186" w="969" /><ent r="3" t="206" w="142" /><ent r="4" t="224" w="204" /></phr><phr n="activates"><ent r="4" t="70" w="196" /><ent r="3" t="135" w="79" /><ent r="4" t="178" w="2560" /><ent r="4" t="179" w="707" /><ent r="4" t="193" w="566" /></phr><phr n="activity"><ent r="3" t="76" w="15" /></phr></stem><stem n="checkmark"><phr n="checkmark"><ent r="4" t="1" w="299" /><ent r="4" t="1" w="347" /><ent r="4" t="4" w="154" /><ent r="4" t="4" w="204" /><ent r="3" t="139" w="85" /><ent r="4" t="177" w="365" /><ent r="4" t="177" w="415" /><ent r="4" t="178" w="515" /><ent r="4" t="178" w="565" /><ent r="3" t="178" w="2323" /><ent r="4" t="179" w="227" /><ent r="4" t="179" w="277" /><ent r="4" t="180" w="190" /><ent r="4" t="180" w="240" /><ent r="4" t="181" w="465" /><ent r="4" t="181" w="515" /><ent r="4" t="182" w="450" /><ent r="4" t="182" w="500" /><ent r="4" t="184" w="341" /><ent r="4" t="184" w="391" /><ent r="3" t="185" w="343" /><ent r="4" t="186" w="252" /><ent r="4" t="186" w="302" /></phr></stem><stem n="front"><phr n="front"><ent r="4" t="1" w="301" /><ent r="4" t="1" w="349" /><ent r="4" t="4" w="156" /><ent r="4" t="4" w="206" /><ent r="4" t="57" w="45" /><ent r="3" t="57" w="104" /><ent r="4" t="107" w="440" /><ent r="3" t="121" w="361" /><ent r="3" t="139" w="89" /><ent r="3" t="142" w="89" /><ent r="3" t="143" w="574" /><ent r="4" t="177" w="367" /><ent r="4" t="177" w="417" /><ent r="4" t="177" w="453" /><ent r="4" t="178" w="517" /><ent r="4" t="178" w="567" /><ent r="4" t="178" w="603" /><ent r="4" t="179" w="229" /><ent r="4" t="179" w="279" /><ent r="4" t="179" w="315" /><ent r="4" t="180" w="192" /><ent r="4" t="180" w="242" /><ent r="4" t="180" w="278" /><ent r="4" t="181" w="467" /><ent r="4" t="181" w="517" /><ent r="4" t="181" w="553" /><ent r="4" t="182" w="452" /><ent r="4" t="182" w="502" /><ent r="4" t="182" w="538" /><ent r="4" t="184" w="343" /><ent r="4" t="184" w="393" /><ent r="4" t="184" w="429" /><ent r="3" t="185" w="345" /><ent r="4" t="186" w="254" /><ent r="4" t="186" w="304" /><ent r="4" t="186" w="340" /></phr><phr n="Front"><ent r="3" t="64" w="133" /></phr></stem><stem n="them"><phr n="them"><ent r="4" t="1" w="303" /><ent r="4" t="1" w="351" /><ent r="3" t="1" w="373" /><ent r="4" t="4" w="158" /><ent r="4" t="4" w="208" /><ent r="4" t="20" w="534" /><ent r="3" t="44" w="618" /><ent r="3" t="70" w="36" /><ent r="3" t="109" w="34" /><ent r="3" t="109" w="41" /><ent r="3" t="116" w="26" /><ent r="3" t="123" w="173" /><ent r="3" t="123" w="179" /><ent r="3" t="123" w="210" /><ent r="3" t="123" w="579" /><ent r="3" t="140" w="358" /><ent r="3" t="140" w="651" /><ent r="4" t="166" w="825" /><ent r="4" t="177" w="369" /><ent r="4" t="177" w="419" /><ent r="4" t="178" w="519" /><ent r="4" t="178" w="569" /><ent r="4" t="179" w="231" /><ent r="4" t="179" w="281" /><ent r="4" t="179" w="1527" /><ent r="4" t="180" w="194" /><ent r="4" t="180" w="244" /><ent r="3" t="181" w="412" /><ent r="4" t="181" w="469" /><ent r="4" t="181" w="519" /><ent r="3" t="182" w="398" /><ent r="4" t="182" w="454" /><ent r="4" t="182" w="504" /><ent r="3" t="183" w="165" /><ent r="4" t="184" w="345" /><ent r="4" t="184" w="395" /><ent r="3" t="185" w="289" /><ent r="3" t="185" w="347" /><ent r="3" t="185" w="1575" /><ent r="4" t="186" w="256" /><ent r="4" t="186" w="306" /><ent r="4" t="186" w="615" /><ent r="3" t="186" w="945" /><ent r="3" t="217" w="140" /><ent r="3" t="219" w="145" /></phr></stem><stem n="name"><phr n="name"><ent r="4" t="1" w="307" /><ent r="4" t="1" w="355" /><ent r="4" t="4" w="162" /><ent r="4" t="4" w="212" /><ent r="3" t="19" w="83" /><ent r="3" t="19" w="117" /><ent r="5" t="21" w="294" /><ent r="4" t="21" w="298" /><ent r="4" t="23" w="63" /><ent r="4" t="24" w="43" /><ent r="3" t="24" w="62" /><ent r="4" t="26" w="105" /><ent r="5" t="26" w="152" /><ent r="4" t="26" w="173" /><ent r="5" t="27" w="35" /><ent r="4" t="27" w="71" /><ent r="4" t="29" w="84" /><ent r="3" t="30" w="55" /><ent r="4" t="44" w="123" /><ent r="4" t="44" w="160" /><ent r="4" t="44" w="508" /><ent r="3" t="44" w="528" /><ent r="4" t="49" w="449" /><ent r="4" t="50" w="152" /><ent r="4" t="50" w="206" /><ent r="4" t="54" w="31" /><ent r="4" t="54" w="67" /><ent r="4" t="55" w="38" /><ent r="4" t="55" w="55" /><ent r="4" t="55" w="101" /><ent r="3" t="55" w="121" /><ent r="4" t="57" w="39" /><ent r="4" t="57" w="49" /><ent r="3" t="57" w="76" /><ent r="3" t="57" w="114" /><ent r="4" t="58" w="158" /><ent r="4" t="58" w="199" /><ent r="4" t="60" w="147" /><ent r="4" t="62" w="56" /><ent r="3" t="62" w="169" /><ent r="5" t="68" w="75" /><ent r="5" t="68" w="81" /><ent r="4" t="68" w="85" /><ent r="5" t="68" w="92" /><ent r="5" t="68" w="99" /><ent r="4" t="68" w="103" /><ent r="3" t="68" w="170" /><ent r="3" t="77" w="96" /><ent r="3" t="77" w="263" /><ent r="4" t="78" w="115" /><ent r="4" t="80" w="82" /><ent r="4" t="80" w="111" /><ent r="4" t="80" w="115" /><ent r="4" t="80" w="118" /><ent r="4" t="80" w="124" /><ent r="4" t="80" w="158" /><ent r="4" t="80" w="207" /><ent r="4" t="85" w="111" /><ent r="4" t="85" w="195" /><ent r="4" t="88" w="47" /><ent r="3" t="88" w="76" /><ent r="5" t="90" w="488" /><ent r="4" t="95" w="252" /><ent r="3" t="96" w="293" /><ent r="4" t="99" w="180" /><ent r="3" t="101" w="43" /><ent r="3" t="102" w="77" /><ent r="4" t="108" w="436" /><ent r="3" t="113" w="479" /><ent r="4" t="115" w="85" /><ent r="4" t="115" w="95" /><ent r="4" t="115" w="114" /><ent r="4" t="118" w="80" /><ent r="4" t="118" w="111" /><ent r="3" t="118" w="130" /><ent r="3" t="121" w="256" /><ent r="3" t="121" w="314" /><ent r="3" t="121" w="365" /><ent r="3" t="121" w="397" /><ent r="3" t="121" w="446" /><ent r="3" t="121" w="483" /><ent r="3" t="121" w="502" /><ent r="3" t="121" w="534" /><ent r="3" t="121" w="590" /><ent r="100" t="123" w="13" /><ent r="100" t="123" w="98" /><ent r="3" t="123" w="109" /><ent r="3" t="123" w="230" /><ent r="3" t="123" w="238" /><ent r="3" t="123" w="301" /><ent r="3" t="123" w="547" /><ent r="4" t="124" w="92" /><ent r="3" t="124" w="195" /><ent r="4" t="131" w="68" /><ent r="4" t="133" w="66" /><ent r="3" t="135" w="72" /><ent r="3" t="136" w="54" /><ent r="3" t="136" w="109" /><ent r="4" t="137" w="37" /><ent r="6" t="140" w="215" /><ent r="4" t="140" w="254" /><ent r="3" t="140" w="396" /><ent r="3" t="140" w="514" /><ent r="3" t="140" w="614" /><ent r="3" t="140" w="688" /><ent r="4" t="141" w="499" /><ent r="4" t="141" w="544" /><ent r="3" t="154" w="151" /><ent r="4" t="155" w="97" /><ent r="4" t="155" w="100" /><ent r="3" t="155" w="189" /><ent r="3" t="156" w="123" /><ent r="4" t="159" w="53" /><ent r="3" t="160" w="47" /><ent r="4" t="160" w="89" /><ent r="4" t="161" w="78" /><ent r="4" t="162" w="70" /><ent r="4" t="163" w="86" /><ent r="4" t="164" w="120" /><ent r="3" t="164" w="739" /><ent r="4" t="165" w="147" /><ent r="4" t="166" w="815" /><ent r="3" t="166" w="894" /><ent r="3" t="166" w="916" /><ent r="3" t="166" w="927" /><ent r="4" t="167" w="234" /><ent r="4" t="167" w="277" /><ent r="4" t="167" w="324" /><ent r="5" t="175" w="96" /><ent r="4" t="175" w="100" /><ent r="4" t="177" w="373" /><ent r="4" t="177" w="423" /><ent r="4" t="177" w="2136" /><ent r="4" t="178" w="523" /><ent r="4" t="178" w="573" /><ent r="4" t="178" w="2272" /><ent r="4" t="178" w="2525" /><ent r="3" t="178" w="2698" /><ent r="4" t="179" w="235" /><ent r="4" t="179" w="285" /><ent r="4" t="179" w="809" /><ent r="5" t="179" w="930" /><ent r="4" t="179" w="953" /><ent r="4" t="179" w="1437" /><ent r="4" t="180" w="198" /><ent r="4" t="180" w="248" /><ent r="4" t="180" w="1114" /><ent r="4" t="181" w="473" /><ent r="4" t="181" w="523" /><ent r="4" t="182" w="458" /><ent r="4" t="182" w="508" /><ent r="4" t="182" w="836" /><ent r="4" t="182" w="908" /><ent r="4" t="182" w="1055" /><ent r="3" t="182" w="1239" /><ent r="4" t="184" w="349" /><ent r="4" t="184" w="399" /><ent r="3" t="185" w="351" /><ent r="3" t="185" w="868" /><ent r="3" t="185" w="1395" /><ent r="3" t="185" w="1414" /><ent r="3" t="185" w="1432" /><ent r="3" t="185" w="1469" /><ent r="3" t="185" w="1482" /><ent r="3" t="185" w="1501" /><ent r="3" t="185" w="1513" /><ent r="3" t="185" w="1532" /><ent r="3" t="185" w="1553" /><ent r="3" t="185" w="1561" /><ent r="4" t="186" w="260" /><ent r="4" t="186" w="310" /><ent r="7" t="197" w="428" /><ent r="3" t="206" w="28" /><ent r="4" t="216" w="203" /><ent r="4" t="216" w="282" /><ent r="6" t="227" w="329" /><ent r="4" t="228" w="129" /><ent r="3" t="229" w="50" /><ent r="3" t="229" w="63" /><ent r="3" t="229" w="175" /><ent r="7" t="237" w="169" /></phr><phr n="names"><ent r="3" t="19" w="58" /><ent r="3" t="19" w="119" /><ent r="3" t="44" w="518" /><ent r="3" t="62" w="181" /><ent r="3" t="77" w="393" /><ent r="3" t="123" w="295" /><ent r="3" t="142" w="93" /><ent r="3" t="143" w="578" /><ent r="4" t="179" w="757" /><ent r="7" t="197" w="600" /><ent r="7" t="197" w="606" /><ent r="3" t="197" w="797" /><ent r="4" t="216" w="213" /><ent r="6" t="240" w="681" /></phr><phr n="Name"><ent r="4" t="43" w="117" /><ent r="5" t="60" w="127" /><ent r="5" t="90" w="483" /><ent r="4" t="108" w="444" /><ent r="5" t="115" w="79" /><ent r="82" t="123" w="221" /><ent r="5" t="124" w="100" /><ent r="4" t="156" w="323" /><ent r="7" t="178" w="1528" /><ent r="4" t="178" w="2925" /><ent r="4" t="182" w="1049" /><ent r="3" t="182" w="1235" /><ent r="5" t="185" w="637" /><ent r="5" t="185" w="726" /><ent r="3" t="186" w="668" /><ent r="3" t="186" w="681" /><ent r="3" t="186" w="703" /><ent r="4" t="186" w="1422" /><ent r="3" t="206" w="88" /><ent r="5" t="216" w="207" /><ent r="5" t="216" w="291" /><ent r="5" t="228" w="123" /></phr><phr n="NAME"><ent r="7" t="185" w="1128" /><ent r="7" t="185" w="1132" /><ent r="7" t="186" w="1018" /><ent r="7" t="186" w="1022" /></phr></stem><stem n="mous"><phr n="mouse"><ent r="4" t="1" w="319" /><ent r="4" t="1" w="334" /><ent r="4" t="1" w="407" /><ent r="4" t="1" w="417" /><ent r="4" t="1" w="430" /><ent r="3" t="1" w="531" /><ent r="3" t="1" w="536" /><ent r="3" t="2" w="28" /><ent r="100" t="3" w="4" /><ent r="6" t="3" w="47" /><ent r="4" t="4" w="174" /><ent r="4" t="4" w="191" /><ent r="5" t="6" w="138" /><ent r="6" t="7" w="36" /><ent r="6" t="7" w="51" /><ent r="6" t="7" w="231" /><ent r="6" t="13" w="210" /><ent r="4" t="36" w="73" /><ent r="100" t="37" w="5" /><ent r="100" t="37" w="11" /><ent r="3" t="37" w="25" /><ent r="3" t="37" w="29" /><ent r="3" t="37" w="60" /><ent r="4" t="37" w="70" /><ent r="4" t="37" w="74" /><ent r="4" t="37" w="87" /><ent r="3" t="37" w="101" /><ent r="3" t="37" w="110" /><ent r="3" t="37" w="120" /><ent r="3" t="37" w="135" /><ent r="3" t="37" w="141" /><ent r="3" t="37" w="150" /><ent r="100" t="38" w="7" /><ent r="3" t="38" w="20" /><ent r="3" t="38" w="44" /><ent r="3" t="38" w="51" /><ent r="6" t="38" w="69" /><ent r="6" t="38" w="79" /><ent r="3" t="38" w="133" /><ent r="7" t="39" w="176" /><ent r="4" t="40" w="138" /><ent r="64" t="41" w="18" /><ent r="3" t="47" w="102" /><ent r="4" t="49" w="170" /><ent r="4" t="49" w="271" /><ent r="3" t="49" w="354" /><ent r="3" t="49" w="366" /><ent r="4" t="58" w="174" /><ent r="3" t="58" w="282" /><ent r="7" t="59" w="98" /><ent r="7" t="59" w="115" /><ent r="7" t="59" w="161" /><ent r="7" t="59" w="178" /><ent r="3" t="64" w="86" /><ent r="3" t="64" w="107" /><ent r="4" t="65" w="75" /><ent r="4" t="65" w="113" /><ent r="4" t="65" w="127" /><ent r="4" t="65" w="140" /><ent r="4" t="65" w="156" /><ent r="4" t="65" w="165" /><ent r="4" t="65" w="178" /><ent r="4" t="67" w="140" /><ent r="4" t="67" w="149" /><ent r="4" t="67" w="163" /><ent r="3" t="74" w="22" /><ent r="3" t="81" w="547" /><ent r="4" t="81" w="552" /><ent r="3" t="81" w="561" /><ent r="3" t="81" w="572" /><ent r="4" t="81" w="587" /><ent r="3" t="81" w="597" /><ent r="3" t="81" w="605" /><ent r="4" t="84" w="78" /><ent r="4" t="84" w="97" /><ent r="4" t="85" w="78" /><ent r="4" t="85" w="116" /><ent r="4" t="85" w="162" /><ent r="4" t="85" w="200" /><ent r="4" t="85" w="264" /><ent r="3" t="86" w="86" /><ent r="3" t="87" w="176" /><ent r="4" t="89" w="115" /><ent r="3" t="90" w="45" /><ent r="7" t="90" w="187" /><ent r="100" t="91" w="6" /><ent r="3" t="91" w="73" /><ent r="100" t="91" w="97" /><ent r="5" t="91" w="146" /><ent r="3" t="92" w="93" /><ent r="4" t="93" w="65" /><ent r="3" t="94" w="89" /><ent r="4" t="98" w="84" /><ent r="4" t="99" w="85" /><ent r="3" t="107" w="179" /><ent r="3" t="107" w="334" /><ent r="3" t="108" w="109" /><ent r="3" t="108" w="209" /><ent r="3" t="108" w="227" /><ent r="3" t="108" w="469" /><ent r="3" t="123" w="553" /><ent r="4" t="126" w="63" /><ent r="4" t="126" w="68" /><ent r="4" t="126" w="81" /><ent r="3" t="126" w="112" /><ent r="3" t="141" w="141" /><ent r="4" t="166" w="1026" /><ent r="4" t="166" w="1030" /><ent r="4" t="173" w="66" /><ent r="4" t="177" w="385" /><ent r="4" t="177" w="402" /><ent r="3" t="177" w="629" /><ent r="3" t="177" w="652" /><ent r="3" t="177" w="869" /><ent r="4" t="177" w="910" /><ent r="4" t="177" w="918" /><ent r="4" t="177" w="931" /><ent r="3" t="177" w="963" /><ent r="4" t="177" w="1010" /><ent r="4" t="177" w="1019" /><ent r="4" t="177" w="1418" /><ent r="4" t="177" w="1571" /><ent r="4" t="177" w="1579" /><ent r="3" t="177" w="1642" /><ent r="3" t="177" w="1648" /><ent r="3" t="177" w="1657" /><ent r="4" t="177" w="1698" /><ent r="4" t="177" w="1702" /><ent r="4" t="177" w="2205" /><ent r="4" t="177" w="2214" /><ent r="4" t="177" w="2231" /><ent r="4" t="178" w="535" /><ent r="4" t="178" w="552" /><ent r="3" t="178" w="964" /><ent r="3" t="178" w="2670" /><ent r="3" t="178" w="2687" /><ent r="4" t="179" w="247" /><ent r="4" t="179" w="264" /><ent r="4" t="179" w="575" /><ent r="4" t="179" w="1367" /><ent r="4" t="180" w="210" /><ent r="4" t="180" w="227" /><ent r="4" t="181" w="485" /><ent r="4" t="181" w="502" /><ent r="4" t="182" w="470" /><ent r="4" t="182" w="487" /><ent r="4" t="182" w="933" /><ent r="4" t="182" w="943" /><ent r="4" t="182" w="954" /><ent r="4" t="184" w="361" /><ent r="4" t="184" w="378" /><ent r="3" t="184" w="1057" /><ent r="3" t="185" w="859" /><ent r="3" t="185" w="948" /><ent r="3" t="185" w="1077" /><ent r="3" t="185" w="1082" /><ent r="3" t="185" w="1088" /><ent r="4" t="186" w="272" /><ent r="4" t="186" w="289" /><ent r="3" t="186" w="825" /><ent r="3" t="186" w="867" /><ent r="3" t="186" w="872" /><ent r="3" t="186" w="886" /><ent r="7" t="188" w="94" /><ent r="7" t="188" w="111" /><ent r="7" t="188" w="130" /><ent r="7" t="188" w="147" /><ent r="3" t="235" w="100" /><ent r="3" t="235" w="136" /><ent r="3" t="235" w="281" /></phr><phr n="Mouse"><ent r="92" t="1" w="525" /><ent r="64" t="1" w="553" /><ent r="1000" t="3" w="1" /><ent r="102" t="3" w="7" /><ent r="6" t="3" w="10" /><ent r="64" t="11" w="62" /><ent r="64" t="35" w="61" /><ent r="64" t="36" w="96" /><ent r="1000" t="37" w="1" /><ent r="102" t="37" w="13" /><ent r="64" t="37" w="189" /><ent r="1000" t="38" w="1" /><ent r="102" t="38" w="4" /><ent r="3" t="38" w="10" /><ent r="64" t="58" w="292" /><ent r="4" t="81" w="537" /><ent r="7" t="90" w="175" /><ent r="68" t="90" w="191" /><ent r="1000" t="91" w="3" /><ent r="102" t="91" w="13" /><ent r="5" t="91" w="64" /><ent r="4" t="91" w="91" /><ent r="4" t="107" w="326" /><ent r="4" t="177" w="889" /><ent r="4" t="177" w="896" /><ent r="5" t="177" w="1554" /><ent r="4" t="177" w="1614" /><ent r="5" t="177" w="1673" /><ent r="3" t="177" w="1747" /><ent r="4" t="182" w="870" /></phr></stem></index>