﻿<?xml version="1.0" encoding="utf-8"?><index><stem n="see"><phr n="see"><ent r="3" t="0" w="98" /><ent r="3" t="1" w="102" /><ent r="3" t="1" w="438" /><ent r="3" t="2" w="135" /><ent r="3" t="11" w="55" /><ent r="6" t="11" w="332" /><ent r="6" t="14" w="216" /><ent r="4" t="18" w="142" /><ent r="4" t="20" w="180" /><ent r="3" t="24" w="83" /><ent r="4" t="25" w="68" /><ent r="4" t="25" w="107" /><ent r="4" t="25" w="155" /><ent r="4" t="25" w="181" /><ent r="4" t="27" w="92" /><ent r="4" t="28" w="42" /><ent r="4" t="28" w="128" /><ent r="4" t="28" w="186" /><ent r="4" t="28" w="201" /><ent r="4" t="31" w="91" /><ent r="3" t="32" w="80" /><ent r="3" t="40" w="142" /><ent r="3" t="41" w="212" /><ent r="3" t="41" w="339" /><ent r="3" t="51" w="136" /><ent r="3" t="55" w="142" /><ent r="4" t="58" w="67" /><ent r="4" t="58" w="244" /><ent r="4" t="58" w="286" /><ent r="4" t="60" w="287" /><ent r="3" t="74" w="67" /><ent r="3" t="78" w="170" /><ent r="3" t="84" w="22" /><ent r="3" t="96" w="200" /><ent r="4" t="98" w="452" /><ent r="3" t="100" w="422" /><ent r="3" t="105" w="255" /><ent r="3" t="105" w="309" /><ent r="3" t="105" w="460" /><ent r="4" t="105" w="492" /><ent r="4" t="105" w="523" /><ent r="3" t="105" w="575" /><ent r="3" t="107" w="51" /><ent r="4" t="107" w="129" /><ent r="4" t="107" w="185" /><ent r="3" t="114" w="281" /><ent r="3" t="114" w="544" /><ent r="3" t="114" w="793" /><ent r="4" t="115" w="114" /><ent r="3" t="124" w="88" /><ent r="3" t="128" w="313" /><ent r="3" t="134" w="158" /><ent r="3" t="135" w="194" /><ent r="3" t="139" w="197" /><ent r="3" t="140" w="171" /><ent r="3" t="143" w="265" /><ent r="3" t="143" w="401" /><ent r="3" t="144" w="156" /><ent r="3" t="145" w="220" /><ent r="3" t="147" w="228" /><ent r="3" t="148" w="155" /><ent r="3" t="150" w="169" /><ent r="3" t="163" w="705" /><ent r="3" t="163" w="821" /><ent r="3" t="163" w="1635" /><ent r="4" t="164" w="1680" /><ent r="3" t="164" w="2034" /><ent r="3" t="167" w="751" /><ent r="3" t="167" w="1083" /><ent r="3" t="168" w="766" /><ent r="3" t="170" w="973" /><ent r="4" t="171" w="203" /><ent r="4" t="171" w="652" /><ent r="3" t="173" w="34" /><ent r="5" t="173" w="279" /><ent r="3" t="178" w="122" /><ent r="3" t="190" w="29" /><ent r="3" t="198" w="175" /><ent r="3" t="200" w="180" /><ent r="3" t="204" w="45" /><ent r="3" t="205" w="151" /><ent r="6" t="208" w="188" /><ent r="6" t="208" w="357" /><ent r="6" t="208" w="568" /><ent r="4" t="209" w="126" /><ent r="7" t="216" w="104" /></phr><phr n="See"><ent r="3" t="1" w="546" /><ent r="3" t="1" w="573" /><ent r="3" t="2" w="41" /><ent r="3" t="4" w="104" /><ent r="7" t="5" w="25" /><ent r="7" t="6" w="19" /><ent r="6" t="7" w="20" /><ent r="3" t="8" w="34" /><ent r="7" t="8" w="54" /><ent r="7" t="9" w="19" /><ent r="7" t="10" w="77" /><ent r="7" t="10" w="122" /><ent r="4" t="11" w="34" /><ent r="7" t="11" w="78" /><ent r="7" t="13" w="129" /><ent r="7" t="13" w="158" /><ent r="6" t="14" w="282" /><ent r="5" t="14" w="313" /><ent r="3" t="18" w="160" /><ent r="5" t="20" w="81" /><ent r="4" t="20" w="226" /><ent r="4" t="20" w="423" /><ent r="4" t="20" w="453" /><ent r="4" t="21" w="506" /><ent r="4" t="28" w="86" /><ent r="4" t="28" w="250" /><ent r="4" t="29" w="102" /><ent r="3" t="31" w="49" /><ent r="3" t="46" w="108" /><ent r="4" t="47" w="76" /><ent r="4" t="47" w="185" /><ent r="3" t="51" w="290" /><ent r="3" t="56" w="61" /><ent r="3" t="56" w="81" /><ent r="5" t="57" w="49" /><ent r="3" t="57" w="245" /><ent r="4" t="58" w="26" /><ent r="3" t="60" w="34" /><ent r="3" t="61" w="159" /><ent r="3" t="66" w="308" /><ent r="4" t="71" w="91" /><ent r="3" t="79" w="193" /><ent r="6" t="82" w="129" /><ent r="3" t="87" w="273" /><ent r="3" t="88" w="175" /><ent r="3" t="88" w="220" /><ent r="3" t="99" w="318" /><ent r="7" t="106" w="217" /><ent r="7" t="106" w="262" /><ent r="7" t="106" w="296" /><ent r="4" t="107" w="69" /><ent r="3" t="109" w="135" /><ent r="3" t="112" w="174" /><ent r="3" t="116" w="198" /><ent r="3" t="116" w="235" /><ent r="3" t="125" w="116" /><ent r="3" t="125" w="142" /><ent r="3" t="125" w="176" /><ent r="3" t="142" w="300" /><ent r="4" t="144" w="126" /><ent r="3" t="153" w="431" /><ent r="4" t="153" w="481" /><ent r="3" t="164" w="898" /><ent r="4" t="164" w="1044" /><ent r="7" t="173" w="180" /><ent r="7" t="216" w="164" /><ent r="7" t="216" w="202" /></phr></stem><stem n="work"><phr n="Working"><ent r="64" t="0" w="100" /><ent r="1000" t="1" w="1" /><ent r="102" t="1" w="12" /><ent r="64" t="11" w="57" /><ent r="64" t="11" w="64" /><ent r="68" t="11" w="176" /><ent r="68" t="11" w="193" /><ent r="68" t="11" w="208" /><ent r="68" t="11" w="219" /><ent r="68" t="11" w="230" /><ent r="68" t="11" w="240" /><ent r="68" t="11" w="255" /><ent r="68" t="11" w="270" /><ent r="68" t="11" w="284" /><ent r="68" t="11" w="298" /><ent r="64" t="23" w="143" /><ent r="1000" t="47" w="1" /><ent r="102" t="47" w="8" /><ent r="64" t="48" w="93" /><ent r="64" t="49" w="135" /><ent r="64" t="51" w="301" /><ent r="64" t="56" w="93" /><ent r="64" t="56" w="98" /><ent r="64" t="56" w="104" /><ent r="1000" t="58" w="1" /><ent r="102" t="58" w="6" /><ent r="64" t="58" w="296" /><ent r="64" t="59" w="135" /><ent r="1000" t="60" w="1" /><ent r="102" t="60" w="11" /><ent r="64" t="60" w="333" /><ent r="92" t="79" w="216" /><ent r="64" t="79" w="229" /><ent r="1000" t="82" w="1" /><ent r="102" t="82" w="11" /><ent r="64" t="87" w="285" /><ent r="64" t="142" w="302" /><ent r="64" t="142" w="353" /><ent r="64" t="173" w="36" /><ent r="68" t="173" w="182" /><ent r="92" t="178" w="68" /><ent r="64" t="190" w="31" /><ent r="1000" t="209" w="1" /><ent r="102" t="209" w="5" /></phr><phr n="work"><ent r="3" t="47" w="22" /><ent r="3" t="51" w="120" /><ent r="3" t="68" w="13" /><ent r="3" t="68" w="29" /><ent r="3" t="68" w="45" /><ent r="3" t="68" w="75" /><ent r="3" t="69" w="270" /><ent r="3" t="72" w="29" /><ent r="3" t="75" w="61" /><ent r="3" t="94" w="93" /><ent r="3" t="119" w="194" /><ent r="4" t="164" w="1519" /><ent r="4" t="166" w="790" /></phr><phr n="working"><ent r="3" t="55" w="139" /><ent r="3" t="56" w="51" /><ent r="5" t="57" w="38" /><ent r="4" t="58" w="15" /><ent r="4" t="58" w="241" /><ent r="4" t="58" w="283" /><ent r="3" t="60" w="22" /><ent r="4" t="60" w="284" /><ent r="3" t="97" w="52" /><ent r="3" t="105" w="305" /><ent r="3" t="105" w="456" /><ent r="3" t="105" w="571" /><ent r="3" t="143" w="396" /><ent r="3" t="144" w="153" /><ent r="3" t="147" w="225" /><ent r="3" t="150" w="166" /><ent r="4" t="160" w="253" /></phr><phr n="works"><ent r="3" t="63" w="31" /><ent r="6" t="82" w="269" /><ent r="3" t="87" w="37" /><ent r="3" t="170" w="142" /></phr><phr n="Works"><ent r="7" t="106" w="87" /><ent r="7" t="106" w="123" /><ent r="7" t="106" w="161" /></phr></stem><stem n="main"><phr n="Main"><ent r="64" t="0" w="103" /><ent r="1000" t="1" w="4" /><ent r="100" t="1" w="8" /><ent r="102" t="1" w="16" /><ent r="3" t="1" w="29" /><ent r="3" t="1" w="175" /><ent r="4" t="2" w="64" /><ent r="4" t="4" w="185" /><ent r="4" t="18" w="32" /><ent r="4" t="32" w="99" /><ent r="3" t="35" w="26" /><ent r="4" t="36" w="35" /><ent r="3" t="38" w="30" /><ent r="3" t="39" w="42" /><ent r="4" t="41" w="37" /><ent r="4" t="42" w="80" /><ent r="4" t="43" w="126" /><ent r="4" t="46" w="44" /><ent r="3" t="66" w="53" /><ent r="4" t="69" w="42" /><ent r="4" t="70" w="47" /><ent r="4" t="71" w="46" /><ent r="4" t="72" w="87" /><ent r="4" t="72" w="163" /><ent r="4" t="73" w="33" /><ent r="3" t="73" w="214" /><ent r="3" t="79" w="57" /><ent r="3" t="92" w="157" /><ent r="3" t="93" w="91" /><ent r="3" t="94" w="150" /><ent r="4" t="96" w="127" /><ent r="3" t="97" w="46" /><ent r="4" t="97" w="69" /><ent r="4" t="98" w="82" /><ent r="4" t="98" w="211" /><ent r="4" t="98" w="227" /><ent r="4" t="99" w="83" /><ent r="3" t="100" w="247" /><ent r="3" t="100" w="493" /><ent r="3" t="105" w="89" /><ent r="4" t="107" w="22" /><ent r="4" t="108" w="36" /><ent r="4" t="109" w="46" /><ent r="4" t="109" w="72" /><ent r="92" t="109" w="112" /><ent r="3" t="109" w="122" /><ent r="4" t="112" w="33" /><ent r="4" t="112" w="91" /><ent r="3" t="113" w="34" /><ent r="3" t="113" w="131" /><ent r="3" t="113" w="353" /><ent r="3" t="113" w="620" /><ent r="4" t="114" w="645" /><ent r="4" t="117" w="48" /><ent r="4" t="129" w="122" /><ent r="4" t="130" w="114" /><ent r="4" t="131" w="39" /><ent r="4" t="133" w="78" /><ent r="4" t="134" w="78" /><ent r="4" t="135" w="92" /><ent r="4" t="136" w="87" /><ent r="4" t="137" w="78" /><ent r="4" t="138" w="74" /><ent r="4" t="139" w="75" /><ent r="4" t="140" w="85" /><ent r="4" t="141" w="65" /><ent r="3" t="141" w="176" /><ent r="3" t="143" w="235" /><ent r="3" t="153" w="962" /><ent r="4" t="166" w="794" /><ent r="5" t="171" w="184" /><ent r="4" t="171" w="1554" /><ent r="4" t="205" w="80" /><ent r="4" t="206" w="68" /><ent r="4" t="207" w="79" /></phr><phr n="main"><ent r="3" t="1" w="379" /><ent r="3" t="1" w="393" /><ent r="3" t="1" w="457" /><ent r="3" t="51" w="35" /><ent r="3" t="111" w="49" /><ent r="3" t="113" w="142" /><ent r="3" t="141" w="120" /><ent r="4" t="163" w="396" /><ent r="4" t="164" w="546" /><ent r="4" t="164" w="1694" /><ent r="4" t="165" w="258" /><ent r="4" t="166" w="218" /><ent r="3" t="167" w="359" /><ent r="4" t="167" w="496" /><ent r="3" t="168" w="346" /><ent r="4" t="168" w="481" /><ent r="4" t="168" w="1181" /><ent r="4" t="169" w="277" /><ent r="4" t="169" w="372" /><ent r="4" t="170" w="386" /><ent r="3" t="170" w="1794" /><ent r="4" t="170" w="2085" /><ent r="4" t="171" w="283" /><ent r="3" t="213" w="129" /></phr></stem><stem n="window"><phr n="Window"><ent r="64" t="0" w="105" /><ent r="1000" t="1" w="6" /><ent r="100" t="1" w="10" /><ent r="102" t="1" w="18" /><ent r="3" t="1" w="177" /><ent r="67" t="6" w="33" /><ent r="7" t="6" w="38" /><ent r="68" t="6" w="45" /><ent r="7" t="6" w="51" /><ent r="68" t="6" w="59" /><ent r="7" t="6" w="66" /><ent r="68" t="6" w="71" /><ent r="7" t="6" w="76" /><ent r="68" t="6" w="83" /><ent r="7" t="6" w="88" /><ent r="68" t="6" w="105" /><ent r="7" t="6" w="111" /><ent r="68" t="6" w="115" /><ent r="1000" t="41" w="2" /><ent r="100" t="41" w="5" /><ent r="102" t="41" w="8" /><ent r="3" t="41" w="12" /><ent r="4" t="41" w="32" /><ent r="5" t="41" w="51" /><ent r="3" t="41" w="65" /><ent r="3" t="41" w="163" /><ent r="3" t="41" w="178" /><ent r="3" t="41" w="198" /><ent r="4" t="41" w="228" /><ent r="4" t="41" w="258" /><ent r="4" t="41" w="293" /><ent r="1000" t="43" w="3" /><ent r="100" t="43" w="11" /><ent r="102" t="43" w="15" /><ent r="3" t="43" w="20" /><ent r="3" t="43" w="61" /><ent r="3" t="43" w="111" /><ent r="5" t="43" w="141" /><ent r="3" t="43" w="156" /><ent r="1000" t="45" w="4" /><ent r="102" t="45" w="13" /><ent r="1000" t="46" w="3" /><ent r="102" t="46" w="13" /><ent r="65" t="51" w="154" /><ent r="4" t="69" w="44" /><ent r="1000" t="77" w="6" /><ent r="102" t="77" w="13" /><ent r="65" t="77" w="28" /><ent r="65" t="77" w="32" /><ent r="65" t="77" w="35" /><ent r="65" t="77" w="40" /><ent r="65" t="77" w="44" /><ent r="92" t="77" w="52" /><ent r="4" t="77" w="90" /><ent r="4" t="77" w="106" /><ent r="4" t="77" w="119" /><ent r="92" t="77" w="138" /><ent r="4" t="77" w="174" /><ent r="4" t="77" w="190" /><ent r="4" t="77" w="203" /><ent r="92" t="77" w="230" /><ent r="4" t="77" w="276" /><ent r="4" t="78" w="53" /><ent r="3" t="78" w="90" /><ent r="64" t="78" w="173" /><ent r="1000" t="79" w="2" /><ent r="102" t="79" w="8" /><ent r="3" t="79" w="12" /><ent r="3" t="79" w="52" /><ent r="4" t="79" w="71" /><ent r="3" t="79" w="85" /><ent r="3" t="79" w="108" /><ent r="92" t="79" w="220" /><ent r="64" t="79" w="227" /><ent r="64" t="79" w="233" /><ent r="64" t="79" w="239" /><ent r="64" t="79" w="244" /><ent r="64" t="81" w="21" /><ent r="4" t="81" w="97" /><ent r="4" t="81" w="119" /><ent r="1000" t="82" w="5" /><ent r="102" t="82" w="15" /><ent r="64" t="82" w="34" /><ent r="3" t="82" w="77" /><ent r="3" t="82" w="119" /><ent r="68" t="82" w="142" /><ent r="67" t="82" w="155" /><ent r="68" t="82" w="190" /><ent r="67" t="82" w="437" /><ent r="1000" t="83" w="2" /><ent r="102" t="83" w="12" /><ent r="4" t="83" w="38" /><ent r="64" t="83" w="79" /><ent r="4" t="84" w="59" /><ent r="64" t="84" w="98" /><ent r="64" t="85" w="36" /><ent r="3" t="85" w="50" /><ent r="4" t="85" w="69" /><ent r="3" t="85" w="103" /><ent r="64" t="86" w="23" /><ent r="4" t="86" w="43" /><ent r="3" t="86" w="86" /><ent r="3" t="86" w="93" /><ent r="5" t="87" w="60" /><ent r="64" t="87" w="79" /><ent r="5" t="87" w="184" /><ent r="64" t="87" w="204" /><ent r="64" t="87" w="289" /><ent r="5" t="88" w="61" /><ent r="64" t="88" w="81" /><ent r="4" t="89" w="42" /><ent r="1000" t="90" w="4" /><ent r="102" t="90" w="17" /><ent r="64" t="90" w="27" /><ent r="3" t="90" w="80" /><ent r="4" t="90" w="88" /><ent r="3" t="90" w="118" /><ent r="1000" t="91" w="4" /><ent r="102" t="91" w="20" /><ent r="3" t="91" w="25" /><ent r="3" t="91" w="81" /><ent r="65" t="91" w="90" /><ent r="3" t="91" w="121" /><ent r="1000" t="92" w="3" /><ent r="102" t="92" w="11" /><ent r="3" t="92" w="16" /><ent r="3" t="92" w="93" /><ent r="3" t="92" w="152" /><ent r="4" t="92" w="172" /><ent r="3" t="92" w="204" /><ent r="3" t="92" w="221" /><ent r="3" t="92" w="236" /><ent r="4" t="92" w="264" /><ent r="64" t="92" w="276" /><ent r="1000" t="93" w="2" /><ent r="100" t="93" w="5" /><ent r="102" t="93" w="8" /><ent r="3" t="93" w="93" /><ent r="4" t="93" w="105" /><ent r="3" t="93" w="119" /><ent r="4" t="93" w="140" /><ent r="64" t="93" w="158" /><ent r="64" t="93" w="161" /><ent r="1000" t="94" w="4" /><ent r="100" t="94" w="9" /><ent r="102" t="94" w="14" /><ent r="3" t="94" w="122" /><ent r="4" t="94" w="136" /><ent r="4" t="94" w="159" /><ent r="4" t="94" w="183" /><ent r="4" t="94" w="231" /><ent r="64" t="94" w="269" /><ent r="4" t="95" w="32" /><ent r="64" t="96" w="28" /><ent r="3" t="96" w="79" /><ent r="4" t="96" w="129" /><ent r="3" t="96" w="220" /><ent r="4" t="97" w="71" /><ent r="4" t="98" w="84" /><ent r="4" t="99" w="85" /><ent r="3" t="101" w="134" /><ent r="92" t="109" w="113" /><ent r="4" t="115" w="75" /><ent r="64" t="124" w="93" /><ent r="3" t="126" w="41" /><ent r="3" t="126" w="96" /><ent r="5" t="127" w="24" /><ent r="64" t="129" w="47" /><ent r="64" t="129" w="53" /><ent r="64" t="129" w="146" /><ent r="3" t="129" w="182" /><ent r="4" t="131" w="41" /><ent r="4" t="133" w="80" /><ent r="4" t="134" w="80" /><ent r="4" t="135" w="94" /><ent r="4" t="136" w="89" /><ent r="4" t="137" w="80" /><ent r="4" t="138" w="76" /><ent r="4" t="139" w="77" /><ent r="4" t="140" w="87" /><ent r="92" t="142" w="308" /><ent r="1000" t="143" w="2" /><ent r="102" t="143" w="14" /><ent r="92" t="143" w="81" /><ent r="4" t="143" w="88" /><ent r="4" t="143" w="101" /><ent r="3" t="143" w="122" /><ent r="1000" t="144" w="2" /><ent r="102" t="144" w="14" /><ent r="64" t="144" w="21" /><ent r="4" t="144" w="47" /><ent r="4" t="144" w="68" /><ent r="4" t="144" w="80" /><ent r="1000" t="145" w="2" /><ent r="100" t="145" w="6" /><ent r="100" t="145" w="11" /><ent r="102" t="145" w="14" /><ent r="3" t="145" w="21" /><ent r="4" t="145" w="34" /><ent r="5" t="145" w="39" /><ent r="3" t="145" w="53" /><ent r="64" t="162" w="349" /><ent r="100" t="163" w="86" /><ent r="4" t="163" w="90" /><ent r="4" t="163" w="138" /><ent r="3" t="163" w="181" /><ent r="4" t="163" w="295" /><ent r="4" t="163" w="437" /><ent r="5" t="163" w="684" /><ent r="92" t="163" w="1078" /><ent r="4" t="163" w="1132" /><ent r="3" t="163" w="1154" /><ent r="4" t="163" w="1164" /><ent r="3" t="163" w="1172" /><ent r="3" t="163" w="1196" /><ent r="3" t="163" w="1218" /><ent r="3" t="163" w="1237" /><ent r="3" t="163" w="1272" /><ent r="3" t="163" w="1443" /><ent r="4" t="163" w="1463" /><ent r="4" t="163" w="1468" /><ent r="4" t="163" w="1481" /><ent r="3" t="163" w="1491" /><ent r="4" t="163" w="1536" /><ent r="4" t="163" w="1550" /><ent r="4" t="163" w="1580" /><ent r="3" t="163" w="1585" /><ent r="4" t="163" w="1644" /><ent r="4" t="163" w="1699" /><ent r="3" t="163" w="1751" /><ent r="4" t="163" w="1830" /><ent r="4" t="163" w="1854" /><ent r="4" t="163" w="1871" /><ent r="92" t="163" w="2133" /><ent r="5" t="163" w="2146" /><ent r="3" t="163" w="2154" /><ent r="4" t="164" w="362" /><ent r="4" t="164" w="587" /><ent r="4" t="164" w="2574" /><ent r="3" t="164" w="2799" /><ent r="4" t="164" w="2822" /><ent r="4" t="164" w="2893" /><ent r="102" t="165" w="19" /><ent r="4" t="165" w="104" /><ent r="4" t="165" w="299" /><ent r="5" t="165" w="683" /><ent r="4" t="166" w="259" /><ent r="4" t="167" w="537" /><ent r="4" t="168" w="522" /><ent r="4" t="169" w="80" /><ent r="4" t="169" w="413" /><ent r="5" t="169" w="887" /><ent r="5" t="169" w="992" /><ent r="4" t="170" w="427" /><ent r="4" t="171" w="324" /><ent r="4" t="171" w="432" /><ent r="4" t="171" w="439" /><ent r="6" t="171" w="1437" /><ent r="4" t="205" w="82" /><ent r="4" t="206" w="70" /><ent r="4" t="207" w="81" /><ent r="7" t="217" w="82" /></phr><phr n="window"><ent r="3" t="1" w="31" /><ent r="3" t="1" w="35" /><ent r="3" t="1" w="52" /><ent r="3" t="1" w="77" /><ent r="3" t="1" w="116" /><ent r="4" t="1" w="330" /><ent r="3" t="1" w="381" /><ent r="3" t="1" w="395" /><ent r="3" t="1" w="494" /><ent r="3" t="1" w="497" /><ent r="4" t="2" w="66" /><ent r="4" t="4" w="187" /><ent r="7" t="5" w="43" /><ent r="7" t="5" w="57" /><ent r="7" t="6" w="97" /><ent r="7" t="6" w="102" /><ent r="7" t="6" w="149" /><ent r="6" t="7" w="149" /><ent r="4" t="18" w="34" /><ent r="4" t="20" w="281" /><ent r="4" t="23" w="44" /><ent r="3" t="23" w="118" /><ent r="4" t="24" w="30" /><ent r="4" t="26" w="111" /><ent r="4" t="26" w="125" /><ent r="4" t="26" w="188" /><ent r="5" t="27" w="31" /><ent r="3" t="27" w="52" /><ent r="4" t="28" w="66" /><ent r="4" t="28" w="109" /><ent r="4" t="28" w="152" /><ent r="4" t="28" w="224" /><ent r="4" t="29" w="32" /><ent r="4" t="29" w="51" /><ent r="3" t="30" w="28" /><ent r="3" t="31" w="30" /><ent r="4" t="32" w="101" /><ent r="3" t="35" w="17" /><ent r="3" t="35" w="28" /><ent r="4" t="36" w="37" /><ent r="3" t="38" w="32" /><ent r="3" t="39" w="44" /><ent r="4" t="39" w="200" /><ent r="4" t="39" w="221" /><ent r="3" t="41" w="16" /><ent r="4" t="41" w="39" /><ent r="4" t="41" w="74" /><ent r="4" t="41" w="84" /><ent r="4" t="42" w="82" /><ent r="3" t="43" w="44" /><ent r="3" t="43" w="89" /><ent r="4" t="43" w="118" /><ent r="4" t="43" w="128" /><ent r="4" t="43" w="248" /><ent r="3" t="44" w="78" /><ent r="4" t="44" w="136" /><ent r="4" t="44" w="190" /><ent r="100" t="45" w="8" /><ent r="3" t="45" w="20" /><ent r="3" t="45" w="28" /><ent r="3" t="45" w="32" /><ent r="3" t="45" w="37" /><ent r="3" t="45" w="47" /><ent r="100" t="46" w="5" /><ent r="100" t="46" w="9" /><ent r="3" t="46" w="20" /><ent r="4" t="46" w="32" /><ent r="4" t="46" w="46" /><ent r="3" t="46" w="89" /><ent r="3" t="47" w="20" /><ent r="4" t="48" w="28" /><ent r="4" t="49" w="35" /><ent r="3" t="49" w="119" /><ent r="4" t="50" w="34" /><ent r="3" t="50" w="121" /><ent r="4" t="55" w="50" /><ent r="3" t="56" w="22" /><ent r="4" t="59" w="102" /><ent r="4" t="60" w="79" /><ent r="3" t="61" w="76" /><ent r="4" t="62" w="49" /><ent r="4" t="62" w="231" /><ent r="3" t="65" w="51" /><ent r="3" t="66" w="55" /><ent r="3" t="66" w="342" /><ent r="3" t="68" w="86" /><ent r="3" t="69" w="15" /><ent r="3" t="69" w="78" /><ent r="3" t="69" w="82" /><ent r="3" t="69" w="104" /><ent r="3" t="69" w="123" /><ent r="3" t="69" w="154" /><ent r="3" t="69" w="158" /><ent r="3" t="69" w="179" /><ent r="3" t="69" w="285" /><ent r="3" t="69" w="298" /><ent r="4" t="70" w="49" /><ent r="4" t="71" w="48" /><ent r="4" t="72" w="89" /><ent r="4" t="72" w="165" /><ent r="4" t="73" w="35" /><ent r="3" t="75" w="134" /><ent r="3" t="75" w="138" /><ent r="3" t="77" w="24" /><ent r="100" t="77" w="47" /><ent r="3" t="77" w="61" /><ent r="4" t="77" w="85" /><ent r="4" t="77" w="110" /><ent r="3" t="77" w="133" /><ent r="3" t="77" w="148" /><ent r="4" t="77" w="169" /><ent r="4" t="77" w="194" /><ent r="3" t="77" w="214" /><ent r="3" t="77" w="239" /><ent r="3" t="77" w="248" /><ent r="4" t="77" w="271" /><ent r="4" t="78" w="43" /><ent r="100" t="79" w="5" /><ent r="3" t="79" w="59" /><ent r="3" t="79" w="119" /><ent r="4" t="80" w="33" /><ent r="100" t="81" w="5" /><ent r="3" t="81" w="92" /><ent r="3" t="81" w="140" /><ent r="100" t="82" w="9" /><ent r="3" t="82" w="50" /><ent r="3" t="82" w="67" /><ent r="7" t="82" w="150" /><ent r="7" t="82" w="374" /><ent r="100" t="83" w="9" /><ent r="4" t="83" w="28" /><ent r="100" t="83" w="96" /><ent r="4" t="84" w="49" /><ent r="3" t="85" w="61" /><ent r="3" t="85" w="93" /><ent r="4" t="86" w="33" /><ent r="5" t="87" w="55" /><ent r="5" t="87" w="179" /><ent r="5" t="88" w="56" /><ent r="4" t="89" w="32" /><ent r="100" t="90" w="7" /><ent r="100" t="90" w="12" /><ent r="3" t="90" w="62" /><ent r="3" t="90" w="108" /><ent r="100" t="91" w="8" /><ent r="100" t="91" w="14" /><ent r="3" t="91" w="61" /><ent r="3" t="91" w="111" /><ent r="100" t="92" w="7" /><ent r="3" t="92" w="159" /><ent r="3" t="92" w="198" /><ent r="3" t="93" w="12" /><ent r="3" t="93" w="19" /><ent r="3" t="93" w="80" /><ent r="3" t="93" w="86" /><ent r="3" t="93" w="131" /><ent r="3" t="94" w="20" /><ent r="3" t="94" w="46" /><ent r="3" t="94" w="152" /><ent r="4" t="96" w="153" /><ent r="3" t="97" w="48" /><ent r="4" t="97" w="95" /><ent r="4" t="98" w="108" /><ent r="3" t="98" w="180" /><ent r="4" t="98" w="189" /><ent r="4" t="98" w="207" /><ent r="4" t="98" w="213" /><ent r="4" t="98" w="220" /><ent r="4" t="98" w="229" /><ent r="4" t="98" w="238" /><ent r="4" t="98" w="276" /><ent r="4" t="98" w="445" /><ent r="4" t="98" w="477" /><ent r="4" t="98" w="502" /><ent r="4" t="98" w="518" /><ent r="4" t="99" w="109" /><ent r="3" t="99" w="176" /><ent r="4" t="99" w="554" /><ent r="3" t="100" w="249" /><ent r="3" t="100" w="495" /><ent r="3" t="101" w="128" /><ent r="3" t="101" w="138" /><ent r="100" t="105" w="84" /><ent r="3" t="105" w="91" /><ent r="3" t="105" w="109" /><ent r="3" t="105" w="407" /><ent r="3" t="105" w="413" /><ent r="7" t="106" w="33" /><ent r="5" t="106" w="209" /><ent r="4" t="107" w="24" /><ent r="3" t="107" w="42" /><ent r="3" t="107" w="50" /><ent r="3" t="107" w="204" /><ent r="3" t="107" w="215" /><ent r="4" t="108" w="38" /><ent r="4" t="108" w="57" /><ent r="4" t="108" w="63" /><ent r="4" t="108" w="131" /><ent r="4" t="109" w="48" /><ent r="4" t="109" w="74" /><ent r="4" t="109" w="93" /><ent r="3" t="109" w="124" /><ent r="4" t="110" w="24" /><ent r="3" t="111" w="51" /><ent r="4" t="112" w="35" /><ent r="4" t="112" w="93" /><ent r="4" t="112" w="201" /><ent r="3" t="113" w="36" /><ent r="3" t="113" w="133" /><ent r="3" t="113" w="143" /><ent r="4" t="113" w="230" /><ent r="3" t="113" w="355" /><ent r="4" t="113" w="373" /><ent r="4" t="113" w="512" /><ent r="3" t="113" w="622" /><ent r="4" t="114" w="647" /><ent r="4" t="115" w="40" /><ent r="4" t="117" w="50" /><ent r="100" t="118" w="5" /><ent r="3" t="118" w="30" /><ent r="3" t="119" w="25" /><ent r="3" t="119" w="54" /><ent r="3" t="119" w="88" /><ent r="4" t="119" w="113" /><ent r="3" t="119" w="198" /><ent r="3" t="120" w="22" /><ent r="3" t="120" w="56" /><ent r="4" t="125" w="40" /><ent r="3" t="129" w="43" /><ent r="4" t="129" w="110" /><ent r="4" t="129" w="124" /><ent r="3" t="129" w="153" /><ent r="3" t="129" w="172" /><ent r="3" t="129" w="290" /><ent r="3" t="129" w="355" /><ent r="4" t="130" w="116" /><ent r="4" t="131" w="65" /><ent r="4" t="133" w="104" /><ent r="4" t="134" w="104" /><ent r="4" t="135" w="118" /><ent r="4" t="136" w="113" /><ent r="4" t="137" w="104" /><ent r="4" t="138" w="100" /><ent r="4" t="139" w="101" /><ent r="4" t="140" w="111" /><ent r="4" t="141" w="67" /><ent r="3" t="141" w="101" /><ent r="3" t="141" w="178" /><ent r="3" t="141" w="304" /><ent r="3" t="142" w="71" /><ent r="3" t="142" w="79" /><ent r="4" t="142" w="88" /><ent r="3" t="142" w="111" /><ent r="3" t="142" w="299" /><ent r="3" t="142" w="312" /><ent r="100" t="143" w="6" /><ent r="100" t="143" w="11" /><ent r="3" t="143" w="19" /><ent r="3" t="143" w="47" /><ent r="3" t="143" w="62" /><ent r="3" t="143" w="117" /><ent r="3" t="143" w="229" /><ent r="3" t="143" w="237" /><ent r="3" t="143" w="257" /><ent r="4" t="143" w="318" /><ent r="3" t="143" w="391" /><ent r="100" t="144" w="6" /><ent r="100" t="144" w="11" /><ent r="4" t="144" w="59" /><ent r="4" t="145" w="31" /><ent r="3" t="145" w="115" /><ent r="3" t="145" w="129" /><ent r="3" t="145" w="165" /><ent r="3" t="146" w="21" /><ent r="4" t="146" w="47" /><ent r="4" t="146" w="67" /><ent r="4" t="147" w="83" /><ent r="4" t="147" w="110" /><ent r="3" t="148" w="47" /><ent r="4" t="148" w="72" /><ent r="4" t="149" w="63" /><ent r="4" t="150" w="79" /><ent r="3" t="151" w="109" /><ent r="4" t="151" w="147" /><ent r="4" t="151" w="166" /><ent r="4" t="152" w="54" /><ent r="3" t="153" w="964" /><ent r="4" t="160" w="87" /><ent r="3" t="161" w="137" /><ent r="4" t="161" w="350" /><ent r="4" t="161" w="371" /><ent r="100" t="163" w="135" /><ent r="4" t="163" w="398" /><ent r="3" t="163" w="641" /><ent r="4" t="163" w="669" /><ent r="3" t="163" w="692" /><ent r="3" t="163" w="702" /><ent r="3" t="163" w="712" /><ent r="4" t="163" w="741" /><ent r="4" t="163" w="755" /><ent r="3" t="163" w="815" /><ent r="3" t="163" w="819" /><ent r="3" t="163" w="836" /><ent r="3" t="163" w="1185" /><ent r="3" t="163" w="1189" /><ent r="3" t="163" w="1211" /><ent r="3" t="163" w="1281" /><ent r="3" t="163" w="1312" /><ent r="3" t="163" w="1447" /><ent r="4" t="163" w="1821" /><ent r="4" t="163" w="2221" /><ent r="4" t="163" w="2229" /><ent r="4" t="163" w="2251" /><ent r="4" t="163" w="2371" /><ent r="3" t="163" w="2407" /><ent r="4" t="164" w="548" /><ent r="4" t="164" w="713" /><ent r="3" t="164" w="964" /><ent r="4" t="164" w="1058" /><ent r="4" t="164" w="1696" /><ent r="3" t="164" w="2018" /><ent r="4" t="164" w="2165" /><ent r="4" t="164" w="2184" /><ent r="4" t="164" w="2547" /><ent r="4" t="165" w="260" /><ent r="4" t="165" w="407" /><ent r="3" t="165" w="433" /><ent r="6" t="165" w="459" /><ent r="4" t="165" w="531" /><ent r="4" t="165" w="551" /><ent r="4" t="165" w="576" /><ent r="4" t="165" w="675" /><ent r="4" t="165" w="849" /><ent r="4" t="165" w="1199" /><ent r="4" t="165" w="1296" /><ent r="4" t="165" w="1343" /><ent r="4" t="166" w="220" /><ent r="4" t="166" w="704" /><ent r="4" t="166" w="783" /><ent r="4" t="166" w="796" /><ent r="4" t="166" w="951" /><ent r="4" t="166" w="1022" /><ent r="3" t="166" w="1271" /><ent r="4" t="166" w="1479" /><ent r="4" t="167" w="498" /><ent r="4" t="167" w="859" /><ent r="4" t="167" w="865" /><ent r="4" t="167" w="886" /><ent r="4" t="168" w="483" /><ent r="4" t="168" w="830" /><ent r="4" t="168" w="884" /><ent r="3" t="169" w="46" /><ent r="4" t="169" w="202" /><ent r="4" t="169" w="374" /><ent r="3" t="169" w="591" /><ent r="4" t="169" w="688" /><ent r="4" t="169" w="895" /><ent r="4" t="169" w="899" /><ent r="4" t="169" w="1003" /><ent r="3" t="169" w="1236" /><ent r="3" t="169" w="1262" /><ent r="3" t="169" w="1304" /><ent r="3" t="170" w="274" /><ent r="4" t="170" w="388" /><ent r="4" t="170" w="533" /><ent r="4" t="170" w="2036" /><ent r="4" t="170" w="2059" /><ent r="5" t="171" w="186" /><ent r="4" t="171" w="285" /><ent r="4" t="171" w="501" /><ent r="4" t="171" w="507" /><ent r="4" t="171" w="808" /><ent r="3" t="171" w="958" /><ent r="3" t="171" w="987" /><ent r="4" t="171" w="1556" /><ent r="4" t="171" w="1600" /><ent r="3" t="171" w="1615" /><ent r="3" t="171" w="1620" /><ent r="3" t="178" w="396" /><ent r="4" t="180" w="84" /><ent r="3" t="193" w="49" /><ent r="3" t="193" w="60" /><ent r="3" t="193" w="68" /><ent r="3" t="194" w="17" /><ent r="3" t="195" w="18" /><ent r="3" t="196" w="17" /><ent r="3" t="201" w="31" /><ent r="3" t="205" w="75" /><ent r="4" t="205" w="106" /><ent r="3" t="205" w="254" /><ent r="4" t="207" w="105" /><ent r="3" t="209" w="18" /><ent r="3" t="213" w="131" /><ent r="64" t="214" w="48" /><ent r="64" t="215" w="51" /><ent r="7" t="215" w="85" /><ent r="7" t="215" w="198" /><ent r="64" t="216" w="48" /><ent r="64" t="217" w="36" /><ent r="7" t="217" w="138" /></phr><phr n="windows"><ent r="3" t="1" w="69" /><ent r="4" t="1" w="338" /><ent r="3" t="1" w="462" /><ent r="3" t="1" w="465" /><ent r="3" t="1" w="472" /><ent r="3" t="1" w="489" /><ent r="4" t="4" w="195" /><ent r="4" t="28" w="73" /><ent r="4" t="28" w="112" /><ent r="4" t="28" w="166" /><ent r="4" t="28" w="237" /><ent r="3" t="42" w="75" /><ent r="3" t="68" w="54" /><ent r="3" t="69" w="274" /><ent r="3" t="69" w="300" /><ent r="3" t="70" w="120" /><ent r="3" t="71" w="117" /><ent r="3" t="72" w="38" /><ent r="100" t="95" w="7" /><ent r="3" t="95" w="12" /><ent r="100" t="96" w="9" /><ent r="100" t="97" w="11" /><ent r="100" t="98" w="11" /><ent r="100" t="99" w="11" /><ent r="7" t="106" w="92" /><ent r="7" t="106" w="128" /><ent r="7" t="106" w="166" /><ent r="5" t="130" w="260" /><ent r="4" t="163" w="406" /><ent r="4" t="164" w="556" /><ent r="3" t="164" w="2036" /><ent r="4" t="164" w="2204" /><ent r="3" t="164" w="2355" /><ent r="4" t="165" w="268" /><ent r="4" t="166" w="228" /><ent r="4" t="166" w="1533" /><ent r="4" t="167" w="506" /><ent r="4" t="168" w="491" /><ent r="4" t="169" w="382" /><ent r="4" t="170" w="396" /><ent r="4" t="171" w="293" /><ent r="3" t="201" w="34" /></phr><phr n="Windows"><ent r="3" t="22" w="34" /><ent r="4" t="29" w="36" /><ent r="64" t="35" w="65" /><ent r="65" t="39" w="230" /><ent r="64" t="40" w="144" /><ent r="64" t="41" w="341" /><ent r="4" t="44" w="22" /><ent r="64" t="44" w="93" /><ent r="5" t="44" w="141" /><ent r="5" t="44" w="195" /><ent r="5" t="62" w="61" /><ent r="3" t="69" w="86" /><ent r="92" t="69" w="193" /><ent r="3" t="69" w="197" /><ent r="3" t="69" w="204" /><ent r="3" t="69" w="206" /><ent r="4" t="69" w="213" /><ent r="4" t="69" w="264" /><ent r="4" t="78" w="47" /><ent r="3" t="82" w="71" /><ent r="4" t="83" w="32" /><ent r="4" t="84" w="53" /><ent r="3" t="85" w="97" /><ent r="4" t="86" w="37" /><ent r="4" t="89" w="36" /><ent r="3" t="90" w="112" /><ent r="3" t="91" w="115" /><ent r="4" t="93" w="135" /><ent r="1000" t="95" w="1" /><ent r="102" t="95" w="4" /><ent r="1000" t="96" w="1" /><ent r="102" t="96" w="5" /><ent r="4" t="96" w="119" /><ent r="5" t="96" w="162" /><ent r="1000" t="97" w="1" /><ent r="102" t="97" w="6" /><ent r="3" t="97" w="17" /><ent r="4" t="97" w="60" /><ent r="5" t="97" w="104" /><ent r="1000" t="98" w="1" /><ent r="102" t="98" w="6" /><ent r="3" t="98" w="17" /><ent r="4" t="98" w="73" /><ent r="5" t="98" w="117" /><ent r="1000" t="99" w="1" /><ent r="102" t="99" w="6" /><ent r="3" t="99" w="17" /><ent r="4" t="99" w="74" /><ent r="5" t="99" w="118" /><ent r="1000" t="118" w="2" /><ent r="102" t="118" w="8" /><ent r="64" t="119" w="212" /><ent r="64" t="120" w="104" /><ent r="64" t="121" w="80" /><ent r="64" t="122" w="91" /><ent r="64" t="123" w="81" /><ent r="3" t="129" w="176" /><ent r="66" t="130" w="245" /><ent r="4" t="144" w="63" /><ent r="3" t="144" w="89" /><ent r="4" t="163" w="441" /><ent r="4" t="164" w="591" /><ent r="4" t="164" w="2027" /><ent r="5" t="164" w="2174" /><ent r="5" t="164" w="2507" /><ent r="5" t="164" w="2517" /><ent r="4" t="165" w="303" /><ent r="4" t="166" w="263" /><ent r="4" t="167" w="541" /><ent r="4" t="168" w="526" /><ent r="4" t="168" w="1177" /><ent r="4" t="169" w="417" /><ent r="4" t="170" w="431" /><ent r="4" t="171" w="328" /><ent r="5" t="171" w="1579" /><ent r="3" t="171" w="1631" /><ent r="5" t="171" w="1670" /></phr></stem></index>