﻿<?xml version="1.0" encoding="utf-8"?><index><stem n="collect"><phr n="collection"><ent r="3" t="0" w="12" /><ent r="3" t="181" w="209" /><ent r="3" t="181" w="220" /><ent r="3" t="182" w="198" /><ent r="3" t="182" w="209" /></phr><phr n="collected"><ent r="3" t="0" w="33" /><ent r="3" t="193" w="594" /></phr><phr n="collections"><ent r="3" t="181" w="189" /><ent r="3" t="182" w="179" /><ent r="3" t="191" w="78" /></phr></stem><stem n="softwar"><phr n="software"><ent r="3" t="0" w="14" /><ent r="3" t="0" w="98" /><ent r="3" t="176" w="84" /><ent r="3" t="176" w="163" /></phr><phr n="Software"><ent r="4" t="169" w="283" /></phr></stem><stem n="tool"><phr n="tools"><ent r="3" t="0" w="15" /><ent r="4" t="173" w="71" /><ent r="4" t="173" w="98" /><ent r="4" t="173" w="167" /><ent r="4" t="173" w="178" /><ent r="3" t="174" w="43" /><ent r="3" t="174" w="86" /><ent r="4" t="174" w="358" /><ent r="4" t="174" w="370" /><ent r="3" t="177" w="1035" /><ent r="3" t="177" w="1542" /><ent r="3" t="177" w="2406" /><ent r="3" t="177" w="2416" /><ent r="3" t="178" w="410" /><ent r="3" t="178" w="2982" /><ent r="3" t="179" w="1614" /><ent r="4" t="180" w="1220" /><ent r="3" t="180" w="1341" /><ent r="3" t="180" w="1372" /><ent r="4" t="180" w="1649" /><ent r="3" t="181" w="153" /><ent r="3" t="182" w="143" /><ent r="3" t="182" w="1325" /><ent r="7" t="239" w="77" /></phr><phr n="Tools"><ent r="5" t="2" w="71" /><ent r="5" t="44" w="292" /><ent r="5" t="47" w="44" /><ent r="5" t="48" w="87" /><ent r="5" t="49" w="133" /><ent r="4" t="69" w="39" /><ent r="5" t="70" w="41" /><ent r="5" t="70" w="223" /><ent r="4" t="74" w="60" /><ent r="5" t="77" w="49" /><ent r="5" t="81" w="39" /><ent r="4" t="83" w="120" /><ent r="4" t="87" w="64" /><ent r="4" t="100" w="164" /><ent r="4" t="100" w="256" /><ent r="4" t="101" w="98" /><ent r="4" t="102" w="128" /><ent r="5" t="104" w="134" /><ent r="5" t="105" w="76" /><ent r="5" t="106" w="89" /><ent r="5" t="107" w="90" /><ent r="4" t="113" w="96" /><ent r="5" t="115" w="29" /><ent r="5" t="116" w="43" /><ent r="5" t="117" w="79" /><ent r="3" t="117" w="162" /><ent r="4" t="119" w="56" /><ent r="4" t="121" w="111" /><ent r="5" t="121" w="282" /><ent r="5" t="121" w="560" /><ent r="5" t="129" w="101" /><ent r="3" t="140" w="492" /><ent r="3" t="140" w="592" /><ent r="3" t="140" w="666" /><ent r="5" t="141" w="128" /><ent r="5" t="142" w="120" /><ent r="5" t="143" w="46" /><ent r="5" t="145" w="85" /><ent r="5" t="146" w="85" /><ent r="5" t="147" w="99" /><ent r="5" t="148" w="94" /><ent r="5" t="149" w="87" /><ent r="5" t="150" w="85" /><ent r="5" t="151" w="81" /><ent r="5" t="152" w="82" /><ent r="5" t="153" w="92" /><ent r="4" t="167" w="24" /><ent r="5" t="173" w="157" /><ent r="5" t="173" w="182" /><ent r="5" t="174" w="110" /><ent r="4" t="174" w="349" /><ent r="5" t="177" w="678" /><ent r="5" t="177" w="1167" /><ent r="5" t="177" w="2166" /><ent r="5" t="178" w="990" /><ent r="5" t="178" w="1119" /><ent r="5" t="178" w="1224" /><ent r="5" t="178" w="2491" /><ent r="5" t="180" w="1084" /><ent r="5" t="180" w="1208" /><ent r="4" t="180" w="1381" /><ent r="5" t="185" w="429" /><ent r="4" t="185" w="1718" /><ent r="5" t="185" w="1849" /><ent r="5" t="186" w="421" /><ent r="5" t="224" w="87" /><ent r="5" t="225" w="75" /><ent r="5" t="226" w="86" /><ent r="7" t="239" w="70" /></phr><phr n="Tool"><ent r="7" t="8" w="153" /><ent r="68" t="8" w="163" /><ent r="1000" t="59" w="4" /><ent r="100" t="59" w="8" /><ent r="100" t="59" w="13" /><ent r="102" t="59" w="18" /><ent r="3" t="59" w="24" /><ent r="3" t="59" w="59" /><ent r="3" t="85" w="252" /><ent r="5" t="107" w="354" /><ent r="4" t="140" w="111" /><ent r="4" t="140" w="155" /><ent r="3" t="140" w="336" /><ent r="4" t="140" w="373" /><ent r="102" t="170" w="24" /><ent r="64" t="176" w="327" /><ent r="1000" t="178" w="4" /><ent r="102" t="178" w="23" /><ent r="4" t="178" w="173" /><ent r="4" t="179" w="881" /><ent r="4" t="180" w="1139" /><ent r="4" t="182" w="852" /><ent r="92" t="196" w="73" /><ent r="3" t="196" w="220" /></phr><phr n="tool"><ent r="3" t="59" w="41" /><ent r="3" t="76" w="68" /><ent r="4" t="107" w="360" /><ent r="3" t="123" w="558" /><ent r="3" t="123" w="588" /><ent r="3" t="155" w="360" /><ent r="3" t="169" w="67" /><ent r="3" t="169" w="83" /><ent r="4" t="170" w="60" /><ent r="4" t="171" w="254" /><ent r="4" t="171" w="271" /><ent r="4" t="173" w="120" /><ent r="3" t="177" w="106" /><ent r="3" t="178" w="185" /><ent r="4" t="178" w="980" /><ent r="3" t="179" w="65" /><ent r="3" t="180" w="117" /><ent r="3" t="180" w="870" /><ent r="3" t="193" w="67" /><ent r="3" t="196" w="15" /><ent r="3" t="196" w="64" /></phr></stem><stem n="enabl"><phr n="enables"><ent r="3" t="0" w="17" /><ent r="3" t="1" w="79" /><ent r="4" t="20" w="490" /><ent r="3" t="21" w="58" /><ent r="3" t="21" w="334" /><ent r="3" t="21" w="408" /><ent r="3" t="23" w="13" /><ent r="3" t="38" w="12" /><ent r="4" t="48" w="208" /><ent r="3" t="50" w="26" /><ent r="3" t="63" w="23" /><ent r="3" t="69" w="17" /><ent r="3" t="72" w="16" /><ent r="3" t="76" w="88" /><ent r="3" t="77" w="17" /><ent r="3" t="77" w="244" /><ent r="3" t="77" w="321" /><ent r="4" t="81" w="58" /><ent r="3" t="82" w="39" /><ent r="5" t="91" w="148" /><ent r="4" t="96" w="124" /><ent r="3" t="96" w="149" /><ent r="3" t="97" w="15" /><ent r="3" t="109" w="26" /><ent r="3" t="109" w="156" /><ent r="3" t="110" w="13" /><ent r="3" t="111" w="13" /><ent r="3" t="112" w="13" /><ent r="3" t="113" w="532" /><ent r="3" t="125" w="15" /><ent r="3" t="139" w="14" /><ent r="4" t="142" w="139" /><ent r="3" t="143" w="156" /><ent r="3" t="143" w="259" /><ent r="3" t="143" w="463" /><ent r="3" t="143" w="627" /><ent r="3" t="150" w="18" /><ent r="4" t="151" w="206" /><ent r="4" t="151" w="249" /><ent r="3" t="156" w="276" /><ent r="3" t="158" w="176" /><ent r="3" t="162" w="26" /><ent r="3" t="162" w="295" /><ent r="3" t="177" w="182" /><ent r="3" t="177" w="202" /><ent r="3" t="177" w="224" /><ent r="3" t="177" w="297" /><ent r="4" t="177" w="1497" /><ent r="4" t="177" w="1563" /><ent r="3" t="178" w="134" /><ent r="3" t="178" w="228" /><ent r="3" t="178" w="328" /><ent r="3" t="178" w="364" /><ent r="3" t="178" w="446" /><ent r="4" t="186" w="525" /><ent r="3" t="191" w="142" /><ent r="3" t="196" w="17" /><ent r="3" t="206" w="164" /><ent r="3" t="210" w="20" /><ent r="3" t="212" w="80" /><ent r="3" t="212" w="94" /><ent r="3" t="213" w="24" /><ent r="3" t="213" w="38" /><ent r="3" t="215" w="24" /><ent r="3" t="215" w="37" /><ent r="3" t="217" w="58" /><ent r="3" t="219" w="63" /></phr><phr n="Enabled"><ent r="7" t="10" w="84" /><ent r="4" t="140" w="294" /></phr><phr n="enable"><ent r="3" t="14" w="25" /><ent r="3" t="70" w="21" /><ent r="3" t="81" w="13" /><ent r="3" t="104" w="102" /><ent r="3" t="106" w="21" /><ent r="3" t="107" w="21" /><ent r="3" t="140" w="12" /><ent r="3" t="142" w="94" /><ent r="5" t="142" w="218" /><ent r="3" t="143" w="15" /><ent r="3" t="143" w="579" /><ent r="3" t="144" w="13" /><ent r="3" t="145" w="21" /><ent r="4" t="145" w="225" /><ent r="3" t="146" w="21" /><ent r="3" t="147" w="21" /><ent r="3" t="148" w="21" /><ent r="3" t="148" w="158" /><ent r="3" t="148" w="181" /><ent r="3" t="149" w="21" /><ent r="3" t="153" w="26" /><ent r="3" t="161" w="21" /><ent r="3" t="164" w="253" /><ent r="3" t="174" w="44" /><ent r="3" t="176" w="132" /><ent r="3" t="180" w="1342" /><ent r="3" t="216" w="21" /><ent r="4" t="218" w="19" /><ent r="4" t="221" w="19" /><ent r="4" t="222" w="21" /><ent r="3" t="224" w="13" /><ent r="3" t="226" w="19" /><ent r="4" t="226" w="137" /><ent r="3" t="229" w="22" /></phr><phr n="Enables"><ent r="5" t="14" w="304" /><ent r="4" t="20" w="464" /><ent r="4" t="53" w="85" /><ent r="4" t="53" w="103" /><ent r="4" t="53" w="161" /><ent r="4" t="53" w="170" /><ent r="7" t="90" w="159" /><ent r="7" t="90" w="197" /><ent r="6" t="90" w="246" /><ent r="6" t="90" w="320" /><ent r="7" t="90" w="353" /><ent r="5" t="90" w="424" /><ent r="5" t="90" w="453" /><ent r="7" t="90" w="467" /><ent r="5" t="90" w="496" /><ent r="7" t="90" w="517" /><ent r="4" t="103" w="61" /><ent r="4" t="103" w="77" /><ent r="4" t="159" w="165" /><ent r="5" t="164" w="273" /><ent r="4" t="164" w="301" /><ent r="7" t="188" w="174" /><ent r="7" t="188" w="212" /></phr><phr n="enabled"><ent r="5" t="26" w="480" /><ent r="5" t="26" w="521" /><ent r="3" t="38" w="25" /><ent r="3" t="56" w="60" /><ent r="4" t="81" w="660" /><ent r="4" t="81" w="680" /><ent r="4" t="102" w="199" /><ent r="4" t="102" w="246" /><ent r="3" t="139" w="83" /><ent r="4" t="159" w="591" /><ent r="4" t="164" w="774" /><ent r="3" t="166" w="440" /></phr><phr n="Enable"><ent r="5" t="142" w="157" /><ent r="5" t="142" w="181" /><ent r="5" t="142" w="199" /><ent r="5" t="142" w="234" /><ent r="5" t="142" w="248" /><ent r="5" t="151" w="200" /><ent r="5" t="159" w="575" /><ent r="5" t="164" w="758" /><ent r="3" t="229" w="69" /></phr></stem><stem n="analyst"><phr n="analysts"><ent r="3" t="0" w="18" /><ent r="3" t="176" w="96" /><ent r="3" t="181" w="130" /><ent r="3" t="182" w="120" /></phr><phr n="analyst"><ent r="3" t="0" w="46" /><ent r="3" t="0" w="52" /></phr></stem><stem n="develop"><phr n="develop"><ent r="3" t="0" w="20" /></phr><phr n="developed"><ent r="4" t="166" w="574" /></phr><phr n="Development"><ent r="4" t="169" w="284" /></phr><phr n="developer"><ent r="3" t="181" w="162" /><ent r="3" t="182" w="152" /></phr></stem><stem n="intellig"><phr n="intelligence"><ent r="3" t="0" w="21" /><ent r="3" t="0" w="66" /><ent r="3" t="176" w="95" /></phr></stem><stem n="product"><phr n="products"><ent r="3" t="0" w="22" /><ent r="3" t="0" w="26" /><ent r="3" t="0" w="67" /><ent r="4" t="28" w="205" /><ent r="100" t="134" w="9" /><ent r="3" t="143" w="27" /><ent r="3" t="156" w="33" /><ent r="4" t="169" w="248" /><ent r="4" t="169" w="261" /><ent r="3" t="184" w="95" /><ent r="4" t="184" w="168" /><ent r="3" t="184" w="968" /><ent r="3" t="184" w="1220" /></phr><phr n="product"><ent r="3" t="1" w="464" /><ent r="100" t="27" w="5" /><ent r="100" t="27" w="10" /><ent r="4" t="27" w="19" /><ent r="5" t="27" w="34" /><ent r="3" t="27" w="51" /><ent r="100" t="28" w="10" /><ent r="100" t="28" w="13" /><ent r="64" t="28" w="26" /><ent r="4" t="28" w="72" /><ent r="4" t="28" w="114" /><ent r="4" t="28" w="169" /><ent r="4" t="28" w="227" /><ent r="4" t="28" w="278" /><ent r="3" t="63" w="21" /><ent r="4" t="68" w="110" /><ent r="3" t="81" w="156" /><ent r="3" t="81" w="161" /><ent r="3" t="81" w="175" /><ent r="3" t="128" w="26" /><ent r="3" t="128" w="29" /><ent r="3" t="128" w="45" /><ent r="3" t="128" w="58" /><ent r="3" t="128" w="79" /><ent r="100" t="129" w="6" /><ent r="100" t="129" w="10" /><ent r="3" t="129" w="24" /><ent r="3" t="129" w="53" /><ent r="3" t="129" w="83" /><ent r="3" t="129" w="87" /><ent r="3" t="129" w="197" /><ent r="100" t="130" w="5" /><ent r="100" t="130" w="10" /><ent r="3" t="130" w="21" /><ent r="3" t="130" w="55" /><ent r="4" t="130" w="87" /><ent r="3" t="131" w="25" /><ent r="3" t="133" w="41" /><ent r="100" t="134" w="11" /><ent r="100" t="134" w="16" /><ent r="3" t="134" w="40" /><ent r="5" t="142" w="193" /><ent r="3" t="143" w="563" /><ent r="3" t="156" w="18" /><ent r="3" t="156" w="46" /><ent r="3" t="156" w="61" /><ent r="3" t="156" w="228" /><ent r="3" t="156" w="256" /><ent r="3" t="156" w="284" /><ent r="3" t="156" w="390" /><ent r="4" t="170" w="89" /><ent r="3" t="172" w="38" /><ent r="3" t="178" w="79" /><ent r="4" t="178" w="125" /><ent r="3" t="178" w="451" /><ent r="3" t="178" w="2766" /><ent r="3" t="178" w="2974" /><ent r="3" t="180" w="594" /><ent r="3" t="181" w="158" /><ent r="3" t="182" w="148" /><ent r="100" t="184" w="5" /><ent r="100" t="184" w="8" /><ent r="3" t="184" w="35" /><ent r="3" t="184" w="45" /><ent r="4" t="184" w="55" /><ent r="4" t="184" w="60" /><ent r="4" t="184" w="65" /><ent r="4" t="184" w="72" /><ent r="4" t="184" w="108" /><ent r="4" t="184" w="130" /><ent r="4" t="184" w="170" /><ent r="4" t="184" w="173" /><ent r="4" t="184" w="178" /><ent r="4" t="184" w="188" /><ent r="4" t="184" w="217" /><ent r="4" t="184" w="221" /><ent r="4" t="184" w="241" /><ent r="4" t="184" w="243" /><ent r="4" t="184" w="254" /><ent r="4" t="184" w="710" /><ent r="4" t="184" w="821" /><ent r="3" t="184" w="934" /><ent r="4" t="184" w="990" /><ent r="3" t="184" w="1226" /><ent r="3" t="212" w="64" /><ent r="3" t="220" w="33" /></phr><phr n="Product"><ent r="1000" t="27" w="2" /><ent r="102" t="27" w="14" /><ent r="65" t="27" w="94" /><ent r="1000" t="28" w="1" /><ent r="102" t="28" w="5" /><ent r="5" t="28" w="31" /><ent r="5" t="28" w="237" /><ent r="4" t="81" w="142" /><ent r="1000" t="128" w="1" /><ent r="100" t="128" w="4" /><ent r="102" t="128" w="7" /><ent r="64" t="128" w="114" /><ent r="64" t="128" w="118" /><ent r="64" t="128" w="133" /><ent r="65" t="128" w="138" /><ent r="1000" t="129" w="4" /><ent r="102" t="129" w="15" /><ent r="3" t="129" w="20" /><ent r="4" t="129" w="49" /><ent r="5" t="129" w="140" /><ent r="64" t="129" w="211" /><ent r="64" t="129" w="216" /><ent r="64" t="129" w="231" /><ent r="65" t="129" w="236" /><ent r="1000" t="130" w="3" /><ent r="102" t="130" w="14" /><ent r="3" t="130" w="17" /><ent r="4" t="130" w="96" /><ent r="64" t="130" w="103" /><ent r="64" t="130" w="109" /><ent r="64" t="130" w="124" /><ent r="64" t="130" w="129" /><ent r="64" t="131" w="79" /><ent r="3" t="132" w="36" /><ent r="64" t="132" w="90" /><ent r="64" t="132" w="96" /><ent r="64" t="132" w="100" /><ent r="64" t="132" w="111" /><ent r="65" t="132" w="116" /><ent r="3" t="133" w="15" /><ent r="64" t="133" w="80" /><ent r="1000" t="134" w="2" /><ent r="102" t="134" w="21" /><ent r="64" t="141" w="52" /><ent r="4" t="143" w="91" /><ent r="92" t="143" w="552" /><ent r="1000" t="156" w="1" /><ent r="100" t="156" w="5" /><ent r="100" t="156" w="10" /><ent r="102" t="156" w="13" /><ent r="92" t="156" w="80" /><ent r="4" t="156" w="87" /><ent r="4" t="156" w="100" /><ent r="3" t="156" w="121" /><ent r="3" t="156" w="133" /><ent r="3" t="156" w="147" /><ent r="82" t="156" w="271" /><ent r="4" t="156" w="322" /><ent r="64" t="161" w="45" /><ent r="4" t="169" w="255" /><ent r="64" t="176" w="337" /><ent r="64" t="176" w="381" /><ent r="102" t="178" w="33" /><ent r="4" t="178" w="2906" /><ent r="1000" t="184" w="2" /><ent r="103" t="184" w="11" /><ent r="4" t="184" w="79" /><ent r="4" t="184" w="230" /><ent r="92" t="184" w="501" /><ent r="82" t="184" w="662" /><ent r="5" t="184" w="678" /><ent r="82" t="184" w="713" /><ent r="5" t="184" w="721" /><ent r="92" t="184" w="827" /><ent r="5" t="184" w="883" /><ent r="4" t="184" w="892" /><ent r="92" t="184" w="927" /><ent r="3" t="184" w="940" /><ent r="3" t="184" w="1029" /><ent r="3" t="184" w="1092" /><ent r="3" t="184" w="1107" /><ent r="3" t="184" w="1158" /><ent r="3" t="184" w="1184" /></phr><phr n="Production"><ent r="4" t="169" w="279" /></phr></stem><stem n="gener"><phr n="generates"><ent r="3" t="0" w="24" /><ent r="3" t="123" w="523" /></phr><phr n="generate"><ent r="3" t="0" w="65" /><ent r="100" t="46" w="9" /><ent r="4" t="151" w="209" /><ent r="4" t="151" w="252" /><ent r="4" t="159" w="585" /><ent r="4" t="164" w="768" /><ent r="3" t="166" w="268" /><ent r="3" t="166" w="517" /><ent r="3" t="166" w="787" /><ent r="4" t="166" w="992" /><ent r="3" t="183" w="48" /></phr><phr n="General"><ent r="64" t="4" w="257" /><ent r="1000" t="16" w="1" /><ent r="102" t="16" w="5" /><ent r="100" t="16" w="9" /><ent r="3" t="16" w="14" /><ent r="4" t="71" w="62" /><ent r="4" t="72" w="90" /><ent r="65" t="81" w="77" /><ent r="92" t="81" w="338" /><ent r="4" t="156" w="348" /><ent r="92" t="158" w="112" /><ent r="65" t="166" w="149" /><ent r="65" t="168" w="67" /><ent r="65" t="170" w="129" /><ent r="4" t="170" w="137" /><ent r="65" t="175" w="41" /><ent r="64" t="178" w="478" /><ent r="4" t="178" w="1781" /><ent r="5" t="178" w="1799" /><ent r="5" t="178" w="1806" /><ent r="64" t="179" w="190" /><ent r="5" t="179" w="1032" /><ent r="4" t="179" w="1038" /><ent r="5" t="179" w="1048" /><ent r="64" t="180" w="153" /><ent r="5" t="180" w="473" /><ent r="5" t="180" w="482" /></phr><phr n="Generate"><ent r="67" t="7" w="325" /><ent r="1000" t="46" w="1" /><ent r="102" t="46" w="5" /><ent r="3" t="46" w="59" /><ent r="4" t="46" w="83" /><ent r="64" t="107" w="321" /></phr><phr n="Generic"><ent r="4" t="20" w="126" /><ent r="5" t="20" w="234" /><ent r="5" t="20" w="260" /><ent r="5" t="20" w="265" /><ent r="4" t="20" w="283" /><ent r="4" t="22" w="111" /></phr><phr n="general"><ent r="3" t="21" w="391" /><ent r="3" t="44" w="408" /><ent r="3" t="77" w="178" /><ent r="3" t="77" w="381" /><ent r="3" t="100" w="73" /><ent r="4" t="142" w="150" /><ent r="4" t="145" w="136" /><ent r="4" t="149" w="138" /><ent r="4" t="151" w="132" /><ent r="3" t="155" w="23" /><ent r="3" t="155" w="39" /><ent r="3" t="155" w="60" /><ent r="3" t="165" w="21" /><ent r="3" t="165" w="29" /><ent r="3" t="165" w="163" /><ent r="4" t="175" w="79" /><ent r="3" t="176" w="47" /><ent r="3" t="176" w="186" /><ent r="3" t="235" w="494" /></phr><phr n="generally"><ent r="4" t="23" w="88" /><ent r="3" t="221" w="185" /></phr><phr n="generated"><ent r="3" t="100" w="128" /><ent r="5" t="151" w="182" /><ent r="3" t="166" w="246" /><ent r="3" t="166" w="290" /><ent r="3" t="166" w="948" /><ent r="3" t="175" w="21" /><ent r="3" t="178" w="2079" /></phr><phr n="Generation"><ent r="5" t="151" w="203" /><ent r="5" t="151" w="245" /><ent r="92" t="159" w="573" /><ent r="5" t="159" w="577" /><ent r="92" t="164" w="756" /><ent r="5" t="164" w="760" /></phr><phr n="generating"><ent r="3" t="166" w="774" /></phr><phr n="generation"><ent r="3" t="169" w="66" /></phr><phr n="Generally"><ent r="3" t="177" w="1441" /></phr></stem><stem n="analyz"><phr n="analyzing"><ent r="3" t="0" w="28" /></phr></stem><stem n="signatur"><phr n="signatures"><ent r="3" t="0" w="29" /><ent r="3" t="0" w="43" /><ent r="4" t="20" w="214" /><ent r="3" t="33" w="35" /><ent r="3" t="33" w="63" /><ent r="3" t="33" w="83" /><ent r="3" t="34" w="31" /></phr><phr n="signature"><ent r="4" t="20" w="196" /><ent r="3" t="33" w="17" /><ent r="3" t="33" w="86" /><ent r="3" t="33" w="92" /><ent r="3" t="34" w="23" /><ent r="3" t="197" w="45" /></phr><phr n="Signature"><ent r="3" t="33" w="72" /></phr></stem><stem n="data"><phr n="data"><ent r="3" t="0" w="31" /><ent r="3" t="0" w="40" /><ent r="3" t="0" w="60" /><ent r="3" t="0" w="77" /><ent r="7" t="5" w="30" /><ent r="7" t="5" w="201" /><ent r="7" t="5" w="250" /><ent r="7" t="6" w="102" /><ent r="7" t="6" w="123" /><ent r="7" t="6" w="175" /><ent r="6" t="7" w="139" /><ent r="6" t="7" w="149" /><ent r="6" t="7" w="159" /><ent r="6" t="7" w="171" /><ent r="6" t="7" w="183" /><ent r="6" t="7" w="224" /><ent r="6" t="7" w="273" /><ent r="7" t="7" w="305" /><ent r="3" t="13" w="27" /><ent r="3" t="13" w="30" /><ent r="5" t="13" w="76" /><ent r="100" t="18" w="14" /><ent r="100" t="18" w="17" /><ent r="3" t="18" w="24" /><ent r="3" t="19" w="22" /><ent r="3" t="19" w="34" /><ent r="3" t="19" w="96" /><ent r="3" t="19" w="144" /><ent r="3" t="19" w="184" /><ent r="3" t="20" w="14" /><ent r="64" t="20" w="37" /><ent r="4" t="20" w="96" /><ent r="4" t="20" w="147" /><ent r="4" t="20" w="160" /><ent r="4" t="20" w="200" /><ent r="4" t="20" w="224" /><ent r="4" t="20" w="247" /><ent r="4" t="20" w="273" /><ent r="4" t="20" w="388" /><ent r="4" t="20" w="394" /><ent r="4" t="20" w="468" /><ent r="4" t="20" w="500" /><ent r="4" t="20" w="537" /><ent r="3" t="21" w="68" /><ent r="64" t="21" w="214" /><ent r="3" t="21" w="226" /><ent r="3" t="21" w="461" /><ent r="100" t="22" w="7" /><ent r="3" t="22" w="42" /><ent r="3" t="22" w="79" /><ent r="3" t="22" w="97" /><ent r="3" t="22" w="126" /><ent r="3" t="23" w="17" /><ent r="4" t="23" w="24" /><ent r="4" t="23" w="77" /><ent r="100" t="24" w="6" /><ent r="100" t="24" w="9" /><ent r="3" t="24" w="20" /><ent r="100" t="25" w="10" /><ent r="100" t="25" w="13" /><ent r="64" t="25" w="27" /><ent r="4" t="25" w="52" /><ent r="4" t="25" w="57" /><ent r="4" t="25" w="87" /><ent r="4" t="25" w="125" /><ent r="4" t="25" w="150" /><ent r="4" t="25" w="173" /><ent r="4" t="25" w="210" /><ent r="4" t="25" w="231" /><ent r="64" t="26" w="26" /><ent r="4" t="26" w="525" /><ent r="4" t="26" w="551" /><ent r="100" t="27" w="6" /><ent r="100" t="27" w="11" /><ent r="4" t="27" w="20" /><ent r="100" t="28" w="11" /><ent r="100" t="28" w="14" /><ent r="64" t="28" w="27" /><ent r="4" t="28" w="219" /><ent r="3" t="31" w="25" /><ent r="4" t="31" w="92" /><ent r="3" t="32" w="17" /><ent r="3" t="32" w="44" /><ent r="3" t="32" w="56" /><ent r="3" t="33" w="21" /><ent r="3" t="33" w="45" /><ent r="3" t="33" w="87" /><ent r="3" t="33" w="93" /><ent r="3" t="34" w="25" /><ent r="3" t="36" w="19" /><ent r="7" t="39" w="79" /><ent r="7" t="39" w="92" /><ent r="7" t="39" w="103" /><ent r="7" t="39" w="116" /><ent r="7" t="39" w="129" /><ent r="7" t="39" w="171" /><ent r="7" t="39" w="185" /><ent r="4" t="40" w="191" /><ent r="3" t="44" w="189" /><ent r="3" t="47" w="25" /><ent r="4" t="47" w="83" /><ent r="100" t="48" w="4" /><ent r="3" t="48" w="28" /><ent r="3" t="48" w="74" /><ent r="4" t="48" w="122" /><ent r="4" t="48" w="129" /><ent r="4" t="48" w="274" /><ent r="4" t="48" w="281" /><ent r="3" t="49" w="85" /><ent r="4" t="49" w="117" /><ent r="3" t="51" w="128" /><ent r="4" t="53" w="127" /><ent r="3" t="58" w="30" /><ent r="7" t="59" w="189" /><ent r="7" t="59" w="200" /><ent r="4" t="68" w="187" /><ent r="3" t="69" w="158" /><ent r="3" t="73" w="50" /><ent r="3" t="73" w="79" /><ent r="3" t="73" w="96" /><ent r="3" t="74" w="42" /><ent r="3" t="74" w="95" /><ent r="4" t="74" w="103" /><ent r="4" t="74" w="151" /><ent r="3" t="77" w="341" /><ent r="3" t="78" w="150" /><ent r="4" t="83" w="190" /><ent r="7" t="90" w="137" /><ent r="5" t="90" w="277" /><ent r="5" t="90" w="430" /><ent r="5" t="90" w="435" /><ent r="5" t="91" w="144" /><ent r="5" t="91" w="161" /><ent r="100" t="99" w="10" /><ent r="100" t="99" w="15" /><ent r="3" t="99" w="26" /><ent r="3" t="99" w="34" /><ent r="3" t="100" w="30" /><ent r="3" t="100" w="41" /><ent r="6" t="104" w="49" /><ent r="6" t="106" w="45" /><ent r="4" t="106" w="301" /><ent r="6" t="107" w="46" /><ent r="3" t="108" w="18" /><ent r="3" t="108" w="47" /><ent r="3" t="108" w="75" /><ent r="3" t="108" w="114" /><ent r="3" t="108" w="203" /><ent r="3" t="108" w="214" /><ent r="3" t="108" w="274" /><ent r="3" t="108" w="333" /><ent r="4" t="108" w="368" /><ent r="4" t="108" w="379" /><ent r="3" t="108" w="479" /><ent r="3" t="111" w="34" /><ent r="3" t="113" w="418" /><ent r="5" t="114" w="200" /><ent r="8" t="123" w="371" /><ent r="8" t="123" w="384" /><ent r="8" t="123" w="413" /><ent r="3" t="128" w="37" /><ent r="3" t="130" w="43" /><ent r="3" t="130" w="69" /><ent r="3" t="130" w="74" /><ent r="3" t="132" w="31" /><ent r="4" t="132" w="69" /><ent r="3" t="135" w="24" /><ent r="4" t="135" w="39" /><ent r="3" t="135" w="76" /><ent r="3" t="141" w="13" /><ent r="3" t="141" w="32" /><ent r="3" t="141" w="42" /><ent r="6" t="142" w="56" /><ent r="6" t="145" w="43" /><ent r="6" t="146" w="43" /><ent r="6" t="147" w="43" /><ent r="6" t="148" w="50" /><ent r="6" t="149" w="46" /><ent r="6" t="150" w="42" /><ent r="6" t="151" w="39" /><ent r="5" t="151" w="180" /><ent r="5" t="151" w="194" /><ent r="5" t="151" w="198" /><ent r="5" t="151" w="392" /><ent r="5" t="151" w="397" /><ent r="5" t="151" w="442" /><ent r="5" t="151" w="459" /><ent r="5" t="151" w="472" /><ent r="5" t="151" w="496" /><ent r="5" t="151" w="528" /><ent r="5" t="151" w="815" /><ent r="5" t="151" w="820" /><ent r="5" t="151" w="865" /><ent r="5" t="151" w="882" /><ent r="5" t="151" w="895" /><ent r="5" t="151" w="919" /><ent r="5" t="151" w="951" /><ent r="6" t="152" w="39" /><ent r="4" t="152" w="396" /><ent r="4" t="152" w="420" /><ent r="4" t="152" w="437" /><ent r="4" t="152" w="450" /><ent r="4" t="152" w="474" /><ent r="4" t="152" w="505" /><ent r="6" t="153" w="49" /><ent r="3" t="154" w="24" /><ent r="3" t="154" w="35" /><ent r="3" t="154" w="122" /><ent r="5" t="154" w="256" /><ent r="3" t="154" w="294" /><ent r="3" t="155" w="24" /><ent r="3" t="155" w="26" /><ent r="3" t="155" w="40" /><ent r="3" t="155" w="43" /><ent r="3" t="155" w="61" /><ent r="3" t="155" w="68" /><ent r="3" t="155" w="184" /><ent r="3" t="155" w="286" /><ent r="3" t="155" w="343" /><ent r="3" t="155" w="354" /><ent r="3" t="155" w="371" /><ent r="3" t="155" w="386" /><ent r="3" t="155" w="404" /><ent r="3" t="155" w="421" /><ent r="3" t="155" w="426" /><ent r="3" t="155" w="478" /><ent r="3" t="155" w="491" /><ent r="3" t="156" w="26" /><ent r="4" t="159" w="185" /><ent r="5" t="159" w="265" /><ent r="5" t="159" w="270" /><ent r="5" t="159" w="315" /><ent r="5" t="159" w="332" /><ent r="5" t="159" w="345" /><ent r="5" t="159" w="369" /><ent r="5" t="159" w="401" /><ent r="4" t="159" w="610" /><ent r="3" t="160" w="55" /><ent r="3" t="160" w="61" /><ent r="3" t="162" w="43" /><ent r="3" t="162" w="272" /><ent r="3" t="164" w="36" /><ent r="5" t="164" w="219" /><ent r="5" t="164" w="230" /><ent r="5" t="164" w="235" /><ent r="5" t="164" w="279" /><ent r="5" t="164" w="284" /><ent r="4" t="164" w="310" /><ent r="5" t="164" w="386" /><ent r="5" t="164" w="391" /><ent r="5" t="164" w="436" /><ent r="5" t="164" w="453" /><ent r="5" t="164" w="466" /><ent r="5" t="164" w="490" /><ent r="5" t="164" w="522" /><ent r="4" t="164" w="793" /><ent r="3" t="166" w="17" /><ent r="3" t="166" w="28" /><ent r="3" t="166" w="54" /><ent r="3" t="166" w="63" /><ent r="3" t="166" w="72" /><ent r="3" t="166" w="84" /><ent r="3" t="166" w="111" /><ent r="3" t="166" w="123" /><ent r="3" t="166" w="126" /><ent r="4" t="166" w="583" /><ent r="4" t="166" w="600" /><ent r="4" t="166" w="612" /><ent r="3" t="166" w="671" /><ent r="3" t="166" w="691" /><ent r="3" t="166" w="877" /><ent r="3" t="166" w="939" /><ent r="3" t="168" w="32" /><ent r="3" t="168" w="47" /><ent r="3" t="169" w="42" /><ent r="3" t="169" w="96" /><ent r="3" t="169" w="120" /><ent r="4" t="169" w="145" /><ent r="4" t="169" w="187" /><ent r="4" t="169" w="203" /><ent r="4" t="169" w="229" /><ent r="3" t="170" w="40" /><ent r="3" t="170" w="45" /><ent r="4" t="170" w="53" /><ent r="4" t="170" w="71" /><ent r="4" t="170" w="93" /><ent r="4" t="170" w="98" /><ent r="4" t="170" w="170" /><ent r="4" t="170" w="180" /><ent r="3" t="170" w="247" /><ent r="3" t="171" w="17" /><ent r="3" t="171" w="57" /><ent r="4" t="173" w="312" /><ent r="4" t="173" w="335" /><ent r="64" t="174" w="16" /><ent r="4" t="174" w="105" /><ent r="3" t="176" w="194" /><ent r="3" t="177" w="33" /><ent r="3" t="177" w="39" /><ent r="3" t="177" w="50" /><ent r="4" t="177" w="78" /><ent r="3" t="177" w="129" /><ent r="3" t="177" w="186" /><ent r="3" t="177" w="231" /><ent r="3" t="177" w="244" /><ent r="3" t="177" w="248" /><ent r="3" t="177" w="254" /><ent r="3" t="177" w="267" /><ent r="3" t="177" w="269" /><ent r="3" t="177" w="276" /><ent r="3" t="177" w="638" /><ent r="3" t="177" w="649" /><ent r="3" t="177" w="699" /><ent r="3" t="177" w="762" /><ent r="3" t="177" w="801" /><ent r="3" t="177" w="812" /><ent r="3" t="177" w="816" /><ent r="3" t="177" w="973" /><ent r="4" t="177" w="1071" /><ent r="4" t="177" w="1086" /><ent r="4" t="177" w="1099" /><ent r="4" t="177" w="1117" /><ent r="3" t="177" w="1209" /><ent r="3" t="177" w="1213" /><ent r="3" t="177" w="1235" /><ent r="3" t="177" w="1305" /><ent r="3" t="177" w="1336" /><ent r="3" t="177" w="1439" /><ent r="3" t="177" w="1471" /><ent r="4" t="177" w="1502" /><ent r="3" t="177" w="1549" /><ent r="4" t="177" w="1842" /><ent r="4" t="177" w="1854" /><ent r="4" t="177" w="1951" /><ent r="4" t="177" w="1974" /><ent r="3" t="178" w="89" /><ent r="3" t="178" w="144" /><ent r="3" t="178" w="159" /><ent r="3" t="178" w="243" /><ent r="3" t="178" w="267" /><ent r="3" t="178" w="292" /><ent r="3" t="178" w="398" /><ent r="4" t="178" w="697" /><ent r="4" t="178" w="701" /><ent r="4" t="178" w="711" /><ent r="3" t="178" w="723" /><ent r="3" t="178" w="813" /><ent r="4" t="178" w="1061" /><ent r="4" t="178" w="1085" /><ent r="3" t="178" w="1213" /><ent r="4" t="178" w="1591" /><ent r="4" t="178" w="1605" /><ent r="4" t="178" w="1609" /><ent r="4" t="178" w="2089" /><ent r="4" t="178" w="2177" /><ent r="4" t="178" w="2283" /><ent r="3" t="178" w="2337" /><ent r="3" t="178" w="2341" /><ent r="3" t="178" w="2346" /><ent r="4" t="178" w="2373" /><ent r="4" t="178" w="2395" /><ent r="3" t="178" w="2963" /><ent r="4" t="179" w="97" /><ent r="3" t="179" w="159" /><ent r="3" t="179" w="168" /><ent r="4" t="179" w="412" /><ent r="3" t="179" w="1117" /><ent r="4" t="179" w="1181" /><ent r="4" t="179" w="1270" /><ent r="4" t="179" w="1519" /><ent r="3" t="180" w="73" /><ent r="3" t="180" w="121" /><ent r="4" t="180" w="353" /><ent r="4" t="180" w="520" /><ent r="4" t="180" w="538" /><ent r="4" t="180" w="555" /><ent r="3" t="180" w="574" /><ent r="3" t="180" w="588" /><ent r="3" t="180" w="600" /><ent r="3" t="180" w="625" /><ent r="3" t="180" w="635" /><ent r="3" t="180" w="821" /><ent r="3" t="180" w="858" /><ent r="4" t="180" w="1237" /><ent r="4" t="180" w="1276" /><ent r="3" t="180" w="1290" /><ent r="3" t="180" w="1329" /><ent r="4" t="180" w="1622" /><ent r="3" t="181" w="143" /><ent r="3" t="181" w="360" /><ent r="3" t="181" w="374" /><ent r="4" t="181" w="661" /><ent r="3" t="181" w="741" /><ent r="3" t="181" w="1074" /><ent r="3" t="181" w="1097" /><ent r="3" t="182" w="133" /><ent r="3" t="182" w="347" /><ent r="3" t="182" w="361" /><ent r="4" t="182" w="662" /><ent r="4" t="182" w="715" /><ent r="4" t="182" w="756" /><ent r="3" t="183" w="45" /><ent r="4" t="183" w="67" /><ent r="4" t="183" w="72" /><ent r="4" t="183" w="108" /><ent r="3" t="183" w="130" /><ent r="4" t="183" w="271" /><ent r="3" t="183" w="296" /><ent r="4" t="183" w="315" /><ent r="3" t="183" w="399" /><ent r="4" t="183" w="492" /><ent r="3" t="183" w="503" /><ent r="3" t="183" w="582" /><ent r="3" t="184" w="88" /><ent r="4" t="184" w="180" /><ent r="4" t="184" w="704" /><ent r="4" t="184" w="919" /><ent r="3" t="185" w="142" /><ent r="3" t="185" w="171" /><ent r="4" t="185" w="1836" /><ent r="3" t="191" w="90" /><ent r="4" t="192" w="45" /><ent r="4" t="192" w="63" /><ent r="4" t="192" w="113" /><ent r="4" t="192" w="142" /><ent r="4" t="192" w="155" /><ent r="3" t="192" w="254" /><ent r="3" t="193" w="50" /><ent r="3" t="193" w="61" /><ent r="3" t="193" w="78" /><ent r="3" t="193" w="93" /><ent r="3" t="193" w="111" /><ent r="3" t="193" w="196" /><ent r="3" t="193" w="206" /><ent r="3" t="193" w="220" /><ent r="3" t="193" w="234" /><ent r="3" t="193" w="253" /><ent r="3" t="193" w="332" /><ent r="83" t="193" w="401" /><ent r="4" t="193" w="426" /><ent r="3" t="193" w="467" /><ent r="3" t="193" w="471" /><ent r="3" t="193" w="474" /><ent r="3" t="193" w="595" /><ent r="3" t="193" w="771" /><ent r="3" t="195" w="44" /><ent r="3" t="196" w="25" /><ent r="3" t="196" w="104" /><ent r="3" t="196" w="165" /><ent r="3" t="196" w="181" /><ent r="3" t="196" w="203" /><ent r="3" t="196" w="234" /><ent r="3" t="196" w="390" /><ent r="3" t="197" w="41" /><ent r="7" t="197" w="174" /><ent r="7" t="197" w="180" /><ent r="7" t="197" w="188" /><ent r="7" t="197" w="303" /><ent r="7" t="197" w="354" /><ent r="7" t="197" w="366" /><ent r="7" t="197" w="382" /><ent r="3" t="197" w="737" /><ent r="3" t="206" w="23" /><ent r="3" t="206" w="36" /><ent r="3" t="206" w="242" /><ent r="3" t="206" w="260" /><ent r="3" t="206" w="282" /><ent r="4" t="206" w="381" /><ent r="4" t="206" w="387" /><ent r="4" t="206" w="408" /><ent r="4" t="206" w="445" /><ent r="4" t="206" w="449" /><ent r="4" t="206" w="465" /><ent r="4" t="206" w="489" /><ent r="4" t="206" w="498" /><ent r="4" t="206" w="534" /><ent r="4" t="206" w="570" /><ent r="4" t="206" w="578" /><ent r="4" t="206" w="629" /><ent r="4" t="206" w="650" /><ent r="3" t="206" w="700" /><ent r="3" t="206" w="717" /><ent r="3" t="207" w="38" /><ent r="3" t="207" w="51" /><ent r="3" t="207" w="70" /><ent r="3" t="207" w="149" /><ent r="3" t="209" w="19" /><ent r="3" t="210" w="29" /><ent r="100" t="211" w="7" /><ent r="100" t="211" w="10" /><ent r="3" t="211" w="37" /><ent r="3" t="211" w="46" /><ent r="3" t="211" w="62" /><ent r="3" t="211" w="82" /><ent r="3" t="211" w="111" /><ent r="3" t="211" w="130" /><ent r="3" t="212" w="24" /><ent r="3" t="212" w="29" /><ent r="64" t="212" w="48" /><ent r="3" t="212" w="52" /><ent r="3" t="212" w="103" /><ent r="4" t="212" w="309" /><ent r="3" t="214" w="221" /><ent r="4" t="214" w="243" /><ent r="5" t="221" w="155" /><ent r="3" t="221" w="165" /><ent r="6" t="226" w="43" /><ent r="4" t="228" w="97" /><ent r="4" t="228" w="109" /><ent r="3" t="230" w="12" /><ent r="3" t="230" w="90" /><ent r="4" t="233" w="28" /><ent r="4" t="233" w="33" /><ent r="4" t="233" w="78" /><ent r="4" t="233" w="95" /><ent r="4" t="233" w="108" /><ent r="4" t="233" w="132" /><ent r="4" t="233" w="164" /><ent r="3" t="234" w="117" /><ent r="3" t="235" w="94" /><ent r="3" t="235" w="105" /><ent r="3" t="235" w="402" /><ent r="3" t="235" w="481" /><ent r="7" t="239" w="129" /></phr><phr n="Data"><ent r="68" t="5" w="38" /><ent r="64" t="16" w="24" /><ent r="1000" t="18" w="2" /><ent r="102" t="18" w="11" /><ent r="5" t="18" w="48" /><ent r="4" t="18" w="63" /><ent r="3" t="18" w="80" /><ent r="64" t="18" w="259" /><ent r="3" t="19" w="154" /><ent r="4" t="20" w="243" /><ent r="64" t="20" w="574" /><ent r="5" t="21" w="247" /><ent r="1000" t="22" w="4" /><ent r="102" t="22" w="13" /><ent r="5" t="23" w="38" /><ent r="1000" t="24" w="2" /><ent r="102" t="24" w="14" /><ent r="64" t="24" w="85" /><ent r="64" t="24" w="138" /><ent r="1000" t="25" w="1" /><ent r="102" t="25" w="5" /><ent r="1000" t="27" w="3" /><ent r="102" t="27" w="15" /><ent r="65" t="27" w="95" /><ent r="1000" t="28" w="2" /><ent r="102" t="28" w="6" /><ent r="64" t="31" w="53" /><ent r="65" t="31" w="72" /><ent r="65" t="31" w="98" /><ent r="5" t="44" w="209" /><ent r="3" t="68" w="123" /><ent r="64" t="87" w="245" /><ent r="68" t="90" w="143" /><ent r="1000" t="99" w="5" /><ent r="102" t="99" w="21" /><ent r="65" t="128" w="139" /><ent r="65" t="129" w="237" /><ent r="64" t="130" w="130" /><ent r="65" t="132" w="117" /><ent r="3" t="154" w="146" /><ent r="4" t="154" w="243" /><ent r="64" t="154" w="379" /><ent r="1000" t="155" w="1" /><ent r="100" t="155" w="5" /><ent r="100" t="155" w="10" /><ent r="102" t="155" w="13" /><ent r="3" t="155" w="18" /><ent r="3" t="155" w="76" /><ent r="3" t="155" w="118" /><ent r="92" t="155" w="175" /><ent r="3" t="155" w="179" /><ent r="3" t="155" w="472" /><ent r="5" t="166" w="561" /><ent r="1000" t="169" w="5" /><ent r="100" t="169" w="12" /><ent r="100" t="169" w="21" /><ent r="102" t="169" w="28" /><ent r="3" t="169" w="37" /><ent r="4" t="169" w="134" /><ent r="4" t="169" w="141" /><ent r="64" t="169" w="317" /><ent r="1000" t="170" w="5" /><ent r="100" t="170" w="12" /><ent r="102" t="170" w="22" /><ent r="3" t="170" w="30" /><ent r="4" t="170" w="58" /><ent r="4" t="170" w="76" /><ent r="4" t="170" w="107" /><ent r="4" t="170" w="116" /><ent r="5" t="170" w="143" /><ent r="4" t="170" w="151" /><ent r="5" t="170" w="160" /><ent r="4" t="170" w="175" /><ent r="4" t="170" w="185" /><ent r="4" t="170" w="278" /><ent r="3" t="171" w="167" /><ent r="3" t="172" w="16" /><ent r="4" t="173" w="111" /><ent r="5" t="173" w="183" /><ent r="4" t="174" w="390" /><ent r="64" t="176" w="355" /><ent r="92" t="177" w="524" /><ent r="5" t="177" w="537" /><ent r="92" t="177" w="2110" /><ent r="5" t="177" w="2353" /><ent r="92" t="178" w="715" /><ent r="4" t="178" w="2230" /><ent r="4" t="178" w="2268" /><ent r="4" t="178" w="2378" /><ent r="4" t="178" w="2415" /><ent r="4" t="178" w="2429" /><ent r="92" t="178" w="2761" /><ent r="5" t="179" w="399" /><ent r="3" t="179" w="428" /><ent r="5" t="179" w="1218" /><ent r="1000" t="180" w="4" /><ent r="100" t="180" w="11" /><ent r="102" t="180" w="21" /><ent r="3" t="180" w="60" /><ent r="4" t="180" w="81" /><ent r="4" t="180" w="110" /><ent r="5" t="180" w="489" /><ent r="4" t="180" w="497" /><ent r="3" t="180" w="505" /><ent r="4" t="180" w="515" /><ent r="4" t="180" w="543" /><ent r="4" t="180" w="560" /><ent r="3" t="180" w="579" /><ent r="3" t="180" w="610" /><ent r="3" t="180" w="619" /><ent r="3" t="180" w="678" /><ent r="3" t="180" w="740" /><ent r="4" t="180" w="794" /><ent r="4" t="180" w="885" /><ent r="3" t="180" w="944" /><ent r="4" t="180" w="956" /><ent r="4" t="180" w="992" /><ent r="4" t="180" w="1010" /><ent r="3" t="180" w="1309" /><ent r="4" t="180" w="1477" /><ent r="4" t="180" w="1613" /><ent r="3" t="180" w="1682" /><ent r="5" t="181" w="637" /><ent r="5" t="182" w="622" /><ent r="5" t="182" w="1169" /><ent r="5" t="183" w="246" /><ent r="5" t="184" w="512" /><ent r="5" t="184" w="840" /><ent r="5" t="185" w="462" /><ent r="3" t="185" w="985" /><ent r="3" t="185" w="991" /><ent r="3" t="185" w="996" /><ent r="3" t="185" w="1016" /><ent r="3" t="185" w="1035" /><ent r="3" t="185" w="1061" /><ent r="7" t="185" w="1135" /><ent r="7" t="185" w="1138" /><ent r="7" t="185" w="1144" /><ent r="3" t="185" w="1372" /><ent r="7" t="186" w="1030" /><ent r="7" t="186" w="1095" /><ent r="7" t="186" w="1098" /><ent r="7" t="186" w="1104" /><ent r="3" t="186" w="1112" /><ent r="3" t="186" w="1121" /><ent r="3" t="186" w="1328" /><ent r="3" t="193" w="169" /><ent r="65" t="193" w="448" /><ent r="82" t="196" w="151" /><ent r="92" t="196" w="224" /><ent r="5" t="198" w="78" /><ent r="1000" t="206" w="1" /><ent r="102" t="206" w="4" /><ent r="100" t="206" w="9" /><ent r="100" t="206" w="12" /><ent r="3" t="206" w="18" /><ent r="4" t="206" w="548" /><ent r="3" t="206" w="667" /><ent r="64" t="207" w="215" /><ent r="64" t="208" w="41" /><ent r="64" t="209" w="54" /><ent r="64" t="210" w="127" /><ent r="1000" t="211" w="3" /><ent r="102" t="211" w="16" /><ent r="92" t="211" w="21" /><ent r="92" t="211" w="92" /><ent r="5" t="223" w="162" /><ent r="5" t="223" w="242" /><ent r="5" t="223" w="252" /><ent r="5" t="223" w="262" /><ent r="5" t="223" w="272" /><ent r="5" t="223" w="282" /><ent r="5" t="223" w="292" /><ent r="5" t="223" w="302" /><ent r="5" t="223" w="312" /><ent r="64" t="228" w="14" /><ent r="64" t="240" w="18" /></phr></stem></index>