﻿<?xml version="1.0" encoding="utf-8"?><index><stem n="rang"><phr n="range"><ent r="7" t="12" w="31" /><ent r="7" t="12" w="44" /><ent r="5" t="14" w="309" /><ent r="3" t="128" w="18" /><ent r="4" t="138" w="673" /><ent r="4" t="138" w="1074" /><ent r="4" t="146" w="205" /><ent r="3" t="151" w="118" /><ent r="3" t="151" w="128" /><ent r="4" t="151" w="362" /><ent r="3" t="153" w="639" /><ent r="7" t="179" w="507" /><ent r="7" t="179" w="586" /><ent r="3" t="179" w="771" /></phr><phr n="ranging"><ent r="6" t="208" w="40" /></phr></stem><stem n="0"><phr n="0"><ent r="7" t="12" w="33" /><ent r="7" t="12" w="46" /><ent r="3" t="22" w="77" /><ent r="4" t="98" w="472" /><ent r="4" t="98" w="473" /><ent r="5" t="138" w="430" /><ent r="4" t="138" w="507" /><ent r="4" t="138" w="518" /><ent r="5" t="138" w="847" /><ent r="4" t="138" w="908" /><ent r="4" t="138" w="919" /><ent r="5" t="146" w="277" /><ent r="5" t="146" w="288" /><ent r="5" t="146" w="562" /><ent r="3" t="149" w="316" /><ent r="5" t="151" w="430" /><ent r="5" t="151" w="441" /><ent r="5" t="151" w="715" /><ent r="4" t="161" w="219" /><ent r="4" t="164" w="1317" /><ent r="5" t="166" w="1339" /><ent r="4" t="171" w="1642" /><ent r="4" t="171" w="1654" /><ent r="6" t="175" w="96" /><ent r="6" t="175" w="170" /><ent r="6" t="175" w="173" /><ent r="3" t="176" w="106" /><ent r="7" t="179" w="359" /><ent r="3" t="179" w="730" /><ent r="3" t="179" w="751" /><ent r="3" t="179" w="772" /><ent r="3" t="179" w="793" /><ent r="3" t="179" w="844" /><ent r="3" t="179" w="846" /><ent r="3" t="179" w="848" /><ent r="3" t="179" w="850" /><ent r="3" t="179" w="861" /><ent r="3" t="179" w="863" /><ent r="3" t="179" w="865" /><ent r="3" t="179" w="867" /><ent r="3" t="179" w="869" /><ent r="3" t="179" w="873" /><ent r="6" t="208" w="42" /><ent r="6" t="208" w="49" /><ent r="6" t="208" w="91" /><ent r="6" t="208" w="92" /><ent r="6" t="208" w="95" /><ent r="6" t="208" w="520" /><ent r="6" t="208" w="643" /><ent r="4" t="212" w="40" /><ent r="4" t="212" w="51" /></phr></stem><stem n="100"><phr n="100"><ent r="7" t="12" w="35" /><ent r="7" t="12" w="48" /><ent r="4" t="98" w="293" /><ent r="4" t="99" w="216" /><ent r="4" t="166" w="942" /><ent r="3" t="202" w="183" /></phr></stem><stem n="/or"><phr n="/or"><ent r="7" t="12" w="60" /><ent r="4" t="160" w="209" /><ent r="4" t="160" w="226" /><ent r="3" t="161" w="36" /><ent r="3" t="166" w="613" /><ent r="4" t="168" w="865" /></phr></stem><stem n="and/or"><phr n="and/or"><ent r="7" t="12" w="60" /><ent r="7" t="12" w="59" /><ent r="4" t="160" w="209" /><ent r="4" t="160" w="208" /><ent r="4" t="160" w="226" /><ent r="4" t="160" w="225" /><ent r="3" t="161" w="36" /><ent r="3" t="161" w="35" /><ent r="3" t="166" w="613" /><ent r="3" t="166" w="612" /><ent r="4" t="168" w="865" /><ent r="4" t="168" w="864" /></phr></stem><stem n="compon"><phr n="component"><ent r="7" t="12" w="62" /><ent r="6" t="12" w="84" /><ent r="4" t="21" w="146" /><ent r="4" t="21" w="153" /><ent r="4" t="21" w="160" /><ent r="4" t="21" w="167" /><ent r="3" t="21" w="178" /><ent r="3" t="79" w="99" /><ent r="3" t="79" w="104" /><ent r="3" t="79" w="112" /><ent r="3" t="142" w="37" /><ent r="3" t="142" w="57" /><ent r="4" t="142" w="99" /><ent r="3" t="142" w="315" /><ent r="3" t="142" w="334" /><ent r="3" t="153" w="56" /><ent r="3" t="153" w="114" /><ent r="3" t="153" w="143" /><ent r="3" t="153" w="633" /><ent r="3" t="153" w="662" /><ent r="3" t="153" w="676" /><ent r="4" t="153" w="1008" /><ent r="4" t="153" w="1023" /><ent r="3" t="209" w="33" /></phr><phr n="Component"><ent r="64" t="16" w="28" /><ent r="5" t="138" w="170" /><ent r="92" t="142" w="307" /><ent r="5" t="146" w="142" /><ent r="5" t="151" w="241" /><ent r="1000" t="153" w="2" /><ent r="100" t="153" w="6" /><ent r="102" t="153" w="10" /><ent r="3" t="153" w="78" /><ent r="5" t="153" w="156" /><ent r="4" t="153" w="161" /><ent r="3" t="153" w="412" /><ent r="4" t="153" w="570" /><ent r="5" t="153" w="622" /><ent r="100" t="165" w="30" /><ent r="3" t="165" w="62" /><ent r="92" t="165" w="1006" /><ent r="5" t="165" w="1042" /><ent r="4" t="165" w="1049" /><ent r="5" t="165" w="1069" /><ent r="6" t="165" w="1212" /><ent r="4" t="165" w="1451" /><ent r="3" t="188" w="259" /></phr><phr n="components"><ent r="3" t="21" w="175" /><ent r="5" t="138" w="182" /><ent r="5" t="151" w="264" /><ent r="3" t="153" w="103" /><ent r="3" t="153" w="133" /><ent r="3" t="153" w="502" /><ent r="3" t="153" w="506" /><ent r="3" t="153" w="521" /><ent r="3" t="153" w="548" /><ent r="3" t="153" w="788" /><ent r="3" t="153" w="975" /><ent r="4" t="153" w="1016" /><ent r="4" t="153" w="1047" /><ent r="4" t="165" w="1191" /><ent r="4" t="165" w="1377" /></phr><phr n="Components"><ent r="5" t="153" w="461" /><ent r="5" t="153" w="991" /><ent r="6" t="165" w="1157" /><ent r="5" t="165" w="1341" /><ent r="5" t="165" w="1369" /><ent r="4" t="165" w="1391" /></phr></stem><stem n="reappli"><phr n="Reapplies"><ent r="6" t="12" w="88" /></phr></stem><stem n=":measur"><phr n=":Measurement"><ent r="100" t="13" w="8" /></phr></stem><stem n="distanc"><phr n="distances"><ent r="3" t="13" w="19" /><ent r="7" t="13" w="149" /><ent r="3" t="164" w="190" /><ent r="3" t="164" w="213" /><ent r="3" t="210" w="30" /></phr><phr n="distance"><ent r="7" t="13" w="99" /><ent r="3" t="37" w="112" /><ent r="3" t="149" w="251" /><ent r="3" t="164" w="57" /><ent r="4" t="164" w="1736" /><ent r="100" t="210" w="4" /><ent r="7" t="210" w="45" /></phr><phr n="Distance"><ent r="7" t="13" w="135" /><ent r="68" t="13" w="160" /><ent r="1000" t="210" w="1" /><ent r="102" t="210" w="7" /><ent r="3" t="210" w="18" /></phr></stem><stem n="bear"><phr n="bearing"><ent r="3" t="13" w="21" /></phr></stem><stem n="georeferenc"><phr n="georeferenced"><ent r="64" t="13" w="35" /><ent r="65" t="26" w="530" /><ent r="4" t="26" w="555" /><ent r="3" t="59" w="49" /><ent r="3" t="59" w="59" /><ent r="3" t="65" w="83" /><ent r="3" t="100" w="65" /><ent r="3" t="100" w="99" /><ent r="6" t="101" w="19" /><ent r="4" t="156" w="159" /><ent r="3" t="164" w="163" /><ent r="3" t="164" w="212" /><ent r="4" t="164" w="1063" /><ent r="4" t="164" w="2309" /><ent r="4" t="164" w="2318" /><ent r="3" t="166" w="1194" /><ent r="4" t="167" w="677" /><ent r="5" t="173" w="232" /><ent r="5" t="173" w="247" /><ent r="7" t="179" w="573" /></phr><phr n="georeferencing"><ent r="64" t="43" w="81" /><ent r="3" t="100" w="173" /><ent r="3" t="100" w="324" /><ent r="7" t="114" w="392" /><ent r="7" t="114" w="400" /><ent r="3" t="149" w="40" /><ent r="3" t="156" w="104" /><ent r="4" t="156" w="148" /><ent r="4" t="156" w="155" /><ent r="3" t="157" w="242" /><ent r="3" t="164" w="54" /><ent r="3" t="164" w="182" /><ent r="3" t="164" w="189" /><ent r="3" t="164" w="843" /><ent r="4" t="164" w="918" /><ent r="3" t="164" w="2072" /><ent r="3" t="164" w="2079" /><ent r="3" t="164" w="2956" /><ent r="3" t="166" w="596" /><ent r="3" t="166" w="606" /><ent r="3" t="166" w="611" /><ent r="4" t="167" w="663" /><ent r="3" t="167" w="734" /><ent r="4" t="168" w="717" /><ent r="100" t="213" w="14" /></phr><phr n="Georeferencing"><ent r="64" t="164" w="903" /><ent r="4" t="164" w="913" /><ent r="65" t="164" w="1049" /><ent r="4" t="164" w="1611" /><ent r="1000" t="213" w="3" /><ent r="102" t="213" w="7" /><ent r="93" t="213" w="11" /></phr></stem><stem n="unit"><phr n="units"><ent r="3" t="13" w="40" /><ent r="7" t="13" w="145" /><ent r="100" t="59" w="13" /><ent r="3" t="59" w="39" /><ent r="3" t="59" w="64" /><ent r="3" t="59" w="69" /><ent r="4" t="59" w="120" /><ent r="6" t="82" w="302" /><ent r="6" t="82" w="316" /><ent r="4" t="138" w="451" /><ent r="4" t="138" w="454" /><ent r="4" t="138" w="468" /><ent r="4" t="138" w="491" /><ent r="4" t="138" w="699" /><ent r="4" t="138" w="868" /><ent r="4" t="138" w="871" /><ent r="4" t="138" w="892" /><ent r="4" t="138" w="1100" /><ent r="4" t="139" w="391" /><ent r="3" t="142" w="231" /><ent r="5" t="146" w="261" /><ent r="4" t="151" w="387" /><ent r="5" t="151" w="414" /><ent r="3" t="164" w="223" /><ent r="4" t="164" w="1738" /><ent r="5" t="173" w="273" /><ent r="3" t="188" w="74" /><ent r="3" t="188" w="106" /><ent r="5" t="208" w="612" /><ent r="100" t="210" w="5" /><ent r="3" t="210" w="26" /><ent r="100" t="211" w="5" /><ent r="100" t="212" w="8" /><ent r="4" t="212" w="24" /><ent r="3" t="213" w="428" /></phr><phr n="Units"><ent r="7" t="13" w="110" /><ent r="68" t="13" w="132" /><ent r="7" t="13" w="136" /><ent r="68" t="13" w="161" /><ent r="100" t="59" w="8" /><ent r="7" t="82" w="298" /><ent r="67" t="82" w="323" /><ent r="5" t="138" w="440" /><ent r="5" t="138" w="857" /><ent r="4" t="139" w="372" /><ent r="3" t="142" w="226" /><ent r="5" t="151" w="383" /><ent r="7" t="179" w="627" /><ent r="7" t="179" w="653" /><ent r="3" t="188" w="69" /><ent r="1000" t="210" w="2" /><ent r="102" t="210" w="8" /><ent r="3" t="210" w="19" /><ent r="1000" t="211" w="2" /><ent r="102" t="211" w="8" /><ent r="3" t="211" w="19" /><ent r="1000" t="212" w="2" /><ent r="102" t="212" w="5" /></phr><phr n="Unit"><ent r="1000" t="59" w="4" /><ent r="102" t="59" w="19" /><ent r="5" t="59" w="106" /><ent r="4" t="59" w="111" /><ent r="66" t="173" w="285" /><ent r="5" t="208" w="604" /><ent r="7" t="211" w="38" /></phr><phr n="unit"><ent r="3" t="164" w="201" /><ent r="3" t="167" w="238" /><ent r="3" t="168" w="227" /><ent r="7" t="210" w="41" /><ent r="3" t="212" w="12" /></phr></stem><stem n="(left"><phr n="(left"><ent r="7" t="13" w="52" /><ent r="3" t="163" w="1296" /></phr></stem><stem n="end"><phr n="end"><ent r="7" t="13" w="53" /><ent r="6" t="13" w="165" /><ent r="7" t="52" w="110" /><ent r="7" t="52" w="172" /><ent r="4" t="75" w="273" /><ent r="3" t="128" w="47" /><ent r="3" t="128" w="60" /><ent r="4" t="161" w="180" /><ent r="4" t="166" w="1323" /><ent r="3" t="170" w="1800" /><ent r="3" t="170" w="1843" /><ent r="7" t="173" w="106" /><ent r="7" t="173" w="141" /><ent r="4" t="205" w="206" /></phr><phr n="End"><ent r="4" t="26" w="226" /><ent r="4" t="26" w="243" /><ent r="4" t="26" w="312" /><ent r="4" t="191" w="84" /><ent r="4" t="193" w="152" /><ent r="4" t="193" w="169" /><ent r="4" t="193" w="238" /><ent r="4" t="194" w="88" /><ent r="4" t="194" w="105" /><ent r="4" t="194" w="174" /><ent r="4" t="195" w="41" /><ent r="4" t="195" w="58" /><ent r="4" t="195" w="127" /><ent r="4" t="196" w="86" /><ent r="4" t="196" w="103" /><ent r="4" t="196" w="172" /></phr><phr n="ends"><ent r="4" t="116" w="147" /><ent r="7" t="173" w="156" /></phr><phr n="ending"><ent r="7" t="173" w="169" /><ent r="7" t="179" w="402" /></phr></stem><stem n="within"><phr n="within"><ent r="7" t="13" w="69" /><ent r="3" t="21" w="224" /><ent r="3" t="21" w="361" /><ent r="4" t="39" w="197" /><ent r="4" t="51" w="60" /><ent r="3" t="68" w="16" /><ent r="3" t="68" w="76" /><ent r="5" t="106" w="206" /><ent r="4" t="138" w="560" /><ent r="4" t="138" w="961" /><ent r="4" t="139" w="434" /><ent r="5" t="146" w="330" /><ent r="5" t="151" w="483" /><ent r="3" t="163" w="713" /><ent r="3" t="163" w="808" /><ent r="3" t="163" w="973" /><ent r="4" t="163" w="1478" /><ent r="4" t="163" w="1547" /><ent r="3" t="164" w="293" /><ent r="4" t="164" w="2202" /><ent r="3" t="164" w="2965" /><ent r="3" t="165" w="80" /><ent r="4" t="165" w="953" /><ent r="3" t="167" w="368" /><ent r="3" t="168" w="355" /><ent r="3" t="170" w="270" /><ent r="4" t="172" w="57" /><ent r="4" t="212" w="93" /><ent r="3" t="213" w="227" /><ent r="3" t="213" w="259" /><ent r="3" t="213" w="451" /><ent r="7" t="217" w="135" /></phr><phr n="Within"><ent r="3" t="163" w="116" /></phr></stem><stem n="unselect"><phr n="unselected"><ent r="7" t="13" w="74" /></phr></stem><stem n="exist"><phr n="existing"><ent r="7" t="13" w="77" /><ent r="3" t="26" w="41" /><ent r="3" t="26" w="51" /><ent r="4" t="26" w="176" /><ent r="4" t="26" w="597" /><ent r="4" t="47" w="123" /><ent r="3" t="51" w="134" /><ent r="4" t="53" w="133" /><ent r="65" t="64" w="44" /><ent r="3" t="70" w="97" /><ent r="4" t="72" w="80" /><ent r="3" t="75" w="40" /><ent r="3" t="75" w="288" /><ent r="3" t="88" w="24" /><ent r="3" t="102" w="22" /><ent r="7" t="106" w="58" /><ent r="100" t="108" w="13" /><ent r="3" t="108" w="19" /><ent r="4" t="113" w="56" /><ent r="4" t="113" w="329" /><ent r="3" t="121" w="21" /><ent r="3" t="123" w="40" /><ent r="3" t="153" w="237" /><ent r="5" t="153" w="318" /><ent r="3" t="153" w="928" /><ent r="4" t="170" w="1716" /><ent r="3" t="170" w="1902" /><ent r="3" t="170" w="1923" /><ent r="4" t="178" w="357" /><ent r="6" t="208" w="659" /><ent r="3" t="213" w="247" /><ent r="100" t="215" w="115" /><ent r="7" t="215" w="120" /></phr><phr n="exist"><ent r="4" t="20" w="384" /><ent r="3" t="113" w="489" /><ent r="4" t="165" w="1261" /><ent r="3" t="167" w="138" /><ent r="3" t="168" w="128" /></phr><phr n="exists"><ent r="3" t="69" w="183" /><ent r="3" t="153" w="923" /><ent r="5" t="165" w="1110" /><ent r="4" t="165" w="1433" /></phr></stem><stem n="/hide"><phr n="/Hide"><ent r="7" t="13" w="81" /><ent r="64" t="47" w="199" /><ent r="64" t="48" w="103" /><ent r="1000" t="50" w="2" /><ent r="102" t="50" w="6" /></phr></stem><stem n="show/hid"><phr n="Show/Hide"><ent r="7" t="13" w="81" /><ent r="7" t="13" w="80" /><ent r="64" t="47" w="199" /><ent r="64" t="47" w="198" /><ent r="64" t="48" w="103" /><ent r="64" t="48" w="102" /><ent r="1000" t="50" w="2" /><ent r="1000" t="50" w="1" /><ent r="102" t="50" w="6" /><ent r="102" t="50" w="5" /></phr></stem><stem n="next"><phr n="next"><ent r="7" t="13" w="103" /><ent r="3" t="19" w="193" /><ent r="3" t="88" w="191" /><ent r="4" t="96" w="159" /><ent r="4" t="97" w="101" /><ent r="4" t="98" w="114" /><ent r="4" t="98" w="130" /><ent r="4" t="99" w="115" /><ent r="4" t="99" w="131" /><ent r="3" t="113" w="99" /><ent r="4" t="113" w="297" /><ent r="4" t="113" w="418" /><ent r="4" t="113" w="577" /><ent r="3" t="114" w="577" /><ent r="4" t="131" w="71" /><ent r="4" t="133" w="110" /><ent r="4" t="134" w="110" /><ent r="4" t="135" w="124" /><ent r="4" t="136" w="119" /><ent r="4" t="137" w="110" /><ent r="4" t="138" w="106" /><ent r="4" t="139" w="107" /><ent r="4" t="140" w="117" /><ent r="3" t="156" w="65" /><ent r="4" t="158" w="295" /><ent r="3" t="159" w="72" /><ent r="4" t="164" w="1699" /><ent r="4" t="164" w="2269" /><ent r="3" t="170" w="1095" /><ent r="3" t="170" w="1215" /><ent r="3" t="171" w="852" /><ent r="3" t="171" w="1177" /><ent r="4" t="172" w="93" /><ent r="3" t="188" w="125" /><ent r="3" t="192" w="31" /><ent r="3" t="192" w="108" /><ent r="3" t="192" w="127" /><ent r="4" t="206" w="126" /><ent r="4" t="206" w="143" /><ent r="4" t="207" w="111" /></phr><phr n="Next"><ent r="5" t="159" w="147" /><ent r="5" t="204" w="244" /></phr></stem><stem n="endpoint"><phr n="endpoints"><ent r="7" t="13" w="120" /><ent r="7" t="52" w="122" /><ent r="7" t="173" w="66" /><ent r="3" t="211" w="27" /></phr><phr n="endpoint"><ent r="7" t="173" w="170" /></phr></stem><stem n="effect"><phr n="effects"><ent r="7" t="13" w="122" /><ent r="7" t="13" w="151" /><ent r="3" t="210" w="32" /><ent r="3" t="211" w="29" /></phr><phr n="effect"><ent r="3" t="99" w="185" /><ent r="4" t="99" w="288" /><ent r="3" t="113" w="97" /><ent r="5" t="138" w="369" /><ent r="5" t="138" w="403" /><ent r="5" t="138" w="786" /><ent r="5" t="138" w="820" /><ent r="5" t="146" w="502" /><ent r="5" t="146" w="531" /><ent r="5" t="151" w="655" /><ent r="5" t="151" w="684" /><ent r="3" t="163" w="1731" /></phr></stem><stem n="(right"><phr n="(right"><ent r="6" t="13" w="164" /><ent r="3" t="163" w="1300" /></phr></stem><stem n="time"><phr n="time"><ent r="6" t="13" w="182" /><ent r="6" t="14" w="410" /><ent r="6" t="14" w="472" /><ent r="3" t="32" w="54" /><ent r="3" t="40" w="33" /><ent r="3" t="42" w="259" /><ent r="4" t="51" w="112" /><ent r="3" t="68" w="57" /><ent r="3" t="72" w="41" /><ent r="3" t="73" w="321" /><ent r="3" t="92" w="124" /><ent r="3" t="100" w="264" /><ent r="3" t="101" w="45" /><ent r="3" t="105" w="66" /><ent r="3" t="113" w="100" /><ent r="4" t="113" w="298" /><ent r="4" t="113" w="419" /><ent r="4" t="113" w="578" /><ent r="3" t="114" w="190" /><ent r="3" t="128" w="31" /><ent r="3" t="128" w="555" /><ent r="4" t="138" w="211" /><ent r="3" t="153" w="41" /><ent r="4" t="157" w="272" /><ent r="3" t="166" w="635" /><ent r="4" t="166" w="1511" /><ent r="4" t="175" w="112" /><ent r="3" t="175" w="128" /><ent r="3" t="175" w="135" /><ent r="6" t="175" w="148" /><ent r="6" t="175" w="154" /><ent r="6" t="175" w="162" /><ent r="6" t="175" w="168" /><ent r="6" t="175" w="178" /><ent r="6" t="175" w="184" /><ent r="7" t="179" w="499" /><ent r="4" t="188" w="436" /></phr><phr n="times"><ent r="3" t="42" w="44" /><ent r="4" t="168" w="959" /><ent r="5" t="171" w="161" /></phr><phr n="Time"><ent r="6" t="175" w="137" /></phr></stem><stem n=":anim"><phr n=":Animation"><ent r="100" t="14" w="5" /></phr><phr n=":animation"><ent r="100" t="125" w="8" /><ent r="100" t="127" w="11" /></phr></stem><stem n="how"><phr n="how"><ent r="3" t="14" w="29" /><ent r="3" t="21" w="412" /><ent r="4" t="41" w="249" /><ent r="3" t="88" w="197" /><ent r="3" t="94" w="91" /><ent r="3" t="96" w="211" /><ent r="3" t="99" w="241" /><ent r="4" t="133" w="148" /><ent r="5" t="138" w="176" /><ent r="4" t="138" w="622" /><ent r="4" t="138" w="1023" /><ent r="4" t="139" w="495" /><ent r="3" t="145" w="121" /><ent r="3" t="145" w="180" /><ent r="5" t="146" w="392" /><ent r="3" t="151" w="289" /><ent r="5" t="151" w="545" /><ent r="3" t="163" w="822" /><ent r="4" t="164" w="2414" /><ent r="4" t="165" w="1375" /><ent r="3" t="170" w="303" /><ent r="3" t="170" w="1825" /><ent r="3" t="175" w="17" /><ent r="3" t="197" w="25" /><ent r="3" t="205" w="57" /><ent r="4" t="212" w="155" /></phr><phr n="How"><ent r="3" t="167" w="1181" /></phr></stem><stem n="plai"><phr n="played"><ent r="3" t="14" w="34" /><ent r="3" t="165" w="1546" /></phr><phr n="play"><ent r="7" t="14" w="100" /><ent r="7" t="14" w="109" /><ent r="6" t="14" w="502" /><ent r="64" t="69" w="348" /><ent r="100" t="126" w="8" /><ent r="100" t="126" w="10" /><ent r="6" t="174" w="46" /></phr><phr n="Play"><ent r="7" t="14" w="124" /><ent r="6" t="14" w="128" /><ent r="3" t="125" w="101" /><ent r="64" t="125" w="191" /><ent r="1000" t="126" w="1" /><ent r="102" t="126" w="4" /><ent r="3" t="126" w="28" /><ent r="4" t="126" w="60" /><ent r="64" t="127" w="57" /><ent r="7" t="174" w="32" /><ent r="5" t="204" w="73" /></phr><phr n="Plays"><ent r="7" t="14" w="131" /></phr><phr n="playing"><ent r="7" t="14" w="156" /><ent r="5" t="173" w="208" /></phr><phr n="plays"><ent r="6" t="14" w="330" /></phr></stem><stem n="/control"><phr n="/Control"><ent r="6" t="14" w="80" /></phr></stem><stem n="button/control"><phr n="Button/Control"><ent r="6" t="14" w="80" /><ent r="6" t="14" w="79" /></phr></stem><stem n="stop"><phr n="Stop"><ent r="6" t="14" w="84" /><ent r="3" t="125" w="93" /><ent r="5" t="128" w="410" /><ent r="5" t="161" w="177" /><ent r="5" t="161" w="224" /><ent r="5" t="166" w="1319" /><ent r="5" t="166" w="1344" /><ent r="4" t="198" w="125" /><ent r="3" t="198" w="151" /><ent r="4" t="200" w="130" /><ent r="3" t="200" w="156" /></phr><phr n="Stops"><ent r="7" t="14" w="86" /></phr><phr n="stop"><ent r="3" t="71" w="27" /><ent r="3" t="94" w="34" /><ent r="3" t="94" w="168" /><ent r="4" t="94" w="208" /><ent r="3" t="125" w="130" /><ent r="3" t="128" w="26" /><ent r="4" t="128" w="419" /><ent r="4" t="133" w="205" /><ent r="4" t="161" w="345" /><ent r="6" t="208" w="634" /></phr></stem><stem n="frame"><phr n="frame"><ent r="7" t="14" w="93" /><ent r="7" t="14" w="97" /><ent r="7" t="14" w="106" /><ent r="6" t="14" w="168" /><ent r="6" t="14" w="178" /><ent r="6" t="14" w="186" /><ent r="6" t="14" w="195" /><ent r="6" t="14" w="211" /><ent r="5" t="14" w="245" /><ent r="5" t="14" w="252" /><ent r="6" t="14" w="279" /><ent r="6" t="14" w="349" /><ent r="6" t="14" w="360" /><ent r="6" t="14" w="373" /><ent r="6" t="14" w="390" /><ent r="6" t="14" w="397" /><ent r="6" t="14" w="402" /><ent r="6" t="14" w="494" /><ent r="3" t="125" w="113" /><ent r="4" t="126" w="69" /><ent r="3" t="128" w="27" /><ent r="3" t="128" w="30" /><ent r="3" t="128" w="40" /><ent r="3" t="128" w="48" /><ent r="4" t="128" w="84" /><ent r="5" t="128" w="116" /><ent r="4" t="128" w="125" /><ent r="5" t="128" w="157" /><ent r="3" t="128" w="179" /><ent r="4" t="128" w="230" /><ent r="5" t="130" w="169" /><ent r="5" t="173" w="202" /><ent r="3" t="174" w="23" /><ent r="6" t="174" w="42" /><ent r="6" t="174" w="61" /><ent r="6" t="174" w="76" /><ent r="100" t="175" w="7" /><ent r="3" t="175" w="11" /><ent r="3" t="175" w="33" /><ent r="4" t="175" w="51" /><ent r="3" t="175" w="55" /><ent r="3" t="175" w="64" /><ent r="3" t="175" w="71" /><ent r="6" t="175" w="92" /><ent r="6" t="175" w="100" /><ent r="3" t="175" w="116" /><ent r="3" t="175" w="191" /><ent r="3" t="198" w="106" /><ent r="3" t="198" w="165" /><ent r="3" t="200" w="111" /><ent r="3" t="200" w="170" /><ent r="3" t="205" w="25" /><ent r="3" t="205" w="47" /><ent r="3" t="205" w="51" /><ent r="3" t="205" w="161" /><ent r="3" t="205" w="166" /><ent r="3" t="205" w="176" /><ent r="3" t="205" w="190" /><ent r="3" t="205" w="225" /></phr><phr n="Frame"><ent r="7" t="14" w="200" /><ent r="67" t="14" w="218" /><ent r="7" t="14" w="355" /><ent r="6" t="14" w="381" /><ent r="3" t="125" w="95" /><ent r="5" t="128" w="221" /><ent r="5" t="128" w="260" /><ent r="4" t="128" w="299" /><ent r="4" t="128" w="306" /><ent r="5" t="128" w="406" /><ent r="5" t="128" w="411" /><ent r="5" t="173" w="189" /><ent r="1000" t="175" w="1" /><ent r="102" t="175" w="4" /><ent r="6" t="175" w="77" /><ent r="4" t="198" w="121" /><ent r="4" t="198" w="126" /><ent r="3" t="198" w="149" /><ent r="3" t="198" w="152" /><ent r="4" t="200" w="126" /><ent r="4" t="200" w="131" /><ent r="3" t="200" w="154" /><ent r="3" t="200" w="157" /></phr><phr n="frames"><ent r="7" t="14" w="476" /><ent r="6" t="14" w="489" /><ent r="6" t="14" w="504" /><ent r="3" t="125" w="134" /><ent r="3" t="125" w="141" /><ent r="3" t="128" w="61" /><ent r="4" t="128" w="420" /><ent r="3" t="128" w="461" /><ent r="3" t="128" w="513" /><ent r="3" t="128" w="623" /><ent r="4" t="166" w="1298" /><ent r="3" t="175" w="25" /><ent r="3" t="175" w="41" /><ent r="6" t="175" w="85" /><ent r="3" t="175" w="201" /><ent r="3" t="198" w="139" /><ent r="3" t="200" w="144" /><ent r="3" t="205" w="65" /></phr></stem><stem n="first"><phr n="first"><ent r="7" t="14" w="96" /><ent r="5" t="26" w="452" /><ent r="5" t="26" w="493" /><ent r="3" t="32" w="53" /><ent r="4" t="42" w="112" /><ent r="3" t="43" w="79" /><ent r="4" t="44" w="164" /><ent r="3" t="69" w="402" /><ent r="3" t="91" w="43" /><ent r="3" t="109" w="128" /><ent r="3" t="114" w="833" /><ent r="3" t="125" w="138" /><ent r="3" t="128" w="458" /><ent r="3" t="128" w="510" /><ent r="4" t="139" w="300" /><ent r="4" t="139" w="320" /><ent r="4" t="139" w="339" /><ent r="4" t="139" w="359" /><ent r="3" t="139" w="379" /><ent r="3" t="153" w="425" /><ent r="4" t="156" w="129" /><ent r="3" t="157" w="36" /><ent r="3" t="165" w="495" /><ent r="4" t="165" w="1497" /><ent r="7" t="170" w="1442" /><ent r="3" t="170" w="1556" /><ent r="3" t="170" w="1725" /><ent r="7" t="171" w="1095" /><ent r="3" t="171" w="1275" /><ent r="6" t="174" w="41" /><ent r="6" t="174" w="75" /><ent r="4" t="178" w="265" /><ent r="3" t="213" w="309" /></phr><phr n="First"><ent r="5" t="26" w="389" /><ent r="4" t="139" w="535" /><ent r="7" t="179" w="364" /><ent r="7" t="179" w="380" /></phr></stem><stem n="forward"><phr n="forward"><ent r="7" t="14" w="101" /><ent r="7" t="14" w="171" /><ent r="6" t="14" w="176" /><ent r="4" t="126" w="65" /></phr><phr n="Forward"><ent r="3" t="126" w="77" /><ent r="4" t="126" w="116" /></phr></stem><stem n="last"><phr n="last"><ent r="7" t="14" w="105" /><ent r="6" t="14" w="401" /><ent r="3" t="111" w="85" /><ent r="3" t="125" w="140" /><ent r="3" t="128" w="460" /><ent r="3" t="128" w="512" /><ent r="3" t="154" w="290" /><ent r="4" t="168" w="967" /><ent r="3" t="170" w="1809" /></phr></stem><stem n="backward"><phr n="backward"><ent r="7" t="14" w="110" /><ent r="7" t="14" w="161" /></phr><phr n="Backward"><ent r="3" t="126" w="83" /><ent r="4" t="126" w="121" /></phr></stem><stem n="remain"><phr n="remains"><ent r="7" t="14" w="114" /><ent r="7" t="14" w="138" /><ent r="3" t="94" w="107" /><ent r="5" t="202" w="155" /></phr></stem><stem n="depress"><phr n="depressed"><ent r="7" t="14" w="115" /><ent r="7" t="14" w="139" /></phr></stem><stem n="indic"><phr n="indicate"><ent r="7" t="14" w="117" /><ent r="7" t="14" w="141" /><ent r="4" t="43" w="176" /><ent r="4" t="43" w="226" /><ent r="4" t="164" w="1996" /><ent r="3" t="164" w="2059" /><ent r="3" t="170" w="1652" /><ent r="3" t="179" w="31" /><ent r="7" t="179" w="526" /></phr><phr n="indicates"><ent r="4" t="48" w="76" /><ent r="4" t="64" w="108" /><ent r="3" t="69" w="155" /><ent r="3" t="69" w="171" /><ent r="3" t="74" w="13" /><ent r="3" t="94" w="90" /><ent r="4" t="112" w="29" /><ent r="4" t="114" w="637" /><ent r="4" t="117" w="44" /><ent r="4" t="138" w="639" /><ent r="4" t="138" w="653" /><ent r="4" t="138" w="1040" /><ent r="4" t="138" w="1054" /><ent r="4" t="139" w="512" /><ent r="4" t="139" w="525" /><ent r="5" t="146" w="409" /><ent r="5" t="146" w="423" /><ent r="3" t="147" w="149" /><ent r="5" t="151" w="562" /><ent r="5" t="151" w="576" /><ent r="3" t="170" w="735" /><ent r="4" t="170" w="1708" /><ent r="4" t="170" w="1714" /><ent r="3" t="170" w="1811" /><ent r="7" t="179" w="476" /><ent r="4" t="202" w="106" /><ent r="4" t="202" w="115" /><ent r="4" t="212" w="172" /><ent r="4" t="212" w="186" /></phr><phr n="indicating"><ent r="3" t="80" w="84" /><ent r="3" t="114" w="607" /><ent r="3" t="117" w="286" /><ent r="4" t="169" w="703" /><ent r="7" t="179" w="510" /></phr><phr n="Indicates"><ent r="7" t="179" w="563" /></phr></stem><stem n="(play)"><phr n="(Play)"><ent r="7" t="14" w="125" /></phr></stem><stem n="paus"><phr n="Pause"><ent r="6" t="14" w="126" /><ent r="6" t="14" w="129" /><ent r="7" t="14" w="150" /><ent r="5" t="204" w="74" /></phr><phr n="pauses"><ent r="7" t="14" w="133" /></phr></stem><stem n="(pause)"><phr n="(Pause)"><ent r="6" t="14" w="127" /></phr></stem><stem n="play/paus"><phr n="Play/Pause"><ent r="6" t="14" w="129" /><ent r="6" t="14" w="128" /><ent r="5" t="204" w="74" /><ent r="5" t="204" w="73" /></phr></stem><stem n="play/pause."><phr n="Play/Pause."><ent r="6" t="14" w="129" /><ent r="6" t="14" w="128" /></phr></stem></index>