﻿<?xml version="1.0" encoding="utf-8"?><index><stem n="toggl"><phr n="toggled"><ent r="3" t="1" w="261" /><ent r="3" t="4" w="59" /></phr><phr n="toggle"><ent r="4" t="1" w="309" /><ent r="4" t="1" w="357" /><ent r="4" t="4" w="164" /><ent r="4" t="4" w="214" /><ent r="7" t="6" w="29" /><ent r="7" t="6" w="42" /><ent r="7" t="6" w="55" /><ent r="7" t="6" w="80" /><ent r="7" t="6" w="92" /><ent r="7" t="8" w="119" /><ent r="4" t="44" w="268" /><ent r="3" t="69" w="130" /><ent r="3" t="78" w="19" /><ent r="3" t="78" w="31" /><ent r="7" t="82" w="162" /><ent r="3" t="128" w="331" /><ent r="4" t="163" w="375" /><ent r="4" t="163" w="425" /><ent r="4" t="164" w="525" /><ent r="4" t="164" w="575" /><ent r="3" t="164" w="2460" /><ent r="4" t="164" w="2827" /><ent r="4" t="165" w="237" /><ent r="4" t="165" w="287" /><ent r="4" t="166" w="197" /><ent r="4" t="166" w="247" /><ent r="4" t="166" w="1366" /><ent r="4" t="167" w="475" /><ent r="4" t="167" w="525" /><ent r="4" t="168" w="460" /><ent r="4" t="168" w="510" /><ent r="4" t="169" w="351" /><ent r="4" t="169" w="401" /><ent r="4" t="169" w="720" /><ent r="4" t="170" w="365" /><ent r="4" t="170" w="415" /><ent r="4" t="171" w="262" /><ent r="4" t="171" w="312" /><ent r="3" t="198" w="94" /><ent r="4" t="199" w="61" /><ent r="3" t="200" w="99" /><ent r="4" t="201" w="79" /><ent r="4" t="202" w="90" /><ent r="4" t="203" w="64" /></phr><phr n="Toggles"><ent r="6" t="7" w="265" /><ent r="6" t="13" w="84" /><ent r="7" t="13" w="95" /><ent r="4" t="47" w="56" /><ent r="6" t="208" w="391" /><ent r="7" t="217" w="60" /><ent r="7" t="217" w="72" /></phr><phr n="Toggle"><ent r="7" t="8" w="68" /><ent r="7" t="8" w="171" /><ent r="7" t="13" w="94" /><ent r="5" t="161" w="231" /><ent r="5" t="166" w="1362" /><ent r="5" t="204" w="334" /></phr><phr n="toggles"><ent r="7" t="8" w="81" /><ent r="7" t="8" w="103" /><ent r="7" t="10" w="86" /><ent r="3" t="50" w="83" /><ent r="3" t="55" w="175" /><ent r="4" t="146" w="580" /><ent r="4" t="151" w="733" /></phr></stem><stem n="off"><phr n="off"><ent r="3" t="1" w="264" /><ent r="4" t="1" w="313" /><ent r="4" t="1" w="361" /><ent r="3" t="4" w="62" /><ent r="4" t="4" w="168" /><ent r="4" t="4" w="218" /><ent r="5" t="6" w="132" /><ent r="7" t="8" w="137" /><ent r="7" t="10" w="101" /><ent r="3" t="43" w="381" /><ent r="3" t="50" w="89" /><ent r="3" t="69" w="133" /><ent r="3" t="78" w="135" /><ent r="3" t="78" w="141" /><ent r="4" t="99" w="378" /><ent r="3" t="105" w="370" /><ent r="3" t="105" w="379" /><ent r="3" t="128" w="336" /><ent r="3" t="128" w="535" /><ent r="3" t="150" w="47" /><ent r="3" t="150" w="182" /><ent r="4" t="163" w="379" /><ent r="4" t="163" w="429" /><ent r="3" t="164" w="372" /><ent r="4" t="164" w="529" /><ent r="4" t="164" w="579" /><ent r="3" t="164" w="2465" /><ent r="4" t="164" w="2828" /><ent r="4" t="165" w="241" /><ent r="4" t="165" w="291" /><ent r="4" t="166" w="201" /><ent r="4" t="166" w="251" /><ent r="4" t="167" w="479" /><ent r="4" t="167" w="529" /><ent r="4" t="168" w="464" /><ent r="4" t="168" w="514" /><ent r="4" t="169" w="355" /><ent r="4" t="169" w="405" /><ent r="4" t="170" w="369" /><ent r="4" t="170" w="419" /><ent r="4" t="170" w="690" /><ent r="3" t="170" w="861" /><ent r="4" t="170" w="940" /><ent r="4" t="171" w="266" /><ent r="4" t="171" w="316" /><ent r="7" t="217" w="63" /><ent r="7" t="217" w="75" /></phr></stem><stem n="two"><phr n="two"><ent r="3" t="1" w="268" /><ent r="3" t="4" w="123" /><ent r="3" t="13" w="23" /><ent r="4" t="28" w="58" /><ent r="4" t="28" w="103" /><ent r="4" t="28" w="144" /><ent r="4" t="28" w="218" /><ent r="3" t="42" w="27" /><ent r="3" t="42" w="42" /><ent r="3" t="51" w="34" /><ent r="7" t="52" w="121" /><ent r="4" t="53" w="21" /><ent r="3" t="65" w="16" /><ent r="3" t="67" w="27" /><ent r="3" t="74" w="18" /><ent r="3" t="74" w="43" /><ent r="4" t="75" w="183" /><ent r="3" t="91" w="37" /><ent r="3" t="100" w="28" /><ent r="3" t="109" w="17" /><ent r="5" t="138" w="343" /><ent r="5" t="138" w="760" /><ent r="3" t="141" w="141" /><ent r="3" t="142" w="322" /><ent r="3" t="143" w="50" /><ent r="3" t="143" w="143" /><ent r="3" t="144" w="99" /><ent r="5" t="146" w="475" /><ent r="5" t="151" w="628" /><ent r="3" t="153" w="218" /><ent r="3" t="156" w="119" /><ent r="4" t="157" w="51" /><ent r="3" t="157" w="246" /><ent r="3" t="158" w="42" /><ent r="4" t="158" w="177" /><ent r="4" t="160" w="352" /><ent r="3" t="161" w="21" /><ent r="4" t="161" w="303" /><ent r="4" t="163" w="1084" /><ent r="3" t="164" w="68" /><ent r="3" t="164" w="332" /><ent r="3" t="164" w="720" /><ent r="3" t="164" w="893" /><ent r="3" t="164" w="1504" /><ent r="3" t="164" w="1529" /><ent r="4" t="164" w="2156" /><ent r="5" t="165" w="1063" /><ent r="3" t="166" w="745" /><ent r="3" t="166" w="896" /><ent r="4" t="166" w="1159" /><ent r="3" t="166" w="1405" /><ent r="4" t="169" w="110" /><ent r="4" t="169" w="163" /><ent r="4" t="169" w="265" /><ent r="3" t="170" w="1072" /><ent r="3" t="170" w="1236" /><ent r="4" t="170" w="2062" /><ent r="3" t="171" w="981" /><ent r="7" t="173" w="65" /><ent r="3" t="193" w="70" /><ent r="3" t="193" w="294" /><ent r="3" t="194" w="19" /><ent r="3" t="196" w="19" /><ent r="3" t="201" w="25" /><ent r="3" t="213" w="165" /><ent r="3" t="213" w="191" /></phr><phr n="Two"><ent r="4" t="42" w="235" /><ent r="4" t="164" w="2332" /></phr></stem><stem n="wai"><phr n="ways"><ent r="3" t="1" w="269" /><ent r="3" t="4" w="124" /><ent r="5" t="20" w="80" /><ent r="3" t="67" w="28" /><ent r="3" t="82" w="25" /><ent r="3" t="109" w="18" /><ent r="7" t="114" w="397" /><ent r="3" t="116" w="120" /><ent r="3" t="163" w="335" /><ent r="3" t="164" w="485" /><ent r="3" t="164" w="721" /><ent r="3" t="165" w="197" /><ent r="3" t="166" w="157" /><ent r="3" t="167" w="435" /><ent r="3" t="168" w="420" /><ent r="3" t="169" w="311" /><ent r="3" t="170" w="325" /><ent r="3" t="170" w="1237" /><ent r="3" t="171" w="222" /><ent r="3" t="180" w="53" /></phr><phr n="Way"><ent r="4" t="42" w="236" /><ent r="4" t="164" w="2333" /></phr><phr n="way"><ent r="4" t="95" w="23" /><ent r="3" t="96" w="18" /><ent r="3" t="168" w="1198" /><ent r="3" t="170" w="1683" /></phr></stem><stem n="go"><phr n="Go"><ent r="4" t="1" w="275" /><ent r="4" t="4" w="130" /><ent r="3" t="14" w="42" /><ent r="3" t="18" w="180" /><ent r="4" t="21" w="236" /><ent r="4" t="21" w="277" /><ent r="4" t="21" w="323" /><ent r="4" t="21" w="400" /><ent r="4" t="24" w="23" /><ent r="4" t="29" w="23" /><ent r="4" t="30" w="30" /><ent r="3" t="40" w="73" /><ent r="4" t="45" w="49" /><ent r="4" t="48" w="21" /><ent r="4" t="49" w="28" /><ent r="4" t="55" w="43" /><ent r="3" t="61" w="36" /><ent r="4" t="62" w="38" /><ent r="4" t="62" w="220" /><ent r="4" t="63" w="59" /><ent r="4" t="64" w="87" /><ent r="4" t="69" w="61" /><ent r="5" t="75" w="227" /><ent r="4" t="75" w="234" /><ent r="4" t="77" w="101" /><ent r="4" t="77" w="185" /><ent r="4" t="78" w="36" /><ent r="4" t="78" w="49" /><ent r="4" t="80" w="26" /><ent r="3" t="81" w="135" /><ent r="3" t="82" w="62" /><ent r="3" t="82" w="73" /><ent r="4" t="83" w="21" /><ent r="4" t="83" w="34" /><ent r="4" t="84" w="42" /><ent r="4" t="84" w="55" /><ent r="3" t="85" w="86" /><ent r="3" t="85" w="99" /><ent r="4" t="86" w="26" /><ent r="4" t="86" w="39" /><ent r="4" t="89" w="25" /><ent r="4" t="89" w="38" /><ent r="3" t="90" w="103" /><ent r="3" t="90" w="114" /><ent r="3" t="91" w="106" /><ent r="3" t="91" w="117" /><ent r="3" t="92" w="191" /><ent r="3" t="92" w="252" /><ent r="3" t="93" w="124" /><ent r="3" t="94" w="124" /><ent r="3" t="101" w="75" /><ent r="3" t="101" w="96" /><ent r="4" t="117" w="359" /><ent r="4" t="117" w="367" /><ent r="4" t="117" w="425" /><ent r="4" t="117" w="433" /><ent r="4" t="119" w="126" /><ent r="3" t="126" w="34" /><ent r="3" t="126" w="89" /><ent r="5" t="127" w="17" /><ent r="4" t="128" w="352" /><ent r="3" t="128" w="466" /><ent r="3" t="128" w="561" /><ent r="3" t="128" w="630" /><ent r="3" t="129" w="165" /><ent r="3" t="129" w="178" /><ent r="3" t="141" w="94" /><ent r="4" t="142" w="81" /><ent r="3" t="143" w="110" /><ent r="4" t="143" w="313" /><ent r="4" t="144" w="52" /><ent r="4" t="144" w="64" /><ent r="4" t="145" w="24" /><ent r="4" t="146" w="40" /><ent r="4" t="147" w="76" /><ent r="4" t="148" w="65" /><ent r="4" t="148" w="93" /><ent r="4" t="149" w="56" /><ent r="4" t="150" w="72" /><ent r="4" t="151" w="140" /><ent r="3" t="155" w="21" /><ent r="4" t="160" w="82" /><ent r="4" t="163" w="341" /><ent r="4" t="164" w="491" /><ent r="4" t="164" w="2660" /><ent r="4" t="165" w="203" /><ent r="4" t="165" w="676" /><ent r="4" t="165" w="754" /><ent r="4" t="165" w="844" /><ent r="4" t="165" w="968" /><ent r="4" t="166" w="163" /><ent r="4" t="166" w="885" /><ent r="4" t="166" w="1012" /><ent r="4" t="166" w="1043" /><ent r="4" t="166" w="1079" /><ent r="4" t="167" w="441" /><ent r="4" t="168" w="426" /><ent r="4" t="168" w="825" /><ent r="4" t="169" w="317" /><ent r="4" t="169" w="552" /><ent r="4" t="169" w="711" /><ent r="4" t="169" w="726" /><ent r="4" t="169" w="878" /><ent r="4" t="169" w="906" /><ent r="4" t="170" w="331" /><ent r="4" t="171" w="228" /><ent r="3" t="205" w="126" /></phr><phr n="go"><ent r="4" t="2" w="67" /><ent r="4" t="2" w="85" /><ent r="4" t="18" w="35" /><ent r="4" t="23" w="45" /><ent r="4" t="26" w="126" /><ent r="4" t="32" w="102" /><ent r="3" t="35" w="29" /><ent r="4" t="36" w="38" /><ent r="3" t="38" w="33" /><ent r="3" t="39" w="45" /><ent r="4" t="41" w="40" /><ent r="4" t="42" w="83" /><ent r="4" t="43" w="129" /><ent r="4" t="46" w="47" /><ent r="4" t="59" w="79" /><ent r="4" t="59" w="103" /><ent r="4" t="62" w="50" /><ent r="4" t="62" w="232" /><ent r="3" t="66" w="56" /><ent r="4" t="69" w="45" /><ent r="4" t="70" w="50" /><ent r="4" t="71" w="49" /><ent r="4" t="72" w="90" /><ent r="4" t="72" w="166" /><ent r="4" t="73" w="36" /><ent r="3" t="73" w="210" /><ent r="3" t="79" w="60" /><ent r="3" t="92" w="160" /><ent r="3" t="93" w="94" /><ent r="3" t="105" w="92" /><ent r="4" t="107" w="25" /><ent r="4" t="108" w="39" /><ent r="4" t="108" w="64" /><ent r="4" t="109" w="75" /><ent r="3" t="109" w="176" /><ent r="4" t="110" w="25" /><ent r="3" t="111" w="52" /><ent r="4" t="112" w="205" /><ent r="3" t="113" w="95" /><ent r="3" t="113" w="107" /><ent r="4" t="115" w="41" /><ent r="4" t="119" w="97" /><ent r="4" t="119" w="114" /><ent r="4" t="125" w="49" /><ent r="4" t="129" w="125" /><ent r="4" t="130" w="117" /><ent r="4" t="141" w="68" /><ent r="4" t="157" w="211" /><ent r="3" t="157" w="321" /><ent r="3" t="157" w="339" /><ent r="4" t="158" w="127" /><ent r="4" t="158" w="292" /><ent r="4" t="160" w="179" /><ent r="4" t="163" w="1133" /><ent r="4" t="163" w="1773" /><ent r="4" t="164" w="683" /><ent r="3" t="164" w="864" /><ent r="4" t="164" w="984" /><ent r="4" t="164" w="1790" /><ent r="3" t="164" w="2024" /><ent r="4" t="164" w="2171" /><ent r="4" t="164" w="2252" /><ent r="4" t="164" w="2492" /><ent r="4" t="165" w="395" /><ent r="5" t="165" w="900" /><ent r="4" t="165" w="1138" /><ent r="4" t="166" w="559" /><ent r="4" t="167" w="784" /><ent r="3" t="167" w="1002" /><ent r="4" t="168" w="1011" /><ent r="4" t="168" w="1044" /><ent r="4" t="169" w="624" /><ent r="4" t="169" w="667" /><ent r="3" t="169" w="1089" /><ent r="4" t="171" w="440" /><ent r="4" t="171" w="1426" /><ent r="4" t="171" w="1581" /><ent r="4" t="180" w="66" /><ent r="4" t="180" w="85" /><ent r="4" t="206" w="71" /></phr><phr n="going"><ent r="3" t="109" w="159" /><ent r="4" t="163" w="671" /><ent r="4" t="164" w="1619" /><ent r="4" t="165" w="670" /></phr></stem><stem n="select"><phr n="select"><ent r="4" t="1" w="285" /><ent r="4" t="2" w="76" /><ent r="4" t="2" w="91" /><ent r="4" t="4" w="140" /><ent r="7" t="6" w="142" /><ent r="6" t="7" w="68" /><ent r="7" t="7" w="93" /><ent r="7" t="12" w="56" /><ent r="6" t="12" w="78" /><ent r="7" t="13" w="143" /><ent r="3" t="14" w="28" /><ent r="3" t="14" w="50" /><ent r="3" t="14" w="74" /><ent r="6" t="14" w="209" /><ent r="4" t="18" w="43" /><ent r="4" t="18" w="90" /><ent r="3" t="18" w="99" /><ent r="3" t="18" w="117" /><ent r="4" t="18" w="127" /><ent r="3" t="18" w="188" /><ent r="3" t="20" w="42" /><ent r="4" t="21" w="244" /><ent r="3" t="21" w="366" /><ent r="4" t="21" w="486" /><ent r="4" t="21" w="496" /><ent r="4" t="23" w="35" /><ent r="4" t="23" w="53" /><ent r="3" t="23" w="119" /><ent r="4" t="24" w="32" /><ent r="4" t="24" w="45" /><ent r="3" t="24" w="65" /><ent r="4" t="26" w="132" /><ent r="4" t="26" w="174" /><ent r="4" t="26" w="221" /><ent r="4" t="26" w="238" /><ent r="4" t="26" w="256" /><ent r="3" t="26" w="302" /><ent r="3" t="26" w="304" /><ent r="3" t="26" w="327" /><ent r="4" t="26" w="336" /><ent r="4" t="26" w="344" /><ent r="4" t="26" w="393" /><ent r="5" t="26" w="464" /><ent r="5" t="26" w="505" /><ent r="4" t="26" w="534" /><ent r="5" t="27" w="32" /><ent r="3" t="27" w="40" /><ent r="3" t="27" w="54" /><ent r="4" t="27" w="74" /><ent r="3" t="29" w="59" /><ent r="4" t="29" w="98" /><ent r="4" t="30" w="38" /><ent r="3" t="30" w="58" /><ent r="3" t="31" w="35" /><ent r="3" t="31" w="67" /><ent r="4" t="32" w="110" /><ent r="4" t="32" w="157" /><ent r="4" t="32" w="171" /><ent r="3" t="35" w="36" /><ent r="3" t="36" w="27" /><ent r="3" t="38" w="22" /><ent r="3" t="38" w="45" /><ent r="7" t="38" w="140" /><ent r="3" t="39" w="34" /><ent r="3" t="39" w="57" /><ent r="4" t="39" w="106" /><ent r="4" t="39" w="131" /><ent r="4" t="39" w="140" /><ent r="4" t="39" w="163" /><ent r="3" t="40" w="81" /><ent r="4" t="41" w="48" /><ent r="3" t="41" w="91" /><ent r="3" t="41" w="180" /><ent r="3" t="41" w="200" /><ent r="4" t="41" w="230" /><ent r="4" t="41" w="295" /><ent r="4" t="42" w="91" /><ent r="4" t="42" w="271" /><ent r="3" t="43" w="35" /><ent r="4" t="43" w="137" /><ent r="4" t="43" w="215" /><ent r="4" t="43" w="264" /><ent r="3" t="43" w="309" /><ent r="4" t="44" w="162" /><ent r="4" t="44" w="216" /><ent r="4" t="45" w="57" /><ent r="3" t="45" w="81" /><ent r="4" t="46" w="30" /><ent r="4" t="46" w="55" /><ent r="4" t="48" w="46" /><ent r="4" t="48" w="59" /><ent r="4" t="49" w="60" /><ent r="4" t="49" w="71" /><ent r="3" t="50" w="78" /><ent r="4" t="51" w="156" /><ent r="4" t="51" w="185" /><ent r="3" t="52" w="28" /><ent r="3" t="52" w="49" /><ent r="4" t="53" w="51" /><ent r="4" t="53" w="70" /><ent r="4" t="53" w="131" /><ent r="4" t="54" w="32" /><ent r="4" t="55" w="52" /><ent r="4" t="55" w="64" /><ent r="3" t="55" w="85" /><ent r="3" t="55" w="104" /><ent r="3" t="55" w="120" /><ent r="3" t="57" w="75" /><ent r="3" t="57" w="89" /><ent r="3" t="57" w="226" /><ent r="4" t="58" w="54" /><ent r="4" t="58" w="204" /><ent r="4" t="58" w="232" /><ent r="4" t="58" w="274" /><ent r="4" t="59" w="93" /><ent r="4" t="59" w="116" /><ent r="4" t="60" w="69" /><ent r="4" t="60" w="228" /><ent r="4" t="60" w="246" /><ent r="4" t="60" w="275" /><ent r="3" t="61" w="42" /><ent r="3" t="61" w="58" /><ent r="3" t="61" w="122" /><ent r="3" t="61" w="137" /><ent r="4" t="62" w="65" /><ent r="4" t="62" w="143" /><ent r="4" t="62" w="241" /><ent r="4" t="63" w="66" /><ent r="4" t="64" w="94" /><ent r="3" t="66" w="64" /><ent r="3" t="66" w="230" /><ent r="4" t="70" w="58" /><ent r="4" t="71" w="57" /><ent r="4" t="72" w="98" /><ent r="4" t="72" w="174" /><ent r="4" t="73" w="42" /><ent r="3" t="73" w="217" /><ent r="3" t="73" w="398" /><ent r="3" t="75" w="123" /><ent r="4" t="76" w="81" /><ent r="4" t="77" w="108" /><ent r="4" t="77" w="192" /><ent r="4" t="78" w="109" /><ent r="3" t="79" w="68" /><ent r="4" t="80" w="55" /><ent r="4" t="80" w="66" /><ent r="3" t="81" w="82" /><ent r="4" t="81" w="98" /><ent r="3" t="81" w="157" /><ent r="4" t="81" w="167" /><ent r="5" t="82" w="331" /><ent r="5" t="83" w="123" /><ent r="5" t="83" w="183" /><ent r="3" t="86" w="15" /><ent r="4" t="87" w="100" /><ent r="4" t="87" w="107" /><ent r="4" t="87" w="225" /><ent r="4" t="88" w="102" /><ent r="4" t="88" w="126" /><ent r="4" t="88" w="138" /><ent r="3" t="88" w="152" /><ent r="3" t="92" w="168" /><ent r="3" t="92" w="206" /><ent r="3" t="92" w="211" /><ent r="3" t="92" w="260" /><ent r="3" t="93" w="102" /><ent r="3" t="93" w="116" /><ent r="3" t="93" w="145" /><ent r="3" t="94" w="132" /><ent r="3" t="94" w="154" /><ent r="4" t="96" w="137" /><ent r="4" t="97" w="79" /><ent r="4" t="98" w="92" /><ent r="3" t="98" w="367" /><ent r="4" t="99" w="93" /><ent r="3" t="100" w="91" /><ent r="4" t="100" w="376" /><ent r="3" t="100" w="389" /><ent r="3" t="100" w="403" /><ent r="3" t="100" w="418" /><ent r="3" t="100" w="430" /><ent r="4" t="100" w="454" /><ent r="3" t="102" w="16" /><ent r="3" t="105" w="100" /><ent r="4" t="107" w="33" /><ent r="4" t="107" w="155" /><ent r="4" t="108" w="47" /><ent r="4" t="108" w="72" /><ent r="4" t="109" w="83" /><ent r="3" t="109" w="182" /><ent r="4" t="110" w="33" /><ent r="3" t="111" w="60" /><ent r="4" t="112" w="218" /><ent r="3" t="113" w="117" /><ent r="4" t="113" w="282" /><ent r="4" t="113" w="562" /><ent r="3" t="114" w="205" /><ent r="3" t="114" w="225" /><ent r="4" t="116" w="140" /><ent r="3" t="117" w="340" /><ent r="4" t="117" w="376" /><ent r="3" t="117" w="406" /><ent r="4" t="117" w="442" /><ent r="3" t="119" w="46" /><ent r="4" t="119" w="105" /><ent r="4" t="119" w="120" /><ent r="3" t="120" w="93" /><ent r="4" t="121" w="44" /><ent r="4" t="122" w="79" /><ent r="4" t="123" w="49" /><ent r="4" t="123" w="64" /><ent r="100" t="124" w="15" /><ent r="4" t="124" w="46" /><ent r="4" t="124" w="58" /><ent r="4" t="125" w="55" /><ent r="3" t="126" w="26" /><ent r="3" t="126" w="43" /><ent r="3" t="126" w="74" /><ent r="3" t="126" w="98" /><ent r="5" t="127" w="26" /><ent r="4" t="128" w="196" /><ent r="4" t="128" w="215" /><ent r="4" t="128" w="254" /><ent r="4" t="128" w="363" /><ent r="3" t="128" w="388" /><ent r="4" t="128" w="415" /><ent r="3" t="128" w="477" /><ent r="3" t="128" w="498" /><ent r="3" t="128" w="572" /><ent r="3" t="128" w="593" /><ent r="3" t="128" w="641" /><ent r="3" t="128" w="662" /><ent r="4" t="129" w="131" /><ent r="3" t="129" w="279" /><ent r="4" t="129" w="368" /><ent r="4" t="129" w="419" /><ent r="4" t="129" w="466" /><ent r="4" t="129" w="487" /><ent r="4" t="129" w="511" /><ent r="4" t="129" w="532" /><ent r="3" t="129" w="623" /><ent r="3" t="129" w="653" /><ent r="4" t="130" w="123" /><ent r="5" t="130" w="184" /><ent r="4" t="130" w="270" /><ent r="4" t="131" w="49" /><ent r="3" t="131" w="177" /><ent r="3" t="131" w="196" /><ent r="3" t="131" w="280" /><ent r="3" t="131" w="299" /><ent r="3" t="131" w="363" /><ent r="3" t="131" w="399" /><ent r="3" t="131" w="484" /><ent r="3" t="131" w="503" /><ent r="3" t="131" w="531" /><ent r="3" t="131" w="648" /><ent r="3" t="131" w="667" /><ent r="4" t="133" w="88" /><ent r="4" t="134" w="88" /><ent r="4" t="134" w="130" /><ent r="3" t="134" w="147" /><ent r="3" t="134" w="207" /><ent r="3" t="135" w="70" /><ent r="4" t="135" w="102" /><ent r="4" t="135" w="144" /><ent r="3" t="135" w="160" /><ent r="3" t="135" w="183" /><ent r="4" t="136" w="97" /><ent r="4" t="136" w="142" /><ent r="3" t="136" w="160" /><ent r="3" t="136" w="183" /><ent r="4" t="137" w="88" /><ent r="4" t="137" w="139" /><ent r="4" t="138" w="84" /><ent r="4" t="138" w="226" /><ent r="4" t="138" w="302" /><ent r="4" t="138" w="448" /><ent r="4" t="138" w="726" /><ent r="4" t="138" w="865" /><ent r="4" t="139" w="85" /><ent r="3" t="139" w="169" /><ent r="3" t="139" w="186" /><ent r="3" t="139" w="245" /><ent r="4" t="140" w="95" /><ent r="4" t="140" w="137" /><ent r="3" t="140" w="160" /><ent r="3" t="140" w="221" /><ent r="4" t="141" w="74" /><ent r="3" t="141" w="103" /><ent r="3" t="141" w="109" /><ent r="3" t="141" w="209" /><ent r="3" t="142" w="55" /><ent r="4" t="143" w="103" /><ent r="3" t="143" w="127" /><ent r="4" t="143" w="337" /><ent r="3" t="143" w="384" /><ent r="4" t="144" w="70" /><ent r="4" t="144" w="82" /><ent r="4" t="145" w="36" /><ent r="4" t="145" w="45" /><ent r="3" t="145" w="179" /><ent r="4" t="146" w="49" /><ent r="4" t="146" w="61" /><ent r="4" t="146" w="168" /><ent r="4" t="146" w="179" /><ent r="4" t="146" w="195" /><ent r="4" t="146" w="441" /><ent r="4" t="147" w="85" /><ent r="4" t="147" w="97" /><ent r="3" t="147" w="131" /><ent r="3" t="147" w="168" /><ent r="3" t="147" w="196" /><ent r="3" t="147" w="217" /><ent r="4" t="148" w="74" /><ent r="4" t="148" w="86" /><ent r="4" t="148" w="101" /><ent r="4" t="148" w="112" /><ent r="4" t="149" w="65" /><ent r="4" t="149" w="78" /><ent r="4" t="149" w="170" /><ent r="3" t="149" w="198" /><ent r="3" t="149" w="213" /><ent r="4" t="150" w="81" /><ent r="4" t="150" w="94" /><ent r="3" t="150" w="113" /><ent r="3" t="150" w="135" /><ent r="3" t="150" w="158" /><ent r="4" t="151" w="149" /><ent r="4" t="151" w="160" /><ent r="5" t="151" w="257" /><ent r="3" t="151" w="288" /><ent r="5" t="151" w="308" /><ent r="4" t="151" w="336" /><ent r="4" t="151" w="352" /><ent r="4" t="151" w="594" /><ent r="4" t="152" w="55" /><ent r="3" t="152" w="131" /><ent r="4" t="152" w="149" /><ent r="4" t="153" w="153" /><ent r="5" t="153" w="179" /><ent r="5" t="153" w="184" /><ent r="4" t="153" w="387" /><ent r="3" t="153" w="418" /><ent r="4" t="153" w="471" /><ent r="3" t="153" w="755" /><ent r="3" t="153" w="780" /><ent r="4" t="154" w="71" /><ent r="3" t="154" w="98" /><ent r="3" t="154" w="120" /><ent r="3" t="155" w="27" /><ent r="3" t="155" w="43" /><ent r="4" t="155" w="76" /><ent r="4" t="157" w="50" /><ent r="4" t="157" w="67" /><ent r="4" t="157" w="141" /><ent r="4" t="157" w="218" /><ent r="3" t="157" w="332" /><ent r="3" t="158" w="15" /><ent r="3" t="159" w="47" /><ent r="3" t="159" w="77" /><ent r="3" t="159" w="100" /><ent r="3" t="159" w="112" /><ent r="4" t="159" w="126" /><ent r="4" t="159" w="140" /><ent r="4" t="159" w="151" /><ent r="100" t="160" w="10" /><ent r="100" t="160" w="13" /><ent r="64" t="160" w="25" /><ent r="3" t="160" w="33" /><ent r="3" t="160" w="57" /><ent r="4" t="161" w="126" /><ent r="4" t="161" w="359" /><ent r="3" t="163" w="227" /><ent r="4" t="163" w="351" /><ent r="4" t="163" w="533" /><ent r="4" t="163" w="544" /><ent r="4" t="163" w="604" /><ent r="3" t="163" w="785" /><ent r="4" t="163" w="843" /><ent r="4" t="163" w="886" /><ent r="4" t="163" w="940" /><ent r="3" t="163" w="953" /><ent r="4" t="163" w="982" /><ent r="4" t="163" w="1003" /><ent r="4" t="163" w="1061" /><ent r="4" t="163" w="1140" /><ent r="3" t="163" w="1587" /><ent r="4" t="163" w="1646" /><ent r="4" t="163" w="1701" /><ent r="4" t="163" w="1780" /><ent r="4" t="163" w="1887" /><ent r="4" t="163" w="1909" /><ent r="4" t="163" w="2083" /><ent r="4" t="163" w="2141" /><ent r="4" t="163" w="2341" /><ent r="4" t="164" w="501" /><ent r="4" t="164" w="753" /><ent r="3" t="164" w="873" /><ent r="4" t="164" w="991" /><ent r="4" t="164" w="1067" /><ent r="4" t="164" w="1119" /><ent r="4" t="164" w="1148" /><ent r="4" t="164" w="1159" /><ent r="4" t="164" w="1215" /><ent r="4" t="164" w="1704" /><ent r="4" t="164" w="1713" /><ent r="4" t="164" w="1797" /><ent r="4" t="164" w="1816" /><ent r="4" t="164" w="2008" /><ent r="3" t="164" w="2115" /><ent r="4" t="164" w="2177" /><ent r="4" t="164" w="2225" /><ent r="4" t="164" w="2498" /><ent r="4" t="164" w="2549" /><ent r="4" t="164" w="2588" /><ent r="4" t="164" w="2668" /><ent r="3" t="164" w="2676" /><ent r="4" t="164" w="2896" /><ent r="3" t="165" w="72" /><ent r="3" t="165" w="171" /><ent r="4" t="165" w="213" /><ent r="4" t="165" w="411" /><ent r="4" t="165" w="788" /><ent r="4" t="165" w="856" /><ent r="5" t="165" w="910" /><ent r="4" t="165" w="979" /><ent r="4" t="165" w="1015" /><ent r="4" t="165" w="1053" /><ent r="4" t="165" w="1146" /><ent r="4" t="165" w="1176" /><ent r="4" t="165" w="1187" /><ent r="5" t="165" w="1234" /><ent r="4" t="166" w="173" /><ent r="4" t="166" w="388" /><ent r="3" t="166" w="471" /><ent r="4" t="166" w="566" /><ent r="4" t="166" w="959" /><ent r="4" t="166" w="1054" /><ent r="4" t="166" w="1062" /><ent r="4" t="167" w="451" /><ent r="4" t="167" w="633" /><ent r="4" t="167" w="645" /><ent r="4" t="167" w="690" /><ent r="4" t="167" w="699" /><ent r="4" t="167" w="773" /><ent r="6" t="167" w="793" /><ent r="4" t="167" w="804" /><ent r="4" t="167" w="819" /><ent r="4" t="167" w="866" /><ent r="3" t="167" w="1017" /><ent r="4" t="167" w="1060" /><ent r="4" t="168" w="436" /><ent r="4" t="168" w="618" /><ent r="3" t="168" w="724" /><ent r="4" t="168" w="839" /><ent r="4" t="168" w="856" /><ent r="4" t="168" w="898" /><ent r="4" t="168" w="934" /><ent r="4" t="168" w="947" /><ent r="6" t="168" w="983" /><ent r="4" t="168" w="1010" /><ent r="4" t="168" w="1017" /><ent r="3" t="168" w="1075" /><ent r="4" t="168" w="1093" /><ent r="4" t="169" w="327" /><ent r="4" t="169" w="510" /><ent r="4" t="169" w="519" /><ent r="3" t="169" w="583" /><ent r="4" t="169" w="633" /><ent r="3" t="169" w="642" /><ent r="4" t="169" w="673" /><ent r="4" t="169" w="819" /><ent r="4" t="169" w="885" /><ent r="4" t="169" w="928" /><ent r="4" t="169" w="990" /><ent r="4" t="169" w="1073" /><ent r="3" t="169" w="1095" /><ent r="4" t="169" w="1155" /><ent r="4" t="169" w="1224" /><ent r="4" t="169" w="1273" /><ent r="4" t="170" w="341" /><ent r="4" t="170" w="522" /><ent r="4" t="170" w="570" /><ent r="4" t="170" w="642" /><ent r="4" t="170" w="801" /><ent r="4" t="170" w="907" /><ent r="4" t="170" w="918" /><ent r="4" t="170" w="1355" /><ent r="4" t="171" w="238" /><ent r="4" t="171" w="421" /><ent r="6" t="171" w="448" /><ent r="4" t="171" w="564" /><ent r="4" t="171" w="618" /><ent r="3" t="171" w="741" /><ent r="3" t="171" w="1034" /><ent r="4" t="171" w="1332" /><ent r="6" t="171" w="1439" /><ent r="4" t="171" w="1589" /><ent r="3" t="172" w="35" /><ent r="4" t="172" w="110" /><ent r="3" t="173" w="25" /><ent r="3" t="176" w="137" /><ent r="3" t="178" w="50" /><ent r="3" t="178" w="55" /><ent r="3" t="178" w="189" /><ent r="4" t="178" w="248" /><ent r="4" t="178" w="323" /><ent r="4" t="178" w="355" /><ent r="4" t="178" w="367" /><ent r="4" t="180" w="74" /><ent r="4" t="180" w="106" /><ent r="3" t="188" w="196" /><ent r="3" t="188" w="231" /><ent r="3" t="188" w="309" /><ent r="4" t="188" w="506" /><ent r="3" t="191" w="74" /><ent r="3" t="191" w="76" /><ent r="3" t="191" w="99" /><ent r="3" t="191" w="108" /><ent r="3" t="191" w="116" /><ent r="3" t="192" w="41" /><ent r="3" t="192" w="44" /><ent r="3" t="192" w="54" /><ent r="3" t="192" w="74" /><ent r="3" t="193" w="78" /><ent r="3" t="193" w="92" /><ent r="4" t="193" w="147" /><ent r="4" t="193" w="164" /><ent r="4" t="193" w="182" /><ent r="3" t="193" w="228" /><ent r="3" t="193" w="230" /><ent r="3" t="193" w="253" /><ent r="4" t="193" w="262" /><ent r="4" t="193" w="270" /><ent r="4" t="193" w="319" /><ent r="3" t="194" w="27" /><ent r="4" t="194" w="83" /><ent r="4" t="194" w="100" /><ent r="4" t="194" w="118" /><ent r="3" t="194" w="164" /><ent r="3" t="194" w="166" /><ent r="3" t="194" w="189" /><ent r="4" t="194" w="198" /><ent r="4" t="194" w="206" /><ent r="4" t="195" w="36" /><ent r="4" t="195" w="53" /><ent r="4" t="195" w="71" /><ent r="3" t="195" w="117" /><ent r="3" t="195" w="119" /><ent r="3" t="195" w="142" /><ent r="4" t="195" w="151" /><ent r="4" t="195" w="159" /><ent r="3" t="196" w="27" /><ent r="4" t="196" w="81" /><ent r="4" t="196" w="98" /><ent r="4" t="196" w="116" /><ent r="3" t="196" w="162" /><ent r="3" t="196" w="164" /><ent r="3" t="196" w="187" /><ent r="4" t="196" w="196" /><ent r="4" t="196" w="204" /><ent r="4" t="199" w="22" /><ent r="4" t="202" w="22" /><ent r="4" t="203" w="24" /><ent r="4" t="205" w="90" /><ent r="3" t="205" w="139" /><ent r="3" t="206" w="40" /><ent r="4" t="206" w="79" /><ent r="4" t="207" w="89" /><ent r="6" t="208" w="174" /><ent r="6" t="208" w="227" /><ent r="6" t="208" w="259" /><ent r="6" t="208" w="344" /><ent r="6" t="208" w="472" /><ent r="6" t="208" w="558" /><ent r="5" t="208" w="610" /><ent r="6" t="208" w="657" /><ent r="3" t="210" w="24" /></phr><phr n="Select"><ent r="4" t="1" w="304" /><ent r="4" t="1" w="352" /><ent r="4" t="4" w="159" /><ent r="4" t="4" w="209" /><ent r="92" t="19" w="100" /><ent r="4" t="21" w="287" /><ent r="4" t="23" w="61" /><ent r="3" t="24" w="57" /><ent r="4" t="26" w="281" /><ent r="4" t="27" w="66" /><ent r="4" t="29" w="44" /><ent r="3" t="30" w="50" /><ent r="4" t="36" w="45" /><ent r="4" t="36" w="50" /><ent r="3" t="38" w="40" /><ent r="3" t="39" w="52" /><ent r="4" t="42" w="119" /><ent r="4" t="42" w="136" /><ent r="3" t="42" w="174" /><ent r="3" t="42" w="194" /><ent r="3" t="42" w="232" /><ent r="4" t="43" w="237" /><ent r="4" t="44" w="154" /><ent r="4" t="44" w="208" /><ent r="4" t="45" w="104" /><ent r="4" t="48" w="29" /><ent r="4" t="49" w="36" /><ent r="4" t="50" w="41" /><ent r="4" t="51" w="176" /><ent r="4" t="51" w="247" /><ent r="4" t="53" w="77" /><ent r="4" t="54" w="50" /><ent r="92" t="57" w="210" /><ent r="4" t="58" w="90" /><ent r="4" t="58" w="149" /><ent r="4" t="58" w="187" /><ent r="4" t="58" w="215" /><ent r="4" t="58" w="257" /><ent r="4" t="60" w="110" /><ent r="4" t="60" w="169" /><ent r="4" t="60" w="210" /><ent r="4" t="60" w="257" /><ent r="4" t="60" w="303" /><ent r="4" t="62" w="263" /><ent r="3" t="62" w="270" /><ent r="3" t="66" w="285" /><ent r="4" t="69" w="53" /><ent r="4" t="70" w="84" /><ent r="4" t="77" w="94" /><ent r="5" t="77" w="124" /><ent r="4" t="77" w="178" /><ent r="4" t="77" w="208" /><ent r="4" t="77" w="280" /><ent r="4" t="78" w="77" /><ent r="3" t="78" w="99" /><ent r="4" t="80" w="44" /><ent r="4" t="81" w="127" /><ent r="3" t="81" w="141" /><ent r="4" t="83" w="62" /><ent r="3" t="83" w="89" /><ent r="4" t="83" w="100" /><ent r="4" t="84" w="83" /><ent r="3" t="84" w="107" /><ent r="4" t="85" w="77" /><ent r="3" t="85" w="127" /><ent r="4" t="86" w="67" /><ent r="3" t="86" w="75" /><ent r="3" t="86" w="101" /><ent r="4" t="86" w="107" /><ent r="5" t="87" w="61" /><ent r="4" t="87" w="89" /><ent r="4" t="87" w="117" /><ent r="5" t="87" w="185" /><ent r="4" t="87" w="214" /><ent r="4" t="87" w="245" /><ent r="5" t="88" w="62" /><ent r="4" t="88" w="91" /><ent r="4" t="89" w="66" /><ent r="4" t="90" w="96" /><ent r="3" t="90" w="133" /><ent r="4" t="90" w="152" /><ent r="4" t="91" w="99" /><ent r="3" t="91" w="136" /><ent r="4" t="91" w="159" /><ent r="3" t="93" w="137" /><ent r="4" t="94" w="173" /><ent r="4" t="94" w="221" /><ent r="4" t="100" w="305" /><ent r="4" t="100" w="337" /><ent r="3" t="101" w="81" /><ent r="3" t="101" w="102" /><ent r="3" t="108" w="79" /><ent r="4" t="115" w="51" /><ent r="4" t="115" w="56" /><ent r="4" t="115" w="100" /><ent r="4" t="115" w="152" /><ent r="4" t="117" w="351" /><ent r="4" t="117" w="417" /><ent r="64" t="118" w="132" /><ent r="64" t="119" w="230" /><ent r="64" t="120" w="123" /><ent r="4" t="122" w="66" /><ent r="64" t="122" w="110" /><ent r="1000" t="124" w="1" /><ent r="102" t="124" w="20" /><ent r="4" t="124" w="72" /><ent r="3" t="126" w="51" /><ent r="3" t="126" w="58" /><ent r="3" t="126" w="106" /><ent r="3" t="126" w="113" /><ent r="4" t="127" w="33" /><ent r="4" t="127" w="40" /><ent r="4" t="128" w="109" /><ent r="4" t="128" w="148" /><ent r="4" t="128" w="243" /><ent r="4" t="129" w="108" /><ent r="3" t="129" w="157" /><ent r="3" t="129" w="193" /><ent r="4" t="129" w="207" /><ent r="4" t="129" w="292" /><ent r="4" t="129" w="304" /><ent r="4" t="129" w="319" /><ent r="4" t="129" w="491" /><ent r="4" t="129" w="536" /><ent r="4" t="129" w="560" /><ent r="4" t="131" w="81" /><ent r="4" t="133" w="124" /><ent r="4" t="138" w="120" /><ent r="4" t="142" w="89" /><ent r="4" t="142" w="94" /><ent r="4" t="142" w="104" /><ent r="4" t="143" w="325" /><ent r="3" t="145" w="211" /><ent r="3" t="145" w="248" /><ent r="4" t="146" w="136" /><ent r="4" t="146" w="144" /><ent r="4" t="146" w="247" /><ent r="3" t="148" w="139" /><ent r="3" t="149" w="150" /><ent r="4" t="151" w="235" /><ent r="4" t="151" w="400" /><ent r="4" t="153" w="168" /><ent r="4" t="153" w="557" /><ent r="3" t="153" w="742" /><ent r="4" t="154" w="85" /><ent r="4" t="154" w="197" /><ent r="4" t="155" w="275" /><ent r="4" t="155" w="322" /><ent r="4" t="157" w="168" /><ent r="4" t="158" w="176" /><ent r="4" t="158" w="223" /><ent r="4" t="160" w="131" /><ent r="4" t="160" w="152" /><ent r="4" t="160" w="217" /><ent r="4" t="161" w="104" /><ent r="4" t="163" w="370" /><ent r="4" t="163" w="420" /><ent r="4" t="163" w="1927" /><ent r="4" t="163" w="1954" /><ent r="4" t="163" w="2171" /><ent r="4" t="163" w="2347" /><ent r="4" t="164" w="520" /><ent r="4" t="164" w="570" /><ent r="6" t="164" w="759" /><ent r="4" t="164" w="906" /><ent r="6" t="164" w="1632" /><ent r="4" t="164" w="2258" /><ent r="4" t="164" w="2504" /><ent r="4" t="164" w="2576" /><ent r="4" t="165" w="232" /><ent r="4" t="165" w="282" /><ent r="4" t="165" w="690" /><ent r="4" t="165" w="765" /><ent r="4" t="165" w="876" /><ent r="4" t="165" w="1039" /><ent r="4" t="165" w="1281" /><ent r="4" t="166" w="192" /><ent r="4" t="166" w="242" /><ent r="4" t="166" w="921" /><ent r="92" t="166" w="969" /><ent r="4" t="166" w="1031" /><ent r="4" t="166" w="1092" /><ent r="4" t="166" w="1101" /><ent r="4" t="166" w="1492" /><ent r="4" t="167" w="470" /><ent r="4" t="167" w="520" /><ent r="4" t="167" w="834" /><ent r="4" t="167" w="857" /><ent r="4" t="167" w="863" /><ent r="4" t="167" w="1022" /><ent r="4" t="168" w="455" /><ent r="4" t="168" w="505" /><ent r="4" t="168" w="831" /><ent r="6" t="168" w="1000" /><ent r="4" t="169" w="346" /><ent r="4" t="169" w="396" /><ent r="4" t="169" w="564" /><ent r="4" t="169" w="859" /><ent r="4" t="169" w="913" /><ent r="4" t="169" w="961" /><ent r="3" t="169" w="1142" /><ent r="4" t="170" w="360" /><ent r="4" t="170" w="410" /><ent r="4" t="170" w="555" /><ent r="4" t="170" w="565" /><ent r="4" t="170" w="627" /><ent r="4" t="170" w="637" /><ent r="4" t="170" w="1244" /><ent r="4" t="170" w="1338" /><ent r="4" t="170" w="1489" /><ent r="4" t="170" w="2037" /><ent r="4" t="171" w="257" /><ent r="4" t="171" w="307" /><ent r="4" t="171" w="481" /><ent r="4" t="171" w="549" /><ent r="4" t="171" w="559" /><ent r="4" t="171" w="603" /><ent r="4" t="171" w="613" /><ent r="3" t="171" w="763" /><ent r="3" t="171" w="910" /><ent r="3" t="171" w="1021" /><ent r="4" t="172" w="100" /><ent r="4" t="180" w="92" /><ent r="3" t="191" w="53" /><ent r="4" t="193" w="207" /><ent r="4" t="194" w="143" /><ent r="4" t="195" w="96" /><ent r="4" t="196" w="141" /><ent r="4" t="197" w="232" /><ent r="4" t="197" w="280" /><ent r="5" t="204" w="128" /><ent r="4" t="205" w="228" /><ent r="4" t="209" w="110" /><ent r="4" t="209" w="243" /><ent r="7" t="216" w="70" /></phr><phr n="selected"><ent r="6" t="3" w="24" /><ent r="7" t="5" w="63" /><ent r="7" t="5" w="102" /><ent r="7" t="5" w="141" /><ent r="7" t="11" w="189" /><ent r="7" t="13" w="61" /><ent r="6" t="14" w="482" /><ent r="6" t="14" w="498" /><ent r="3" t="20" w="22" /><ent r="3" t="21" w="381" /><ent r="3" t="34" w="46" /><ent r="4" t="43" w="211" /><ent r="4" t="45" w="88" /><ent r="3" t="45" w="119" /><ent r="4" t="47" w="98" /><ent r="3" t="51" w="26" /><ent r="3" t="51" w="273" /><ent r="3" t="57" w="119" /><ent r="3" t="57" w="129" /><ent r="3" t="57" w="144" /><ent r="3" t="57" w="176" /><ent r="3" t="57" w="196" /><ent r="3" t="69" w="297" /><ent r="3" t="70" w="114" /><ent r="4" t="73" w="448" /><ent r="4" t="76" w="104" /><ent r="3" t="81" w="277" /><ent r="5" t="82" w="386" /><ent r="3" t="84" w="30" /><ent r="3" t="86" w="128" /><ent r="4" t="87" w="151" /><ent r="4" t="94" w="210" /><ent r="3" t="94" w="216" /><ent r="4" t="96" w="255" /><ent r="4" t="97" w="133" /><ent r="4" t="98" w="152" /><ent r="4" t="99" w="152" /><ent r="4" t="105" w="515" /><ent r="3" t="105" w="552" /><ent r="7" t="106" w="78" /><ent r="7" t="106" w="100" /><ent r="7" t="106" w="104" /><ent r="7" t="106" w="109" /><ent r="7" t="106" w="117" /><ent r="7" t="106" w="136" /><ent r="7" t="106" w="140" /><ent r="7" t="106" w="145" /><ent r="7" t="106" w="174" /><ent r="7" t="106" w="178" /><ent r="7" t="106" w="183" /><ent r="7" t="106" w="214" /><ent r="5" t="106" w="227" /><ent r="7" t="106" w="241" /><ent r="7" t="106" w="275" /><ent r="100" t="122" w="6" /><ent r="3" t="122" w="29" /><ent r="3" t="122" w="64" /><ent r="3" t="128" w="625" /><ent r="4" t="131" w="106" /><ent r="3" t="133" w="245" /><ent r="3" t="134" w="190" /><ent r="4" t="134" w="227" /><ent r="4" t="135" w="207" /><ent r="4" t="136" w="198" /><ent r="4" t="137" w="157" /><ent r="4" t="138" w="155" /><ent r="4" t="139" w="147" /><ent r="3" t="139" w="229" /><ent r="3" t="140" w="203" /><ent r="4" t="140" w="264" /><ent r="3" t="141" w="136" /><ent r="4" t="146" w="188" /><ent r="3" t="151" w="56" /><ent r="4" t="151" w="345" /><ent r="3" t="153" w="226" /><ent r="3" t="153" w="971" /><ent r="3" t="154" w="115" /><ent r="3" t="154" w="140" /><ent r="3" t="157" w="314" /><ent r="3" t="158" w="217" /><ent r="4" t="158" w="248" /><ent r="4" t="160" w="122" /><ent r="4" t="161" w="373" /><ent r="4" t="163" w="444" /><ent r="4" t="163" w="566" /><ent r="3" t="163" w="662" /><ent r="3" t="163" w="1764" /><ent r="4" t="163" w="1953" /><ent r="4" t="163" w="2203" /><ent r="4" t="163" w="2211" /><ent r="3" t="164" w="148" /><ent r="4" t="164" w="594" /><ent r="3" t="164" w="796" /><ent r="3" t="164" w="854" /><ent r="4" t="164" w="1170" /><ent r="3" t="165" w="121" /><ent r="4" t="165" w="306" /><ent r="4" t="165" w="477" /><ent r="5" t="165" w="1128" /><ent r="4" t="166" w="266" /><ent r="4" t="167" w="544" /><ent r="4" t="168" w="529" /><ent r="4" t="169" w="420" /><ent r="4" t="170" w="434" /><ent r="4" t="170" w="707" /><ent r="3" t="170" w="728" /><ent r="4" t="171" w="331" /><ent r="3" t="176" w="74" /><ent r="3" t="178" w="169" /><ent r="3" t="191" w="28" /><ent r="3" t="192" w="119" /><ent r="3" t="192" w="138" /><ent r="4" t="207" w="156" /><ent r="3" t="209" w="278" /><ent r="3" t="213" w="188" /><ent r="3" t="213" w="199" /><ent r="7" t="214" w="68" /><ent r="7" t="214" w="84" /><ent r="7" t="214" w="88" /><ent r="7" t="214" w="93" /><ent r="7" t="214" w="107" /><ent r="7" t="214" w="120" /><ent r="7" t="214" w="124" /><ent r="7" t="214" w="129" /><ent r="7" t="214" w="159" /><ent r="7" t="214" w="163" /><ent r="7" t="214" w="168" /><ent r="7" t="216" w="95" /><ent r="5" t="216" w="118" /><ent r="7" t="216" w="143" /><ent r="7" t="216" w="181" /></phr><phr n="selection"><ent r="6" t="3" w="36" /><ent r="4" t="26" w="269" /><ent r="4" t="26" w="298" /><ent r="4" t="41" w="69" /><ent r="4" t="43" w="257" /><ent r="3" t="78" w="97" /><ent r="3" t="131" w="546" /><ent r="3" t="153" w="398" /><ent r="4" t="169" w="797" /><ent r="3" t="191" w="70" /><ent r="4" t="193" w="195" /><ent r="4" t="193" w="224" /><ent r="4" t="194" w="131" /><ent r="4" t="194" w="160" /><ent r="4" t="195" w="84" /><ent r="4" t="195" w="113" /><ent r="4" t="196" w="129" /><ent r="4" t="196" w="158" /><ent r="6" t="218" w="222" /><ent r="6" t="218" w="230" /><ent r="6" t="218" w="238" /><ent r="6" t="218" w="246" /><ent r="6" t="218" w="254" /><ent r="6" t="218" w="262" /><ent r="6" t="218" w="271" /><ent r="6" t="218" w="279" /></phr><phr n="Selection"><ent r="7" t="8" w="152" /><ent r="68" t="8" w="162" /><ent r="5" t="26" w="274" /><ent r="92" t="26" w="279" /><ent r="1000" t="52" w="3" /><ent r="100" t="52" w="7" /><ent r="100" t="52" w="12" /><ent r="102" t="52" w="17" /><ent r="3" t="52" w="23" /><ent r="3" t="52" w="40" /><ent r="3" t="52" w="58" /><ent r="4" t="116" w="142" /><ent r="5" t="165" w="470" /><ent r="3" t="165" w="723" /><ent r="4" t="165" w="867" /><ent r="4" t="166" w="1052" /><ent r="4" t="168" w="850" /><ent r="3" t="178" w="303" /><ent r="92" t="191" w="51" /><ent r="5" t="193" w="200" /><ent r="92" t="193" w="205" /><ent r="5" t="194" w="136" /><ent r="92" t="194" w="141" /><ent r="5" t="195" w="89" /><ent r="92" t="195" w="94" /><ent r="5" t="196" w="134" /><ent r="92" t="196" w="139" /><ent r="6" t="218" w="218" /><ent r="6" t="218" w="226" /><ent r="6" t="218" w="234" /><ent r="6" t="218" w="242" /><ent r="6" t="218" w="250" /><ent r="6" t="218" w="258" /><ent r="6" t="218" w="267" /><ent r="6" t="218" w="275" /></phr><phr n="selects"><ent r="7" t="8" w="232" /><ent r="4" t="20" w="112" /><ent r="3" t="134" w="170" /><ent r="3" t="139" w="209" /><ent r="3" t="140" w="183" /><ent r="4" t="153" w="455" /><ent r="4" t="153" w="616" /><ent r="4" t="153" w="812" /><ent r="3" t="188" w="161" /><ent r="3" t="194" w="51" /></phr><phr n="selections"><ent r="4" t="26" w="356" /><ent r="3" t="38" w="9" /><ent r="3" t="39" w="9" /><ent r="3" t="82" w="111" /><ent r="4" t="129" w="252" /><ent r="4" t="129" w="265" /><ent r="4" t="129" w="337" /><ent r="4" t="141" w="339" /><ent r="3" t="141" w="368" /><ent r="3" t="193" w="115" /><ent r="4" t="193" w="282" /><ent r="4" t="194" w="218" /><ent r="4" t="195" w="171" /><ent r="3" t="196" w="49" /><ent r="4" t="196" w="216" /></phr><phr n="selecting"><ent r="3" t="41" w="210" /><ent r="4" t="67" w="53" /><ent r="3" t="77" w="246" /><ent r="3" t="79" w="110" /><ent r="4" t="99" w="404" /><ent r="3" t="107" w="247" /><ent r="3" t="109" w="165" /><ent r="3" t="157" w="231" /><ent r="4" t="161" w="204" /><ent r="4" t="163" w="678" /><ent r="4" t="164" w="744" /><ent r="4" t="168" w="917" /><ent r="3" t="168" w="1200" /><ent r="4" t="169" w="785" /><ent r="4" t="170" w="1969" /><ent r="4" t="170" w="2050" /><ent r="4" t="170" w="2074" /><ent r="4" t="171" w="1544" /><ent r="6" t="208" w="186" /><ent r="6" t="208" w="355" /><ent r="6" t="208" w="399" /><ent r="6" t="208" w="402" /><ent r="6" t="208" w="566" /></phr><phr n="Selects"><ent r="7" t="52" w="67" /><ent r="3" t="57" w="213" /><ent r="7" t="216" w="73" /></phr><phr n="Selected"><ent r="5" t="99" w="401" /><ent r="64" t="118" w="129" /><ent r="64" t="119" w="227" /><ent r="64" t="120" w="120" /><ent r="1000" t="122" w="2" /><ent r="102" t="122" w="10" /><ent r="3" t="122" w="15" /><ent r="5" t="122" w="82" /><ent r="5" t="169" w="716" /><ent r="5" t="169" w="863" /><ent r="4" t="170" w="1322" /><ent r="3" t="171" w="998" /></phr><phr n="Selecting"><ent r="64" t="159" w="164" /><ent r="1000" t="160" w="1" /><ent r="102" t="160" w="15" /><ent r="92" t="192" w="19" /><ent r="93" t="213" w="141" /></phr><phr n="Selections"><ent r="4" t="191" w="46" /></phr></stem></index>