﻿<?xml version="1.0" encoding="utf-8"?><index><stem n="draw"><phr n="Draw"><ent r="7" t="8" w="58" /><ent r="5" t="13" w="63" /><ent r="100" t="58" w="234" /><ent r="4" t="58" w="241" /><ent r="4" t="175" w="716" /></phr><phr n="drawing"><ent r="4" t="40" w="179" /></phr><phr n="draw"><ent r="4" t="47" w="317" /><ent r="4" t="49" w="172" /><ent r="4" t="65" w="77" /><ent r="3" t="71" w="30" /><ent r="4" t="71" w="67" /><ent r="3" t="103" w="237" /><ent r="3" t="180" w="1102" /></phr></stem><stem n="eras"><phr n="Erase"><ent r="7" t="8" w="63" /><ent r="7" t="8" w="165" /></phr></stem><stem n="show"><phr n="Show"><ent r="7" t="8" w="77" /><ent r="7" t="8" w="89" /><ent r="7" t="13" w="85" /><ent r="5" t="13" w="98" /><ent r="5" t="13" w="115" /><ent r="7" t="13" w="130" /><ent r="64" t="53" w="198" /><ent r="64" t="54" w="102" /><ent r="1000" t="57" w="1" /><ent r="102" t="57" w="5" /><ent r="4" t="99" w="213" /><ent r="4" t="100" w="147" /><ent r="5" t="106" w="442" /><ent r="4" t="150" w="246" /></phr><phr n="Shows"><ent r="6" t="14" w="326" /></phr><phr n="shows"><ent r="3" t="21" w="354" /><ent r="3" t="126" w="275" /><ent r="4" t="173" w="1088" /><ent r="3" t="173" w="1198" /><ent r="3" t="173" w="1222" /><ent r="3" t="173" w="1244" /><ent r="4" t="173" w="2089" /><ent r="4" t="174" w="1012" /></phr><phr n="show"><ent r="100" t="57" w="9" /><ent r="100" t="57" w="16" /><ent r="3" t="57" w="22" /><ent r="4" t="106" w="388" /><ent r="3" t="150" w="236" /><ent r="3" t="159" w="288" /><ent r="4" t="181" w="1834" /><ent r="4" t="224" w="79" /></phr><phr n="showing"><ent r="3" t="174" w="2767" /></phr></stem><stem n="label"><phr n="Labels"><ent r="7" t="8" w="79" /><ent r="7" t="8" w="91" /><ent r="7" t="10" w="83" /><ent r="7" t="13" w="134" /><ent r="4" t="150" w="247" /><ent r="4" t="160" w="189" /></phr><phr n="labels"><ent r="7" t="8" w="86" /><ent r="7" t="10" w="95" /><ent r="7" t="13" w="142" /><ent r="3" t="150" w="237" /><ent r="3" t="150" w="256" /><ent r="3" t="160" w="37" /></phr><phr n="labeled"><ent r="7" t="10" w="109" /><ent r="3" t="21" w="378" /><ent r="4" t="146" w="155" /><ent r="4" t="170" w="113" /><ent r="4" t="177" w="844" /><ent r="4" t="180" w="827" /></phr><phr n="Label"><ent r="5" t="13" w="101" /><ent r="5" t="13" w="118" /><ent r="4" t="145" w="155" /></phr><phr n="label"><ent r="5" t="13" w="108" /><ent r="7" t="13" w="156" /><ent r="7" t="13" w="187" /><ent r="4" t="58" w="254" /><ent r="3" t="144" w="159" /><ent r="4" t="150" w="136" /><ent r="3" t="160" w="43" /><ent r="3" t="160" w="111" /><ent r="3" t="160" w="133" /><ent r="3" t="160" w="178" /><ent r="3" t="177" w="1108" /><ent r="3" t="177" w="1112" /><ent r="5" t="184" w="192" /><ent r="3" t="227" w="29" /><ent r="3" t="228" w="24" /></phr></stem><stem n="contain"><phr n="contains"><ent r="7" t="8" w="99" /><ent r="3" t="14" w="21" /><ent r="4" t="23" w="96" /><ent r="3" t="32" w="37" /><ent r="3" t="60" w="93" /><ent r="3" t="60" w="111" /><ent r="3" t="100" w="38" /><ent r="3" t="101" w="47" /><ent r="3" t="101" w="75" /><ent r="3" t="107" w="321" /><ent r="3" t="122" w="34" /><ent r="3" t="122" w="482" /><ent r="3" t="122" w="904" /><ent r="3" t="152" w="428" /><ent r="3" t="157" w="63" /><ent r="3" t="159" w="246" /><ent r="4" t="162" w="65" /><ent r="3" t="166" w="103" /><ent r="3" t="173" w="259" /><ent r="3" t="178" w="1237" /><ent r="3" t="182" w="133" /><ent r="3" t="190" w="134" /><ent r="3" t="194" w="126" /></phr><phr n="contain"><ent r="3" t="49" w="94" /><ent r="3" t="99" w="67" /><ent r="3" t="99" w="83" /><ent r="3" t="122" w="460" /><ent r="3" t="152" w="484" /><ent r="3" t="163" w="509" /><ent r="3" t="163" w="524" /><ent r="3" t="172" w="29" /><ent r="4" t="173" w="2261" /><ent r="4" t="176" w="1103" /><ent r="3" t="181" w="211" /><ent r="3" t="188" w="93" /><ent r="3" t="190" w="598" /><ent r="3" t="192" w="232" /></phr><phr n="contained"><ent r="4" t="105" w="274" /><ent r="3" t="163" w="496" /><ent r="4" t="163" w="579" /><ent r="3" t="174" w="806" /><ent r="3" t="188" w="197" /></phr><phr n="containing"><ent r="3" t="163" w="130" /><ent r="4" t="166" w="185" /><ent r="4" t="174" w="1333" /><ent r="4" t="174" w="1495" /><ent r="4" t="189" w="46" /><ent r="4" t="189" w="64" /><ent r="4" t="189" w="114" /><ent r="4" t="189" w="156" /></phr></stem><stem n="vector"><phr n="vector"><ent r="7" t="8" w="100" /><ent r="64" t="80" w="199" /><ent r="3" t="177" w="184" /><ent r="3" t="178" w="174" /></phr></stem><stem n="id"><phr n="IDs"><ent r="7" t="8" w="109" /></phr><phr n="ID"><ent r="3" t="99" w="97" /><ent r="3" t="99" w="145" /><ent r="3" t="137" w="28" /></phr></stem><stem n="append"><phr n="Append"><ent r="7" t="8" w="112" /><ent r="5" t="26" w="585" /></phr><phr n="appended"><ent r="3" t="26" w="33" /></phr><phr n="append"><ent r="4" t="26" w="591" /></phr></stem><stem n="ad"><phr n="added"><ent r="7" t="8" w="127" /><ent r="7" t="8" w="147" /><ent r="4" t="73" w="145" /><ent r="3" t="80" w="260" /><ent r="3" t="100" w="76" /><ent r="3" t="118" w="93" /><ent r="4" t="123" w="154" /><ent r="4" t="123" w="253" /><ent r="3" t="125" w="88" /><ent r="3" t="143" w="181" /><ent r="3" t="149" w="220" /><ent r="3" t="150" w="194" /><ent r="3" t="155" w="125" /><ent r="4" t="168" w="144" /><ent r="3" t="175" w="745" /><ent r="4" t="176" w="869" /><ent r="3" t="177" w="735" /><ent r="4" t="180" w="142" /><ent r="3" t="181" w="1491" /><ent r="3" t="181" w="1519" /><ent r="3" t="181" w="1538" /><ent r="3" t="212" w="149" /></phr><phr n="adding"><ent r="3" t="112" w="327" /><ent r="3" t="122" w="278" /><ent r="3" t="231" w="239" /></phr><phr n="Adding"><ent r="3" t="120" w="124" /><ent r="3" t="120" w="468" /><ent r="92" t="122" w="159" /><ent r="3" t="181" w="1585" /><ent r="3" t="181" w="1610" /><ent r="3" t="181" w="1632" /><ent r="3" t="181" w="1653" /></phr></stem><stem n="pixel"><phr n="Pixel"><ent r="7" t="8" w="151" /><ent r="68" t="8" w="161" /><ent r="7" t="8" w="189" /><ent r="5" t="49" w="185" /><ent r="1000" t="59" w="2" /><ent r="100" t="59" w="6" /><ent r="100" t="59" w="11" /><ent r="102" t="59" w="16" /><ent r="3" t="59" w="22" /><ent r="3" t="59" w="39" /><ent r="3" t="59" w="57" /><ent r="5" t="106" w="443" /><ent r="3" t="175" w="731" /><ent r="4" t="175" w="879" /><ent r="4" t="176" w="1077" /><ent r="4" t="178" w="850" /></phr><phr n="Pixels"><ent r="7" t="8" w="168" /><ent r="7" t="8" w="174" /><ent r="7" t="8" w="193" /><ent r="3" t="163" w="13" /></phr><phr n="pixel"><ent r="7" t="10" w="93" /><ent r="6" t="11" w="330" /><ent r="3" t="13" w="43" /><ent r="4" t="26" w="397" /><ent r="4" t="26" w="542" /><ent r="4" t="26" w="557" /><ent r="3" t="40" w="30" /><ent r="4" t="40" w="214" /><ent r="4" t="49" w="193" /><ent r="7" t="59" w="70" /><ent r="3" t="61" w="23" /><ent r="4" t="61" w="46" /><ent r="3" t="62" w="30" /><ent r="3" t="62" w="83" /><ent r="3" t="72" w="19" /><ent r="3" t="72" w="44" /><ent r="3" t="72" w="73" /><ent r="3" t="81" w="69" /><ent r="3" t="82" w="149" /><ent r="3" t="88" w="57" /><ent r="4" t="105" w="298" /><ent r="4" t="105" w="307" /><ent r="4" t="106" w="480" /><ent r="3" t="107" w="19" /><ent r="3" t="107" w="230" /><ent r="4" t="151" w="307" /><ent r="3" t="151" w="314" /><ent r="3" t="152" w="209" /><ent r="3" t="161" w="33" /><ent r="3" t="161" w="88" /><ent r="3" t="164" w="156" /><ent r="3" t="164" w="175" /><ent r="4" t="168" w="97" /><ent r="4" t="168" w="104" /><ent r="4" t="168" w="138" /><ent r="4" t="168" w="140" /><ent r="4" t="173" w="1092" /><ent r="4" t="173" w="1103" /><ent r="3" t="174" w="145" /><ent r="3" t="174" w="197" /><ent r="3" t="174" w="210" /><ent r="3" t="174" w="968" /><ent r="3" t="174" w="970" /><ent r="3" t="174" w="1296" /><ent r="4" t="174" w="2296" /><ent r="3" t="175" w="133" /><ent r="3" t="175" w="137" /><ent r="4" t="176" w="850" /><ent r="4" t="176" w="866" /><ent r="4" t="177" w="670" /><ent r="3" t="183" w="29" /><ent r="7" t="193" w="311" /><ent r="7" t="193" w="431" /><ent r="7" t="193" w="435" /><ent r="7" t="193" w="439" /><ent r="7" t="193" w="442" /><ent r="7" t="193" w="445" /><ent r="7" t="193" w="448" /><ent r="7" t="193" w="560" /><ent r="7" t="193" w="567" /><ent r="3" t="193" w="783" /><ent r="3" t="202" w="52" /><ent r="3" t="202" w="102" /><ent r="5" t="219" w="335" /><ent r="6" t="223" w="121" /><ent r="7" t="227" w="44" /><ent r="7" t="228" w="40" /><ent r="3" t="231" w="139" /><ent r="3" t="231" w="168" /><ent r="3" t="231" w="196" /><ent r="3" t="231" w="371" /><ent r="3" t="231" w="388" /><ent r="3" t="231" w="454" /><ent r="3" t="231" w="508" /><ent r="3" t="231" w="534" /></phr><phr n="pixels"><ent r="7" t="10" w="103" /><ent r="4" t="26" w="80" /><ent r="5" t="26" w="411" /><ent r="5" t="26" w="428" /><ent r="5" t="26" w="444" /><ent r="5" t="26" w="485" /><ent r="3" t="46" w="137" /><ent r="4" t="48" w="228" /><ent r="3" t="58" w="27" /><ent r="4" t="58" w="45" /><ent r="4" t="58" w="49" /><ent r="4" t="58" w="249" /><ent r="3" t="58" w="274" /><ent r="4" t="60" w="86" /><ent r="3" t="60" w="95" /><ent r="3" t="60" w="107" /><ent r="3" t="60" w="113" /><ent r="3" t="66" w="52" /><ent r="4" t="74" w="47" /><ent r="4" t="74" w="55" /><ent r="3" t="82" w="92" /><ent r="3" t="86" w="16" /><ent r="3" t="86" w="31" /><ent r="4" t="105" w="199" /><ent r="4" t="105" w="202" /><ent r="3" t="105" w="359" /><ent r="4" t="106" w="196" /><ent r="3" t="106" w="255" /><ent r="3" t="107" w="204" /><ent r="3" t="107" w="276" /><ent r="3" t="107" w="472" /><ent r="3" t="112" w="353" /><ent r="3" t="140" w="173" /><ent r="3" t="140" w="276" /><ent r="3" t="140" w="480" /><ent r="3" t="140" w="644" /><ent r="3" t="143" w="192" /><ent r="5" t="148" w="699" /><ent r="5" t="148" w="1122" /><ent r="3" t="149" w="231" /><ent r="4" t="149" w="293" /><ent r="4" t="149" w="313" /><ent r="4" t="149" w="332" /><ent r="4" t="149" w="352" /><ent r="3" t="150" w="205" /><ent r="3" t="151" w="283" /><ent r="5" t="156" w="569" /><ent r="3" t="157" w="190" /><ent r="5" t="161" w="690" /><ent r="3" t="168" w="218" /><ent r="3" t="173" w="147" /><ent r="3" t="173" w="169" /><ent r="4" t="173" w="1114" /><ent r="3" t="173" w="1313" /><ent r="3" t="173" w="1339" /><ent r="3" t="174" w="2036" /><ent r="3" t="174" w="2044" /><ent r="3" t="174" w="2052" /><ent r="4" t="174" w="2616" /><ent r="3" t="175" w="122" /><ent r="3" t="175" w="742" /><ent r="3" t="178" w="1280" /><ent r="7" t="193" w="95" /><ent r="7" t="193" w="530" /><ent r="3" t="213" w="75" /><ent r="3" t="215" w="80" /><ent r="3" t="231" w="95" /><ent r="3" t="231" w="430" /><ent r="3" t="231" w="492" /></phr></stem><stem n="-down."><phr n="-down."><ent r="7" t="8" w="159" /><ent r="7" t="8" w="159" /><ent r="3" t="62" w="99" /><ent r="3" t="62" w="99" /><ent r="3" t="62" w="119" /><ent r="3" t="62" w="119" /><ent r="3" t="73" w="295" /><ent r="3" t="73" w="295" /><ent r="4" t="173" w="570" /><ent r="4" t="173" w="570" /></phr></stem><stem n="merg"><phr n="Merge"><ent r="7" t="8" w="177" /><ent r="68" t="8" w="185" /><ent r="1000" t="60" w="1" /><ent r="102" t="60" w="10" /><ent r="4" t="60" w="14" /><ent r="4" t="60" w="38" /><ent r="3" t="60" w="44" /><ent r="5" t="60" w="80" /></phr><phr n="merge"><ent r="100" t="60" w="4" /><ent r="100" t="60" w="8" /><ent r="4" t="60" w="20" /><ent r="3" t="60" w="27" /><ent r="4" t="60" w="57" /><ent r="3" t="60" w="92" /><ent r="3" t="60" w="110" /><ent r="3" t="68" w="151" /><ent r="3" t="70" w="57" /></phr><phr n="merges"><ent r="3" t="70" w="20" /></phr></stem><stem n="marker"><phr n="Marker"><ent r="7" t="8" w="196" /><ent r="68" t="8" w="209" /><ent r="7" t="8" w="213" /><ent r="7" t="9" w="37" /><ent r="7" t="9" w="59" /><ent r="7" t="10" w="66" /><ent r="1000" t="61" w="3" /><ent r="102" t="61" w="13" /><ent r="4" t="61" w="35" /><ent r="5" t="147" w="131" /><ent r="92" t="149" w="161" /></phr><phr n="marker"><ent r="7" t="8" w="204" /><ent r="7" t="8" w="221" /><ent r="7" t="8" w="227" /><ent r="7" t="8" w="238" /><ent r="7" t="10" w="75" /><ent r="7" t="10" w="94" /><ent r="3" t="37" w="91" /><ent r="3" t="37" w="116" /><ent r="3" t="37" w="125" /><ent r="100" t="61" w="7" /><ent r="3" t="61" w="24" /><ent r="4" t="61" w="47" /><ent r="4" t="61" w="53" /><ent r="3" t="62" w="84" /><ent r="3" t="72" w="54" /><ent r="3" t="143" w="155" /><ent r="3" t="144" w="191" /><ent r="3" t="147" w="24" /><ent r="6" t="149" w="129" /><ent r="3" t="149" w="194" /><ent r="3" t="150" w="168" /><ent r="3" t="157" w="167" /><ent r="4" t="175" w="936" /></phr><phr n="markers"><ent r="3" t="62" w="31" /><ent r="3" t="88" w="58" /><ent r="3" t="157" w="31" /><ent r="4" t="168" w="197" /><ent r="3" t="175" w="134" /><ent r="4" t="176" w="927" /><ent r="3" t="183" w="30" /></phr></stem><stem n="symbol"><phr n="Symbol"><ent r="7" t="8" w="197" /><ent r="68" t="8" w="210" /><ent r="7" t="9" w="38" /><ent r="1000" t="61" w="4" /><ent r="102" t="61" w="14" /><ent r="4" t="61" w="36" /><ent r="4" t="62" w="95" /><ent r="5" t="143" w="134" /><ent r="5" t="144" w="148" /><ent r="4" t="144" w="167" /><ent r="5" t="147" w="143" /><ent r="4" t="149" w="173" /><ent r="5" t="150" w="144" /><ent r="4" t="157" w="141" /><ent r="4" t="157" w="174" /><ent r="4" t="160" w="119" /></phr><phr n="symbol"><ent r="7" t="8" w="205" /><ent r="100" t="61" w="8" /><ent r="3" t="144" w="72" /><ent r="3" t="157" w="146" /><ent r="3" t="157" w="186" /><ent r="4" t="174" w="1351" /><ent r="3" t="174" w="1393" /></phr><phr n="symbols"><ent r="3" t="157" w="152" /><ent r="3" t="174" w="1208" /><ent r="3" t="174" w="1444" /></phr></stem><stem n="color"><phr n="Color"><ent r="7" t="8" w="214" /><ent r="68" t="8" w="242" /><ent r="7" t="9" w="60" /><ent r="68" t="9" w="63" /><ent r="7" t="10" w="67" /><ent r="68" t="10" w="80" /><ent r="1000" t="44" w="1" /><ent r="102" t="44" w="4" /><ent r="3" t="44" w="28" /><ent r="92" t="44" w="44" /><ent r="92" t="44" w="189" /><ent r="82" t="44" w="205" /><ent r="92" t="44" w="210" /><ent r="4" t="44" w="415" /><ent r="5" t="44" w="423" /><ent r="1000" t="45" w="1" /><ent r="102" t="45" w="6" /><ent r="64" t="47" w="218" /><ent r="4" t="62" w="114" /><ent r="3" t="62" w="126" /><ent r="64" t="62" w="145" /><ent r="4" t="65" w="229" /><ent r="65" t="65" w="247" /><ent r="4" t="65" w="271" /><ent r="65" t="65" w="289" /><ent r="4" t="67" w="213" /><ent r="65" t="67" w="231" /><ent r="6" t="89" w="317" /><ent r="66" t="89" w="347" /><ent r="1000" t="94" w="1" /><ent r="100" t="94" w="5" /><ent r="100" t="94" w="8" /><ent r="102" t="94" w="11" /><ent r="3" t="94" w="14" /><ent r="5" t="94" w="91" /><ent r="5" t="94" w="103" /><ent r="4" t="94" w="113" /><ent r="5" t="94" w="216" /><ent r="100" t="94" w="228" /><ent r="5" t="94" w="232" /><ent r="4" t="94" w="238" /><ent r="64" t="94" w="277" /><ent r="1000" t="95" w="3" /><ent r="102" t="95" w="8" /><ent r="100" t="95" w="36" /><ent r="100" t="95" w="40" /><ent r="100" t="95" w="45" /><ent r="100" t="95" w="49" /><ent r="5" t="95" w="93" /><ent r="5" t="95" w="106" /><ent r="64" t="95" w="178" /><ent r="64" t="95" w="330" /><ent r="4" t="103" w="186" /><ent r="64" t="103" w="204" /><ent r="5" t="105" w="437" /><ent r="65" t="105" w="456" /><ent r="6" t="122" w="360" /><ent r="4" t="143" w="151" /><ent r="64" t="143" w="162" /><ent r="4" t="143" w="168" /><ent r="4" t="144" w="187" /><ent r="64" t="144" w="198" /><ent r="92" t="148" w="1124" /><ent r="3" t="148" w="1144" /><ent r="64" t="148" w="1162" /><ent r="4" t="149" w="190" /><ent r="64" t="149" w="201" /><ent r="4" t="149" w="207" /><ent r="4" t="150" w="164" /><ent r="64" t="150" w="175" /><ent r="4" t="150" w="181" /><ent r="4" t="151" w="184" /><ent r="64" t="153" w="268" /><ent r="64" t="154" w="159" /><ent r="4" t="155" w="207" /><ent r="64" t="155" w="223" /><ent r="3" t="157" w="205" /><ent r="64" t="157" w="231" /><ent r="4" t="159" w="235" /><ent r="4" t="160" w="145" /><ent r="64" t="160" w="172" /><ent r="3" t="161" w="710" /><ent r="64" t="161" w="750" /><ent r="4" t="174" w="2628" /><ent r="4" t="174" w="2636" /><ent r="4" t="174" w="2738" /><ent r="4" t="175" w="937" /><ent r="5" t="177" w="847" /><ent r="4" t="177" w="856" /><ent r="3" t="180" w="644" /><ent r="4" t="180" w="828" /><ent r="1000" t="183" w="2" /><ent r="102" t="183" w="11" /><ent r="3" t="202" w="193" /><ent r="64" t="202" w="210" /><ent r="6" t="223" w="169" /><ent r="67" t="223" w="191" /><ent r="6" t="223" w="339" /><ent r="67" t="223" w="360" /><ent r="6" t="223" w="553" /><ent r="67" t="223" w="571" /></phr><phr n="color"><ent r="7" t="8" w="222" /><ent r="7" t="8" w="228" /><ent r="7" t="8" w="235" /><ent r="7" t="10" w="76" /><ent r="7" t="11" w="271" /><ent r="7" t="11" w="300" /><ent r="7" t="11" w="314" /><ent r="7" t="12" w="61" /><ent r="6" t="12" w="83" /><ent r="100" t="44" w="7" /><ent r="3" t="44" w="15" /><ent r="4" t="44" w="75" /><ent r="4" t="44" w="119" /><ent r="3" t="44" w="129" /><ent r="3" t="44" w="159" /><ent r="3" t="44" w="201" /><ent r="3" t="44" w="264" /><ent r="3" t="44" w="281" /><ent r="3" t="44" w="291" /><ent r="82" t="44" w="362" /><ent r="82" t="44" w="397" /><ent r="4" t="44" w="411" /><ent r="4" t="44" w="429" /><ent r="3" t="44" w="439" /><ent r="3" t="44" w="448" /><ent r="4" t="44" w="475" /><ent r="3" t="44" w="485" /><ent r="82" t="44" w="500" /><ent r="4" t="44" w="505" /><ent r="3" t="44" w="533" /><ent r="3" t="44" w="555" /><ent r="100" t="45" w="11" /><ent r="3" t="45" w="23" /><ent r="3" t="47" w="149" /><ent r="4" t="47" w="194" /><ent r="4" t="47" w="207" /><ent r="4" t="47" w="256" /><ent r="3" t="62" w="27" /><ent r="3" t="62" w="103" /><ent r="3" t="62" w="106" /><ent r="3" t="62" w="123" /><ent r="3" t="62" w="141" /><ent r="3" t="65" w="213" /><ent r="4" t="65" w="235" /><ent r="4" t="65" w="243" /><ent r="4" t="65" w="255" /><ent r="4" t="65" w="277" /><ent r="4" t="65" w="285" /><ent r="3" t="67" w="196" /><ent r="4" t="67" w="219" /><ent r="4" t="67" w="227" /><ent r="3" t="85" w="163" /><ent r="3" t="86" w="148" /><ent r="3" t="86" w="155" /><ent r="3" t="88" w="41" /><ent r="3" t="88" w="48" /><ent r="3" t="88" w="54" /><ent r="6" t="89" w="326" /><ent r="6" t="89" w="337" /><ent r="7" t="89" w="525" /><ent r="7" t="89" w="536" /><ent r="3" t="94" w="22" /><ent r="3" t="94" w="33" /><ent r="3" t="94" w="46" /><ent r="4" t="94" w="152" /><ent r="3" t="94" w="172" /><ent r="3" t="94" w="270" /><ent r="3" t="95" w="19" /><ent r="4" t="95" w="134" /><ent r="3" t="95" w="162" /><ent r="3" t="95" w="166" /><ent r="3" t="95" w="173" /><ent r="3" t="95" w="194" /><ent r="3" t="95" w="264" /><ent r="3" t="95" w="306" /><ent r="3" t="103" w="107" /><ent r="3" t="103" w="190" /><ent r="3" t="103" w="200" /><ent r="3" t="103" w="216" /><ent r="3" t="105" w="431" /><ent r="4" t="105" w="442" /><ent r="3" t="122" w="345" /><ent r="3" t="122" w="351" /><ent r="3" t="122" w="541" /><ent r="3" t="122" w="606" /><ent r="3" t="125" w="95" /><ent r="3" t="134" w="162" /><ent r="3" t="134" w="166" /><ent r="4" t="142" w="160" /><ent r="4" t="142" w="165" /><ent r="4" t="142" w="194" /><ent r="3" t="143" w="175" /><ent r="3" t="143" w="203" /><ent r="3" t="143" w="210" /><ent r="3" t="143" w="213" /><ent r="3" t="144" w="76" /><ent r="3" t="145" w="190" /><ent r="4" t="146" w="180" /><ent r="4" t="146" w="196" /><ent r="3" t="148" w="1131" /><ent r="3" t="149" w="214" /><ent r="3" t="149" w="241" /><ent r="3" t="149" w="248" /><ent r="3" t="149" w="251" /><ent r="3" t="150" w="188" /><ent r="3" t="150" w="217" /><ent r="3" t="150" w="224" /><ent r="3" t="150" w="227" /><ent r="3" t="151" w="193" /><ent r="3" t="153" w="217" /><ent r="3" t="153" w="281" /><ent r="3" t="154" w="32" /><ent r="3" t="154" w="38" /><ent r="4" t="154" w="122" /><ent r="3" t="154" w="144" /><ent r="3" t="154" w="155" /><ent r="3" t="155" w="192" /><ent r="3" t="155" w="212" /><ent r="3" t="157" w="28" /><ent r="3" t="157" w="195" /><ent r="3" t="157" w="198" /><ent r="3" t="157" w="220" /><ent r="3" t="157" w="227" /><ent r="3" t="160" w="30" /><ent r="3" t="160" w="134" /><ent r="3" t="160" w="137" /><ent r="3" t="160" w="161" /><ent r="3" t="160" w="168" /><ent r="3" t="161" w="697" /><ent r="3" t="161" w="742" /><ent r="3" t="169" w="48" /><ent r="4" t="170" w="203" /><ent r="4" t="170" w="235" /><ent r="3" t="173" w="1637" /><ent r="4" t="173" w="2100" /><ent r="4" t="174" w="2722" /><ent r="3" t="175" w="129" /><ent r="4" t="175" w="946" /><ent r="4" t="175" w="957" /><ent r="4" t="175" w="1508" /><ent r="3" t="175" w="1547" /><ent r="3" t="175" w="1556" /><ent r="3" t="175" w="1566" /><ent r="3" t="177" w="50" /><ent r="4" t="177" w="77" /><ent r="4" t="177" w="842" /><ent r="4" t="177" w="862" /><ent r="4" t="177" w="866" /><ent r="3" t="177" w="1072" /><ent r="3" t="177" w="1093" /><ent r="3" t="177" w="1113" /><ent r="4" t="177" w="1124" /><ent r="4" t="178" w="664" /><ent r="4" t="178" w="672" /><ent r="3" t="178" w="711" /><ent r="3" t="180" w="651" /><ent r="4" t="180" w="840" /><ent r="7" t="181" w="1170" /><ent r="100" t="183" w="4" /><ent r="100" t="183" w="8" /><ent r="3" t="183" w="21" /><ent r="3" t="183" w="38" /><ent r="4" t="183" w="42" /><ent r="4" t="183" w="62" /><ent r="4" t="183" w="73" /><ent r="3" t="183" w="83" /><ent r="4" t="183" w="96" /><ent r="4" t="183" w="101" /><ent r="4" t="183" w="112" /><ent r="4" t="183" w="120" /><ent r="4" t="183" w="129" /><ent r="3" t="202" w="180" /><ent r="6" t="223" w="176" /><ent r="6" t="223" w="347" /><ent r="6" t="223" w="561" /></phr><phr n="colored"><ent r="3" t="47" w="131" /><ent r="3" t="103" w="87" /><ent r="4" t="181" w="833" /></phr><phr n="colors"><ent r="3" t="47" w="214" /><ent r="4" t="95" w="130" /><ent r="4" t="95" w="141" /><ent r="3" t="95" w="185" /><ent r="3" t="95" w="199" /><ent r="3" t="95" w="214" /><ent r="4" t="95" w="228" /><ent r="3" t="95" w="248" /><ent r="4" t="105" w="452" /><ent r="3" t="153" w="264" /><ent r="3" t="177" w="1223" /><ent r="4" t="183" w="69" /><ent r="4" t="183" w="133" /><ent r="6" t="223" w="187" /><ent r="6" t="223" w="356" /><ent r="6" t="223" w="567" /></phr><phr n="Colors"><ent r="5" t="95" w="121" /><ent r="5" t="183" w="141" /></phr></stem><stem n="automat"><phr n="automatically"><ent r="7" t="8" w="231" /><ent r="4" t="10" w="38" /><ent r="4" t="20" w="111" /><ent r="4" t="20" w="123" /><ent r="4" t="55" w="97" /><ent r="4" t="58" w="221" /><ent r="4" t="58" w="251" /><ent r="3" t="68" w="68" /><ent r="3" t="68" w="82" /><ent r="3" t="73" w="268" /><ent r="3" t="75" w="110" /><ent r="3" t="79" w="53" /><ent r="3" t="80" w="150" /><ent r="3" t="80" w="525" /><ent r="4" t="80" w="663" /><ent r="3" t="85" w="139" /><ent r="3" t="122" w="262" /><ent r="3" t="122" w="672" /><ent r="3" t="123" w="109" /><ent r="3" t="123" w="200" /><ent r="3" t="128" w="27" /><ent r="3" t="134" w="89" /><ent r="4" t="139" w="281" /><ent r="4" t="163" w="811" /><ent r="4" t="168" w="143" /><ent r="3" t="168" w="171" /><ent r="3" t="171" w="138" /><ent r="4" t="171" w="344" /><ent r="3" t="173" w="824" /><ent r="3" t="173" w="1751" /><ent r="3" t="174" w="216" /><ent r="3" t="174" w="801" /><ent r="4" t="174" w="1093" /><ent r="4" t="175" w="756" /><ent r="4" t="175" w="950" /><ent r="4" t="176" w="868" /><ent r="3" t="176" w="894" /><ent r="3" t="176" w="1297" /><ent r="4" t="181" w="1792" /><ent r="5" t="184" w="228" /><ent r="5" t="184" w="243" /><ent r="4" t="190" w="527" /><ent r="7" t="193" w="481" /><ent r="3" t="221" w="183" /></phr><phr n="Automatic"><ent r="5" t="48" w="201" /><ent r="4" t="159" w="259" /><ent r="84" t="174" w="728" /><ent r="4" t="174" w="2291" /></phr><phr n="Automatically"><ent r="4" t="80" w="511" /></phr><phr n="automatic"><ent r="3" t="174" w="724" /></phr></stem><stem n="contrast"><phr n="contrasting"><ent r="7" t="8" w="234" /><ent r="4" t="175" w="956" /></phr><phr n="contrast"><ent r="100" t="12" w="5" /><ent r="7" t="12" w="39" /><ent r="7" t="12" w="66" /><ent r="6" t="12" w="91" /><ent r="3" t="86" w="138" /><ent r="3" t="86" w="211" /><ent r="3" t="88" w="31" /><ent r="5" t="88" w="205" /><ent r="5" t="88" w="236" /><ent r="5" t="88" w="263" /><ent r="5" t="90" w="154" /><ent r="4" t="94" w="156" /><ent r="5" t="148" w="616" /><ent r="5" t="148" w="649" /><ent r="5" t="148" w="687" /><ent r="5" t="148" w="1039" /><ent r="5" t="148" w="1072" /><ent r="5" t="148" w="1110" /><ent r="5" t="156" w="486" /><ent r="5" t="156" w="516" /><ent r="5" t="156" w="557" /><ent r="3" t="161" w="39" /><ent r="5" t="161" w="607" /><ent r="5" t="161" w="637" /><ent r="5" t="161" w="678" /><ent r="100" t="173" w="71" /><ent r="4" t="173" w="74" /><ent r="3" t="173" w="194" /><ent r="3" t="173" w="209" /><ent r="3" t="173" w="1436" /><ent r="3" t="173" w="1450" /><ent r="3" t="173" w="1458" /><ent r="3" t="173" w="1799" /><ent r="4" t="173" w="1876" /><ent r="4" t="173" w="1896" /><ent r="4" t="173" w="1960" /><ent r="4" t="173" w="1982" /></phr><phr n="Contrast"><ent r="5" t="148" w="238" /><ent r="4" t="173" w="200" /><ent r="92" t="173" w="1773" /><ent r="4" t="173" w="1846" /><ent r="5" t="173" w="2069" /></phr></stem><stem n=":geo"><phr n=":Geo"><ent r="100" t="9" w="8" /></phr></stem><stem n="georefer"><phr n="Georeference"><ent r="67" t="9" w="29" /><ent r="65" t="42" w="36" /><ent r="64" t="72" w="117" /><ent r="1000" t="107" w="1" /><ent r="102" t="107" w="5" /><ent r="3" t="107" w="258" /><ent r="5" t="107" w="306" /><ent r="3" t="107" w="310" /><ent r="3" t="107" w="318" /><ent r="4" t="107" w="338" /><ent r="7" t="122" w="389" /><ent r="4" t="166" w="173" /><ent r="64" t="172" w="325" /><ent r="1000" t="174" w="2" /><ent r="102" t="174" w="21" /><ent r="4" t="174" w="99" /><ent r="92" t="174" w="714" /><ent r="84" t="174" w="729" /><ent r="5" t="174" w="761" /><ent r="4" t="174" w="770" /><ent r="3" t="174" w="860" /><ent r="4" t="174" w="921" /><ent r="93" t="174" w="1076" /><ent r="4" t="174" w="1098" /><ent r="4" t="174" w="1607" /><ent r="5" t="174" w="1628" /><ent r="4" t="174" w="1638" /><ent r="4" t="174" w="2086" /><ent r="5" t="174" w="2097" /><ent r="3" t="174" w="2106" /><ent r="5" t="177" w="702" /><ent r="4" t="177" w="707" /><ent r="3" t="177" w="721" /><ent r="4" t="178" w="56" /><ent r="4" t="178" w="730" /><ent r="4" t="178" w="734" /><ent r="3" t="187" w="85" /></phr><phr n="georeference"><ent r="64" t="21" w="219" /><ent r="100" t="107" w="3" /><ent r="3" t="107" w="8" /><ent r="3" t="107" w="120" /><ent r="3" t="107" w="172" /><ent r="3" t="107" w="191" /><ent r="4" t="168" w="118" /><ent r="100" t="174" w="11" /><ent r="4" t="174" w="131" /><ent r="3" t="174" w="722" /><ent r="3" t="174" w="827" /><ent r="4" t="178" w="752" /><ent r="3" t="187" w="19" /><ent r="3" t="231" w="17" /><ent r="3" t="231" w="76" /><ent r="3" t="231" w="81" /><ent r="3" t="231" w="320" /></phr></stem></index>