﻿<?xml version="1.0" encoding="utf-8"?><index><stem n="wmd"><phr n="wmd"><ent r="4" t="20" w="513" /><ent r="4" t="193" w="523" /><ent r="4" t="193" w="752" /></phr></stem><stem n="(*.wmd)"><phr n="(*.wmd)"><ent r="4" t="20" w="514" /></phr></stem><stem n="xml"><phr n="XML"><ent r="4" t="20" w="514" /><ent r="4" t="25" w="226" /><ent r="3" t="133" w="20" /><ent r="4" t="186" w="1691" /></phr><phr n="xml"><ent r="4" t="22" w="173" /><ent r="4" t="186" w="1440" /><ent r="3" t="186" w="1632" /><ent r="3" t="186" w="1644" /></phr></stem><stem n="wav"><phr n="wav"><ent r="4" t="20" w="530" /><ent r="4" t="193" w="520" /><ent r="4" t="193" w="749" /></phr></stem><stem n="(*.wav,"><phr n="(*.wav,"><ent r="4" t="20" w="531" /></phr></stem><stem n="wave"><phr n="wave"><ent r="4" t="20" w="531" /><ent r="3" t="155" w="377" /><ent r="3" t="191" w="30" /><ent r="3" t="193" w="84" /><ent r="4" t="193" w="521" /><ent r="4" t="193" w="750" /></phr><phr n="waves"><ent r="3" t="191" w="56" /></phr></stem><stem n="*.wave)"><phr n="*.wave)"><ent r="4" t="20" w="532" /></phr></stem><stem n="might"><phr n="might"><ent r="3" t="20" w="551" /><ent r="3" t="22" w="59" /><ent r="3" t="43" w="85" /><ent r="3" t="180" w="873" /></phr></stem><stem n="depend"><phr n="depending"><ent r="3" t="20" w="555" /><ent r="3" t="206" w="251" /><ent r="3" t="235" w="485" /></phr><phr n="depends"><ent r="3" t="40" w="231" /><ent r="3" t="46" w="106" /><ent r="3" t="81" w="455" /><ent r="4" t="107" w="572" /><ent r="4" t="108" w="352" /><ent r="4" t="159" w="190" /><ent r="4" t="164" w="315" /><ent r="3" t="181" w="1090" /><ent r="3" t="235" w="464" /></phr><phr n="depend"><ent r="4" t="120" w="53" /><ent r="4" t="123" w="766" /><ent r="4" t="127" w="69" /></phr><phr n="dependent"><ent r="4" t="151" w="327" /><ent r="4" t="151" w="750" /></phr><phr n="Depending"><ent r="3" t="206" w="31" /></phr></stem><stem n="group"><phr n="group"><ent r="3" t="21" w="22" /><ent r="3" t="58" w="24" /><ent r="3" t="123" w="82" /><ent r="4" t="178" w="2613" /><ent r="3" t="179" w="119" /><ent r="3" t="181" w="93" /><ent r="3" t="181" w="231" /><ent r="3" t="182" w="83" /><ent r="3" t="182" w="220" /><ent r="3" t="182" w="1285" /><ent r="4" t="195" w="109" /><ent r="3" t="195" w="174" /><ent r="3" t="195" w="196" /></phr><phr n="Group"><ent r="6" t="28" w="164" /><ent r="92" t="64" w="110" /><ent r="3" t="64" w="115" /></phr><phr n="groups"><ent r="4" t="145" w="137" /><ent r="4" t="149" w="139" /><ent r="4" t="151" w="133" /></phr></stem><stem n="exchang"><phr n="exchange"><ent r="3" t="21" w="27" /><ent r="3" t="181" w="100" /><ent r="3" t="181" w="148" /><ent r="3" t="182" w="90" /><ent r="3" t="182" w="138" /></phr></stem><stem n="gi"><phr n="GIS"><ent r="5" t="21" w="29" /><ent r="3" t="21" w="38" /><ent r="3" t="181" w="104" /><ent r="3" t="181" w="108" /><ent r="3" t="181" w="124" /><ent r="3" t="181" w="149" /><ent r="3" t="181" w="180" /><ent r="3" t="181" w="281" /><ent r="3" t="181" w="1067" /><ent r="3" t="182" w="94" /><ent r="3" t="182" w="98" /><ent r="3" t="182" w="114" /><ent r="3" t="182" w="139" /><ent r="3" t="182" w="170" /><ent r="3" t="182" w="270" /></phr></stem><stem n="commonli"><phr n="commonly"><ent r="3" t="21" w="41" /><ent r="3" t="113" w="58" /><ent r="3" t="181" w="111" /><ent r="3" t="182" w="101" /></phr></stem><stem n="repres"><phr n="represent"><ent r="3" t="21" w="44" /><ent r="3" t="123" w="491" /><ent r="3" t="123" w="516" /><ent r="4" t="169" w="201" /><ent r="3" t="181" w="114" /><ent r="3" t="181" w="224" /><ent r="3" t="181" w="251" /><ent r="3" t="181" w="265" /><ent r="3" t="182" w="104" /><ent r="3" t="182" w="213" /><ent r="3" t="182" w="240" /><ent r="3" t="182" w="254" /><ent r="3" t="185" w="845" /></phr><phr n="represents"><ent r="4" t="107" w="470" /><ent r="5" t="166" w="338" /><ent r="4" t="177" w="1097" /><ent r="4" t="177" w="1110" /><ent r="3" t="177" w="1263" /><ent r="3" t="177" w="1298" /><ent r="3" t="180" w="836" /><ent r="3" t="185" w="820" /><ent r="3" t="186" w="773" /></phr><phr n="represented"><ent r="7" t="114" w="70" /><ent r="5" t="151" w="426" /><ent r="5" t="151" w="451" /><ent r="5" t="151" w="484" /><ent r="5" t="151" w="504" /><ent r="5" t="151" w="515" /><ent r="5" t="151" w="849" /><ent r="5" t="151" w="874" /><ent r="5" t="151" w="907" /><ent r="5" t="151" w="927" /><ent r="5" t="151" w="938" /><ent r="4" t="152" w="404" /><ent r="4" t="152" w="429" /><ent r="4" t="152" w="462" /><ent r="4" t="152" w="482" /><ent r="4" t="152" w="492" /><ent r="5" t="159" w="299" /><ent r="5" t="159" w="324" /><ent r="5" t="159" w="357" /><ent r="5" t="159" w="377" /><ent r="5" t="159" w="388" /><ent r="5" t="164" w="420" /><ent r="5" t="164" w="445" /><ent r="5" t="164" w="478" /><ent r="5" t="164" w="498" /><ent r="5" t="164" w="509" /><ent r="3" t="181" w="201" /><ent r="3" t="182" w="190" /><ent r="3" t="185" w="921" /><ent r="3" t="186" w="797" /><ent r="4" t="233" w="62" /><ent r="4" t="233" w="87" /><ent r="4" t="233" w="120" /><ent r="4" t="233" w="140" /><ent r="4" t="233" w="151" /><ent r="7" t="237" w="183" /></phr><phr n="representing"><ent r="3" t="164" w="34" /></phr></stem><stem n="road"><phr n="roads"><ent r="3" t="21" w="45" /><ent r="3" t="181" w="115" /><ent r="3" t="181" w="254" /><ent r="3" t="181" w="295" /><ent r="3" t="182" w="105" /><ent r="3" t="182" w="243" /><ent r="3" t="182" w="284" /><ent r="5" t="182" w="1066" /></phr><phr n="road"><ent r="3" t="82" w="25" /><ent r="4" t="182" w="940" /><ent r="4" t="182" w="946" /><ent r="3" t="182" w="1242" /></phr><phr n="Roads"><ent r="4" t="182" w="910" /><ent r="92" t="182" w="972" /><ent r="4" t="182" w="1156" /></phr></stem><stem n="citi"><phr n="cities"><ent r="3" t="21" w="46" /><ent r="3" t="181" w="116" /><ent r="3" t="182" w="106" /></phr><phr n="city"><ent r="3" t="181" w="273" /><ent r="3" t="181" w="294" /><ent r="3" t="182" w="262" /><ent r="3" t="182" w="283" /></phr></stem><stem n="river"><phr n="rivers"><ent r="3" t="21" w="47" /><ent r="3" t="181" w="117" /><ent r="3" t="181" w="256" /><ent r="3" t="182" w="107" /><ent r="3" t="182" w="245" /></phr><phr n="river"><ent r="4" t="177" w="2038" /></phr></stem><stem n="lake"><phr n="lakes"><ent r="3" t="21" w="48" /><ent r="3" t="181" w="118" /><ent r="3" t="182" w="108" /></phr><phr n="lake"><ent r="3" t="181" w="271" /><ent r="3" t="182" w="260" /></phr></stem><stem n="wgs84"><phr n="WGS84"><ent r="3" t="21" w="87" /><ent r="3" t="21" w="112" /><ent r="3" t="21" w="123" /><ent r="3" t="181" w="344" /><ent r="3" t="181" w="392" /><ent r="3" t="182" w="331" /><ent r="3" t="182" w="378" /></phr></stem><stem n="attempt"><phr n="attempt"><ent r="3" t="21" w="101" /></phr></stem><stem n="treat"><phr n="treat"><ent r="3" t="21" w="108" /></phr><phr n="treated"><ent r="6" t="240" w="244" /><ent r="6" t="240" w="675" /></phr></stem><stem n="unless"><phr n="unless"><ent r="3" t="21" w="114" /><ent r="3" t="127" w="312" /><ent r="3" t="176" w="139" /></phr></stem><stem n="veri"><phr n="very"><ent r="3" t="21" w="120" /><ent r="3" t="177" w="1445" /><ent r="3" t="181" w="1070" /></phr></stem><stem n="result"><phr n="results"><ent r="3" t="21" w="126" /><ent r="100" t="26" w="4" /><ent r="100" t="26" w="8" /><ent r="3" t="26" w="14" /><ent r="3" t="26" w="18" /><ent r="3" t="26" w="30" /><ent r="3" t="26" w="37" /><ent r="3" t="26" w="47" /><ent r="4" t="26" w="60" /><ent r="4" t="26" w="66" /><ent r="4" t="26" w="71" /><ent r="4" t="26" w="83" /><ent r="3" t="26" w="94" /><ent r="4" t="26" w="108" /><ent r="3" t="26" w="207" /><ent r="3" t="26" w="375" /><ent r="5" t="26" w="414" /><ent r="5" t="26" w="431" /><ent r="5" t="26" w="447" /><ent r="5" t="26" w="488" /><ent r="4" t="26" w="580" /><ent r="4" t="26" w="593" /><ent r="3" t="101" w="74" /><ent r="4" t="108" w="439" /><ent r="4" t="152" w="296" /><ent r="4" t="152" w="316" /><ent r="4" t="152" w="335" /><ent r="4" t="152" w="355" /><ent r="3" t="158" w="151" /><ent r="3" t="162" w="37" /><ent r="3" t="164" w="62" /><ent r="3" t="168" w="239" /><ent r="3" t="168" w="242" /><ent r="3" t="168" w="255" /><ent r="4" t="175" w="86" /><ent r="4" t="175" w="116" /><ent r="3" t="175" w="142" /><ent r="3" t="177" w="289" /><ent r="3" t="178" w="402" /><ent r="3" t="178" w="2015" /><ent r="4" t="178" w="2530" /><ent r="4" t="178" w="2542" /><ent r="4" t="179" w="1351" /><ent r="4" t="179" w="1399" /><ent r="3" t="183" w="510" /><ent r="4" t="186" w="206" /><ent r="7" t="197" w="178" /><ent r="3" t="230" w="46" /><ent r="3" t="230" w="77" /><ent r="3" t="230" w="105" /><ent r="3" t="234" w="120" /></phr><phr n="Results"><ent r="64" t="24" w="133" /><ent r="1000" t="26" w="2" /><ent r="102" t="26" w="11" /><ent r="5" t="26" w="138" /><ent r="92" t="26" w="362" /><ent r="3" t="26" w="368" /><ent r="4" t="108" w="443" /><ent r="4" t="123" w="793" /><ent r="4" t="123" w="799" /><ent r="4" t="162" w="68" /><ent r="4" t="168" w="226" /><ent r="4" t="178" w="2372" /><ent r="4" t="178" w="2414" /><ent r="4" t="178" w="2428" /><ent r="4" t="178" w="2569" /><ent r="7" t="186" w="1067" /></phr><phr n="result"><ent r="3" t="100" w="114" /><ent r="3" t="168" w="30" /><ent r="3" t="175" w="158" /><ent r="4" t="179" w="1344" /><ent r="4" t="179" w="1501" /><ent r="3" t="182" w="1270" /><ent r="3" t="195" w="73" /><ent r="3" t="206" w="686" /><ent r="3" t="235" w="362" /></phr><phr n="Result"><ent r="5" t="175" w="94" /><ent r="5" t="175" w="110" /><ent r="7" t="186" w="1086" /><ent r="3" t="197" w="703" /></phr><phr n="resulting"><ent r="3" t="178" w="2033" /><ent r="3" t="190" w="44" /><ent r="3" t="235" w="404" /></phr></stem><stem n="probabl"><phr n="probably"><ent r="3" t="21" w="128" /><ent r="4" t="124" w="279" /><ent r="4" t="175" w="89" /></phr></stem><stem n="unsatisfactori"><phr n="unsatisfactory"><ent r="3" t="21" w="130" /></phr></stem><stem n="multipoint"><phr n="Multipoint"><ent r="4" t="21" w="148" /><ent r="4" t="21" w="150" /><ent r="3" t="182" w="1188" /></phr><phr n="multipoint"><ent r="3" t="21" w="187" /></phr></stem><stem n="polylin"><phr n="Polyline"><ent r="4" t="21" w="155" /><ent r="4" t="21" w="157" /><ent r="92" t="182" w="779" /><ent r="92" t="182" w="974" /><ent r="4" t="182" w="1078" /><ent r="6" t="227" w="147" /><ent r="6" t="227" w="369" /><ent r="6" t="227" w="450" /><ent r="6" t="227" w="485" /><ent r="6" t="227" w="531" /></phr><phr n="polyline"><ent r="7" t="59" w="137" /><ent r="4" t="182" w="60" /><ent r="4" t="182" w="64" /><ent r="3" t="182" w="813" /><ent r="3" t="182" w="821" /><ent r="4" t="182" w="859" /><ent r="4" t="182" w="964" /><ent r="7" t="188" w="70" /></phr><phr n="polylines"><ent r="3" t="181" w="194" /><ent r="3" t="181" w="301" /><ent r="3" t="182" w="184" /><ent r="3" t="182" w="288" /></phr><phr n="Polylines"><ent r="3" t="181" w="239" /><ent r="3" t="182" w="228" /></phr></stem><stem n="polygon"><phr n="Polygon"><ent r="4" t="21" w="162" /><ent r="4" t="21" w="164" /><ent r="6" t="227" w="146" /><ent r="6" t="227" w="197" /><ent r="6" t="227" w="239" /><ent r="6" t="227" w="301" /><ent r="6" t="227" w="368" /><ent r="6" t="227" w="411" /><ent r="6" t="227" w="449" /><ent r="6" t="227" w="484" /><ent r="6" t="227" w="530" /></phr><phr n="polygon"><ent r="7" t="59" w="84" /><ent r="7" t="59" w="94" /><ent r="7" t="188" w="116" /><ent r="7" t="188" w="126" /></phr><phr n="polygons"><ent r="3" t="181" w="196" /><ent r="3" t="181" w="302" /><ent r="3" t="182" w="186" /><ent r="3" t="182" w="796" /></phr><phr n="Polygons"><ent r="3" t="181" w="261" /><ent r="3" t="182" w="250" /><ent r="3" t="182" w="289" /></phr></stem><stem n="ignor"><phr n="ignored"><ent r="3" t="21" w="180" /><ent r="3" t="146" w="219" /><ent r="3" t="152" w="257" /><ent r="4" t="152" w="307" /><ent r="4" t="152" w="327" /><ent r="3" t="153" w="233" /><ent r="4" t="212" w="342" /></phr><phr n="ignores"><ent r="3" t="71" w="41" /></phr><phr n="Ignore"><ent r="5" t="228" w="193" /><ent r="5" t="228" w="275" /><ent r="5" t="228" w="343" /></phr></stem><stem n="drawn"><phr n="drawn"><ent r="3" t="21" w="193" /><ent r="3" t="37" w="93" /></phr></stem><stem n="empti"><phr n="empty"><ent r="3" t="21" w="196" /><ent r="3" t="81" w="170" /><ent r="3" t="113" w="121" /><ent r="7" t="114" w="26" /><ent r="3" t="129" w="82" /><ent r="7" t="237" w="78" /></phr></stem><stem n="triangl"><phr n="triangles"><ent r="3" t="21" w="197" /><ent r="4" t="145" w="234" /></phr><phr n="triangle"><ent r="3" t="123" w="536" /><ent r="4" t="145" w="223" /><ent r="7" t="188" w="59" /><ent r="6" t="227" w="76" /><ent r="6" t="227" w="85" /></phr><phr n="Triangle"><ent r="5" t="145" w="219" /><ent r="6" t="227" w="97" /><ent r="6" t="227" w="153" /><ent r="6" t="227" w="203" /><ent r="6" t="227" w="245" /><ent r="6" t="227" w="307" /><ent r="6" t="227" w="375" /><ent r="6" t="227" w="417" /><ent r="6" t="227" w="456" /><ent r="6" t="227" w="491" /><ent r="6" t="227" w="537" /></phr></stem><stem n="befor"><phr n="Before"><ent r="92" t="21" w="199" /><ent r="3" t="21" w="203" /><ent r="4" t="43" w="194" /><ent r="6" t="109" w="7" /></phr><phr n="before"><ent r="3" t="74" w="339" /><ent r="3" t="122" w="64" /><ent r="4" t="127" w="171" /><ent r="3" t="140" w="649" /><ent r="3" t="155" w="396" /><ent r="3" t="158" w="130" /><ent r="4" t="159" w="611" /><ent r="4" t="164" w="794" /><ent r="3" t="176" w="92" /><ent r="4" t="177" w="2091" /><ent r="3" t="178" w="179" /><ent r="3" t="178" w="188" /><ent r="4" t="178" w="2832" /><ent r="4" t="179" w="544" /><ent r="3" t="180" w="1301" /><ent r="4" t="184" w="137" /><ent r="3" t="185" w="1312" /><ent r="3" t="186" w="1241" /><ent r="3" t="193" w="103" /><ent r="4" t="229" w="177" /><ent r="3" t="235" w="201" /></phr></stem><stem n="begin"><phr n="Begin"><ent r="92" t="21" w="201" /><ent r="4" t="183" w="63" /></phr><phr n="beginning"><ent r="4" t="58" w="200" /><ent r="6" t="189" w="66" /><ent r="6" t="189" w="81" /></phr><phr n="begin"><ent r="3" t="63" w="50" /><ent r="4" t="166" w="705" /><ent r="4" t="168" w="274" /><ent r="4" t="192" w="75" /><ent r="4" t="192" w="95" /><ent r="4" t="192" w="167" /><ent r="4" t="192" w="187" /></phr><phr n="begins"><ent r="3" t="180" w="1304" /></phr></stem><stem n="tab"><phr n="tab"><ent r="4" t="21" w="286" /><ent r="4" t="21" w="290" /><ent r="4" t="21" w="327" /><ent r="4" t="21" w="404" /><ent r="3" t="21" w="407" /><ent r="4" t="21" w="504" /><ent r="3" t="23" w="122" /><ent r="4" t="26" w="113" /><ent r="3" t="26" w="199" /><ent r="3" t="26" w="370" /><ent r="4" t="29" w="37" /><ent r="3" t="31" w="66" /><ent r="4" t="43" w="73" /><ent r="4" t="44" w="211" /><ent r="4" t="50" w="143" /><ent r="4" t="50" w="197" /><ent r="3" t="77" w="95" /><ent r="3" t="77" w="108" /><ent r="3" t="77" w="320" /><ent r="3" t="87" w="113" /><ent r="3" t="89" w="16" /><ent r="4" t="89" w="100" /><ent r="7" t="90" w="363" /><ent r="3" t="94" w="77" /><ent r="3" t="94" w="123" /><ent r="3" t="98" w="50" /><ent r="3" t="112" w="12" /><ent r="3" t="123" w="67" /><ent r="4" t="124" w="58" /><ent r="4" t="124" w="285" /><ent r="4" t="124" w="295" /><ent r="3" t="136" w="48" /><ent r="3" t="136" w="103" /><ent r="5" t="137" w="32" /><ent r="4" t="139" w="60" /><ent r="4" t="141" w="319" /><ent r="4" t="141" w="336" /><ent r="3" t="141" w="442" /><ent r="3" t="141" w="637" /><ent r="3" t="154" w="150" /><ent r="3" t="154" w="155" /><ent r="3" t="154" w="162" /><ent r="4" t="154" w="245" /><ent r="4" t="155" w="92" /><ent r="3" t="155" w="238" /><ent r="3" t="155" w="269" /><ent r="3" t="155" w="479" /><ent r="3" t="155" w="492" /><ent r="3" t="156" w="275" /><ent r="3" t="157" w="104" /><ent r="3" t="157" w="109" /><ent r="4" t="157" w="115" /><ent r="3" t="157" w="140" /><ent r="4" t="165" w="59" /><ent r="4" t="165" w="64" /><ent r="4" t="177" w="442" /><ent r="3" t="177" w="1255" /><ent r="3" t="177" w="1275" /><ent r="3" t="177" w="1289" /><ent r="4" t="178" w="592" /><ent r="4" t="178" w="2505" /><ent r="4" t="179" w="304" /><ent r="6" t="179" w="452" /><ent r="4" t="179" w="682" /><ent r="4" t="180" w="267" /><ent r="4" t="181" w="542" /><ent r="4" t="181" w="839" /><ent r="4" t="182" w="527" /><ent r="6" t="182" w="989" /><ent r="4" t="183" w="547" /><ent r="3" t="183" w="576" /><ent r="4" t="184" w="418" /><ent r="4" t="186" w="329" /><ent r="4" t="193" w="417" /><ent r="4" t="193" w="496" /><ent r="3" t="196" w="85" /><ent r="3" t="196" w="92" /><ent r="3" t="196" w="127" /><ent r="4" t="196" w="250" /><ent r="100" t="206" w="10" /><ent r="100" t="206" w="13" /><ent r="3" t="206" w="19" /><ent r="3" t="206" w="81" /><ent r="4" t="206" w="549" /><ent r="4" t="206" w="554" /><ent r="3" t="206" w="668" /><ent r="3" t="206" w="678" /><ent r="100" t="208" w="8" /><ent r="3" t="208" w="33" /><ent r="100" t="209" w="8" /><ent r="100" t="210" w="10" /><ent r="100" t="210" w="13" /><ent r="3" t="215" w="229" /><ent r="4" t="228" w="42" /><ent r="4" t="228" w="49" /><ent r="4" t="228" w="177" /><ent r="4" t="228" w="259" /><ent r="4" t="228" w="327" /><ent r="3" t="229" w="33" /></phr><phr n="Tab"><ent r="64" t="23" w="141" /><ent r="92" t="26" w="194" /><ent r="92" t="26" w="364" /><ent r="65" t="31" w="73" /><ent r="65" t="31" w="76" /><ent r="65" t="31" w="79" /><ent r="65" t="31" w="82" /><ent r="65" t="31" w="85" /><ent r="5" t="43" w="50" /><ent r="92" t="77" w="171" /><ent r="3" t="77" w="175" /><ent r="92" t="77" w="309" /><ent r="92" t="77" w="334" /><ent r="3" t="77" w="338" /><ent r="92" t="77" w="352" /><ent r="3" t="77" w="357" /><ent r="64" t="109" w="144" /><ent r="64" t="109" w="147" /><ent r="64" t="109" w="150" /><ent r="1000" t="110" w="2" /><ent r="102" t="110" w="5" /><ent r="100" t="110" w="8" /><ent r="3" t="110" w="12" /><ent r="1000" t="111" w="2" /><ent r="102" t="111" w="5" /><ent r="100" t="111" w="8" /><ent r="3" t="111" w="12" /><ent r="1000" t="112" w="2" /><ent r="102" t="112" w="5" /><ent r="100" t="112" w="8" /><ent r="4" t="140" w="177" /><ent r="4" t="140" w="209" /><ent r="3" t="140" w="387" /><ent r="3" t="140" w="506" /><ent r="3" t="140" w="606" /><ent r="3" t="140" w="680" /><ent r="100" t="141" w="228" /><ent r="65" t="141" w="233" /><ent r="65" t="141" w="243" /><ent r="92" t="141" w="272" /><ent r="3" t="141" w="279" /><ent r="92" t="141" w="439" /><ent r="92" t="155" w="176" /><ent r="3" t="155" w="180" /><ent r="92" t="155" w="244" /><ent r="3" t="155" w="248" /><ent r="92" t="155" w="275" /><ent r="3" t="155" w="279" /><ent r="92" t="155" w="320" /><ent r="3" t="155" w="324" /><ent r="3" t="155" w="348" /><ent r="3" t="155" w="391" /><ent r="3" t="155" w="409" /><ent r="3" t="155" w="442" /><ent r="64" t="155" w="453" /><ent r="82" t="156" w="210" /><ent r="64" t="176" w="375" /><ent r="1000" t="183" w="5" /><ent r="100" t="183" w="11" /><ent r="102" t="183" w="20" /><ent r="3" t="183" w="41" /><ent r="4" t="183" w="76" /><ent r="3" t="183" w="124" /><ent r="4" t="183" w="290" /><ent r="64" t="183" w="374" /><ent r="5" t="183" w="525" /><ent r="1000" t="191" w="2" /><ent r="102" t="191" w="7" /><ent r="64" t="191" w="110" /><ent r="1000" t="193" w="2" /><ent r="100" t="193" w="7" /><ent r="100" t="193" w="10" /><ent r="100" t="193" w="16" /><ent r="102" t="193" w="19" /><ent r="3" t="193" w="25" /><ent r="3" t="193" w="55" /><ent r="3" t="193" w="98" /><ent r="3" t="193" w="116" /><ent r="3" t="193" w="147" /><ent r="92" t="193" w="155" /><ent r="3" t="193" w="159" /><ent r="3" t="193" w="189" /><ent r="4" t="193" w="438" /><ent r="64" t="193" w="787" /><ent r="1000" t="206" w="2" /><ent r="102" t="206" w="5" /><ent r="64" t="206" w="736" /><ent r="64" t="206" w="739" /><ent r="64" t="206" w="742" /><ent r="1000" t="207" w="2" /><ent r="102" t="207" w="7" /><ent r="100" t="207" w="12" /><ent r="100" t="207" w="15" /><ent r="100" t="207" w="22" /><ent r="3" t="207" w="26" /><ent r="3" t="207" w="45" /><ent r="64" t="207" w="219" /><ent r="1000" t="208" w="2" /><ent r="102" t="208" w="5" /><ent r="3" t="208" w="12" /><ent r="64" t="208" w="42" /><ent r="64" t="208" w="45" /><ent r="64" t="208" w="48" /><ent r="1000" t="209" w="2" /><ent r="102" t="209" w="5" /><ent r="3" t="209" w="12" /><ent r="64" t="209" w="55" /><ent r="64" t="209" w="58" /><ent r="64" t="209" w="61" /><ent r="1000" t="210" w="2" /><ent r="102" t="210" w="5" /><ent r="3" t="210" w="19" /><ent r="64" t="210" w="128" /><ent r="64" t="210" w="131" /><ent r="64" t="210" w="134" /><ent r="3" t="212" w="79" /><ent r="3" t="212" w="93" /><ent r="92" t="212" w="129" /><ent r="3" t="212" w="134" /><ent r="92" t="212" w="295" /><ent r="3" t="213" w="23" /><ent r="3" t="213" w="37" /><ent r="92" t="213" w="60" /><ent r="3" t="213" w="65" /><ent r="92" t="213" w="226" /><ent r="3" t="213" w="232" /><ent r="92" t="214" w="34" /><ent r="92" t="214" w="185" /><ent r="3" t="214" w="191" /><ent r="3" t="215" w="23" /><ent r="3" t="215" w="36" /><ent r="92" t="215" w="58" /><ent r="3" t="215" w="63" /><ent r="92" t="215" w="223" /></phr><phr n="tabs"><ent r="3" t="77" w="85" /><ent r="3" t="81" w="236" /><ent r="3" t="109" w="141" /><ent r="3" t="123" w="77" /><ent r="3" t="154" w="142" /><ent r="3" t="155" w="117" /><ent r="3" t="155" w="471" /><ent r="3" t="156" w="144" /><ent r="3" t="157" w="100" /><ent r="3" t="177" w="1280" /><ent r="3" t="177" w="1476" /><ent r="3" t="212" w="76" /><ent r="3" t="213" w="20" /><ent r="3" t="215" w="20" /></phr><phr n="Tabs"><ent r="82" t="196" w="76" /></phr></stem><stem n="connect"><phr n="Connection"><ent r="4" t="21" w="289" /><ent r="5" t="21" w="502" /><ent r="64" t="109" w="143" /><ent r="1000" t="110" w="1" /><ent r="102" t="110" w="4" /><ent r="100" t="110" w="7" /><ent r="3" t="110" w="11" /></phr><phr n="connection"><ent r="3" t="109" w="154" /><ent r="3" t="109" w="162" /><ent r="3" t="126" w="85" /><ent r="3" t="126" w="101" /><ent r="3" t="126" w="132" /><ent r="4" t="126" w="137" /><ent r="4" t="126" w="150" /><ent r="6" t="185" w="1193" /><ent r="6" t="185" w="1198" /><ent r="3" t="186" w="1000" /><ent r="3" t="186" w="1153" /><ent r="3" t="186" w="1158" /></phr><phr n="connections"><ent r="3" t="113" w="335" /><ent r="3" t="126" w="123" /><ent r="3" t="126" w="192" /><ent r="3" t="126" w="229" /><ent r="3" t="127" w="174" /><ent r="3" t="127" w="188" /><ent r="3" t="127" w="195" /></phr><phr n="connected"><ent r="3" t="113" w="439" /><ent r="7" t="114" w="97" /><ent r="7" t="114" w="133" /><ent r="7" t="114" w="171" /><ent r="3" t="126" w="21" /><ent r="3" t="126" w="44" /><ent r="3" t="182" w="231" /><ent r="3" t="185" w="267" /><ent r="3" t="185" w="295" /><ent r="3" t="185" w="891" /><ent r="3" t="185" w="908" /><ent r="3" t="185" w="1280" /><ent r="3" t="185" w="1318" /><ent r="3" t="185" w="1334" /><ent r="3" t="186" w="919" /><ent r="3" t="186" w="1213" /><ent r="3" t="186" w="1247" /><ent r="3" t="186" w="1263" /><ent r="7" t="236" w="81" /><ent r="7" t="236" w="117" /><ent r="7" t="236" w="156" /></phr><phr n="Connections"><ent r="7" t="114" w="93" /><ent r="7" t="114" w="101" /><ent r="7" t="114" w="129" /><ent r="7" t="114" w="137" /><ent r="7" t="114" w="167" /><ent r="7" t="114" w="175" /><ent r="92" t="126" w="115" /><ent r="7" t="236" w="77" /><ent r="7" t="236" w="85" /><ent r="7" t="236" w="113" /><ent r="7" t="236" w="121" /><ent r="7" t="236" w="152" /><ent r="7" t="236" w="160" /></phr><phr n="Connect"><ent r="4" t="115" w="65" /><ent r="65" t="115" w="71" /><ent r="1000" t="126" w="1" /><ent r="102" t="126" w="13" /><ent r="64" t="127" w="457" /><ent r="4" t="185" w="59" /><ent r="92" t="185" w="1091" /><ent r="4" t="186" w="87" /><ent r="92" t="186" w="855" /><ent r="4" t="186" w="994" /></phr><phr n="connect"><ent r="3" t="123" w="340" /><ent r="100" t="126" w="5" /><ent r="100" t="126" w="11" /><ent r="3" t="181" w="242" /><ent r="3" t="185" w="1039" /><ent r="3" t="185" w="1066" /><ent r="4" t="185" w="1101" /><ent r="3" t="186" w="890" /><ent r="3" t="186" w="1007" /></phr><phr n="Connecting"><ent r="64" t="123" w="949" /></phr></stem><stem n="necessari"><phr n="necessary"><ent r="4" t="21" w="316" /><ent r="3" t="24" w="64" /><ent r="4" t="27" w="73" /><ent r="3" t="30" w="57" /><ent r="4" t="74" w="208" /><ent r="3" t="110" w="50" /><ent r="3" t="123" w="37" /><ent r="3" t="127" w="221" /><ent r="3" t="171" w="70" /><ent r="3" t="178" w="941" /><ent r="3" t="178" w="2017" /><ent r="4" t="179" w="598" /><ent r="3" t="182" w="759" /><ent r="4" t="228" w="182" /><ent r="4" t="228" w="264" /><ent r="4" t="228" w="332" /></phr></stem><stem n="attribut"><phr n="attributes"><ent r="3" t="21" w="356" /><ent r="3" t="21" w="382" /><ent r="3" t="155" w="299" /><ent r="3" t="209" w="32" /><ent r="3" t="228" w="245" /><ent r="3" t="229" w="19" /><ent r="3" t="229" w="58" /></phr></stem><stem n="sampl"><phr n="sample"><ent r="3" t="21" w="359" /><ent r="7" t="176" w="303" /><ent r="7" t="177" w="520" /><ent r="7" t="178" w="670" /><ent r="7" t="179" w="382" /><ent r="4" t="179" w="411" /><ent r="7" t="180" w="345" /><ent r="4" t="180" w="357" /><ent r="7" t="181" w="620" /><ent r="7" t="182" w="605" /><ent r="7" t="183" w="229" /><ent r="4" t="183" w="270" /><ent r="7" t="184" w="496" /><ent r="7" t="185" w="417" /><ent r="7" t="186" w="407" /><ent r="7" t="197" w="403" /></phr><phr n="Sampling"><ent r="5" t="90" w="244" /><ent r="67" t="90" w="262" /><ent r="1000" t="93" w="3" /><ent r="100" t="93" w="7" /><ent r="100" t="93" w="10" /><ent r="102" t="93" w="14" /><ent r="3" t="93" w="18" /><ent r="5" t="93" w="81" /><ent r="4" t="93" w="131" /></phr><phr n="Samples"><ent r="3" t="176" w="59" /></phr><phr n="Sample"><ent r="7" t="176" w="248" /><ent r="7" t="176" w="253" /><ent r="7" t="177" w="465" /><ent r="7" t="177" w="470" /><ent r="7" t="178" w="615" /><ent r="7" t="178" w="620" /><ent r="7" t="179" w="327" /><ent r="7" t="179" w="332" /><ent r="7" t="180" w="290" /><ent r="7" t="180" w="295" /><ent r="7" t="181" w="565" /><ent r="7" t="181" w="570" /><ent r="7" t="182" w="550" /><ent r="7" t="182" w="555" /><ent r="7" t="183" w="174" /><ent r="7" t="183" w="179" /><ent r="7" t="184" w="441" /><ent r="7" t="184" w="446" /><ent r="7" t="185" w="362" /><ent r="7" t="185" w="367" /><ent r="7" t="186" w="352" /><ent r="7" t="186" w="357" /><ent r="92" t="197" w="690" /></phr><phr n="sampling"><ent r="3" t="177" w="236" /></phr><phr n="samples"><ent r="7" t="197" w="90" /><ent r="7" t="197" w="94" /><ent r="3" t="197" w="719" /></phr></stem><stem n="row"><phr n="row"><ent r="3" t="21" w="368" /><ent r="4" t="26" w="558" /><ent r="4" t="74" w="99" /><ent r="4" t="74" w="143" /><ent r="4" t="74" w="155" /><ent r="4" t="74" w="181" /><ent r="4" t="74" w="199" /><ent r="4" t="83" w="241" /><ent r="4" t="83" w="270" /><ent r="4" t="83" w="297" /><ent r="4" t="129" w="143" /><ent r="3" t="168" w="159" /><ent r="3" t="192" w="252" /></phr><phr n="rows"><ent r="3" t="21" w="370" /><ent r="3" t="26" w="210" /><ent r="4" t="49" w="230" /><ent r="3" t="155" w="206" /><ent r="3" t="166" w="766" /><ent r="3" t="168" w="134" /><ent r="3" t="206" w="49" /><ent r="3" t="210" w="33" /><ent r="4" t="213" w="251" /><ent r="4" t="220" w="96" /></phr><phr n="Rows"><ent r="5" t="26" w="218" /><ent r="4" t="143" w="333" /><ent r="5" t="212" w="149" /><ent r="5" t="213" w="80" /><ent r="5" t="213" w="242" /><ent r="5" t="214" w="39" /><ent r="5" t="215" w="78" /><ent r="5" t="220" w="87" /></phr><phr n="Row"><ent r="4" t="26" w="224" /><ent r="4" t="26" w="227" /><ent r="4" t="83" w="236" /><ent r="4" t="212" w="155" /><ent r="4" t="212" w="158" /><ent r="4" t="213" w="86" /><ent r="4" t="213" w="89" /><ent r="4" t="214" w="45" /><ent r="4" t="214" w="48" /><ent r="4" t="215" w="84" /><ent r="4" t="215" w="87" /></phr></stem></index>