﻿<?xml version="1.0" encoding="utf-8"?><index><stem n="pointer"><phr n="pointer"><ent r="4" t="1" w="322" /><ent r="4" t="4" w="177" /><ent r="4" t="177" w="388" /><ent r="4" t="177" w="911" /><ent r="4" t="177" w="919" /><ent r="4" t="178" w="538" /><ent r="4" t="179" w="250" /><ent r="4" t="179" w="1368" /><ent r="4" t="180" w="213" /><ent r="4" t="181" w="488" /><ent r="4" t="182" w="473" /><ent r="4" t="184" w="364" /><ent r="3" t="185" w="860" /><ent r="3" t="185" w="949" /><ent r="4" t="186" w="275" /><ent r="3" t="186" w="826" /></phr></stem><stem n="-click"><phr n="-click"><ent r="4" t="1" w="331" /><ent r="4" t="1" w="331" /><ent r="4" t="4" w="188" /><ent r="4" t="4" w="188" /><ent r="3" t="14" w="67" /><ent r="3" t="14" w="67" /><ent r="4" t="24" w="38" /><ent r="4" t="24" w="38" /><ent r="4" t="26" w="101" /><ent r="4" t="26" w="101" /><ent r="3" t="27" w="37" /><ent r="3" t="27" w="37" /><ent r="3" t="27" w="47" /><ent r="3" t="27" w="47" /><ent r="4" t="29" w="38" /><ent r="4" t="29" w="38" /><ent r="4" t="44" w="114" /><ent r="4" t="44" w="114" /><ent r="4" t="44" w="162" /><ent r="4" t="44" w="162" /><ent r="4" t="44" w="434" /><ent r="4" t="44" w="434" /><ent r="4" t="44" w="493" /><ent r="4" t="44" w="493" /><ent r="4" t="44" w="538" /><ent r="4" t="44" w="538" /><ent r="3" t="47" w="86" /><ent r="3" t="47" w="86" /><ent r="3" t="47" w="98" /><ent r="3" t="47" w="98" /><ent r="3" t="47" w="176" /><ent r="3" t="47" w="176" /><ent r="3" t="47" w="196" /><ent r="3" t="47" w="196" /><ent r="4" t="47" w="226" /><ent r="4" t="47" w="226" /><ent r="4" t="47" w="291" /><ent r="4" t="47" w="291" /><ent r="4" t="50" w="147" /><ent r="4" t="50" w="147" /><ent r="4" t="50" w="201" /><ent r="4" t="50" w="201" /><ent r="3" t="53" w="30" /><ent r="3" t="53" w="30" /><ent r="4" t="55" w="50" /><ent r="4" t="55" w="50" /><ent r="3" t="57" w="71" /><ent r="3" t="57" w="71" /><ent r="4" t="58" w="170" /><ent r="4" t="58" w="170" /><ent r="7" t="59" w="111" /><ent r="7" t="59" w="111" /><ent r="7" t="59" w="174" /><ent r="7" t="59" w="174" /><ent r="4" t="70" w="77" /><ent r="4" t="70" w="77" /><ent r="4" t="70" w="254" /><ent r="4" t="70" w="254" /><ent r="3" t="77" w="284" /><ent r="3" t="77" w="284" /><ent r="4" t="81" w="277" /><ent r="4" t="81" w="277" /><ent r="4" t="85" w="75" /><ent r="4" t="85" w="75" /><ent r="4" t="85" w="113" /><ent r="4" t="85" w="113" /><ent r="4" t="85" w="159" /><ent r="4" t="85" w="159" /><ent r="4" t="85" w="197" /><ent r="4" t="85" w="197" /><ent r="4" t="85" w="261" /><ent r="4" t="85" w="261" /><ent r="4" t="86" w="54" /><ent r="4" t="86" w="54" /><ent r="3" t="86" w="92" /><ent r="3" t="86" w="92" /><ent r="4" t="89" w="120" /><ent r="4" t="89" w="120" /><ent r="3" t="90" w="78" /><ent r="3" t="90" w="78" /><ent r="4" t="91" w="39" /><ent r="4" t="91" w="39" /><ent r="4" t="92" w="60" /><ent r="4" t="92" w="60" /><ent r="3" t="92" w="100" /><ent r="3" t="92" w="100" /><ent r="4" t="93" w="70" /><ent r="4" t="93" w="70" /><ent r="3" t="93" w="104" /><ent r="3" t="93" w="104" /><ent r="4" t="94" w="44" /><ent r="4" t="94" w="44" /><ent r="3" t="94" w="94" /><ent r="3" t="94" w="94" /><ent r="5" t="95" w="65" /><ent r="5" t="95" w="65" /><ent r="3" t="95" w="81" /><ent r="3" t="95" w="81" /><ent r="5" t="95" w="189" /><ent r="5" t="95" w="189" /><ent r="3" t="95" w="206" /><ent r="3" t="95" w="206" /><ent r="5" t="96" w="66" /><ent r="5" t="96" w="66" /><ent r="3" t="96" w="83" /><ent r="3" t="96" w="83" /><ent r="4" t="97" w="43" /><ent r="4" t="97" w="43" /><ent r="3" t="98" w="119" /><ent r="3" t="98" w="119" /><ent r="4" t="99" w="92" /><ent r="4" t="99" w="92" /><ent r="3" t="99" w="122" /><ent r="3" t="99" w="122" /><ent r="3" t="100" w="208" /><ent r="3" t="100" w="208" /><ent r="3" t="101" w="142" /><ent r="3" t="101" w="142" /><ent r="3" t="102" w="141" /><ent r="3" t="102" w="141" /><ent r="3" t="123" w="657" /><ent r="3" t="123" w="657" /><ent r="4" t="124" w="180" /><ent r="4" t="124" w="180" /><ent r="3" t="124" w="398" /><ent r="3" t="124" w="398" /><ent r="3" t="127" w="330" /><ent r="3" t="127" w="330" /><ent r="3" t="127" w="396" /><ent r="3" t="127" w="396" /><ent r="4" t="129" w="136" /><ent r="4" t="129" w="136" /><ent r="4" t="139" w="62" /><ent r="4" t="139" w="62" /><ent r="3" t="140" w="511" /><ent r="3" t="140" w="511" /><ent r="3" t="140" w="611" /><ent r="3" t="140" w="611" /><ent r="3" t="140" w="685" /><ent r="3" t="140" w="685" /><ent r="3" t="141" w="148" /><ent r="3" t="141" w="148" /><ent r="3" t="141" w="183" /><ent r="3" t="141" w="183" /><ent r="3" t="154" w="106" /><ent r="3" t="154" w="106" /><ent r="3" t="154" w="116" /><ent r="3" t="154" w="116" /><ent r="4" t="156" w="96" /><ent r="4" t="156" w="96" /><ent r="3" t="156" w="124" /><ent r="3" t="156" w="124" /><ent r="4" t="156" w="334" /><ent r="4" t="156" w="334" /><ent r="4" t="158" w="42" /><ent r="4" t="158" w="42" /><ent r="4" t="165" w="141" /><ent r="4" t="165" w="141" /><ent r="4" t="177" w="399" /><ent r="4" t="177" w="399" /><ent r="4" t="177" w="1483" /><ent r="4" t="177" w="1483" /><ent r="4" t="178" w="549" /><ent r="4" t="178" w="549" /><ent r="3" t="178" w="1281" /><ent r="3" t="178" w="1281" /><ent r="4" t="178" w="1327" /><ent r="4" t="178" w="1327" /><ent r="4" t="178" w="1490" /><ent r="4" t="178" w="1490" /><ent r="4" t="178" w="1690" /><ent r="4" t="178" w="1690" /><ent r="3" t="178" w="1882" /><ent r="3" t="178" w="1882" /><ent r="3" t="178" w="1912" /><ent r="3" t="178" w="1912" /><ent r="3" t="178" w="1946" /><ent r="3" t="178" w="1946" /><ent r="3" t="178" w="1959" /><ent r="3" t="178" w="1959" /><ent r="4" t="178" w="2532" /><ent r="4" t="178" w="2532" /><ent r="4" t="178" w="2814" /><ent r="4" t="178" w="2814" /><ent r="4" t="178" w="2885" /><ent r="4" t="178" w="2885" /><ent r="4" t="179" w="261" /><ent r="4" t="179" w="261" /><ent r="4" t="179" w="694" /><ent r="4" t="179" w="694" /><ent r="4" t="179" w="768" /><ent r="4" t="179" w="768" /><ent r="4" t="179" w="787" /><ent r="4" t="179" w="787" /><ent r="4" t="179" w="859" /><ent r="4" t="179" w="859" /><ent r="5" t="179" w="918" /><ent r="5" t="179" w="918" /><ent r="4" t="179" w="986" /><ent r="4" t="179" w="986" /><ent r="4" t="180" w="224" /><ent r="4" t="180" w="224" /><ent r="4" t="180" w="1108" /><ent r="4" t="180" w="1108" /><ent r="4" t="181" w="499" /><ent r="4" t="181" w="499" /><ent r="4" t="181" w="684" /><ent r="4" t="181" w="684" /><ent r="4" t="181" w="767" /><ent r="4" t="181" w="767" /><ent r="3" t="181" w="947" /><ent r="3" t="181" w="947" /><ent r="4" t="182" w="484" /><ent r="4" t="182" w="484" /><ent r="4" t="182" w="837" /><ent r="4" t="182" w="837" /><ent r="4" t="182" w="891" /><ent r="4" t="182" w="891" /><ent r="4" t="182" w="965" /><ent r="4" t="182" w="965" /><ent r="6" t="182" w="994" /><ent r="6" t="182" w="994" /><ent r="5" t="183" w="526" /><ent r="5" t="183" w="526" /><ent r="4" t="184" w="375" /><ent r="4" t="184" w="375" /><ent r="4" t="184" w="556" /><ent r="4" t="184" w="556" /><ent r="4" t="184" w="736" /><ent r="4" t="184" w="736" /><ent r="4" t="186" w="286" /><ent r="4" t="186" w="286" /><ent r="7" t="188" w="107" /><ent r="7" t="188" w="107" /><ent r="7" t="188" w="143" /><ent r="7" t="188" w="143" /><ent r="4" t="193" w="429" /><ent r="4" t="193" w="429" /><ent r="3" t="206" w="119" /><ent r="3" t="206" w="119" /><ent r="4" t="234" w="40" /><ent r="4" t="234" w="40" /></phr><phr n="-clicking"><ent r="3" t="77" w="258" /><ent r="3" t="77" w="258" /><ent r="4" t="178" w="736" /><ent r="4" t="178" w="736" /><ent r="4" t="178" w="2802" /><ent r="4" t="178" w="2802" /></phr></stem><stem n="right"><phr n="Right"><ent r="4" t="1" w="331" /><ent r="6" t="3" w="65" /><ent r="5" t="3" w="82" /><ent r="4" t="4" w="188" /><ent r="4" t="24" w="38" /><ent r="3" t="27" w="37" /><ent r="3" t="27" w="47" /><ent r="7" t="39" w="87" /><ent r="4" t="44" w="114" /><ent r="4" t="44" w="162" /><ent r="3" t="47" w="176" /><ent r="3" t="47" w="196" /><ent r="4" t="47" w="226" /><ent r="4" t="47" w="291" /><ent r="4" t="50" w="147" /><ent r="4" t="50" w="201" /><ent r="3" t="53" w="30" /><ent r="4" t="54" w="40" /><ent r="4" t="55" w="50" /><ent r="3" t="57" w="71" /><ent r="4" t="58" w="170" /><ent r="4" t="62" w="58" /><ent r="3" t="64" w="150" /><ent r="3" t="64" w="178" /><ent r="4" t="66" w="86" /><ent r="3" t="69" w="51" /><ent r="4" t="85" w="75" /><ent r="4" t="85" w="113" /><ent r="4" t="85" w="159" /><ent r="4" t="85" w="197" /><ent r="4" t="85" w="261" /><ent r="4" t="86" w="54" /><ent r="3" t="89" w="151" /><ent r="3" t="90" w="78" /><ent r="4" t="91" w="39" /><ent r="4" t="92" w="60" /><ent r="3" t="93" w="104" /><ent r="4" t="94" w="44" /><ent r="5" t="95" w="65" /><ent r="5" t="95" w="189" /><ent r="5" t="96" w="66" /><ent r="4" t="97" w="43" /><ent r="3" t="98" w="119" /><ent r="3" t="99" w="122" /><ent r="3" t="100" w="208" /><ent r="3" t="101" w="142" /><ent r="3" t="102" w="141" /><ent r="3" t="127" w="330" /><ent r="3" t="127" w="396" /><ent r="4" t="139" w="62" /><ent r="5" t="140" w="163" /><ent r="5" t="140" w="264" /><ent r="4" t="140" w="310" /><ent r="3" t="141" w="183" /><ent r="3" t="154" w="106" /><ent r="3" t="154" w="116" /><ent r="4" t="156" w="96" /><ent r="3" t="156" w="124" /><ent r="4" t="156" w="334" /><ent r="4" t="157" w="75" /><ent r="4" t="158" w="42" /><ent r="4" t="159" w="55" /><ent r="4" t="160" w="91" /><ent r="4" t="161" w="80" /><ent r="4" t="162" w="72" /><ent r="4" t="163" w="88" /><ent r="4" t="164" w="122" /><ent r="4" t="165" w="141" /><ent r="3" t="167" w="36" /><ent r="4" t="174" w="120" /><ent r="4" t="174" w="329" /><ent r="4" t="177" w="399" /><ent r="4" t="177" w="1483" /><ent r="4" t="178" w="549" /><ent r="4" t="178" w="2532" /><ent r="4" t="178" w="2814" /><ent r="4" t="178" w="2885" /><ent r="4" t="179" w="261" /><ent r="4" t="179" w="694" /><ent r="4" t="179" w="768" /><ent r="4" t="179" w="787" /><ent r="4" t="179" w="859" /><ent r="5" t="179" w="918" /><ent r="4" t="179" w="986" /><ent r="4" t="180" w="224" /><ent r="4" t="180" w="1108" /><ent r="4" t="181" w="499" /><ent r="3" t="181" w="947" /><ent r="4" t="182" w="484" /><ent r="4" t="182" w="837" /><ent r="5" t="183" w="526" /><ent r="4" t="184" w="375" /><ent r="4" t="184" w="556" /><ent r="4" t="184" w="736" /><ent r="4" t="186" w="286" /><ent r="4" t="193" w="429" /><ent r="4" t="234" w="40" /></phr><phr n="right"><ent r="3" t="2" w="101" /><ent r="6" t="7" w="165" /><ent r="6" t="13" w="203" /><ent r="3" t="14" w="67" /><ent r="4" t="26" w="101" /><ent r="4" t="29" w="38" /><ent r="7" t="39" w="109" /><ent r="4" t="43" w="57" /><ent r="3" t="52" w="84" /><ent r="4" t="70" w="77" /><ent r="4" t="70" w="254" /><ent r="3" t="77" w="258" /><ent r="3" t="77" w="284" /><ent r="3" t="86" w="92" /><ent r="4" t="88" w="49" /><ent r="4" t="89" w="120" /><ent r="3" t="90" w="52" /><ent r="3" t="91" w="82" /><ent r="3" t="92" w="100" /><ent r="4" t="93" w="70" /><ent r="3" t="94" w="94" /><ent r="3" t="95" w="81" /><ent r="3" t="95" w="206" /><ent r="3" t="96" w="83" /><ent r="3" t="96" w="169" /><ent r="4" t="98" w="89" /><ent r="4" t="99" w="92" /><ent r="3" t="107" w="178" /><ent r="3" t="113" w="359" /><ent r="3" t="123" w="531" /><ent r="4" t="129" w="134" /><ent r="4" t="129" w="163" /><ent r="3" t="136" w="56" /><ent r="3" t="136" w="111" /><ent r="4" t="137" w="39" /><ent r="3" t="140" w="43" /><ent r="4" t="140" w="138" /><ent r="4" t="140" w="221" /><ent r="4" t="140" w="247" /><ent r="4" t="140" w="259" /><ent r="3" t="140" w="392" /><ent r="3" t="140" w="511" /><ent r="3" t="140" w="611" /><ent r="3" t="140" w="640" /><ent r="3" t="140" w="685" /><ent r="3" t="140" w="702" /><ent r="3" t="141" w="148" /><ent r="4" t="141" w="332" /><ent r="4" t="155" w="102" /><ent r="3" t="168" w="105" /><ent r="4" t="177" w="749" /><ent r="3" t="177" w="1325" /><ent r="3" t="177" w="1651" /><ent r="4" t="177" w="1704" /><ent r="4" t="177" w="1742" /><ent r="4" t="177" w="1939" /><ent r="4" t="178" w="736" /><ent r="3" t="178" w="958" /><ent r="4" t="178" w="1690" /><ent r="4" t="178" w="2802" /><ent r="4" t="179" w="524" /><ent r="4" t="179" w="621" /><ent r="4" t="181" w="684" /><ent r="4" t="181" w="767" /><ent r="4" t="182" w="891" /><ent r="6" t="182" w="994" /><ent r="4" t="184" w="1203" /><ent r="3" t="185" w="840" /><ent r="3" t="186" w="903" /><ent r="5" t="223" w="104" /><ent r="6" t="227" w="133" /></phr></stem><stem n="right-click"><phr n="Right-click"><ent r="4" t="1" w="331" /><ent r="4" t="4" w="188" /><ent r="4" t="24" w="38" /><ent r="3" t="27" w="37" /><ent r="3" t="27" w="47" /><ent r="4" t="44" w="114" /><ent r="4" t="44" w="162" /><ent r="3" t="47" w="176" /><ent r="3" t="47" w="196" /><ent r="4" t="47" w="226" /><ent r="4" t="47" w="291" /><ent r="4" t="50" w="147" /><ent r="4" t="50" w="201" /><ent r="3" t="53" w="30" /><ent r="4" t="54" w="40" /><ent r="4" t="55" w="50" /><ent r="3" t="57" w="71" /><ent r="4" t="58" w="170" /><ent r="4" t="85" w="75" /><ent r="4" t="85" w="113" /><ent r="4" t="85" w="159" /><ent r="4" t="85" w="197" /><ent r="4" t="85" w="261" /><ent r="4" t="86" w="54" /><ent r="3" t="89" w="151" /><ent r="3" t="90" w="78" /><ent r="4" t="91" w="39" /><ent r="4" t="92" w="60" /><ent r="3" t="93" w="104" /><ent r="4" t="94" w="44" /><ent r="5" t="95" w="65" /><ent r="5" t="95" w="189" /><ent r="5" t="96" w="66" /><ent r="4" t="97" w="43" /><ent r="3" t="98" w="119" /><ent r="3" t="99" w="122" /><ent r="3" t="100" w="208" /><ent r="3" t="101" w="142" /><ent r="3" t="102" w="141" /><ent r="3" t="127" w="330" /><ent r="3" t="127" w="396" /><ent r="4" t="139" w="62" /><ent r="3" t="141" w="183" /><ent r="3" t="154" w="106" /><ent r="3" t="154" w="116" /><ent r="4" t="156" w="96" /><ent r="3" t="156" w="124" /><ent r="4" t="156" w="334" /><ent r="4" t="157" w="75" /><ent r="4" t="158" w="42" /><ent r="4" t="165" w="141" /><ent r="4" t="177" w="399" /><ent r="4" t="177" w="1483" /><ent r="4" t="178" w="549" /><ent r="4" t="178" w="2532" /><ent r="4" t="178" w="2814" /><ent r="4" t="178" w="2885" /><ent r="4" t="179" w="261" /><ent r="4" t="179" w="694" /><ent r="4" t="179" w="768" /><ent r="4" t="179" w="787" /><ent r="4" t="179" w="859" /><ent r="5" t="179" w="918" /><ent r="4" t="179" w="986" /><ent r="4" t="180" w="224" /><ent r="4" t="180" w="1108" /><ent r="4" t="181" w="499" /><ent r="3" t="181" w="947" /><ent r="4" t="182" w="484" /><ent r="4" t="182" w="837" /><ent r="5" t="183" w="526" /><ent r="4" t="184" w="375" /><ent r="4" t="184" w="556" /><ent r="4" t="184" w="736" /><ent r="4" t="186" w="286" /><ent r="4" t="193" w="429" /><ent r="4" t="234" w="40" /></phr><phr n="right-click"><ent r="3" t="14" w="67" /><ent r="4" t="26" w="101" /><ent r="4" t="29" w="38" /><ent r="4" t="43" w="57" /><ent r="4" t="70" w="77" /><ent r="4" t="70" w="254" /><ent r="3" t="77" w="284" /><ent r="3" t="86" w="92" /><ent r="4" t="88" w="49" /><ent r="4" t="89" w="120" /><ent r="3" t="90" w="52" /><ent r="3" t="91" w="82" /><ent r="3" t="92" w="100" /><ent r="4" t="93" w="70" /><ent r="3" t="94" w="94" /><ent r="3" t="95" w="81" /><ent r="3" t="95" w="206" /><ent r="3" t="96" w="83" /><ent r="4" t="99" w="92" /><ent r="3" t="136" w="56" /><ent r="3" t="136" w="111" /><ent r="4" t="137" w="39" /><ent r="4" t="140" w="221" /><ent r="4" t="140" w="259" /><ent r="3" t="140" w="511" /><ent r="3" t="140" w="611" /><ent r="3" t="140" w="685" /><ent r="3" t="141" w="148" /><ent r="4" t="155" w="102" /><ent r="4" t="178" w="1690" /><ent r="4" t="181" w="684" /><ent r="4" t="181" w="767" /><ent r="4" t="182" w="891" /><ent r="6" t="182" w="994" /></phr><phr n="right-clicking"><ent r="3" t="77" w="258" /><ent r="4" t="178" w="736" /><ent r="4" t="178" w="2802" /></phr></stem><stem n="click"><phr n="click"><ent r="4" t="1" w="332" /><ent r="4" t="4" w="189" /><ent r="7" t="5" w="187" /><ent r="7" t="5" w="236" /><ent r="6" t="7" w="39" /><ent r="6" t="7" w="54" /><ent r="6" t="7" w="194" /><ent r="5" t="13" w="73" /><ent r="3" t="14" w="68" /><ent r="6" t="14" w="337" /><ent r="6" t="14" w="344" /><ent r="3" t="18" w="59" /><ent r="3" t="18" w="166" /><ent r="3" t="19" w="186" /><ent r="4" t="21" w="267" /><ent r="4" t="21" w="423" /><ent r="4" t="21" w="434" /><ent r="3" t="23" w="107" /><ent r="4" t="24" w="39" /><ent r="3" t="24" w="95" /><ent r="4" t="26" w="102" /><ent r="4" t="26" w="270" /><ent r="4" t="26" w="357" /><ent r="3" t="27" w="38" /><ent r="3" t="27" w="48" /><ent r="3" t="27" w="106" /><ent r="4" t="29" w="39" /><ent r="3" t="30" w="80" /><ent r="3" t="32" w="123" /><ent r="3" t="35" w="49" /><ent r="3" t="38" w="135" /><ent r="3" t="41" w="27" /><ent r="4" t="43" w="58" /><ent r="4" t="43" w="99" /><ent r="4" t="43" w="170" /><ent r="4" t="44" w="115" /><ent r="4" t="44" w="163" /><ent r="4" t="44" w="245" /><ent r="4" t="44" w="313" /><ent r="4" t="44" w="435" /><ent r="4" t="44" w="494" /><ent r="4" t="44" w="539" /><ent r="3" t="47" w="62" /><ent r="3" t="47" w="87" /><ent r="3" t="47" w="99" /><ent r="3" t="47" w="177" /><ent r="3" t="47" w="197" /><ent r="4" t="47" w="227" /><ent r="3" t="47" w="280" /><ent r="4" t="47" w="292" /><ent r="3" t="47" w="332" /><ent r="3" t="48" w="105" /><ent r="4" t="48" w="311" /><ent r="3" t="49" w="152" /><ent r="4" t="50" w="148" /><ent r="4" t="50" w="202" /><ent r="4" t="50" w="257" /><ent r="3" t="51" w="34" /><ent r="4" t="51" w="110" /><ent r="3" t="52" w="68" /><ent r="3" t="53" w="31" /><ent r="4" t="54" w="41" /><ent r="4" t="55" w="51" /><ent r="3" t="56" w="41" /><ent r="3" t="56" w="68" /><ent r="3" t="57" w="72" /><ent r="4" t="58" w="171" /><ent r="7" t="59" w="95" /><ent r="7" t="59" w="112" /><ent r="7" t="59" w="158" /><ent r="7" t="59" w="175" /><ent r="4" t="60" w="36" /><ent r="4" t="62" w="59" /><ent r="3" t="62" w="129" /><ent r="4" t="62" w="193" /><ent r="3" t="62" w="211" /><ent r="3" t="62" w="227" /><ent r="3" t="64" w="69" /><ent r="3" t="64" w="101" /><ent r="4" t="66" w="87" /><ent r="4" t="67" w="77" /><ent r="4" t="67" w="122" /><ent r="4" t="67" w="278" /><ent r="3" t="69" w="52" /><ent r="4" t="70" w="78" /><ent r="4" t="70" w="85" /><ent r="4" t="70" w="117" /><ent r="4" t="70" w="157" /><ent r="4" t="70" w="187" /><ent r="4" t="70" w="255" /><ent r="4" t="72" w="114" /><ent r="3" t="74" w="78" /><ent r="4" t="77" w="69" /><ent r="3" t="77" w="285" /><ent r="4" t="78" w="117" /><ent r="4" t="81" w="106" /><ent r="4" t="81" w="278" /><ent r="4" t="81" w="299" /><ent r="4" t="81" w="306" /><ent r="3" t="81" w="324" /><ent r="3" t="83" w="108" /><ent r="4" t="85" w="76" /><ent r="4" t="85" w="114" /><ent r="4" t="85" w="160" /><ent r="4" t="85" w="198" /><ent r="4" t="85" w="262" /><ent r="4" t="86" w="55" /><ent r="3" t="86" w="93" /><ent r="3" t="87" w="82" /><ent r="4" t="88" w="50" /><ent r="4" t="89" w="121" /><ent r="3" t="89" w="152" /><ent r="3" t="90" w="53" /><ent r="3" t="90" w="79" /><ent r="7" t="90" w="185" /><ent r="4" t="91" w="40" /><ent r="3" t="91" w="83" /><ent r="4" t="92" w="61" /><ent r="3" t="92" w="101" /><ent r="4" t="93" w="71" /><ent r="3" t="93" w="105" /><ent r="4" t="94" w="45" /><ent r="3" t="94" w="95" /><ent r="5" t="95" w="66" /><ent r="3" t="95" w="82" /><ent r="4" t="95" w="134" /><ent r="5" t="95" w="190" /><ent r="3" t="95" w="207" /><ent r="4" t="95" w="258" /><ent r="5" t="96" w="67" /><ent r="3" t="96" w="84" /><ent r="3" t="96" w="163" /><ent r="3" t="96" w="205" /><ent r="4" t="96" w="238" /><ent r="3" t="96" w="254" /><ent r="3" t="96" w="266" /><ent r="3" t="96" w="308" /><ent r="3" t="96" w="320" /><ent r="4" t="97" w="44" /><ent r="3" t="98" w="46" /><ent r="4" t="98" w="90" /><ent r="3" t="98" w="120" /><ent r="4" t="98" w="180" /><ent r="4" t="99" w="93" /><ent r="3" t="99" w="123" /><ent r="4" t="99" w="187" /><ent r="3" t="100" w="134" /><ent r="3" t="100" w="183" /><ent r="3" t="100" w="209" /><ent r="3" t="101" w="143" /><ent r="3" t="102" w="142" /><ent r="4" t="104" w="155" /><ent r="4" t="105" w="97" /><ent r="4" t="106" w="110" /><ent r="4" t="107" w="111" /><ent r="4" t="108" w="293" /><ent r="3" t="113" w="179" /><ent r="3" t="113" w="193" /><ent r="3" t="113" w="207" /><ent r="3" t="113" w="221" /><ent r="3" t="116" w="97" /><ent r="3" t="118" w="58" /><ent r="3" t="123" w="598" /><ent r="3" t="123" w="658" /><ent r="4" t="124" w="181" /><ent r="4" t="124" w="307" /><ent r="4" t="124" w="360" /><ent r="4" t="124" w="390" /><ent r="3" t="124" w="399" /><ent r="4" t="125" w="44" /><ent r="3" t="126" w="172" /><ent r="3" t="127" w="331" /><ent r="3" t="127" w="397" /><ent r="4" t="129" w="137" /><ent r="4" t="129" w="156" /><ent r="4" t="131" w="70" /><ent r="3" t="136" w="57" /><ent r="3" t="136" w="112" /><ent r="4" t="137" w="40" /><ent r="4" t="139" w="63" /><ent r="4" t="140" w="103" /><ent r="4" t="140" w="147" /><ent r="4" t="140" w="222" /><ent r="4" t="140" w="260" /><ent r="3" t="140" w="333" /><ent r="3" t="140" w="393" /><ent r="3" t="140" w="512" /><ent r="3" t="140" w="612" /><ent r="3" t="140" w="686" /><ent r="3" t="141" w="149" /><ent r="3" t="141" w="184" /><ent r="3" t="141" w="608" /><ent r="3" t="141" w="664" /><ent r="4" t="142" w="271" /><ent r="3" t="142" w="293" /><ent r="4" t="143" w="67" /><ent r="4" t="143" w="100" /><ent r="4" t="145" w="106" /><ent r="3" t="145" w="239" /><ent r="4" t="146" w="106" /><ent r="4" t="147" w="120" /><ent r="4" t="148" w="115" /><ent r="4" t="149" w="108" /><ent r="3" t="149" w="201" /><ent r="4" t="150" w="106" /><ent r="4" t="151" w="102" /><ent r="4" t="151" w="151" /><ent r="4" t="152" w="103" /><ent r="4" t="153" w="113" /><ent r="3" t="154" w="87" /><ent r="3" t="154" w="107" /><ent r="3" t="154" w="117" /><ent r="4" t="155" w="103" /><ent r="5" t="155" w="133" /><ent r="3" t="155" w="152" /><ent r="3" t="155" w="168" /><ent r="4" t="156" w="97" /><ent r="3" t="156" w="125" /><ent r="4" t="156" w="168" /><ent r="3" t="156" w="186" /><ent r="3" t="156" w="202" /><ent r="4" t="156" w="335" /><ent r="4" t="157" w="76" /><ent r="5" t="157" w="172" /><ent r="3" t="157" w="190" /><ent r="3" t="157" w="206" /><ent r="4" t="158" w="43" /><ent r="6" t="158" w="70" /><ent r="3" t="158" w="89" /><ent r="3" t="158" w="105" /><ent r="3" t="158" w="204" /><ent r="3" t="158" w="241" /><ent r="4" t="159" w="56" /><ent r="4" t="159" w="89" /><ent r="3" t="159" w="107" /><ent r="3" t="159" w="123" /><ent r="4" t="160" w="92" /><ent r="3" t="160" w="210" /><ent r="4" t="160" w="244" /><ent r="3" t="160" w="262" /><ent r="3" t="160" w="278" /><ent r="4" t="161" w="81" /><ent r="3" t="161" w="173" /><ent r="3" t="161" w="191" /><ent r="3" t="161" w="207" /><ent r="4" t="162" w="73" /><ent r="4" t="162" w="107" /><ent r="3" t="162" w="125" /><ent r="3" t="162" w="141" /><ent r="4" t="163" w="89" /><ent r="3" t="163" w="151" /><ent r="4" t="163" w="203" /><ent r="3" t="163" w="221" /><ent r="3" t="163" w="237" /><ent r="4" t="164" w="123" /><ent r="4" t="164" w="156" /><ent r="3" t="164" w="174" /><ent r="3" t="164" w="190" /><ent r="3" t="164" w="730" /><ent r="4" t="165" w="142" /><ent r="3" t="166" w="838" /><ent r="3" t="167" w="37" /><ent r="3" t="168" w="39" /><ent r="3" t="168" w="192" /><ent r="3" t="168" w="282" /><ent r="3" t="168" w="295" /><ent r="3" t="168" w="309" /><ent r="4" t="171" w="184" /><ent r="4" t="171" w="238" /><ent r="3" t="172" w="99" /><ent r="4" t="174" w="121" /><ent r="4" t="177" w="400" /><ent r="4" t="177" w="582" /><ent r="3" t="177" w="631" /><ent r="4" t="177" w="1146" /><ent r="3" t="177" w="1286" /><ent r="4" t="177" w="1396" /><ent r="4" t="177" w="1484" /><ent r="4" t="177" w="1736" /><ent r="4" t="177" w="2320" /><ent r="4" t="177" w="2335" /><ent r="4" t="178" w="550" /><ent r="4" t="178" w="926" /><ent r="3" t="178" w="1200" /><ent r="4" t="178" w="1257" /><ent r="3" t="178" w="1282" /><ent r="3" t="178" w="1322" /><ent r="4" t="178" w="1328" /><ent r="4" t="178" w="1491" /><ent r="4" t="178" w="1641" /><ent r="4" t="178" w="1691" /><ent r="3" t="178" w="1883" /><ent r="3" t="178" w="1913" /><ent r="3" t="178" w="1947" /><ent r="3" t="178" w="1960" /><ent r="3" t="178" w="2121" /><ent r="3" t="178" w="2130" /><ent r="4" t="178" w="2180" /><ent r="4" t="178" w="2533" /><ent r="3" t="178" w="2707" /><ent r="4" t="178" w="2815" /><ent r="4" t="178" w="2886" /><ent r="4" t="178" w="2928" /><ent r="4" t="179" w="262" /><ent r="4" t="179" w="445" /><ent r="4" t="179" w="464" /><ent r="4" t="179" w="554" /><ent r="4" t="179" w="599" /><ent r="4" t="179" w="695" /><ent r="4" t="179" w="769" /><ent r="4" t="179" w="788" /><ent r="4" t="179" w="822" /><ent r="4" t="179" w="860" /><ent r="4" t="179" w="894" /><ent r="5" t="179" w="919" /><ent r="4" t="179" w="987" /><ent r="4" t="179" w="1000" /><ent r="4" t="179" w="1009" /><ent r="4" t="179" w="1450" /><ent r="4" t="179" w="1470" /><ent r="4" t="180" w="225" /><ent r="4" t="180" w="389" /><ent r="4" t="180" w="413" /><ent r="3" t="180" w="966" /><ent r="4" t="180" w="1013" /><ent r="4" t="180" w="1109" /><ent r="4" t="180" w="1466" /><ent r="4" t="181" w="500" /><ent r="4" t="181" w="685" /><ent r="4" t="181" w="717" /><ent r="3" t="181" w="727" /><ent r="4" t="181" w="768" /><ent r="4" t="181" w="811" /><ent r="4" t="181" w="887" /><ent r="4" t="181" w="900" /><ent r="3" t="181" w="948" /><ent r="4" t="181" w="993" /><ent r="4" t="182" w="485" /><ent r="4" t="182" w="743" /><ent r="4" t="182" w="838" /><ent r="4" t="182" w="892" /><ent r="4" t="182" w="966" /><ent r="6" t="182" w="995" /><ent r="4" t="182" w="1102" /><ent r="4" t="182" w="1119" /><ent r="4" t="183" w="328" /><ent r="4" t="183" w="475" /><ent r="4" t="183" w="485" /><ent r="5" t="183" w="527" /><ent r="4" t="184" w="376" /><ent r="4" t="184" w="557" /><ent r="3" t="184" w="577" /><ent r="3" t="184" w="606" /><ent r="4" t="184" w="689" /><ent r="4" t="184" w="737" /><ent r="3" t="184" w="1041" /><ent r="4" t="184" w="1139" /><ent r="3" t="184" w="1171" /><ent r="4" t="185" w="615" /><ent r="4" t="185" w="704" /><ent r="3" t="185" w="1043" /><ent r="4" t="186" w="287" /><ent r="4" t="186" w="485" /><ent r="4" t="186" w="506" /><ent r="3" t="186" w="1123" /><ent r="4" t="186" w="1286" /><ent r="4" t="186" w="1524" /><ent r="4" t="187" w="147" /><ent r="7" t="188" w="91" /><ent r="7" t="188" w="108" /><ent r="7" t="188" w="127" /><ent r="7" t="188" w="144" /><ent r="4" t="193" w="430" /><ent r="4" t="193" w="501" /><ent r="4" t="193" w="559" /><ent r="3" t="193" w="773" /><ent r="4" t="196" w="280" /><ent r="3" t="206" w="120" /><ent r="3" t="206" w="152" /><ent r="3" t="210" w="42" /><ent r="3" t="211" w="64" /><ent r="3" t="211" w="84" /><ent r="3" t="212" w="121" /><ent r="4" t="212" w="201" /><ent r="4" t="212" w="288" /><ent r="3" t="213" w="52" /><ent r="4" t="213" w="132" /><ent r="4" t="213" w="219" /><ent r="4" t="214" w="91" /><ent r="4" t="214" w="178" /><ent r="3" t="215" w="50" /><ent r="4" t="215" w="130" /><ent r="4" t="215" w="217" /><ent r="4" t="216" w="48" /><ent r="3" t="216" w="136" /><ent r="4" t="216" w="184" /><ent r="4" t="216" w="264" /><ent r="3" t="217" w="82" /><ent r="4" t="218" w="50" /><ent r="3" t="219" w="87" /><ent r="4" t="220" w="68" /><ent r="4" t="221" w="80" /><ent r="4" t="222" w="53" /><ent r="3" t="223" w="33" /><ent r="4" t="224" w="108" /><ent r="4" t="225" w="120" /><ent r="4" t="226" w="107" /><ent r="4" t="228" w="50" /><ent r="4" t="228" w="183" /><ent r="4" t="228" w="265" /><ent r="4" t="228" w="333" /><ent r="3" t="229" w="95" /><ent r="3" t="229" w="180" /><ent r="4" t="234" w="41" /><ent r="3" t="234" w="93" /></phr><phr n="Click"><ent r="4" t="1" w="402" /><ent r="4" t="18" w="183" /><ent r="4" t="20" w="297" /><ent r="4" t="21" w="478" /><ent r="4" t="21" w="517" /><ent r="4" t="24" w="122" /><ent r="4" t="26" w="180" /><ent r="4" t="26" w="599" /><ent r="4" t="27" w="146" /><ent r="4" t="29" w="93" /><ent r="4" t="29" w="110" /><ent r="4" t="30" w="87" /><ent r="4" t="32" w="185" /><ent r="4" t="37" w="64" /><ent r="3" t="37" w="139" /><ent r="3" t="39" w="56" /><ent r="3" t="40" w="68" /><ent r="4" t="42" w="41" /><ent r="4" t="43" w="75" /><ent r="3" t="43" w="88" /><ent r="3" t="43" w="161" /><ent r="3" t="43" w="180" /><ent r="4" t="44" w="215" /><ent r="4" t="44" w="234" /><ent r="4" t="44" w="327" /><ent r="4" t="44" w="475" /><ent r="4" t="44" w="553" /><ent r="4" t="44" w="587" /><ent r="3" t="44" w="619" /><ent r="3" t="46" w="57" /><ent r="4" t="48" w="131" /><ent r="3" t="48" w="261" /><ent r="4" t="48" w="283" /><ent r="4" t="49" w="428" /><ent r="4" t="50" w="270" /><ent r="3" t="52" w="77" /><ent r="4" t="60" w="149" /><ent r="3" t="64" w="80" /><ent r="4" t="67" w="97" /><ent r="4" t="70" w="102" /><ent r="4" t="70" w="166" /><ent r="4" t="70" w="208" /><ent r="4" t="70" w="287" /><ent r="3" t="71" w="94" /><ent r="3" t="71" w="108" /><ent r="4" t="74" w="109" /><ent r="4" t="74" w="121" /><ent r="4" t="74" w="134" /><ent r="4" t="74" w="167" /><ent r="4" t="74" w="190" /><ent r="4" t="74" w="210" /><ent r="3" t="74" w="302" /><ent r="3" t="77" w="92" /><ent r="4" t="80" w="141" /><ent r="4" t="80" w="218" /><ent r="4" t="80" w="237" /><ent r="3" t="81" w="115" /><ent r="4" t="83" w="203" /><ent r="4" t="83" w="224" /><ent r="4" t="83" w="248" /><ent r="4" t="83" w="259" /><ent r="4" t="83" w="292" /><ent r="4" t="83" w="307" /><ent r="4" t="92" w="195" /><ent r="4" t="93" w="150" /><ent r="4" t="97" w="94" /><ent r="3" t="100" w="223" /><ent r="3" t="100" w="240" /><ent r="4" t="102" w="201" /><ent r="4" t="102" w="248" /><ent r="4" t="104" w="171" /><ent r="4" t="104" w="249" /><ent r="3" t="104" w="259" /><ent r="4" t="105" w="113" /><ent r="4" t="105" w="127" /><ent r="3" t="105" w="137" /><ent r="4" t="106" w="126" /><ent r="4" t="106" w="136" /><ent r="4" t="106" w="146" /><ent r="3" t="106" w="156" /><ent r="4" t="107" w="127" /><ent r="4" t="107" w="137" /><ent r="4" t="107" w="146" /><ent r="3" t="107" w="156" /><ent r="3" t="108" w="412" /><ent r="4" t="108" w="460" /><ent r="3" t="109" w="113" /><ent r="4" t="116" w="115" /><ent r="4" t="117" w="100" /><ent r="4" t="118" w="132" /><ent r="4" t="124" w="147" /><ent r="4" t="124" w="246" /><ent r="4" t="124" w="416" /><ent r="4" t="126" w="59" /><ent r="4" t="126" w="134" /><ent r="4" t="133" w="71" /><ent r="4" t="134" w="80" /><ent r="4" t="140" w="365" /><ent r="4" t="140" w="452" /><ent r="3" t="140" w="484" /><ent r="3" t="140" w="584" /><ent r="3" t="140" w="658" /><ent r="4" t="141" w="254" /><ent r="4" t="141" w="260" /><ent r="3" t="141" w="347" /><ent r="4" t="141" w="375" /><ent r="4" t="141" w="395" /><ent r="4" t="141" w="431" /><ent r="4" t="141" w="572" /><ent r="3" t="143" w="110" /><ent r="4" t="145" w="120" /><ent r="3" t="145" w="249" /><ent r="4" t="146" w="120" /><ent r="4" t="146" w="221" /><ent r="3" t="146" w="231" /><ent r="4" t="147" w="134" /><ent r="4" t="147" w="201" /><ent r="3" t="147" w="211" /><ent r="4" t="148" w="131" /><ent r="4" t="148" w="192" /><ent r="3" t="148" w="202" /><ent r="4" t="149" w="122" /><ent r="3" t="149" w="211" /><ent r="4" t="150" w="122" /><ent r="4" t="150" w="151" /><ent r="3" t="150" w="161" /><ent r="4" t="151" w="116" /><ent r="3" t="151" w="161" /><ent r="4" t="152" w="119" /><ent r="4" t="152" w="141" /><ent r="3" t="152" w="151" /><ent r="4" t="153" w="127" /><ent r="4" t="153" w="258" /><ent r="3" t="153" w="268" /><ent r="3" t="154" w="148" /><ent r="4" t="154" w="332" /><ent r="3" t="154" w="346" /><ent r="3" t="154" w="361" /><ent r="4" t="160" w="112" /><ent r="4" t="166" w="700" /><ent r="3" t="166" w="795" /><ent r="3" t="166" w="827" /><ent r="4" t="166" w="941" /><ent r="4" t="166" w="1036" /><ent r="4" t="167" w="224" /><ent r="4" t="167" w="239" /><ent r="4" t="167" w="257" /><ent r="4" t="167" w="286" /><ent r="4" t="167" w="304" /><ent r="4" t="167" w="333" /><ent r="4" t="168" w="267" /><ent r="4" t="170" w="135" /><ent r="4" t="170" w="305" /><ent r="4" t="171" w="133" /><ent r="4" t="171" w="285" /><ent r="4" t="172" w="139" /><ent r="4" t="173" w="300" /><ent r="4" t="173" w="326" /><ent r="4" t="174" w="163" /><ent r="4" t="174" w="175" /><ent r="4" t="174" w="228" /><ent r="4" t="174" w="241" /><ent r="4" t="174" w="264" /><ent r="4" t="174" w="299" /><ent r="4" t="175" w="120" /><ent r="3" t="176" w="308" /><ent r="4" t="177" w="445" /><ent r="4" t="177" w="449" /><ent r="4" t="177" w="570" /><ent r="3" t="177" w="614" /><ent r="3" t="177" w="1176" /><ent r="3" t="177" w="1629" /><ent r="4" t="177" w="1693" /><ent r="4" t="177" w="1932" /><ent r="3" t="177" w="2007" /><ent r="4" t="177" w="2147" /><ent r="3" t="177" w="2173" /><ent r="4" t="177" w="2246" /><ent r="4" t="177" w="2265" /><ent r="4" t="177" w="2284" /><ent r="4" t="177" w="2305" /><ent r="4" t="177" w="2364" /><ent r="4" t="178" w="595" /><ent r="4" t="178" w="599" /><ent r="3" t="178" w="998" /><ent r="3" t="178" w="1170" /><ent r="3" t="178" w="1177" /><ent r="5" t="178" w="1185" /><ent r="3" t="178" w="1232" /><ent r="4" t="178" w="1375" /><ent r="4" t="178" w="1509" /><ent r="4" t="178" w="1576" /><ent r="4" t="178" w="1582" /><ent r="4" t="178" w="1723" /><ent r="4" t="178" w="1877" /><ent r="4" t="178" w="1906" /><ent r="4" t="178" w="1928" /><ent r="4" t="178" w="1934" /><ent r="4" t="178" w="1939" /><ent r="4" t="178" w="1953" /><ent r="4" t="178" w="1981" /><ent r="4" t="178" w="2200" /><ent r="4" t="178" w="2232" /><ent r="3" t="178" w="2352" /><ent r="4" t="178" w="2380" /><ent r="4" t="178" w="2588" /><ent r="3" t="178" w="2865" /><ent r="4" t="179" w="307" /><ent r="4" t="179" w="311" /><ent r="3" t="179" w="419" /><ent r="4" t="179" w="487" /><ent r="4" t="179" w="505" /><ent r="4" t="179" w="512" /><ent r="4" t="179" w="587" /><ent r="4" t="179" w="750" /><ent r="3" t="179" w="907" /><ent r="4" t="179" w="933" /><ent r="4" t="179" w="1042" /><ent r="4" t="179" w="1257" /><ent r="4" t="180" w="270" /><ent r="4" t="180" w="274" /><ent r="4" t="180" w="479" /><ent r="4" t="180" w="785" /><ent r="4" t="180" w="1171" /><ent r="4" t="180" w="1228" /><ent r="4" t="180" w="1267" /><ent r="4" t="180" w="1427" /><ent r="4" t="180" w="1441" /><ent r="4" t="180" w="1484" /><ent r="3" t="180" w="1501" /><ent r="3" t="180" w="1540" /><ent r="4" t="181" w="545" /><ent r="4" t="181" w="549" /><ent r="4" t="181" w="653" /><ent r="4" t="181" w="827" /><ent r="4" t="181" w="840" /><ent r="4" t="181" w="877" /><ent r="4" t="182" w="530" /><ent r="4" t="182" w="534" /><ent r="4" t="182" w="646" /><ent r="3" t="182" w="676" /><ent r="4" t="182" w="1024" /><ent r="3" t="182" w="1080" /><ent r="4" t="182" w="1133" /><ent r="4" t="182" w="1140" /><ent r="4" t="183" w="286" /><ent r="4" t="183" w="304" /><ent r="4" t="183" w="407" /><ent r="4" t="183" w="445" /><ent r="4" t="183" w="462" /><ent r="4" t="184" w="421" /><ent r="4" t="184" w="425" /><ent r="4" t="184" w="544" /><ent r="3" t="184" w="589" /><ent r="4" t="184" w="766" /><ent r="3" t="184" w="788" /><ent r="4" t="184" w="872" /><ent r="4" t="184" w="1109" /><ent r="4" t="184" w="1123" /><ent r="3" t="184" w="1151" /><ent r="4" t="184" w="1187" /><ent r="4" t="185" w="466" /><ent r="4" t="185" w="513" /><ent r="4" t="185" w="669" /><ent r="4" t="185" w="757" /><ent r="4" t="185" w="1235" /><ent r="4" t="185" w="1253" /><ent r="4" t="185" w="1338" /><ent r="4" t="186" w="332" /><ent r="4" t="186" w="336" /><ent r="4" t="186" w="560" /><ent r="4" t="186" w="596" /><ent r="4" t="186" w="646" /><ent r="3" t="186" w="707" /><ent r="3" t="186" w="717" /><ent r="3" t="186" w="991" /><ent r="4" t="186" w="1552" /><ent r="4" t="187" w="71" /><ent r="4" t="187" w="85" /><ent r="4" t="193" w="694" /><ent r="3" t="196" w="116" /><ent r="4" t="196" w="259" /><ent r="4" t="196" w="292" /><ent r="4" t="196" w="380" /><ent r="4" t="198" w="116" /><ent r="4" t="216" w="72" /><ent r="4" t="216" w="103" /><ent r="4" t="216" w="245" /><ent r="4" t="216" w="297" /><ent r="4" t="218" w="63" /><ent r="4" t="220" w="113" /><ent r="4" t="221" w="208" /><ent r="4" t="222" w="66" /><ent r="3" t="224" w="134" /><ent r="4" t="224" w="194" /><ent r="4" t="224" w="244" /><ent r="4" t="225" w="139" /><ent r="4" t="225" w="194" /><ent r="4" t="226" w="118" /><ent r="4" t="226" w="150" /><ent r="3" t="226" w="160" /><ent r="4" t="228" w="56" /><ent r="4" t="228" w="85" /><ent r="4" t="228" w="165" /><ent r="4" t="228" w="190" /><ent r="4" t="228" w="203" /><ent r="4" t="228" w="224" /><ent r="4" t="228" w="272" /><ent r="4" t="228" w="291" /><ent r="4" t="228" w="340" /><ent r="4" t="228" w="353" /><ent r="4" t="229" w="39" /><ent r="4" t="229" w="109" /><ent r="4" t="229" w="139" /><ent r="4" t="229" w="150" /><ent r="4" t="229" w="215" /></phr><phr n="clicking"><ent r="6" t="7" w="227" /><ent r="3" t="38" w="28" /><ent r="3" t="49" w="349" /><ent r="4" t="74" w="158" /><ent r="3" t="77" w="259" /><ent r="3" t="87" w="165" /><ent r="3" t="89" w="69" /><ent r="4" t="117" w="35" /><ent r="4" t="166" w="999" /><ent r="4" t="174" w="198" /><ent r="4" t="177" w="741" /><ent r="4" t="177" w="928" /><ent r="4" t="177" w="1862" /><ent r="4" t="178" w="737" /><ent r="4" t="178" w="1101" /><ent r="4" t="178" w="1618" /><ent r="4" t="178" w="2092" /><ent r="4" t="178" w="2803" /><ent r="4" t="178" w="2846" /><ent r="4" t="179" w="613" /><ent r="4" t="181" w="971" /><ent r="3" t="185" w="1074" /><ent r="6" t="185" w="1200" /><ent r="6" t="185" w="1205" /><ent r="4" t="185" w="1777" /><ent r="3" t="186" w="864" /><ent r="3" t="186" w="929" /><ent r="3" t="186" w="979" /><ent r="3" t="186" w="1160" /><ent r="3" t="186" w="1165" /><ent r="4" t="187" w="135" /><ent r="3" t="193" w="281" /><ent r="3" t="193" w="635" /><ent r="3" t="207" w="98" /><ent r="3" t="217" w="151" /><ent r="3" t="219" w="156" /></phr><phr n="Clicking"><ent r="3" t="115" w="239" /><ent r="3" t="185" w="930" /><ent r="3" t="186" w="806" /></phr></stem></index>