﻿<?xml version="1.0" encoding="utf-8"?><index><stem n="return"><phr n="returns"><ent r="3" t="43" w="297" /><ent r="3" t="128" w="453" /><ent r="3" t="128" w="615" /><ent r="4" t="170" w="1521" /><ent r="6" t="174" w="38" /></phr><phr n="return"><ent r="3" t="43" w="391" /><ent r="3" t="155" w="167" /></phr></stem><stem n="extent"><phr n="extents"><ent r="3" t="43" w="303" /><ent r="4" t="98" w="270" /><ent r="3" t="99" w="510" /><ent r="3" t="149" w="269" /><ent r="3" t="167" w="370" /><ent r="3" t="168" w="357" /></phr><phr n="Extents"><ent r="3" t="99" w="490" /><ent r="3" t="99" w="502" /></phr><phr n="extent"><ent r="3" t="164" w="338" /></phr></stem><stem n="tri"><phr n="tries"><ent r="3" t="43" w="359" /></phr></stem><stem n="keep"><phr n="keep"><ent r="3" t="43" w="361" /><ent r="4" t="163" w="2272" /></phr></stem><stem n="becom"><phr n="become"><ent r="3" t="43" w="380" /><ent r="3" t="143" w="380" /><ent r="4" t="161" w="352" /><ent r="3" t="170" w="241" /></phr></stem><stem n="off-cent"><phr n="off-center"><ent r="3" t="43" w="381" /></phr></stem><stem n="-center."><phr n="-center."><ent r="3" t="43" w="383" /><ent r="3" t="43" w="383" /></phr></stem><stem n="ensur"><phr n="ensure"><ent r="3" t="43" w="408" /><ent r="3" t="107" w="233" /><ent r="3" t="164" w="839" /><ent r="3" t="164" w="849" /></phr></stem><stem n="entir"><phr n="entire"><ent r="3" t="43" w="411" /><ent r="4" t="107" w="139" /><ent r="3" t="112" w="120" /><ent r="3" t="114" w="746" /><ent r="3" t="116" w="215" /><ent r="3" t="117" w="110" /><ent r="3" t="117" w="314" /><ent r="4" t="126" w="17" /><ent r="4" t="138" w="310" /><ent r="3" t="153" w="450" /><ent r="3" t="154" w="280" /><ent r="3" t="163" w="215" /><ent r="4" t="164" w="701" /><ent r="4" t="167" w="1046" /><ent r="4" t="188" w="345" /><ent r="4" t="188" w="372" /></phr><phr n="entirely"><ent r="3" t="164" w="265" /><ent r="3" t="213" w="226" /></phr></stem><stem n="chose"><phr n="chose"><ent r="4" t="43" w="423" /></phr></stem><stem n=",”"><phr n=",”"><ent r="4" t="43" w="427" /></phr></stem><stem n=":copi"><phr n=":copy"><ent r="100" t="44" w="9" /></phr><phr n=":copying"><ent r="100" t="159" w="5" /></phr></stem><stem n=":snapshot"><phr n=":snapshot"><ent r="100" t="44" w="12" /></phr></stem><stem n="microsoft"><phr n="Microsoft"><ent r="4" t="44" w="21" /><ent r="3" t="44" w="58" /><ent r="3" t="44" w="61" /></phr></stem><stem n="word"><phr n="Word"><ent r="3" t="44" w="59" /></phr><phr n="word"><ent r="3" t="129" w="79" /></phr></stem><stem n="powerpoint"><phr n="PowerPoint"><ent r="3" t="44" w="62" /></phr></stem><stem n="either"><phr n="either"><ent r="3" t="44" w="83" /><ent r="4" t="53" w="98" /><ent r="3" t="65" w="22" /><ent r="4" t="72" w="112" /><ent r="3" t="112" w="168" /><ent r="3" t="114" w="784" /><ent r="3" t="117" w="158" /><ent r="3" t="153" w="743" /><ent r="4" t="161" w="268" /><ent r="4" t="163" w="553" /><ent r="3" t="163" w="1201" /><ent r="3" t="164" w="2341" /><ent r="4" t="165" w="1268" /><ent r="3" t="166" w="996" /><ent r="3" t="166" w="1420" /><ent r="3" t="167" w="199" /><ent r="4" t="169" w="531" /><ent r="4" t="169" w="940" /><ent r="3" t="170" w="109" /><ent r="4" t="170" w="1377" /><ent r="3" t="171" w="1049" /><ent r="3" t="188" w="237" /><ent r="3" t="213" w="181" /><ent r="3" t="213" w="304" /></phr><phr n="Either"><ent r="3" t="65" w="100" /></phr></stem><stem n="(be"><phr n="(Be"><ent r="4" t="44" w="159" /><ent r="4" t="44" w="213" /><ent r="4" t="166" w="925" /></phr></stem><stem n="&quot;copi"><phr n="&quot;Copy"><ent r="4" t="44" w="165" /><ent r="4" t="44" w="219" /></phr></stem><stem n="entri"><phr n="entry"><ent r="4" t="44" w="167" /><ent r="4" t="44" w="221" /><ent r="3" t="145" w="146" /><ent r="3" t="145" w="152" /><ent r="4" t="164" w="1341" /><ent r="4" t="165" w="679" /><ent r="4" t="165" w="689" /><ent r="7" t="179" w="548" /><ent r="7" t="179" w="603" /></phr><phr n="entries"><ent r="3" t="73" w="239" /><ent r="4" t="84" w="139" /></phr></stem><stem n="height"><phr n="Height"><ent r="5" t="44" w="242" /><ent r="4" t="98" w="355" /><ent r="3" t="98" w="387" /><ent r="4" t="131" w="167" /><ent r="4" t="131" w="270" /><ent r="4" t="131" w="474" /><ent r="4" t="131" w="638" /><ent r="4" t="198" w="73" /><ent r="5" t="199" w="38" /><ent r="4" t="200" w="78" /><ent r="4" t="201" w="57" /><ent r="5" t="202" w="67" /><ent r="5" t="203" w="41" /></phr><phr n="height"><ent r="7" t="52" w="195" /><ent r="3" t="131" w="188" /><ent r="3" t="131" w="291" /><ent r="3" t="131" w="495" /><ent r="3" t="131" w="659" /></phr></stem><stem n="ratio"><phr n="ratio"><ent r="4" t="44" w="256" /><ent r="3" t="98" w="407" /><ent r="3" t="131" w="211" /><ent r="3" t="131" w="314" /><ent r="3" t="131" w="518" /><ent r="3" t="131" w="682" /><ent r="3" t="164" w="276" /><ent r="3" t="164" w="297" /><ent r="3" t="198" w="82" /><ent r="4" t="199" w="49" /><ent r="3" t="200" w="87" /><ent r="4" t="201" w="67" /><ent r="4" t="202" w="54" /><ent r="4" t="202" w="78" /><ent r="4" t="202" w="102" /><ent r="4" t="203" w="52" /></phr><phr n="Ratio"><ent r="4" t="44" w="261" /><ent r="3" t="198" w="87" /><ent r="4" t="199" w="54" /><ent r="3" t="200" w="92" /><ent r="4" t="201" w="72" /><ent r="4" t="202" w="83" /><ent r="4" t="203" w="57" /></phr></stem><stem n=":activ"><phr n=":active"><ent r="100" t="45" w="7" /></phr><phr n=":activate"><ent r="100" t="48" w="14" /><ent r="100" t="80" w="18" /></phr></stem><stem n="p"><phr n="P"><ent r="4" t="45" w="70" /><ent r="4" t="45" w="97" /><ent r="4" t="90" w="143" /><ent r="5" t="204" w="126" /><ent r="5" t="204" w="175" /><ent r="5" t="204" w="201" /><ent r="7" t="215" w="190" /></phr></stem><stem n="printer"><phr n="printer"><ent r="4" t="45" w="106" /><ent r="3" t="45" w="134" /><ent r="4" t="90" w="154" /></phr></stem><stem n="sent"><phr n="sent"><ent r="3" t="45" w="130" /></phr></stem><stem n="directli"><phr n="directly"><ent r="3" t="45" w="131" /><ent r="3" t="76" w="51" /><ent r="4" t="138" w="515" /><ent r="4" t="138" w="916" /><ent r="5" t="146" w="285" /><ent r="5" t="151" w="438" /><ent r="4" t="158" w="128" /><ent r="3" t="170" w="1773" /><ent r="4" t="212" w="48" /></phr></stem><stem n=":close"><phr n=":close"><ent r="100" t="46" w="6" /></phr></stem><stem n=":window"><phr n=":window"><ent r="100" t="46" w="9" /><ent r="100" t="105" w="84" /></phr></stem><stem n="upper"><phr n="upper"><ent r="3" t="46" w="83" /><ent r="5" t="81" w="183" /><ent r="5" t="81" w="194" /><ent r="5" t="81" w="216" /><ent r="5" t="81" w="247" /><ent r="3" t="92" w="229" /><ent r="5" t="138" w="327" /><ent r="5" t="138" w="337" /><ent r="5" t="138" w="364" /><ent r="5" t="138" w="398" /><ent r="5" t="138" w="744" /><ent r="5" t="138" w="754" /><ent r="5" t="138" w="781" /><ent r="5" t="138" w="815" /><ent r="3" t="143" w="238" /><ent r="5" t="146" w="459" /><ent r="5" t="146" w="469" /><ent r="5" t="146" w="497" /><ent r="5" t="146" w="526" /><ent r="5" t="151" w="612" /><ent r="5" t="151" w="622" /><ent r="5" t="151" w="650" /><ent r="5" t="151" w="679" /><ent r="4" t="163" w="750" /><ent r="4" t="165" w="521" /><ent r="4" t="165" w="563" /><ent r="4" t="165" w="618" /><ent r="4" t="167" w="1034" /><ent r="4" t="169" w="1279" /><ent r="3" t="170" w="593" /><ent r="4" t="170" w="662" /><ent r="3" t="170" w="833" /><ent r="6" t="208" w="132" /></phr><phr n="Upper"><ent r="4" t="98" w="479" /><ent r="5" t="138" w="664" /><ent r="4" t="138" w="687" /><ent r="5" t="138" w="1065" /><ent r="4" t="138" w="1088" /><ent r="5" t="146" w="222" /><ent r="4" t="151" w="376" /></phr></stem><stem n="&quot;prompt"><phr n="&quot;Prompt"><ent r="3" t="46" w="96" /></phr></stem><stem n="prompt"><phr n="Prompt"><ent r="3" t="46" w="96" /><ent r="92" t="171" w="1535" /></phr><phr n="prompted"><ent r="3" t="46" w="103" /></phr><phr n="prompt"><ent r="3" t="93" w="18" /><ent r="3" t="93" w="40" /><ent r="4" t="165" w="1265" /><ent r="3" t="166" w="1199" /><ent r="3" t="171" w="1619" /><ent r="4" t="171" w="1673" /></phr></stem><stem n="convert"><phr n="Convert"><ent r="5" t="47" w="101" /></phr><phr n="convert"><ent r="4" t="47" w="106" /><ent r="3" t="164" w="384" /><ent r="3" t="164" w="2468" /></phr><phr n="converted"><ent r="4" t="47" w="147" /><ent r="3" t="168" w="803" /><ent r="3" t="168" w="1264" /><ent r="3" t="168" w="1274" /><ent r="6" t="218" w="205" /></phr><phr n="converting"><ent r="3" t="151" w="67" /></phr></stem><stem n="delet"><phr n="deletes"><ent r="4" t="47" w="121" /><ent r="4" t="75" w="314" /></phr><phr n="deleted"><ent r="4" t="47" w="137" /><ent r="4" t="66" w="201" /><ent r="4" t="76" w="107" /><ent r="3" t="111" w="36" /><ent r="3" t="209" w="259" /></phr><phr n="Delete"><ent r="5" t="47" w="153" /><ent r="4" t="62" w="283" /><ent r="5" t="66" w="193" /><ent r="64" t="74" w="87" /><ent r="5" t="75" w="310" /><ent r="1000" t="76" w="1" /><ent r="102" t="76" w="13" /><ent r="5" t="116" w="156" /><ent r="64" t="125" w="194" /><ent r="64" t="126" w="130" /><ent r="1000" t="127" w="1" /><ent r="102" t="127" w="4" /><ent r="5" t="127" w="42" /><ent r="4" t="164" w="1175" /><ent r="4" t="164" w="1766" /><ent r="5" t="164" w="1773" /><ent r="7" t="170" w="1480" /><ent r="4" t="171" w="76" /><ent r="4" t="171" w="1231" /><ent r="92" t="209" w="210" /><ent r="5" t="209" w="252" /></phr><phr n="Deletes"><ent r="4" t="47" w="155" /><ent r="5" t="106" w="226" /><ent r="5" t="216" w="117" /></phr><phr n="delete"><ent r="3" t="66" w="175" /><ent r="4" t="66" w="188" /><ent r="64" t="69" w="352" /><ent r="3" t="75" w="44" /><ent r="3" t="75" w="287" /><ent r="4" t="75" w="305" /><ent r="100" t="76" w="7" /><ent r="100" t="76" w="9" /><ent r="3" t="76" w="26" /><ent r="3" t="76" w="48" /><ent r="3" t="76" w="58" /><ent r="4" t="76" w="89" /><ent r="5" t="99" w="374" /><ent r="4" t="99" w="389" /><ent r="100" t="127" w="8" /><ent r="100" t="127" w="10" /><ent r="4" t="127" w="14" /><ent r="3" t="164" w="379" /><ent r="4" t="164" w="1322" /><ent r="3" t="164" w="1353" /><ent r="3" t="164" w="2474" /><ent r="3" t="209" w="23" /></phr><phr n="deletions"><ent r="3" t="76" w="39" /></phr><phr n="deleting"><ent r="3" t="190" w="27" /><ent r="3" t="213" w="242" /></phr></stem><stem n="underli"><phr n="underlying"><ent r="4" t="47" w="126" /><ent r="3" t="61" w="157" /></phr></stem><stem n="pseudocolor"><phr n="pseudocolor"><ent r="4" t="47" w="143" /><ent r="3" t="99" w="303" /><ent r="100" t="137" w="9" /><ent r="3" t="137" w="28" /></phr><phr n="Pseudocolor"><ent r="64" t="132" w="42" /><ent r="1000" t="137" w="1" /><ent r="102" t="137" w="5" /><ent r="3" t="137" w="14" /><ent r="4" t="137" w="70" /><ent r="5" t="137" w="123" /></phr></stem><stem n="three"><phr n="three"><ent r="4" t="47" w="150" /><ent r="3" t="69" w="200" /><ent r="3" t="101" w="140" /><ent r="4" t="138" w="130" /><ent r="3" t="142" w="116" /><ent r="3" t="163" w="334" /><ent r="4" t="163" w="1966" /><ent r="3" t="164" w="484" /><ent r="3" t="164" w="819" /><ent r="4" t="164" w="1603" /><ent r="3" t="165" w="196" /><ent r="5" t="165" w="1123" /><ent r="3" t="166" w="156" /><ent r="3" t="167" w="434" /><ent r="3" t="168" w="419" /><ent r="3" t="169" w="310" /><ent r="3" t="170" w="182" /><ent r="3" t="170" w="324" /><ent r="3" t="171" w="221" /><ent r="3" t="171" w="663" /><ent r="3" t="188" w="192" /><ent r="3" t="188" w="305" /></phr></stem><stem n="renam"><phr n="Rename"><ent r="5" t="47" w="159" /><ent r="5" t="165" w="767" /><ent r="4" t="165" w="888" /><ent r="6" t="165" w="912" /><ent r="5" t="168" w="900" /></phr><phr n="rename"><ent r="4" t="47" w="164" /><ent r="4" t="49" w="105" /><ent r="3" t="164" w="2476" /></phr></stem><stem n="-click."><phr n="-click."><ent r="4" t="48" w="42" /><ent r="4" t="48" w="42" /><ent r="4" t="80" w="51" /><ent r="4" t="80" w="51" /><ent r="3" t="81" w="153" /><ent r="3" t="81" w="153" /><ent r="3" t="82" w="54" /><ent r="3" t="82" w="54" /><ent r="3" t="83" w="84" /><ent r="3" t="83" w="84" /><ent r="3" t="126" w="58" /><ent r="3" t="126" w="58" /><ent r="3" t="126" w="113" /><ent r="3" t="126" w="113" /><ent r="4" t="127" w="40" /><ent r="4" t="127" w="40" /><ent r="4" t="142" w="104" /><ent r="4" t="142" w="104" /><ent r="4" t="144" w="77" /><ent r="4" t="144" w="77" /></phr></stem><stem n="(thi"><phr n="(This"><ent r="4" t="48" w="50" /><ent r="4" t="80" w="57" /><ent r="4" t="98" w="230" /><ent r="3" t="165" w="1522" /></phr></stem><stem n=":new"><phr n=":new"><ent r="100" t="49" w="12" /><ent r="100" t="71" w="12" /></phr></stem><stem n=":creat"><phr n=":create"><ent r="100" t="49" w="16" /><ent r="100" t="71" w="16" /><ent r="100" t="71" w="21" /><ent r="100" t="88" w="38" /><ent r="100" t="107" w="13" /><ent r="100" t="119" w="7" /><ent r="100" t="125" w="11" /><ent r="100" t="158" w="74" /><ent r="100" t="206" w="15" /></phr></stem><stem n="-menu,"><phr n="-menu,"><ent r="4" t="49" w="71" /><ent r="4" t="49" w="71" /><ent r="4" t="51" w="185" /><ent r="4" t="51" w="185" /><ent r="4" t="81" w="167" /><ent r="4" t="81" w="167" /></phr></stem><stem n=":show"><phr n=":show"><ent r="100" t="50" w="16" /></phr></stem><stem n=":hide"><phr n=":hide"><ent r="100" t="50" w="19" /></phr></stem><stem n="hidden"><phr n="hidden"><ent r="4" t="50" w="67" /><ent r="3" t="50" w="112" /><ent r="4" t="163" w="1823" /></phr></stem><stem n="interest"><phr n="Interest"><ent r="100" t="51" w="15" /><ent r="3" t="51" w="20" /><ent r="5" t="153" w="382" /><ent r="3" t="153" w="430" /><ent r="3" t="159" w="68" /><ent r="4" t="159" w="155" /><ent r="3" t="165" w="56" /><ent r="92" t="165" w="662" /><ent r="6" t="165" w="1225" /><ent r="4" t="166" w="963" /></phr><phr n="interest"><ent r="4" t="51" w="51" /><ent r="4" t="51" w="89" /><ent r="3" t="56" w="29" /><ent r="3" t="153" w="422" /><ent r="3" t="160" w="37" /><ent r="4" t="166" w="1041" /></phr><phr n="Interests"><ent r="4" t="166" w="96" /></phr></stem><stem n="(aoi)"><phr n="(AOI)"><ent r="3" t="51" w="22" /><ent r="92" t="165" w="664" /><ent r="4" t="166" w="965" /></phr></stem><stem n="known"><phr n="known"><ent r="4" t="51" w="47" /><ent r="4" t="51" w="84" /><ent r="3" t="100" w="141" /><ent r="3" t="167" w="136" /><ent r="3" t="168" w="126" /><ent r="3" t="213" w="60" /></phr></stem><stem n="poi"><phr n="POI"><ent r="4" t="51" w="52" /></phr><phr n="POIs"><ent r="4" t="51" w="53" /></phr></stem><stem n="(poi)."><phr n="(POI)."><ent r="4" t="51" w="53" /></phr></stem><stem n="roi"><phr n="ROI"><ent r="4" t="51" w="90" /><ent r="5" t="153" w="383" /><ent r="4" t="153" w="389" /><ent r="3" t="153" w="397" /><ent r="3" t="153" w="437" /><ent r="3" t="153" w="792" /><ent r="4" t="159" w="156" /><ent r="64" t="159" w="166" /><ent r="1000" t="160" w="3" /><ent r="100" t="160" w="12" /><ent r="102" t="160" w="17" /><ent r="3" t="160" w="38" /><ent r="3" t="160" w="46" /><ent r="3" t="160" w="59" /><ent r="4" t="160" w="107" /><ent r="4" t="160" w="348" /><ent r="6" t="165" w="1226" /></phr><phr n="ROIs"><ent r="4" t="51" w="91" /></phr></stem><stem n="(roi)."><phr n="(ROI)."><ent r="4" t="51" w="91" /></phr></stem><stem n="elimin"><phr n="eliminate"><ent r="4" t="51" w="95" /><ent r="6" t="170" w="1456" /><ent r="3" t="171" w="1206" /></phr><phr n="eliminating"><ent r="5" t="202" w="138" /></phr></stem><stem n="unnecessari"><phr n="unnecessary"><ent r="4" t="51" w="96" /></phr></stem><stem n="reduc"><phr n="reduces"><ent r="4" t="51" w="109" /><ent r="3" t="105" w="68" /><ent r="5" t="202" w="130" /></phr><phr n="reduce"><ent r="3" t="153" w="49" /><ent r="3" t="153" w="67" /><ent r="3" t="165" w="163" /></phr></stem><stem n="total"><phr n="total"><ent r="4" t="51" w="111" /><ent r="3" t="163" w="798" /><ent r="3" t="213" w="419" /></phr></stem><stem n="least"><phr n="least"><ent r="3" t="51" w="127" /><ent r="3" t="141" w="298" /><ent r="4" t="166" w="713" /><ent r="3" t="166" w="733" /><ent r="3" t="180" w="140" /><ent r="3" t="213" w="397" /></phr><phr n="Least"><ent r="7" t="179" w="361" /></phr></stem><stem n="give"><phr n="gives"><ent r="4" t="51" w="195" /><ent r="4" t="72" w="201" /><ent r="3" t="159" w="20" /><ent r="4" t="160" w="339" /><ent r="4" t="163" w="2256" /><ent r="4" t="166" w="1144" /><ent r="3" t="170" w="103" /></phr></stem><stem n="&quot;aoi"><phr n="&quot;AOI"><ent r="4" t="51" w="202" /><ent r="4" t="51" w="205" /></phr></stem><stem n=",&quot;"><phr n=",&quot;"><ent r="4" t="51" w="204" /><ent r="4" t="51" w="207" /><ent r="4" t="165" w="1454" /></phr></stem><stem n="2"><phr n="2"><ent r="4" t="51" w="206" /><ent r="4" t="84" w="144" /><ent r="3" t="114" w="840" /><ent r="3" t="126" w="50" /><ent r="3" t="126" w="105" /><ent r="8" t="164" w="1548" /><ent r="4" t="164" w="2247" /><ent r="4" t="165" w="890" /><ent r="5" t="165" w="908" /><ent r="5" t="165" w="1236" /><ent r="3" t="168" w="694" /><ent r="4" t="170" w="1523" /><ent r="3" t="170" w="1634" /><ent r="4" t="170" w="1861" /><ent r="3" t="170" w="1959" /><ent r="4" t="171" w="729" /><ent r="3" t="171" w="1376" /><ent r="7" t="177" w="84" /><ent r="7" t="179" w="196" /><ent r="3" t="179" w="807" /><ent r="3" t="179" w="856" /><ent r="3" t="179" w="871" /></phr></stem><stem n="insert"><phr n="inserts"><ent r="4" t="51" w="252" /><ent r="3" t="206" w="184" /></phr><phr n="Insert"><ent r="4" t="62" w="98" /><ent r="7" t="177" w="103" /></phr><phr n="inserted"><ent r="3" t="65" w="104" /><ent r="3" t="170" w="189" /></phr><phr n="insert"><ent r="7" t="173" w="175" /><ent r="7" t="173" w="213" /></phr></stem><stem n="“aoi"><phr n="“AOI"><ent r="4" t="51" w="255" /><ent r="4" t="165" w="751" /><ent r="4" t="168" w="904" /></phr></stem><stem n="singl"><phr n="single"><ent r="7" t="52" w="69" /><ent r="3" t="57" w="77" /><ent r="3" t="105" w="434" /><ent r="3" t="114" w="41" /><ent r="3" t="114" w="478" /><ent r="3" t="118" w="36" /><ent r="3" t="120" w="61" /><ent r="3" t="122" w="28" /><ent r="3" t="143" w="25" /><ent r="3" t="145" w="144" /><ent r="3" t="145" w="149" /><ent r="3" t="154" w="21" /><ent r="4" t="154" w="219" /><ent r="3" t="164" w="209" /><ent r="3" t="164" w="236" /><ent r="3" t="164" w="253" /><ent r="3" t="167" w="211" /><ent r="3" t="167" w="226" /><ent r="3" t="167" w="237" /><ent r="3" t="167" w="276" /><ent r="3" t="168" w="200" /><ent r="3" t="168" w="215" /><ent r="3" t="168" w="226" /><ent r="3" t="168" w="265" /><ent r="3" t="169" w="87" /><ent r="3" t="170" w="1566" /><ent r="3" t="171" w="1285" /><ent r="4" t="188" w="336" /></phr><phr n="Single"><ent r="5" t="154" w="87" /><ent r="3" t="154" w="99" /><ent r="6" t="218" w="40" /><ent r="6" t="218" w="53" /><ent r="6" t="218" w="65" /><ent r="6" t="218" w="78" /><ent r="6" t="218" w="90" /><ent r="6" t="218" w="103" /><ent r="6" t="218" w="115" /><ent r="6" t="218" w="128" /><ent r="6" t="218" w="140" /><ent r="6" t="218" w="152" /><ent r="6" t="218" w="175" /><ent r="6" t="218" w="184" /><ent r="6" t="218" w="221" /><ent r="6" t="218" w="229" /><ent r="6" t="218" w="237" /><ent r="6" t="218" w="245" /><ent r="6" t="218" w="253" /><ent r="6" t="218" w="261" /><ent r="6" t="218" w="270" /><ent r="6" t="218" w="278" /></phr></stem><stem n="grab"><phr n="grab"><ent r="7" t="52" w="76" /><ent r="7" t="52" w="86" /><ent r="7" t="52" w="107" /><ent r="7" t="52" w="138" /><ent r="7" t="52" w="151" /><ent r="7" t="52" w="169" /><ent r="7" t="173" w="72" /><ent r="7" t="173" w="85" /><ent r="7" t="173" w="103" /><ent r="7" t="173" w="117" /><ent r="7" t="173" w="138" /><ent r="7" t="173" w="152" /></phr></stem><stem n="variabl"><phr n="variable"><ent r="7" t="52" w="145" /><ent r="3" t="114" w="112" /><ent r="3" t="114" w="462" /><ent r="7" t="173" w="79" /></phr></stem><stem n=":merg"><phr n=":merge"><ent r="100" t="53" w="8" /></phr></stem><stem n="method"><phr n="Method"><ent r="5" t="53" w="81" /><ent r="4" t="98" w="364" /><ent r="3" t="131" w="174" /><ent r="3" t="131" w="277" /><ent r="3" t="131" w="481" /><ent r="3" t="131" w="645" /><ent r="5" t="146" w="230" /><ent r="3" t="179" w="704" /></phr><phr n="methods"><ent r="3" t="100" w="25" /><ent r="3" t="100" w="29" /><ent r="3" t="100" w="40" /><ent r="3" t="153" w="219" /><ent r="5" t="165" w="1124" /><ent r="4" t="169" w="164" /><ent r="4" t="169" w="266" /><ent r="3" t="213" w="288" /></phr><phr n="method"><ent r="3" t="100" w="122" /><ent r="3" t="105" w="328" /><ent r="4" t="146" w="234" /><ent r="4" t="153" w="173" /><ent r="5" t="153" w="186" /><ent r="6" t="155" w="200" /><ent r="3" t="165" w="153" /><ent r="4" t="165" w="1151" /><ent r="4" t="169" w="250" /><ent r="4" t="169" w="284" /><ent r="4" t="170" w="1379" /><ent r="3" t="171" w="1051" /><ent r="3" t="213" w="40" /></phr><phr n="Methods"><ent r="5" t="165" w="1065" /></phr></stem><stem n="(combin"><phr n="(combination"><ent r="4" t="53" w="83" /></phr></stem><stem n="“combination”"><phr n="“combination”"><ent r="3" t="53" w="90" /></phr></stem><stem n="union"><phr n="union"><ent r="3" t="53" w="91" /></phr></stem><stem n="“union”"><phr n="“union”"><ent r="3" t="53" w="92" /></phr></stem><stem n="“common"><phr n="“common"><ent r="3" t="53" w="106" /></phr></stem><stem n="intersect"><phr n="intersection"><ent r="3" t="53" w="109" /><ent r="3" t="74" w="27" /></phr></stem><stem n="“intersection”"><phr n="“intersection”"><ent r="3" t="53" w="110" /></phr></stem><stem n=":chang"><phr n=":change"><ent r="100" t="54" w="9" /></phr></stem><stem n=":properti"><phr n=":properties"><ent r="100" t="55" w="7" /><ent r="100" t="105" w="468" /><ent r="100" t="143" w="7" /><ent r="100" t="144" w="7" /><ent r="100" t="145" w="7" /><ent r="100" t="148" w="7" /><ent r="100" t="208" w="8" /></phr></stem><stem n="-down,"><phr n="-down,"><ent r="3" t="55" w="129" /><ent r="3" t="55" w="129" /><ent r="3" t="164" w="786" /><ent r="3" t="164" w="786" /><ent r="5" t="165" w="1234" /><ent r="5" t="165" w="1234" /></phr></stem><stem n="(similar"><phr n="(similar"><ent r="3" t="55" w="158" /></phr></stem><stem n="ungroup"><phr n="Ungroup"><ent r="3" t="57" w="117" /></phr></stem><stem n="nudg"><phr n="Nudge"><ent r="92" t="57" w="137" /><ent r="5" t="204" w="81" /><ent r="5" t="204" w="83" /><ent r="5" t="204" w="91" /><ent r="5" t="204" w="93" /><ent r="5" t="204" w="101" /><ent r="5" t="204" w="103" /><ent r="5" t="204" w="111" /><ent r="5" t="204" w="113" /></phr><phr n="nudge"><ent r="3" t="57" w="154" /></phr></stem><stem n="plu"><phr n="plus"><ent r="3" t="57" w="160" /><ent r="3" t="92" w="136" /><ent r="4" t="96" w="156" /><ent r="4" t="97" w="98" /><ent r="4" t="98" w="111" /><ent r="4" t="98" w="127" /><ent r="4" t="99" w="112" /><ent r="4" t="99" w="128" /><ent r="3" t="130" w="82" /><ent r="4" t="131" w="68" /><ent r="3" t="131" w="564" /><ent r="4" t="133" w="107" /><ent r="4" t="134" w="107" /><ent r="4" t="135" w="121" /><ent r="4" t="136" w="116" /><ent r="4" t="137" w="107" /><ent r="4" t="138" w="103" /><ent r="4" t="139" w="104" /><ent r="4" t="140" w="114" /><ent r="3" t="153" w="904" /><ent r="3" t="206" w="60" /><ent r="4" t="206" w="123" /><ent r="3" t="206" w="186" /><ent r="4" t="207" w="108" /></phr></stem><stem n="align"><phr n="Align"><ent r="92" t="57" w="168" /></phr><phr n="align"><ent r="3" t="57" w="174" /></phr><phr n="alignment"><ent r="6" t="208" w="264" /></phr></stem><stem n="&amp;"><phr n="&amp;"><ent r="92" t="57" w="169" /></phr></stem><stem n="distribut"><phr n="Distribute"><ent r="92" t="57" w="169" /><ent r="4" t="88" w="208" /></phr><phr n="distribute"><ent r="3" t="57" w="194" /><ent r="3" t="88" w="212" /></phr><phr n="distributed"><ent r="3" t="88" w="201" /></phr><phr n="distribution"><ent r="4" t="163" w="1092" /></phr></stem><stem n="(vertic"><phr n="(vertical"><ent r="3" t="57" w="180" /></phr></stem><stem n="(horizont"><phr n="(horizontal"><ent r="3" t="57" w="185" /></phr></stem><stem n="space"><phr n="spacing"><ent r="3" t="57" w="204" /><ent r="3" t="149" w="265" /><ent r="3" t="149" w="312" /></phr><phr n="space"><ent r="4" t="98" w="239" /><ent r="3" t="153" w="44" /><ent r="4" t="188" w="607" /></phr><phr n="Spacing"><ent r="92" t="149" w="241" /><ent r="3" t="149" w="244" /></phr><phr n="spaces"><ent r="4" t="197" w="230" /></phr></stem><stem n="(small"><phr n="(small"><ent r="4" t="58" w="96" /><ent r="4" t="60" w="116" /></phr></stem><stem n="(left)"><phr n="(left)"><ent r="4" t="58" w="127" /><ent r="4" t="58" w="165" /><ent r="4" t="60" w="147" /><ent r="4" t="60" w="185" /><ent r="4" t="163" w="2058" /></phr></stem><stem n="insid"><phr n="inside"><ent r="4" t="58" w="157" /><ent r="4" t="60" w="177" /><ent r="4" t="66" w="110" /></phr></stem><stem n="scale"><phr n="Scale"><ent r="1000" t="59" w="2" /><ent r="100" t="59" w="6" /><ent r="102" t="59" w="17" /><ent r="5" t="153" w="620" /><ent r="6" t="165" w="1210" /><ent r="66" t="173" w="283" /><ent r="6" t="208" w="162" /><ent r="6" t="208" w="205" /><ent r="6" t="208" w="247" /><ent r="6" t="208" w="309" /><ent r="6" t="208" w="377" /><ent r="6" t="208" w="419" /><ent r="6" t="208" w="458" /><ent r="6" t="208" w="493" /><ent r="6" t="208" w="547" /><ent r="5" t="208" w="619" /><ent r="5" t="208" w="622" /></phr><phr n="scale"><ent r="100" t="59" w="11" /><ent r="64" t="59" w="27" /><ent r="3" t="59" w="37" /><ent r="4" t="59" w="75" /><ent r="7" t="82" w="219" /><ent r="3" t="88" w="218" /><ent r="3" t="153" w="681" /><ent r="3" t="164" w="431" /><ent r="5" t="173" w="265" /><ent r="5" t="173" w="277" /><ent r="7" t="179" w="490" /><ent r="5" t="208" w="616" /></phr><phr n="scaled"><ent r="4" t="138" w="505" /><ent r="4" t="138" w="906" /><ent r="5" t="146" w="275" /><ent r="5" t="151" w="428" /><ent r="3" t="153" w="656" /><ent r="3" t="164" w="2043" /><ent r="4" t="212" w="38" /></phr><phr n="scaling"><ent r="3" t="163" w="233" /><ent r="3" t="213" w="547" /></phr></stem><stem n="bar"><phr n="Bar"><ent r="1000" t="59" w="3" /><ent r="100" t="59" w="7" /><ent r="102" t="59" w="18" /><ent r="65" t="95" w="42" /><ent r="1000" t="97" w="3" /><ent r="102" t="97" w="8" /><ent r="3" t="97" w="19" /><ent r="4" t="97" w="62" /><ent r="5" t="97" w="115" /><ent r="66" t="173" w="284" /><ent r="6" t="208" w="163" /><ent r="6" t="208" w="206" /><ent r="6" t="208" w="248" /><ent r="6" t="208" w="310" /><ent r="6" t="208" w="378" /><ent r="6" t="208" w="420" /><ent r="6" t="208" w="459" /><ent r="6" t="208" w="494" /><ent r="6" t="208" w="548" /><ent r="5" t="208" w="620" /><ent r="5" t="208" w="623" /></phr><phr n="bar"><ent r="100" t="59" w="12" /><ent r="64" t="59" w="28" /><ent r="3" t="59" w="38" /><ent r="4" t="59" w="76" /><ent r="3" t="75" w="85" /><ent r="3" t="88" w="190" /><ent r="3" t="94" w="88" /><ent r="4" t="95" w="52" /><ent r="100" t="97" w="13" /><ent r="3" t="97" w="29" /><ent r="4" t="99" w="368" /><ent r="3" t="100" w="240" /><ent r="3" t="100" w="486" /><ent r="4" t="113" w="53" /><ent r="3" t="113" w="164" /><ent r="4" t="125" w="48" /><ent r="5" t="130" w="257" /><ent r="4" t="163" w="532" /><ent r="4" t="163" w="603" /><ent r="4" t="163" w="676" /><ent r="3" t="163" w="784" /><ent r="3" t="163" w="952" /><ent r="3" t="163" w="1055" /><ent r="4" t="163" w="1138" /><ent r="4" t="163" w="1778" /><ent r="4" t="163" w="2082" /><ent r="4" t="163" w="2140" /><ent r="4" t="163" w="2311" /><ent r="4" t="163" w="2340" /><ent r="4" t="164" w="682" /><ent r="3" t="164" w="957" /><ent r="4" t="164" w="989" /><ent r="4" t="164" w="1118" /><ent r="4" t="164" w="1214" /><ent r="4" t="164" w="1795" /><ent r="4" t="164" w="2170" /><ent r="4" t="164" w="2491" /><ent r="4" t="165" w="394" /><ent r="4" t="165" w="1014" /><ent r="3" t="166" w="1418" /><ent r="4" t="167" w="632" /><ent r="4" t="168" w="617" /><ent r="4" t="169" w="509" /><ent r="4" t="169" w="666" /><ent r="4" t="169" w="870" /><ent r="4" t="169" w="883" /><ent r="4" t="169" w="911" /><ent r="4" t="169" w="971" /><ent r="4" t="170" w="521" /><ent r="3" t="170" w="1796" /><ent r="4" t="170" w="2088" /><ent r="4" t="171" w="420" /><ent r="5" t="173" w="266" /><ent r="5" t="173" w="278" /><ent r="4" t="180" w="65" /><ent r="5" t="208" w="617" /><ent r="3" t="213" w="123" /></phr><phr n="bars"><ent r="3" t="105" w="399" /><ent r="4" t="107" w="123" /><ent r="3" t="164" w="432" /><ent r="3" t="166" w="1400" /><ent r="3" t="166" w="1453" /></phr></stem></index>