﻿<?xml version="1.0" encoding="utf-8"?><index><stem n="plot"><phr n="plots"><ent r="3" t="0" w="50" /><ent r="3" t="92" w="58" /><ent r="3" t="180" w="1027" /><ent r="7" t="193" w="519" /><ent r="7" t="193" w="541" /><ent r="7" t="193" w="558" /></phr><phr n="plot"><ent r="3" t="33" w="67" /><ent r="3" t="34" w="54" /><ent r="4" t="85" w="120" /><ent r="3" t="85" w="157" /><ent r="3" t="86" w="192" /><ent r="100" t="87" w="14" /><ent r="100" t="87" w="17" /><ent r="3" t="87" w="24" /><ent r="4" t="87" w="38" /><ent r="4" t="87" w="46" /><ent r="4" t="87" w="64" /><ent r="4" t="87" w="71" /><ent r="3" t="87" w="75" /><ent r="3" t="87" w="90" /><ent r="7" t="89" w="213" /><ent r="5" t="89" w="503" /><ent r="7" t="89" w="540" /><ent r="4" t="90" w="56" /><ent r="5" t="90" w="116" /><ent r="5" t="90" w="177" /><ent r="5" t="90" w="189" /><ent r="3" t="91" w="35" /><ent r="4" t="92" w="75" /><ent r="4" t="94" w="162" /><ent r="3" t="97" w="32" /><ent r="3" t="97" w="40" /><ent r="3" t="97" w="44" /><ent r="3" t="97" w="49" /><ent r="3" t="97" w="64" /><ent r="3" t="97" w="74" /><ent r="3" t="97" w="123" /><ent r="4" t="98" w="97" /><ent r="3" t="98" w="126" /><ent r="4" t="106" w="431" /><ent r="3" t="138" w="155" /><ent r="3" t="154" w="24" /><ent r="4" t="163" w="476" /><ent r="3" t="163" w="977" /><ent r="3" t="163" w="980" /><ent r="4" t="163" w="1001" /><ent r="4" t="163" w="1033" /><ent r="3" t="175" w="1207" /><ent r="3" t="192" w="242" /><ent r="4" t="192" w="257" /><ent r="4" t="192" w="268" /><ent r="4" t="192" w="285" /><ent r="4" t="192" w="346" /><ent r="5" t="192" w="353" /><ent r="4" t="192" w="359" /><ent r="4" t="192" w="366" /><ent r="4" t="192" w="375" /><ent r="3" t="192" w="389" /><ent r="7" t="193" w="506" /><ent r="7" t="193" w="522" /><ent r="7" t="193" w="544" /><ent r="3" t="193" w="770" /><ent r="3" t="193" w="778" /></phr><phr n="Plot"><ent r="1000" t="85" w="5" /><ent r="102" t="85" w="13" /><ent r="64" t="85" w="27" /><ent r="1000" t="87" w="4" /><ent r="102" t="87" w="9" /><ent r="3" t="89" w="55" /><ent r="3" t="89" w="106" /><ent r="68" t="89" w="173" /><ent r="5" t="94" w="70" /><ent r="3" t="94" w="86" /><ent r="5" t="94" w="194" /><ent r="3" t="94" w="211" /><ent r="5" t="95" w="71" /><ent r="3" t="95" w="88" /><ent r="3" t="154" w="102" /><ent r="3" t="154" w="108" /><ent r="4" t="154" w="113" /><ent r="65" t="154" w="133" /><ent r="3" t="154" w="139" /><ent r="65" t="163" w="484" /><ent r="92" t="163" w="963" /><ent r="4" t="175" w="1193" /><ent r="4" t="175" w="1364" /><ent r="4" t="192" w="287" /><ent r="5" t="192" w="295" /><ent r="3" t="192" w="301" /><ent r="4" t="192" w="370" /><ent r="5" t="219" w="178" /><ent r="5" t="219" w="187" /></phr><phr n="Plotting"><ent r="92" t="192" w="222" /></phr><phr n="plotted"><ent r="3" t="192" w="238" /><ent r="4" t="192" w="339" /></phr></stem><stem n="view"><phr n="views"><ent r="3" t="0" w="56" /><ent r="4" t="48" w="305" /><ent r="4" t="48" w="310" /><ent r="4" t="166" w="184" /><ent r="4" t="166" w="196" /><ent r="3" t="170" w="54" /><ent r="3" t="170" w="62" /><ent r="100" t="171" w="6" /><ent r="4" t="171" w="341" /><ent r="4" t="174" w="2939" /><ent r="4" t="176" w="100" /><ent r="3" t="176" w="1018" /><ent r="3" t="180" w="1025" /></phr><phr n="View"><ent r="5" t="1" w="279" /><ent r="5" t="4" w="134" /><ent r="4" t="14" w="46" /><ent r="67" t="27" w="122" /><ent r="67" t="27" w="127" /><ent r="67" t="27" w="137" /><ent r="67" t="27" w="142" /><ent r="5" t="28" w="50" /><ent r="65" t="28" w="92" /><ent r="5" t="28" w="98" /><ent r="65" t="28" w="134" /><ent r="5" t="28" w="140" /><ent r="65" t="28" w="193" /><ent r="5" t="28" w="252" /><ent r="65" t="28" w="298" /><ent r="4" t="35" w="32" /><ent r="5" t="36" w="42" /><ent r="3" t="39" w="12" /><ent r="4" t="39" w="37" /><ent r="3" t="40" w="12" /><ent r="4" t="40" w="49" /><ent r="3" t="40" w="80" /><ent r="4" t="46" w="77" /><ent r="4" t="48" w="177" /><ent r="4" t="49" w="398" /><ent r="4" t="105" w="319" /><ent r="4" t="112" w="204" /><ent r="3" t="120" w="215" /><ent r="64" t="127" w="130" /><ent r="64" t="128" w="228" /><ent r="64" t="129" w="121" /><ent r="1000" t="131" w="3" /><ent r="102" t="131" w="11" /><ent r="3" t="131" w="16" /><ent r="5" t="131" w="83" /><ent r="5" t="134" w="53" /><ent r="4" t="140" w="125" /><ent r="3" t="140" w="152" /><ent r="4" t="140" w="228" /><ent r="3" t="140" w="255" /><ent r="4" t="140" w="432" /><ent r="3" t="140" w="459" /><ent r="4" t="140" w="596" /><ent r="3" t="140" w="623" /><ent r="5" t="151" w="71" /><ent r="3" t="151" w="143" /><ent r="3" t="151" w="147" /><ent r="4" t="151" w="160" /><ent r="4" t="151" w="244" /><ent r="3" t="153" w="145" /><ent r="3" t="153" w="148" /><ent r="82" t="153" w="209" /><ent r="82" t="153" w="272" /><ent r="3" t="154" w="103" /><ent r="4" t="154" w="114" /><ent r="92" t="171" w="77" /><ent r="92" t="171" w="289" /><ent r="5" t="173" w="345" /><ent r="5" t="173" w="604" /><ent r="4" t="173" w="785" /><ent r="4" t="173" w="953" /><ent r="4" t="173" w="1043" /><ent r="5" t="173" w="1820" /><ent r="5" t="174" w="495" /><ent r="5" t="174" w="1793" /><ent r="5" t="174" w="2911" /><ent r="5" t="175" w="207" /><ent r="5" t="175" w="1030" /><ent r="5" t="176" w="167" /><ent r="92" t="176" w="1247" /><ent r="92" t="176" w="1490" /><ent r="5" t="177" w="445" /><ent r="5" t="178" w="430" /><ent r="4" t="179" w="112" /><ent r="5" t="180" w="321" /><ent r="5" t="180" w="715" /><ent r="5" t="180" w="767" /><ent r="5" t="180" w="862" /><ent r="4" t="180" w="1066" /><ent r="3" t="180" w="1095" /><ent r="3" t="180" w="1106" /><ent r="3" t="180" w="1141" /><ent r="3" t="180" w="1180" /><ent r="4" t="180" w="1198" /><ent r="4" t="181" w="319" /><ent r="5" t="182" w="232" /><ent r="4" t="192" w="57" /><ent r="4" t="213" w="27" /><ent r="3" t="213" w="54" /><ent r="1000" t="214" w="2" /><ent r="100" t="214" w="6" /><ent r="102" t="214" w="10" /><ent r="4" t="214" w="16" /><ent r="4" t="215" w="32" /><ent r="3" t="215" w="59" /><ent r="1000" t="216" w="2" /><ent r="102" t="216" w="7" /><ent r="100" t="216" w="12" /><ent r="3" t="216" w="18" /><ent r="1000" t="217" w="2" /><ent r="102" t="217" w="10" /><ent r="4" t="217" w="16" /><ent r="1000" t="218" w="2" /><ent r="100" t="218" w="7" /><ent r="102" t="218" w="12" /><ent r="4" t="218" w="18" /><ent r="5" t="219" w="203" /><ent r="5" t="221" w="129" /><ent r="4" t="221" w="136" /><ent r="6" t="223" w="161" /><ent r="6" t="223" w="204" /><ent r="6" t="223" w="246" /><ent r="6" t="223" w="308" /><ent r="6" t="223" w="376" /><ent r="6" t="223" w="418" /><ent r="6" t="223" w="457" /><ent r="6" t="223" w="492" /><ent r="6" t="223" w="652" /><ent r="6" t="223" w="667" /><ent r="6" t="223" w="669" /><ent r="1000" t="235" w="3" /><ent r="100" t="235" w="8" /><ent r="100" t="235" w="11" /><ent r="102" t="235" w="18" /><ent r="3" t="235" w="29" /></phr><phr n="view"><ent r="4" t="2" w="49" /><ent r="7" t="5" w="52" /><ent r="7" t="5" w="180" /><ent r="7" t="5" w="229" /><ent r="3" t="18" w="171" /><ent r="3" t="23" w="102" /><ent r="3" t="27" w="100" /><ent r="4" t="28" w="65" /><ent r="4" t="28" w="111" /><ent r="4" t="28" w="155" /><ent r="4" t="28" w="224" /><ent r="4" t="28" w="229" /><ent r="4" t="28" w="265" /><ent r="3" t="47" w="117" /><ent r="3" t="48" w="39" /><ent r="3" t="48" w="243" /><ent r="3" t="48" w="247" /><ent r="3" t="48" w="251" /><ent r="3" t="48" w="255" /><ent r="4" t="49" w="278" /><ent r="3" t="49" w="299" /><ent r="3" t="49" w="318" /><ent r="3" t="49" w="323" /><ent r="3" t="49" w="369" /><ent r="3" t="49" w="381" /><ent r="3" t="49" w="411" /><ent r="3" t="51" w="43" /><ent r="3" t="73" w="37" /><ent r="3" t="73" w="279" /><ent r="3" t="73" w="297" /><ent r="3" t="76" w="414" /><ent r="3" t="81" w="48" /><ent r="3" t="84" w="241" /><ent r="7" t="89" w="227" /><ent r="3" t="99" w="131" /><ent r="4" t="105" w="264" /><ent r="4" t="105" w="270" /><ent r="4" t="105" w="282" /><ent r="3" t="105" w="330" /><ent r="3" t="105" w="336" /><ent r="3" t="105" w="411" /><ent r="3" t="110" w="23" /><ent r="3" t="112" w="414" /><ent r="3" t="115" w="22" /><ent r="3" t="125" w="91" /><ent r="3" t="128" w="178" /><ent r="3" t="128" w="191" /><ent r="3" t="129" w="34" /><ent r="3" t="129" w="44" /><ent r="3" t="129" w="62" /><ent r="3" t="129" w="70" /><ent r="3" t="129" w="75" /><ent r="100" t="131" w="7" /><ent r="3" t="131" w="22" /><ent r="3" t="131" w="32" /><ent r="3" t="131" w="45" /><ent r="3" t="131" w="49" /><ent r="3" t="131" w="62" /><ent r="4" t="131" w="70" /><ent r="3" t="132" w="32" /><ent r="3" t="138" w="459" /><ent r="3" t="139" w="108" /><ent r="3" t="140" w="137" /><ent r="3" t="140" w="143" /><ent r="3" t="140" w="218" /><ent r="3" t="140" w="240" /><ent r="3" t="140" w="246" /><ent r="3" t="140" w="321" /><ent r="3" t="140" w="444" /><ent r="3" t="140" w="450" /><ent r="3" t="140" w="525" /><ent r="3" t="140" w="608" /><ent r="3" t="140" w="614" /><ent r="3" t="140" w="689" /><ent r="3" t="143" w="184" /><ent r="3" t="149" w="223" /><ent r="3" t="150" w="197" /><ent r="3" t="151" w="20" /><ent r="3" t="151" w="31" /><ent r="3" t="151" w="47" /><ent r="3" t="151" w="123" /><ent r="3" t="151" w="134" /><ent r="5" t="151" w="257" /><ent r="3" t="151" w="273" /><ent r="3" t="153" w="48" /><ent r="3" t="153" w="285" /><ent r="3" t="162" w="43" /><ent r="3" t="163" w="234" /><ent r="4" t="166" w="211" /><ent r="4" t="166" w="215" /><ent r="4" t="166" w="226" /><ent r="100" t="170" w="9" /><ent r="3" t="170" w="40" /><ent r="4" t="170" w="173" /><ent r="4" t="170" w="198" /><ent r="4" t="170" w="245" /><ent r="3" t="171" w="34" /><ent r="3" t="171" w="40" /><ent r="3" t="171" w="51" /><ent r="3" t="171" w="99" /><ent r="3" t="171" w="297" /><ent r="4" t="171" w="363" /><ent r="4" t="171" w="384" /><ent r="4" t="171" w="404" /><ent r="3" t="173" w="759" /><ent r="4" t="173" w="1709" /><ent r="4" t="173" w="2096" /><ent r="3" t="174" w="2786" /><ent r="3" t="175" w="135" /><ent r="4" t="175" w="863" /><ent r="3" t="175" w="1570" /><ent r="3" t="176" w="1002" /><ent r="4" t="176" w="1121" /><ent r="4" t="176" w="1150" /><ent r="3" t="176" w="1259" /><ent r="3" t="176" w="1271" /><ent r="3" t="176" w="1498" /><ent r="3" t="176" w="1574" /><ent r="3" t="177" w="742" /><ent r="4" t="178" w="660" /><ent r="4" t="178" w="1184" /><ent r="4" t="180" w="194" /><ent r="4" t="180" w="978" /><ent r="3" t="180" w="1125" /><ent r="3" t="192" w="20" /><ent r="3" t="192" w="178" /><ent r="3" t="203" w="31" /><ent r="3" t="213" w="39" /><ent r="3" t="213" w="45" /><ent r="3" t="215" w="44" /><ent r="3" t="215" w="50" /><ent r="3" t="216" w="30" /><ent r="6" t="223" w="660" /></phr><phr n="viewed"><ent r="3" t="107" w="179" /></phr><phr n="Views"><ent r="4" t="169" w="154" /><ent r="64" t="169" w="164" /><ent r="1000" t="170" w="6" /><ent r="102" t="170" w="20" /><ent r="4" t="170" w="137" /><ent r="64" t="170" w="365" /><ent r="1000" t="171" w="3" /><ent r="102" t="171" w="10" /><ent r="5" t="174" w="2255" /><ent r="4" t="176" w="981" /><ent r="92" t="176" w="988" /><ent r="3" t="180" w="1054" /><ent r="3" t="180" w="1166" /></phr></stem><stem n="manipul"><phr n="manipulate"><ent r="3" t="0" w="58" /><ent r="4" t="170" w="169" /><ent r="3" t="171" w="47" /><ent r="3" t="173" w="47" /><ent r="3" t="173" w="185" /><ent r="3" t="173" w="205" /><ent r="4" t="173" w="1500" /><ent r="3" t="173" w="2395" /><ent r="3" t="174" w="86" /><ent r="4" t="176" w="1146" /><ent r="3" t="176" w="1267" /><ent r="3" t="177" w="1221" /><ent r="4" t="182" w="205" /><ent r="3" t="188" w="150" /></phr><phr n="manipulating"><ent r="3" t="0" w="76" /><ent r="3" t="99" w="37" /></phr><phr n="Manipulating"><ent r="64" t="170" w="363" /><ent r="1000" t="171" w="1" /><ent r="102" t="171" w="8" /><ent r="92" t="171" w="74" /><ent r="92" t="171" w="285" /><ent r="92" t="176" w="1486" /></phr><phr n="Manipulation"><ent r="64" t="172" w="320" /><ent r="1000" t="173" w="3" /><ent r="103" t="173" w="14" /><ent r="95" t="173" w="595" /></phr><phr n="manipulation"><ent r="100" t="173" w="8" /><ent r="3" t="173" w="37" /><ent r="4" t="173" w="61" /><ent r="3" t="173" w="114" /><ent r="4" t="176" w="1548" /><ent r="4" t="202" w="433" /></phr><phr n="Manipulate"><ent r="4" t="174" w="118" /><ent r="4" t="176" w="98" /></phr></stem><stem n="run"><phr n="run"><ent r="3" t="0" w="62" /><ent r="4" t="58" w="78" /><ent r="3" t="80" w="434" /><ent r="3" t="80" w="448" /><ent r="3" t="80" w="496" /><ent r="4" t="114" w="143" /><ent r="4" t="114" w="148" /><ent r="3" t="114" w="207" /><ent r="3" t="115" w="25" /><ent r="100" t="116" w="5" /><ent r="100" t="116" w="9" /><ent r="3" t="116" w="20" /><ent r="4" t="116" w="32" /><ent r="3" t="116" w="116" /><ent r="3" t="116" w="173" /><ent r="4" t="119" w="72" /><ent r="3" t="119" w="131" /><ent r="3" t="119" w="143" /><ent r="3" t="119" w="157" /><ent r="3" t="119" w="166" /><ent r="3" t="120" w="137" /><ent r="4" t="122" w="787" /><ent r="3" t="122" w="850" /><ent r="3" t="122" w="860" /><ent r="3" t="122" w="871" /><ent r="3" t="122" w="878" /><ent r="4" t="126" w="84" /><ent r="3" t="126" w="121" /><ent r="3" t="126" w="133" /><ent r="3" t="126" w="147" /><ent r="3" t="126" w="156" /><ent r="3" t="126" w="308" /><ent r="3" t="126" w="323" /><ent r="4" t="148" w="266" /><ent r="3" t="152" w="407" /><ent r="4" t="167" w="56" /><ent r="4" t="167" w="274" /><ent r="4" t="170" w="164" /><ent r="4" t="170" w="264" /><ent r="4" t="170" w="282" /><ent r="4" t="170" w="290" /><ent r="4" t="170" w="310" /><ent r="4" t="170" w="333" /><ent r="4" t="170" w="344" /><ent r="3" t="171" w="83" /><ent r="4" t="174" w="1995" /><ent r="4" t="174" w="2001" /><ent r="4" t="175" w="1266" /><ent r="3" t="175" w="1603" /><ent r="3" t="176" w="639" /><ent r="3" t="176" w="771" /><ent r="4" t="176" w="1141" /><ent r="4" t="176" w="1159" /><ent r="4" t="176" w="1174" /><ent r="4" t="176" w="1198" /><ent r="3" t="176" w="1251" /><ent r="4" t="176" w="1509" /><ent r="3" t="181" w="580" /><ent r="3" t="181" w="594" /><ent r="3" t="181" w="829" /><ent r="5" t="182" w="170" /><ent r="5" t="182" w="175" /><ent r="4" t="182" w="191" /><ent r="4" t="182" w="528" /><ent r="3" t="182" w="784" /><ent r="3" t="190" w="113" /><ent r="3" t="230" w="111" /></phr><phr n="running"><ent r="3" t="0" w="79" /><ent r="4" t="58" w="99" /><ent r="3" t="99" w="31" /><ent r="3" t="101" w="26" /><ent r="4" t="101" w="192" /><ent r="3" t="114" w="237" /><ent r="8" t="122" w="437" /><ent r="3" t="122" w="623" /><ent r="3" t="152" w="398" /><ent r="3" t="162" w="111" /><ent r="4" t="175" w="1069" /><ent r="3" t="175" w="1483" /><ent r="4" t="181" w="1796" /><ent r="3" t="182" w="37" /><ent r="3" t="190" w="104" /></phr><phr n="Run"><ent r="64" t="112" w="568" /><ent r="4" t="114" w="156" /><ent r="64" t="114" w="264" /><ent r="64" t="115" w="141" /><ent r="1000" t="116" w="1" /><ent r="102" t="116" w="11" /><ent r="4" t="116" w="40" /><ent r="92" t="116" w="61" /><ent r="92" t="116" w="107" /><ent r="5" t="170" w="155" /><ent r="92" t="174" w="1774" /><ent r="5" t="176" w="1130" /><ent r="1000" t="182" w="2" /><ent r="103" t="182" w="15" /><ent r="4" t="182" w="103" /><ent r="92" t="182" w="1479" /><ent r="5" t="182" w="1542" /><ent r="4" t="182" w="1550" /></phr><phr n="runs"><ent r="4" t="181" w="1791" /></phr></stem><stem n="algorithm"><phr n="algorithms"><ent r="3" t="0" w="63" /><ent r="3" t="0" w="80" /><ent r="3" t="99" w="32" /><ent r="3" t="122" w="85" /><ent r="4" t="166" w="192" /><ent r="3" t="169" w="34" /><ent r="4" t="181" w="60" /><ent r="3" t="181" w="87" /><ent r="3" t="181" w="213" /><ent r="3" t="181" w="278" /><ent r="3" t="181" w="824" /><ent r="3" t="181" w="894" /><ent r="4" t="182" w="89" /><ent r="3" t="182" w="779" /><ent r="3" t="202" w="268" /><ent r="4" t="202" w="484" /></phr><phr n="Algorithms"><ent r="64" t="4" w="258" /><ent r="1000" t="16" w="2" /><ent r="102" t="16" w="6" /><ent r="100" t="16" w="10" /><ent r="3" t="16" w="15" /><ent r="4" t="70" w="63" /><ent r="4" t="71" w="91" /><ent r="65" t="163" w="150" /><ent r="65" t="164" w="68" /><ent r="65" t="167" w="130" /><ent r="4" t="167" w="138" /><ent r="64" t="174" w="479" /><ent r="4" t="174" w="1782" /><ent r="5" t="174" w="1800" /><ent r="5" t="174" w="1807" /><ent r="64" t="175" w="191" /><ent r="5" t="175" w="1033" /><ent r="4" t="175" w="1039" /><ent r="5" t="175" w="1049" /><ent r="64" t="176" w="151" /><ent r="5" t="176" w="377" /><ent r="5" t="176" w="386" /><ent r="92" t="181" w="1092" /><ent r="92" t="182" w="856" /></phr><phr n="algorithm"><ent r="3" t="26" w="17" /><ent r="4" t="26" w="65" /><ent r="4" t="58" w="43" /><ent r="4" t="58" w="67" /><ent r="4" t="58" w="80" /><ent r="4" t="58" w="101" /><ent r="3" t="81" w="57" /><ent r="4" t="82" w="187" /><ent r="3" t="107" w="121" /><ent r="8" t="122" w="367" /><ent r="3" t="161" w="65" /><ent r="3" t="163" w="785" /><ent r="4" t="167" w="79" /><ent r="4" t="170" w="266" /><ent r="4" t="170" w="292" /><ent r="4" t="170" w="314" /><ent r="4" t="170" w="323" /><ent r="4" t="170" w="337" /><ent r="64" t="171" w="18" /><ent r="3" t="173" w="196" /><ent r="3" t="174" w="66" /><ent r="4" t="174" w="1993" /><ent r="3" t="174" w="2063" /><ent r="3" t="174" w="2957" /><ent r="4" t="175" w="1072" /><ent r="3" t="175" w="1486" /><ent r="3" t="175" w="1606" /><ent r="3" t="176" w="485" /><ent r="4" t="176" w="1163" /><ent r="4" t="176" w="1176" /><ent r="4" t="176" w="1202" /><ent r="3" t="176" w="1227" /><ent r="3" t="176" w="1255" /><ent r="3" t="181" w="234" /><ent r="3" t="181" w="852" /><ent r="4" t="202" w="602" /><ent r="3" t="230" w="113" /><ent r="3" t="231" w="18" /><ent r="3" t="231" w="321" /></phr><phr n="Algorithm"><ent r="8" t="122" w="364" /><ent r="4" t="167" w="214" /><ent r="4" t="176" w="564" /><ent r="4" t="181" w="499" /><ent r="1000" t="188" w="3" /><ent r="102" t="188" w="8" /><ent r="64" t="190" w="788" /></phr></stem><stem n="provid"><phr n="provides"><ent r="3" t="0" w="70" /><ent r="3" t="0" w="83" /><ent r="3" t="1" w="36" /><ent r="3" t="1" w="87" /><ent r="3" t="1" w="238" /><ent r="3" t="2" w="14" /><ent r="3" t="4" w="36" /><ent r="3" t="15" w="16" /><ent r="3" t="16" w="17" /><ent r="3" t="17" w="15" /><ent r="3" t="44" w="12" /><ent r="4" t="53" w="49" /><ent r="3" t="75" w="96" /><ent r="3" t="76" w="25" /><ent r="3" t="76" w="381" /><ent r="4" t="80" w="84" /><ent r="3" t="89" w="19" /><ent r="3" t="95" w="12" /><ent r="3" t="100" w="21" /><ent r="3" t="101" w="21" /><ent r="3" t="112" w="238" /><ent r="3" t="112" w="322" /><ent r="3" t="112" w="474" /><ent r="3" t="139" w="8" /><ent r="3" t="140" w="555" /><ent r="3" t="148" w="1128" /><ent r="3" t="151" w="8" /><ent r="3" t="152" w="181" /><ent r="3" t="152" w="197" /><ent r="3" t="152" w="217" /><ent r="3" t="152" w="249" /><ent r="3" t="152" w="326" /><ent r="5" t="161" w="221" /><ent r="3" t="161" w="694" /><ent r="3" t="162" w="162" /><ent r="3" t="163" w="204" /><ent r="4" t="163" w="606" /><ent r="4" t="176" w="545" /><ent r="4" t="180" w="162" /><ent r="3" t="181" w="113" /><ent r="3" t="182" w="137" /><ent r="3" t="190" w="32" /><ent r="3" t="192" w="11" /><ent r="3" t="202" w="20" /><ent r="3" t="202" w="40" /><ent r="3" t="202" w="60" /><ent r="3" t="202" w="177" /><ent r="3" t="203" w="27" /><ent r="3" t="204" w="13" /><ent r="4" t="217" w="42" /><ent r="3" t="221" w="103" /></phr><phr n="provided"><ent r="54" t="0" w="114" /><ent r="3" t="163" w="793" /><ent r="4" t="166" w="166" /><ent r="4" t="166" w="236" /><ent r="3" t="167" w="243" /><ent r="3" t="188" w="95" /><ent r="3" t="189" w="283" /></phr><phr n="provide"><ent r="3" t="1" w="148" /><ent r="3" t="1" w="167" /><ent r="3" t="1" w="212" /><ent r="3" t="1" w="228" /><ent r="3" t="1" w="533" /><ent r="3" t="4" w="9" /><ent r="3" t="4" w="25" /><ent r="3" t="122" w="336" /><ent r="7" t="122" w="395" /><ent r="3" t="162" w="20" /><ent r="3" t="163" w="297" /><ent r="4" t="167" w="194" /><ent r="3" t="172" w="23" /><ent r="3" t="188" w="145" /><ent r="6" t="223" w="321" /></phr></stem><stem n="core"><phr n="core"><ent r="3" t="0" w="72" /><ent r="4" t="166" w="240" /><ent r="3" t="172" w="32" /><ent r="3" t="172" w="110" /><ent r="3" t="172" w="147" /><ent r="3" t="172" w="152" /><ent r="3" t="172" w="234" /><ent r="3" t="172" w="241" /><ent r="3" t="173" w="2405" /><ent r="3" t="174" w="2981" /><ent r="3" t="175" w="1613" /><ent r="3" t="178" w="1324" /></phr><phr n="Core"><ent r="3" t="172" w="11" /></phr></stem><stem n="applic"><phr n="application"><ent r="3" t="0" w="73" /><ent r="3" t="1" w="27" /><ent r="3" t="1" w="380" /><ent r="3" t="1" w="394" /><ent r="3" t="1" w="545" /><ent r="3" t="19" w="29" /><ent r="3" t="21" w="37" /><ent r="3" t="50" w="55" /><ent r="7" t="113" w="42" /><ent r="4" t="173" w="397" /><ent r="4" t="174" w="547" /><ent r="4" t="174" w="1688" /><ent r="4" t="175" w="259" /><ent r="4" t="176" w="219" /><ent r="4" t="177" w="497" /><ent r="4" t="178" w="482" /><ent r="4" t="180" w="373" /><ent r="4" t="182" w="284" /><ent r="3" t="183" w="16" /><ent r="4" t="202" w="367" /><ent r="3" t="231" w="130" /><ent r="7" t="233" w="94" /><ent r="7" t="233" w="130" /><ent r="7" t="233" w="207" /></phr><phr n="Application"><ent r="64" t="0" w="105" /><ent r="1000" t="1" w="5" /><ent r="100" t="1" w="9" /><ent r="102" t="1" w="17" /><ent r="3" t="1" w="30" /><ent r="3" t="1" w="176" /><ent r="4" t="2" w="65" /><ent r="4" t="4" w="186" /><ent r="4" t="18" w="33" /><ent r="4" t="32" w="100" /><ent r="3" t="35" w="27" /><ent r="4" t="36" w="36" /><ent r="3" t="39" w="31" /><ent r="3" t="40" w="43" /><ent r="4" t="44" w="217" /><ent r="4" t="47" w="38" /><ent r="4" t="48" w="81" /><ent r="4" t="49" w="127" /><ent r="4" t="52" w="45" /><ent r="3" t="73" w="54" /><ent r="4" t="76" w="43" /><ent r="4" t="77" w="48" /><ent r="4" t="78" w="47" /><ent r="4" t="79" w="88" /><ent r="4" t="79" w="164" /><ent r="4" t="80" w="34" /><ent r="3" t="86" w="58" /><ent r="3" t="99" w="158" /><ent r="3" t="100" w="92" /><ent r="3" t="101" w="151" /><ent r="4" t="103" w="128" /><ent r="3" t="104" w="47" /><ent r="4" t="104" w="70" /><ent r="4" t="105" w="83" /><ent r="4" t="105" w="213" /><ent r="4" t="105" w="229" /><ent r="4" t="106" w="84" /><ent r="3" t="107" w="247" /><ent r="3" t="107" w="493" /><ent r="3" t="112" w="90" /><ent r="4" t="114" w="23" /><ent r="4" t="115" w="37" /><ent r="4" t="116" w="47" /><ent r="4" t="116" w="73" /><ent r="3" t="116" w="123" /><ent r="4" t="119" w="34" /><ent r="4" t="119" w="92" /><ent r="3" t="120" w="35" /><ent r="3" t="120" w="132" /><ent r="3" t="120" w="352" /><ent r="3" t="120" w="617" /><ent r="4" t="122" w="746" /><ent r="4" t="126" w="49" /><ent r="4" t="138" w="123" /><ent r="4" t="139" w="115" /><ent r="4" t="140" w="40" /><ent r="4" t="142" w="79" /><ent r="4" t="143" w="79" /><ent r="4" t="144" w="93" /><ent r="4" t="145" w="88" /><ent r="4" t="146" w="82" /><ent r="4" t="147" w="79" /><ent r="4" t="148" w="75" /><ent r="4" t="149" w="76" /><ent r="4" t="150" w="86" /><ent r="4" t="151" w="66" /><ent r="3" t="151" w="177" /><ent r="3" t="153" w="236" /><ent r="3" t="163" w="959" /><ent r="4" t="176" w="809" /><ent r="5" t="182" w="185" /><ent r="4" t="182" w="1506" /><ent r="4" t="220" w="81" /><ent r="4" t="221" w="69" /><ent r="4" t="222" w="80" /></phr><phr n="applicable"><ent r="7" t="5" w="23" /><ent r="6" t="234" w="62" /><ent r="6" t="234" w="68" /></phr><phr n="applications"><ent r="3" t="80" w="620" /><ent r="3" t="177" w="107" /><ent r="3" t="178" w="97" /></phr></stem><stem n="suit"><phr n="suite"><ent r="3" t="0" w="74" /></phr><phr n="Suite"><ent r="54" t="0" w="118" /><ent r="64" t="18" w="258" /><ent r="64" t="20" w="573" /><ent r="1000" t="22" w="3" /><ent r="102" t="22" w="12" /><ent r="3" t="22" w="89" /><ent r="3" t="22" w="118" /><ent r="64" t="24" w="137" /></phr></stem><stem n="access"><phr n="access"><ent r="3" t="0" w="84" /><ent r="3" t="1" w="37" /><ent r="3" t="1" w="88" /><ent r="3" t="1" w="213" /><ent r="3" t="1" w="229" /><ent r="3" t="1" w="271" /><ent r="3" t="4" w="10" /><ent r="3" t="4" w="26" /><ent r="4" t="14" w="37" /><ent r="3" t="15" w="17" /><ent r="3" t="16" w="18" /><ent r="3" t="17" w="16" /><ent r="3" t="53" w="40" /><ent r="3" t="64" w="57" /><ent r="3" t="75" w="97" /><ent r="3" t="76" w="26" /><ent r="3" t="89" w="38" /><ent r="4" t="90" w="17" /><ent r="3" t="112" w="239" /><ent r="3" t="120" w="193" /><ent r="3" t="139" w="106" /><ent r="3" t="155" w="18" /><ent r="3" t="164" w="57" /><ent r="4" t="170" w="175" /><ent r="7" t="172" w="279" /><ent r="3" t="172" w="314" /><ent r="3" t="173" w="337" /><ent r="7" t="173" w="496" /><ent r="3" t="174" w="487" /><ent r="7" t="174" w="646" /><ent r="3" t="174" w="2476" /><ent r="3" t="175" w="199" /><ent r="7" t="175" w="358" /><ent r="3" t="176" w="159" /><ent r="7" t="176" w="318" /><ent r="3" t="177" w="437" /><ent r="7" t="177" w="596" /><ent r="3" t="178" w="422" /><ent r="7" t="178" w="581" /><ent r="7" t="179" w="205" /><ent r="3" t="180" w="313" /><ent r="7" t="180" w="472" /><ent r="3" t="181" w="312" /><ent r="7" t="181" w="393" /><ent r="3" t="182" w="224" /><ent r="7" t="182" w="383" /><ent r="3" t="202" w="276" /><ent r="3" t="202" w="301" /><ent r="3" t="202" w="316" /><ent r="4" t="202" w="531" /><ent r="6" t="223" w="322" /></phr><phr n="accessed"><ent r="3" t="4" w="92" /><ent r="3" t="32" w="59" /><ent r="3" t="173" w="1039" /></phr><phr n="Accesses"><ent r="3" t="64" w="240" /></phr><phr n="accessible"><ent r="4" t="180" w="268" /></phr><phr n="Access"><ent r="4" t="183" w="40" /></phr></stem><stem n="number"><phr n="number"><ent r="3" t="0" w="87" /><ent r="3" t="2" w="16" /><ent r="6" t="7" w="187" /><ent r="6" t="14" w="378" /><ent r="6" t="14" w="395" /><ent r="6" t="14" w="402" /><ent r="7" t="39" w="133" /><ent r="3" t="44" w="301" /><ent r="3" t="44" w="337" /><ent r="3" t="44" w="342" /><ent r="3" t="46" w="135" /><ent r="4" t="49" w="228" /><ent r="7" t="59" w="147" /><ent r="4" t="69" w="206" /><ent r="3" t="80" w="369" /><ent r="3" t="80" w="388" /><ent r="3" t="80" w="394" /><ent r="3" t="80" w="445" /><ent r="3" t="80" w="458" /><ent r="3" t="80" w="472" /><ent r="3" t="80" w="482" /><ent r="3" t="80" w="487" /><ent r="3" t="80" w="502" /><ent r="4" t="82" w="242" /><ent r="3" t="86" w="15" /><ent r="3" t="86" w="29" /><ent r="4" t="93" w="110" /><ent r="4" t="95" w="128" /><ent r="3" t="95" w="154" /><ent r="4" t="106" w="202" /><ent r="3" t="106" w="343" /><ent r="4" t="106" w="469" /><ent r="7" t="113" w="238" /><ent r="7" t="113" w="272" /><ent r="100" t="122" w="91" /><ent r="3" t="122" w="113" /><ent r="3" t="122" w="126" /><ent r="3" t="122" w="463" /><ent r="3" t="122" w="908" /><ent r="4" t="137" w="444" /><ent r="3" t="140" w="417" /><ent r="3" t="144" w="163" /><ent r="3" t="144" w="176" /><ent r="5" t="148" w="697" /><ent r="5" t="148" w="1120" /><ent r="4" t="150" w="140" /><ent r="4" t="150" w="153" /><ent r="3" t="151" w="281" /><ent r="3" t="152" w="204" /><ent r="3" t="155" w="158" /><ent r="5" t="156" w="567" /><ent r="3" t="160" w="115" /><ent r="3" t="160" w="128" /><ent r="5" t="161" w="688" /><ent r="3" t="162" w="109" /><ent r="4" t="163" w="467" /><ent r="4" t="163" w="473" /><ent r="3" t="163" w="530" /><ent r="3" t="163" w="535" /><ent r="3" t="163" w="546" /><ent r="4" t="163" w="629" /><ent r="3" t="163" w="764" /><ent r="3" t="163" w="971" /><ent r="4" t="163" w="1012" /><ent r="4" t="163" w="1043" /><ent r="3" t="164" w="132" /><ent r="3" t="164" w="181" /><ent r="3" t="165" w="100" /><ent r="3" t="165" w="129" /><ent r="3" t="173" w="145" /><ent r="3" t="173" w="167" /><ent r="4" t="173" w="1112" /><ent r="3" t="174" w="1409" /><ent r="3" t="174" w="1417" /><ent r="3" t="174" w="1431" /><ent r="4" t="175" w="1175" /><ent r="3" t="175" w="1202" /><ent r="4" t="181" w="67" /><ent r="3" t="181" w="248" /><ent r="3" t="181" w="276" /><ent r="3" t="181" w="287" /><ent r="4" t="181" w="812" /><ent r="4" t="181" w="1248" /><ent r="4" t="181" w="1260" /><ent r="3" t="181" w="1273" /><ent r="3" t="181" w="1275" /><ent r="3" t="181" w="1291" /><ent r="3" t="181" w="1331" /><ent r="4" t="181" w="1346" /><ent r="4" t="181" w="1357" /><ent r="3" t="182" w="766" /><ent r="3" t="182" w="1201" /><ent r="3" t="182" w="1203" /><ent r="3" t="182" w="1220" /><ent r="3" t="182" w="1260" /><ent r="7" t="184" w="80" /><ent r="3" t="186" w="38" /><ent r="3" t="187" w="68" /><ent r="3" t="187" w="80" /><ent r="4" t="189" w="67" /><ent r="4" t="189" w="86" /><ent r="4" t="189" w="159" /><ent r="4" t="189" w="178" /><ent r="3" t="190" w="337" /><ent r="3" t="190" w="480" /><ent r="7" t="193" w="129" /><ent r="7" t="193" w="528" /><ent r="3" t="194" w="128" /><ent r="3" t="202" w="47" /><ent r="3" t="203" w="154" /><ent r="4" t="209" w="249" /><ent r="3" t="213" w="161" /><ent r="3" t="215" w="166" /><ent r="4" t="216" w="94" /><ent r="4" t="217" w="106" /><ent r="4" t="217" w="115" /><ent r="7" t="234" w="140" /><ent r="7" t="234" w="178" /></phr><phr n="numbers"><ent r="4" t="73" w="204" /><ent r="6" t="89" w="380" /><ent r="4" t="106" w="454" /><ent r="4" t="148" w="351" /><ent r="5" t="148" w="382" /><ent r="4" t="148" w="774" /><ent r="5" t="148" w="805" /><ent r="4" t="149" w="388" /><ent r="4" t="156" w="240" /><ent r="5" t="156" w="257" /><ent r="4" t="161" w="361" /><ent r="5" t="161" w="378" /><ent r="4" t="164" w="149" /><ent r="4" t="181" w="1109" /><ent r="4" t="182" w="96" /><ent r="4" t="182" w="1320" /><ent r="4" t="186" w="52" /><ent r="4" t="189" w="74" /><ent r="4" t="189" w="94" /><ent r="4" t="189" w="166" /><ent r="4" t="189" w="186" /><ent r="7" t="193" w="479" /><ent r="4" t="229" w="20" /></phr><phr n="Number"><ent r="82" t="122" w="900" /><ent r="4" t="138" w="565" /><ent r="4" t="138" w="568" /><ent r="5" t="163" w="459" /><ent r="5" t="163" w="987" /><ent r="5" t="175" w="1168" /><ent r="5" t="175" w="1383" /><ent r="4" t="175" w="1405" /><ent r="92" t="181" w="1227" /><ent r="92" t="182" w="1191" /><ent r="7" t="193" w="92" /><ent r="7" t="193" w="105" /><ent r="7" t="193" w="116" /></phr><phr n="numbered"><ent r="3" t="122" w="925" /><ent r="3" t="122" w="935" /><ent r="3" t="163" w="500" /><ent r="3" t="163" w="505" /><ent r="3" t="163" w="520" /><ent r="3" t="181" w="1366" /><ent r="3" t="226" w="20" /></phr><phr n="Numbers"><ent r="6" t="236" w="44" /><ent r="6" t="236" w="57" /><ent r="6" t="236" w="69" /><ent r="6" t="236" w="82" /><ent r="6" t="236" w="94" /><ent r="6" t="236" w="107" /><ent r="6" t="236" w="119" /><ent r="6" t="236" w="132" /><ent r="5" t="236" w="145" /><ent r="5" t="236" w="157" /><ent r="5" t="236" w="169" /><ent r="5" t="236" w="182" /><ent r="6" t="236" w="194" /><ent r="6" t="236" w="206" /><ent r="6" t="236" w="378" /><ent r="6" t="236" w="397" /><ent r="6" t="236" w="415" /><ent r="6" t="236" w="434" /><ent r="6" t="236" w="452" /><ent r="6" t="236" w="471" /><ent r="6" t="236" w="489" /><ent r="6" t="236" w="508" /><ent r="5" t="236" w="527" /><ent r="5" t="236" w="545" /><ent r="5" t="236" w="563" /><ent r="5" t="236" w="582" /><ent r="6" t="236" w="600" /><ent r="6" t="236" w="618" /></phr></stem></index>