﻿<?xml version="1.0" encoding="utf-8"?><index><stem n="(play)"><phr n="(Play)"><ent r="7" t="14" w="125" /></phr></stem><stem n="paus"><phr n="Pause"><ent r="6" t="14" w="126" /><ent r="6" t="14" w="129" /><ent r="7" t="14" w="150" /><ent r="5" t="219" w="74" /></phr><phr n="pauses"><ent r="7" t="14" w="133" /></phr></stem><stem n="(pause)"><phr n="(Pause)"><ent r="6" t="14" w="127" /></phr></stem><stem n="play/paus"><phr n="Play/Pause"><ent r="6" t="14" w="129" /><ent r="6" t="14" w="128" /><ent r="5" t="219" w="74" /><ent r="5" t="219" w="73" /></phr></stem><stem n="play/pause."><phr n="Play/Pause."><ent r="6" t="14" w="129" /><ent r="6" t="14" w="128" /></phr></stem><stem n="/pause."><phr n="/Pause."><ent r="6" t="14" w="130" /></phr></stem><stem n="switch"><phr n="switches"><ent r="7" t="14" w="147" /><ent r="3" t="73" w="269" /><ent r="3" t="178" w="707" /></phr><phr n="switch"><ent r="3" t="37" w="158" /><ent r="3" t="37" w="168" /><ent r="3" t="44" w="158" /></phr><phr n="Switching"><ent r="3" t="126" w="184" /></phr></stem><stem n="tep"><phr n="tep"><ent r="7" t="14" w="160" /></phr></stem><stem n="step"><phr n="Steps"><ent r="6" t="14" w="163" /><ent r="6" t="14" w="173" /><ent r="4" t="21" w="507" /><ent r="4" t="95" w="146" /><ent r="3" t="99" w="64" /><ent r="3" t="107" w="395" /></phr><phr n="Step"><ent r="7" t="14" w="170" /><ent r="3" t="99" w="104" /><ent r="3" t="135" w="76" /><ent r="3" t="135" w="82" /><ent r="4" t="135" w="115" /><ent r="4" t="135" w="120" /><ent r="5" t="167" w="224" /><ent r="3" t="167" w="236" /><ent r="3" t="167" w="319" /><ent r="3" t="167" w="337" /><ent r="4" t="174" w="2213" /><ent r="4" t="174" w="2241" /><ent r="4" t="174" w="2362" /><ent r="4" t="176" w="573" /><ent r="4" t="176" w="676" /></phr><phr n="steps"><ent r="3" t="30" w="18" /><ent r="3" t="77" w="17" /><ent r="3" t="78" w="25" /><ent r="3" t="79" w="17" /><ent r="3" t="84" w="17" /><ent r="3" t="85" w="17" /><ent r="3" t="95" w="157" /><ent r="3" t="99" w="52" /><ent r="3" t="99" w="56" /><ent r="3" t="99" w="69" /><ent r="3" t="99" w="85" /><ent r="3" t="99" w="119" /><ent r="3" t="99" w="133" /><ent r="3" t="120" w="168" /><ent r="3" t="120" w="335" /><ent r="3" t="174" w="2084" /><ent r="3" t="175" w="842" /><ent r="4" t="178" w="958" /><ent r="3" t="181" w="152" /></phr><phr n="step"><ent r="6" t="89" w="251" /><ent r="3" t="92" w="24" /><ent r="4" t="92" w="143" /><ent r="3" t="99" w="112" /><ent r="3" t="122" w="654" /><ent r="4" t="167" w="202" /><ent r="4" t="167" w="210" /><ent r="3" t="167" w="257" /><ent r="4" t="167" w="270" /><ent r="4" t="167" w="303" /><ent r="3" t="168" w="32" /><ent r="4" t="168" w="296" /><ent r="3" t="169" w="68" /><ent r="4" t="176" w="556" /><ent r="4" t="176" w="560" /><ent r="3" t="176" w="590" /><ent r="3" t="176" w="635" /><ent r="3" t="176" w="664" /><ent r="3" t="231" w="192" /></phr></stem><stem n="back"><phr n="back"><ent r="6" t="14" w="166" /><ent r="3" t="84" w="149" /><ent r="3" t="84" w="217" /><ent r="4" t="135" w="67" /><ent r="3" t="173" w="1753" /><ent r="4" t="173" w="1952" /><ent r="4" t="173" w="1975" /><ent r="3" t="174" w="2074" /><ent r="4" t="176" w="900" /><ent r="4" t="176" w="1106" /><ent r="3" t="190" w="230" /></phr><phr n="Back"><ent r="3" t="64" w="135" /><ent r="92" t="84" w="139" /></phr></stem><stem n="slow"><phr n="Slow"><ent r="7" t="14" w="180" /><ent r="5" t="106" w="281" /></phr><phr n="Slows"><ent r="6" t="14" w="183" /></phr><phr n="slowing"><ent r="6" t="14" w="509" /></phr><phr n="slow"><ent r="3" t="106" w="308" /></phr></stem><stem n="speed"><phr n="speed"><ent r="6" t="14" w="187" /><ent r="6" t="14" w="196" /><ent r="7" t="14" w="201" /><ent r="6" t="14" w="212" /><ent r="5" t="14" w="247" /><ent r="5" t="14" w="254" /><ent r="6" t="14" w="499" /><ent r="3" t="37" w="105" /><ent r="3" t="37" w="130" /><ent r="64" t="37" w="183" /><ent r="3" t="46" w="105" /><ent r="3" t="46" w="109" /><ent r="3" t="106" w="252" /><ent r="3" t="106" w="318" /><ent r="3" t="134" w="98" /><ent r="3" t="134" w="116" /><ent r="100" t="186" w="8" /><ent r="3" t="186" w="12" /><ent r="3" t="186" w="56" /><ent r="3" t="186" w="117" /><ent r="3" t="186" w="205" /><ent r="3" t="186" w="225" /><ent r="3" t="210" w="255" /><ent r="3" t="210" w="281" /><ent r="3" t="220" w="178" /><ent r="3" t="220" w="192" /><ent r="4" t="220" w="215" /><ent r="3" t="220" w="232" /><ent r="4" t="220" w="236" /></phr><phr n="Speed"><ent r="67" t="14" w="219" /><ent r="6" t="14" w="241" /><ent r="92" t="106" w="233" /><ent r="3" t="106" w="237" /><ent r="1000" t="186" w="2" /><ent r="102" t="186" w="5" /><ent r="6" t="186" w="78" /></phr><phr n="speeds"><ent r="5" t="139" w="170" /><ent r="3" t="186" w="72" /><ent r="3" t="220" w="26" /><ent r="3" t="220" w="52" /><ent r="3" t="220" w="163" /><ent r="3" t="220" w="168" /><ent r="3" t="220" w="171" /></phr></stem><stem n="reflect"><phr n="reflected"><ent r="6" t="14" w="192" /><ent r="5" t="14" w="250" /><ent r="3" t="83" w="41" /></phr><phr n="reflects"><ent r="3" t="86" w="135" /><ent r="3" t="88" w="28" /></phr><phr n="reflect"><ent r="3" t="93" w="125" /><ent r="5" t="148" w="383" /><ent r="5" t="148" w="806" /><ent r="4" t="149" w="389" /><ent r="5" t="156" w="258" /><ent r="5" t="161" w="379" /><ent r="4" t="229" w="21" /></phr><phr n="reflectance"><ent r="5" t="148" w="399" /><ent r="5" t="148" w="822" /><ent r="5" t="156" w="274" /><ent r="5" t="161" w="395" /><ent r="3" t="174" w="303" /><ent r="3" t="174" w="310" /><ent r="4" t="229" w="37" /></phr><phr n="Reflectance"><ent r="3" t="193" w="781" /></phr></stem><stem n="field"><phr n="field"><ent r="6" t="14" w="197" /><ent r="5" t="14" w="255" /><ent r="4" t="21" w="321" /><ent r="5" t="21" w="351" /><ent r="4" t="23" w="51" /><ent r="5" t="26" w="478" /><ent r="5" t="26" w="519" /><ent r="3" t="29" w="58" /><ent r="4" t="49" w="187" /><ent r="3" t="80" w="207" /><ent r="3" t="80" w="254" /><ent r="3" t="80" w="383" /><ent r="3" t="80" w="429" /><ent r="6" t="89" w="386" /><ent r="4" t="91" w="130" /><ent r="4" t="107" w="445" /><ent r="4" t="114" w="81" /><ent r="4" t="119" w="210" /><ent r="4" t="120" w="245" /><ent r="4" t="120" w="386" /><ent r="4" t="120" w="525" /><ent r="4" t="123" w="102" /><ent r="4" t="123" w="145" /><ent r="4" t="123" w="213" /><ent r="4" t="126" w="374" /><ent r="4" t="126" w="440" /><ent r="4" t="138" w="556" /><ent r="4" t="148" w="357" /><ent r="4" t="148" w="780" /><ent r="3" t="152" w="227" /><ent r="4" t="156" w="246" /><ent r="4" t="161" w="367" /><ent r="3" t="165" w="146" /><ent r="4" t="165" w="230" /><ent r="4" t="165" w="266" /><ent r="4" t="165" w="313" /><ent r="3" t="172" w="97" /><ent r="3" t="174" w="870" /><ent r="3" t="175" w="1409" /><ent r="4" t="178" w="1016" /><ent r="3" t="178" w="1227" /><ent r="3" t="178" w="1233" /><ent r="4" t="179" w="257" /><ent r="4" t="179" w="326" /><ent r="4" t="181" w="639" /><ent r="4" t="181" w="662" /><ent r="4" t="181" w="728" /><ent r="4" t="181" w="751" /><ent r="3" t="181" w="1406" /><ent r="3" t="182" w="734" /><ent r="3" t="190" w="538" /><ent r="3" t="190" w="653" /><ent r="4" t="194" w="91" /><ent r="3" t="202" w="70" /><ent r="3" t="202" w="89" /><ent r="3" t="202" w="100" /><ent r="3" t="202" w="107" /><ent r="3" t="202" w="118" /><ent r="4" t="209" w="246" /><ent r="3" t="212" w="157" /><ent r="3" t="212" w="176" /><ent r="4" t="212" w="202" /><ent r="4" t="212" w="209" /><ent r="4" t="212" w="212" /><ent r="4" t="212" w="234" /><ent r="3" t="212" w="256" /><ent r="4" t="212" w="281" /><ent r="3" t="213" w="148" /><ent r="3" t="215" w="153" /><ent r="4" t="216" w="91" /><ent r="3" t="220" w="133" /><ent r="4" t="224" w="125" /></phr><phr n="Fields"><ent r="4" t="21" w="344" /><ent r="5" t="104" w="123" /><ent r="3" t="212" w="147" /></phr><phr n="fields"><ent r="4" t="26" w="392" /><ent r="4" t="102" w="46" /><ent r="3" t="104" w="23" /><ent r="3" t="105" w="389" /><ent r="4" t="123" w="414" /><ent r="4" t="138" w="221" /><ent r="4" t="138" w="238" /><ent r="3" t="140" w="161" /><ent r="3" t="140" w="195" /><ent r="3" t="140" w="264" /><ent r="3" t="140" w="298" /><ent r="3" t="140" w="468" /><ent r="3" t="140" w="502" /><ent r="3" t="140" w="632" /><ent r="3" t="140" w="666" /><ent r="3" t="165" w="172" /><ent r="3" t="178" w="1216" /><ent r="3" t="192" w="87" /><ent r="3" t="202" w="78" /><ent r="3" t="202" w="94" /><ent r="3" t="202" w="104" /><ent r="3" t="202" w="111" /><ent r="3" t="211" w="258" /><ent r="3" t="213" w="63" /><ent r="3" t="215" w="68" /></phr><phr n="Field"><ent r="92" t="212" w="145" /><ent r="5" t="212" w="188" /><ent r="3" t="212" w="194" /><ent r="92" t="212" w="251" /><ent r="5" t="212" w="268" /><ent r="3" t="212" w="274" /><ent r="5" t="212" w="290" /></phr></stem><stem n="increas"><phr n="Increases"><ent r="5" t="14" w="244" /><ent r="7" t="113" w="234" /><ent r="7" t="234" w="136" /></phr><phr n="increase"><ent r="4" t="49" w="283" /><ent r="3" t="173" w="1456" /><ent r="100" t="234" w="6" /></phr><phr n="increases"><ent r="3" t="173" w="825" /><ent r="3" t="176" w="580" /></phr><phr n="Increase"><ent r="7" t="234" w="129" /></phr></stem><stem n="direct"><phr n="Direction"><ent r="6" t="14" w="258" /><ent r="64" t="16" w="37" /><ent r="1000" t="71" w="3" /><ent r="102" t="71" w="11" /><ent r="3" t="71" w="15" /><ent r="5" t="71" w="98" /><ent r="4" t="71" w="105" /><ent r="4" t="80" w="540" /></phr><phr n="direction"><ent r="5" t="14" w="262" /><ent r="4" t="37" w="84" /><ent r="100" t="71" w="7" /><ent r="4" t="71" w="76" /><ent r="4" t="71" w="85" /><ent r="3" t="71" w="128" /><ent r="3" t="80" w="544" /><ent r="4" t="80" w="555" /><ent r="4" t="80" w="590" /><ent r="3" t="137" w="53" /><ent r="6" t="185" w="49" /><ent r="6" t="185" w="58" /><ent r="6" t="185" w="65" /><ent r="6" t="185" w="80" /><ent r="3" t="188" w="24" /></phr><phr n="directed"><ent r="4" t="166" w="264" /></phr><phr n="directions"><ent r="7" t="193" w="536" /><ent r="3" t="231" w="414" /></phr></stem><stem n="revers"><phr n="Reverses"><ent r="5" t="14" w="260" /></phr><phr n="reversed"><ent r="3" t="137" w="63" /></phr></stem><stem n="playback"><phr n="playback"><ent r="5" t="14" w="265" /><ent r="5" t="14" w="312" /><ent r="3" t="134" w="164" /><ent r="3" t="137" w="17" /></phr><phr n="Playback"><ent r="92" t="213" w="95" /><ent r="92" t="215" w="100" /></phr></stem><stem n="cycl"><phr n="Cycle"><ent r="7" t="14" w="268" /><ent r="67" t="14" w="286" /><ent r="1000" t="185" w="2" /><ent r="102" t="185" w="5" /><ent r="6" t="185" w="30" /><ent r="3" t="220" w="132" /><ent r="64" t="220" w="155" /></phr><phr n="cycles"><ent r="3" t="134" w="17" /><ent r="3" t="181" w="934" /><ent r="3" t="182" w="811" /><ent r="3" t="220" w="151" /></phr><phr n="cycle"><ent r="3" t="134" w="102" /><ent r="3" t="134" w="112" /><ent r="4" t="135" w="14" /><ent r="5" t="139" w="166" /><ent r="100" t="185" w="8" /><ent r="3" t="185" w="12" /><ent r="3" t="220" w="22" /><ent r="3" t="220" w="36" /><ent r="4" t="220" w="125" /><ent r="3" t="220" w="143" /></phr></stem><stem n="determin"><phr n="Determines"><ent r="6" t="14" w="270" /><ent r="4" t="102" w="21" /><ent r="4" t="102" w="44" /><ent r="4" t="153" w="349" /><ent r="7" t="193" w="579" /></phr><phr n="determine"><ent r="3" t="20" w="19" /><ent r="3" t="36" w="16" /><ent r="3" t="103" w="16" /><ent r="3" t="104" w="21" /><ent r="3" t="106" w="170" /><ent r="4" t="106" w="206" /><ent r="4" t="142" w="148" /><ent r="4" t="142" w="186" /><ent r="4" t="142" w="202" /><ent r="4" t="146" w="150" /><ent r="4" t="146" w="173" /><ent r="4" t="146" w="188" /><ent r="3" t="149" w="375" /><ent r="3" t="210" w="207" /></phr><phr n="determined"><ent r="3" t="37" w="107" /><ent r="3" t="189" w="246" /></phr><phr n="determines"><ent r="4" t="47" w="251" /><ent r="3" t="80" w="443" /><ent r="3" t="80" w="542" /><ent r="4" t="80" w="645" /><ent r="6" t="89" w="375" /><ent r="3" t="103" w="211" /><ent r="3" t="106" w="330" /><ent r="4" t="107" w="376" /><ent r="4" t="148" w="346" /><ent r="4" t="148" w="769" /><ent r="3" t="149" w="279" /><ent r="3" t="153" w="225" /><ent r="4" t="156" w="235" /><ent r="4" t="161" w="356" /><ent r="4" t="164" w="206" /><ent r="3" t="185" w="13" /><ent r="3" t="220" w="37" /><ent r="6" t="223" w="80" /></phr></stem><stem n="behavior"><phr n="behavior"><ent r="6" t="14" w="272" /><ent r="3" t="185" w="15" /><ent r="3" t="220" w="39" /></phr><phr n="Behavior"><ent r="3" t="172" w="61" /></phr></stem><stem n="player"><phr n="player"><ent r="6" t="14" w="276" /><ent r="6" t="14" w="369" /><ent r="3" t="185" w="19" /><ent r="3" t="186" w="21" /><ent r="3" t="220" w="43" /><ent r="3" t="220" w="61" /></phr><phr n="players"><ent r="6" t="14" w="372" /><ent r="6" t="14" w="409" /><ent r="3" t="186" w="46" /><ent r="3" t="186" w="106" /></phr></stem><stem n="final"><phr n="final"><ent r="6" t="14" w="279" /><ent r="3" t="185" w="22" /><ent r="3" t="220" w="46" /></phr></stem><stem n="bumper"><phr n="Bumpers"><ent r="6" t="14" w="302" /><ent r="66" t="14" w="320" /><ent r="64" t="134" w="147" /><ent r="1000" t="137" w="2" /><ent r="100" t="137" w="5" /><ent r="102" t="137" w="8" /><ent r="3" t="137" w="11" /><ent r="92" t="137" w="67" /><ent r="4" t="137" w="110" /><ent r="4" t="137" w="154" /><ent r="4" t="137" w="293" /><ent r="4" t="137" w="295" /><ent r="4" t="137" w="299" /><ent r="4" t="137" w="302" /><ent r="4" t="137" w="319" /><ent r="3" t="137" w="337" /><ent r="92" t="137" w="350" /><ent r="4" t="137" w="374" /><ent r="5" t="137" w="381" /><ent r="4" t="137" w="406" /><ent r="92" t="137" w="463" /><ent r="4" t="137" w="500" /><ent r="4" t="137" w="521" /><ent r="92" t="137" w="540" /><ent r="4" t="137" w="600" /><ent r="4" t="137" w="621" /><ent r="92" t="137" w="635" /><ent r="4" t="137" w="674" /><ent r="4" t="137" w="695" /></phr><phr n="bumpers"><ent r="5" t="14" w="308" /><ent r="3" t="134" w="128" /><ent r="4" t="137" w="72" /><ent r="4" t="137" w="173" /><ent r="4" t="137" w="276" /><ent r="3" t="137" w="334" /><ent r="3" t="137" w="343" /><ent r="3" t="137" w="356" /><ent r="3" t="137" w="467" /><ent r="3" t="137" w="470" /><ent r="3" t="137" w="525" /><ent r="3" t="137" w="544" /><ent r="3" t="137" w="551" /><ent r="3" t="137" w="559" /><ent r="3" t="137" w="579" /><ent r="3" t="137" w="625" /><ent r="3" t="137" w="639" /><ent r="3" t="137" w="645" /><ent r="3" t="137" w="699" /><ent r="3" t="137" w="707" /></phr><phr n="bumper"><ent r="3" t="137" w="36" /><ent r="3" t="137" w="44" /><ent r="4" t="137" w="93" /><ent r="4" t="137" w="139" /><ent r="3" t="137" w="198" /><ent r="4" t="137" w="249" /></phr><phr n="Bumper"><ent r="5" t="137" w="118" /><ent r="5" t="137" w="164" /><ent r="5" t="137" w="228" /><ent r="5" t="137" w="267" /><ent r="4" t="137" w="306" /><ent r="4" t="137" w="313" /><ent r="3" t="137" w="411" /><ent r="3" t="137" w="493" /><ent r="3" t="137" w="593" /><ent r="3" t="137" w="667" /></phr></stem><stem n="limit"><phr n="limit"><ent r="5" t="14" w="310" /><ent r="3" t="22" w="39" /><ent r="3" t="22" w="76" /><ent r="3" t="40" w="251" /><ent r="3" t="106" w="313" /><ent r="4" t="106" w="555" /><ent r="4" t="106" w="570" /><ent r="3" t="137" w="15" /><ent r="3" t="151" w="264" /><ent r="3" t="163" w="402" /></phr><phr n="limits"><ent r="3" t="40" w="235" /><ent r="4" t="48" w="299" /><ent r="4" t="106" w="496" /><ent r="3" t="106" w="508" /><ent r="3" t="106" w="530" /></phr><phr n="Limits"><ent r="92" t="106" w="489" /></phr><phr n="Limit"><ent r="5" t="106" w="492" /><ent r="3" t="106" w="501" /><ent r="3" t="106" w="511" /><ent r="3" t="106" w="524" /><ent r="4" t="151" w="260" /></phr><phr n="limited"><ent r="3" t="163" w="532" /><ent r="3" t="179" w="298" /></phr><phr n="limitations"><ent r="3" t="177" w="326" /><ent r="3" t="178" w="313" /><ent r="3" t="186" w="213" /></phr><phr n="limitation"><ent r="3" t="177" w="346" /><ent r="3" t="178" w="333" /></phr></stem><stem n="progress"><phr n="Progress"><ent r="7" t="14" w="323" /><ent r="4" t="80" w="509" /></phr><phr n="progress"><ent r="6" t="14" w="328" /><ent r="3" t="80" w="522" /><ent r="3" t="101" w="42" /><ent r="3" t="101" w="58" /><ent r="3" t="101" w="71" /><ent r="3" t="101" w="87" /><ent r="3" t="101" w="218" /></phr></stem><stem n="channel"><phr n="channel"><ent r="6" t="14" w="348" /><ent r="3" t="134" w="167" /><ent r="3" t="152" w="437" /><ent r="3" t="188" w="138" /><ent r="3" t="188" w="155" /><ent r="3" t="188" w="228" /><ent r="3" t="188" w="240" /><ent r="3" t="190" w="143" /><ent r="3" t="190" w="628" /><ent r="3" t="190" w="673" /><ent r="4" t="230" w="33" /><ent r="4" t="230" w="64" /></phr><phr n="channels"><ent r="5" t="89" w="447" /><ent r="5" t="161" w="296" /><ent r="3" t="188" w="128" /><ent r="4" t="230" w="36" /><ent r="3" t="230" w="77" /></phr><phr n="Channel"><ent r="3" t="188" w="73" /><ent r="3" t="190" w="620" /><ent r="5" t="230" w="56" /></phr><phr n="Channels"><ent r="4" t="230" w="69" /></phr></stem><stem n="increment"><phr n="increment"><ent r="6" t="14" w="350" /></phr><phr n="incrementally"><ent r="4" t="173" w="856" /><ent r="3" t="173" w="1804" /></phr></stem><stem n="small"><phr n="small"><ent r="6" t="14" w="356" /><ent r="3" t="21" w="195" /><ent r="3" t="46" w="28" /><ent r="3" t="47" w="15" /><ent r="4" t="65" w="96" /><ent r="4" t="138" w="384" /><ent r="3" t="173" w="1454" /><ent r="4" t="177" w="840" /><ent r="4" t="180" w="1273" /><ent r="3" t="202" w="689" /></phr></stem><stem n="movi"><phr n="movie"><ent r="6" t="14" w="368" /><ent r="6" t="14" w="490" /><ent r="6" t="14" w="504" /><ent r="5" t="139" w="192" /><ent r="3" t="140" w="26" /><ent r="3" t="140" w="562" /><ent r="3" t="185" w="18" /><ent r="3" t="186" w="127" /><ent r="6" t="186" w="147" /><ent r="6" t="186" w="161" /><ent r="6" t="186" w="177" /><ent r="3" t="220" w="42" /></phr><phr n="Movie"><ent r="4" t="140" w="90" /><ent r="92" t="140" w="551" /></phr></stem><stem n="/y"><phr n="/y"><ent r="6" t="14" w="387" /><ent r="3" t="171" w="60" /><ent r="3" t="176" w="1277" /></phr></stem><stem n="x/y"><phr n="x/y"><ent r="6" t="14" w="387" /><ent r="6" t="14" w="386" /><ent r="3" t="171" w="60" /><ent r="3" t="171" w="59" /><ent r="3" t="176" w="1277" /><ent r="3" t="176" w="1276" /></phr></stem><stem n="yyyi"><phr n="yyyy"><ent r="6" t="14" w="422" /><ent r="7" t="14" w="430" /></phr><phr n="YYYY"><ent r="6" t="236" w="267" /></phr></stem><stem n="yyyy/mm"><phr n="yyyy/MM"><ent r="6" t="14" w="423" /><ent r="6" t="14" w="422" /></phr></stem><stem n="mm"><phr n="MM"><ent r="6" t="14" w="423" /><ent r="7" t="14" w="436" /><ent r="6" t="236" w="265" /><ent r="6" t="236" w="270" /></phr><phr n="mm"><ent r="6" t="14" w="426" /><ent r="7" t="14" w="454" /></phr></stem><stem n="/mm/dd"><phr n="/MM/dd"><ent r="6" t="14" w="424" /></phr></stem><stem n="yyyy/mm/dd"><phr n="yyyy/MM/dd"><ent r="6" t="14" w="424" /><ent r="6" t="14" w="422" /></phr></stem><stem n="dd"><phr n="dd"><ent r="6" t="14" w="424" /><ent r="7" t="14" w="442" /></phr><phr n="DD"><ent r="6" t="236" w="266" /></phr></stem><stem n="hh"><phr n="hh"><ent r="6" t="14" w="425" /><ent r="7" t="14" w="448" /></phr><phr n="HH"><ent r="6" t="236" w="269" /></phr></stem><stem n="hh.mm"><phr n="hh.mm"><ent r="6" t="14" w="426" /><ent r="6" t="14" w="425" /></phr></stem><stem n="hh.mm.ss"><phr n="hh.mm.ss"><ent r="6" t="14" w="427" /><ent r="6" t="14" w="425" /></phr></stem><stem n="ss"><phr n="ss"><ent r="6" t="14" w="427" /><ent r="7" t="14" w="460" /></phr><phr n="SS"><ent r="6" t="236" w="271" /></phr></stem><stem n=".mm.ss.zzzz"><phr n=".mm.ss.zzzZ"><ent r="6" t="14" w="428" /></phr></stem><stem n="hh.mm.ss.zzzz"><phr n="hh.mm.ss.zzzZ"><ent r="6" t="14" w="428" /><ent r="6" t="14" w="425" /></phr></stem><stem n="zzzz"><phr n="zzzZ"><ent r="6" t="14" w="428" /></phr></stem><stem n="year"><phr n="year"><ent r="6" t="14" w="434" /><ent r="4" t="138" w="473" /><ent r="4" t="138" w="518" /></phr></stem><stem n="month"><phr n="month"><ent r="6" t="14" w="440" /><ent r="4" t="138" w="470" /><ent r="4" t="138" w="515" /><ent r="3" t="176" w="54" /></phr></stem><stem n="dai"><phr n="day"><ent r="6" t="14" w="446" /></phr></stem><stem n="hour"><phr n="hour"><ent r="6" t="14" w="452" /></phr></stem><stem n="minut"><phr n="minute"><ent r="6" t="14" w="458" /><ent r="3" t="174" w="1441" /></phr><phr n="minutes"><ent r="3" t="75" w="117" /><ent r="3" t="79" w="60" /><ent r="4" t="80" w="688" /><ent r="3" t="145" w="165" /><ent r="4" t="174" w="1362" /><ent r="7" t="228" w="54" /><ent r="7" t="228" w="63" /><ent r="7" t="228" w="66" /><ent r="7" t="228" w="74" /></phr></stem><stem n="second"><phr n="second"><ent r="6" t="14" w="464" /><ent r="5" t="26" w="458" /><ent r="5" t="26" w="499" /><ent r="4" t="50" w="218" /><ent r="3" t="98" w="51" /><ent r="3" t="122" w="939" /><ent r="4" t="149" w="304" /><ent r="4" t="149" w="324" /><ent r="4" t="149" w="346" /><ent r="4" t="149" w="366" /><ent r="3" t="149" w="382" /><ent r="3" t="163" w="94" /><ent r="3" t="163" w="238" /><ent r="5" t="163" w="350" /><ent r="3" t="174" w="1443" /><ent r="4" t="176" w="1325" /><ent r="3" t="186" w="43" /><ent r="3" t="186" w="66" /><ent r="6" t="186" w="87" /><ent r="6" t="186" w="94" /><ent r="3" t="186" w="125" /><ent r="3" t="186" w="132" /><ent r="6" t="186" w="151" /><ent r="6" t="186" w="159" /><ent r="6" t="186" w="165" /><ent r="6" t="186" w="181" /><ent r="4" t="189" w="104" /><ent r="4" t="189" w="129" /><ent r="4" t="189" w="195" /></phr><phr n="Second"><ent r="6" t="26" w="475" /><ent r="6" t="26" w="516" /><ent r="4" t="149" w="541" /><ent r="3" t="163" w="199" /><ent r="3" t="163" w="206" /><ent r="3" t="163" w="222" /><ent r="3" t="163" w="263" /><ent r="3" t="163" w="303" /><ent r="92" t="182" w="571" /></phr><phr n="seconds"><ent r="3" t="145" w="166" /><ent r="4" t="174" w="1364" /><ent r="6" t="186" w="103" /><ent r="6" t="186" w="145" /><ent r="6" t="186" w="175" /><ent r="7" t="228" w="67" /><ent r="7" t="228" w="77" /></phr></stem><stem n="zzz"><phr n="zzz"><ent r="7" t="14" w="466" /></phr></stem><stem n="millisecond"><phr n="millisecond"><ent r="6" t="14" w="470" /></phr></stem><stem n="zulu"><phr n="Zulu"><ent r="6" t="14" w="475" /></phr></stem><stem n="),"><phr n="),"><ent r="6" t="14" w="489" /><ent r="3" t="44" w="141" /><ent r="3" t="64" w="182" /><ent r="3" t="64" w="187" /><ent r="3" t="80" w="173" /><ent r="3" t="99" w="105" /><ent r="5" t="148" w="193" /><ent r="3" t="152" w="439" /><ent r="3" t="169" w="78" /><ent r="3" t="175" w="52" /><ent r="3" t="181" w="246" /><ent r="4" t="189" w="190" /><ent r="3" t="190" w="145" /><ent r="3" t="202" w="351" /></phr></stem><stem n="maintain"><phr n="maintain"><ent r="6" t="14" w="495" /><ent r="3" t="140" w="542" /></phr></stem><stem n="request"><phr n="requested"><ent r="6" t="14" w="497" /><ent r="3" t="186" w="203" /><ent r="3" t="186" w="224" /></phr></stem><stem n=":aspam"><phr n=":ASPAM"><ent r="100" t="15" w="8" /><ent r="100" t="194" w="13" /></phr></stem><stem n="viewer"><phr n="Viewer"><ent r="64" t="15" w="22" /><ent r="8" t="122" w="421" /><ent r="1000" t="192" w="2" /><ent r="102" t="192" w="5" /><ent r="100" t="192" w="8" /><ent r="3" t="192" w="37" /><ent r="3" t="192" w="63" /><ent r="92" t="192" w="72" /><ent r="3" t="192" w="219" /><ent r="4" t="192" w="247" /><ent r="64" t="194" w="182" /></phr><phr n="viewer"><ent r="8" t="122" w="424" /><ent r="3" t="192" w="14" /></phr></stem><stem n="band"><phr n="Band"><ent r="64" t="16" w="21" /><ent r="4" t="26" w="308" /><ent r="4" t="26" w="313" /><ent r="68" t="89" w="238" /><ent r="5" t="89" w="451" /><ent r="1000" t="91" w="1" /><ent r="102" t="91" w="12" /><ent r="3" t="91" w="16" /><ent r="4" t="91" w="114" /><ent r="1000" t="93" w="2" /><ent r="100" t="93" w="5" /><ent r="102" t="93" w="8" /><ent r="5" t="93" w="70" /><ent r="4" t="93" w="104" /><ent r="5" t="156" w="175" /><ent r="1000" t="164" w="1" /><ent r="102" t="164" w="7" /><ent r="3" t="164" w="11" /><ent r="3" t="164" w="59" /><ent r="5" t="164" w="73" /><ent r="3" t="164" w="78" /><ent r="3" t="164" w="109" /><ent r="3" t="164" w="235" /><ent r="64" t="172" w="328" /><ent r="4" t="173" w="1945" /><ent r="1000" t="174" w="5" /><ent r="102" t="174" w="24" /><ent r="4" t="174" w="225" /><ent r="92" t="174" w="1775" /><ent r="5" t="174" w="1812" /><ent r="3" t="174" w="1817" /><ent r="3" t="174" w="1835" /><ent r="4" t="174" w="1885" /><ent r="3" t="174" w="1902" /><ent r="4" t="174" w="1915" /><ent r="4" t="174" w="1949" /><ent r="4" t="174" w="1962" /><ent r="4" t="174" w="2370" /><ent r="4" t="174" w="2412" /><ent r="4" t="174" w="2426" /><ent r="4" t="174" w="2567" /><ent r="5" t="175" w="480" /><ent r="5" t="175" w="484" /><ent r="5" t="181" w="510" /><ent r="4" t="181" w="543" /><ent r="3" t="181" w="1001" /><ent r="3" t="181" w="1028" /><ent r="3" t="181" w="1049" /><ent r="4" t="181" w="1112" /><ent r="7" t="181" w="1141" /><ent r="7" t="181" w="1177" /><ent r="3" t="181" w="1384" /><ent r="7" t="182" w="1040" /><ent r="7" t="182" w="1053" /><ent r="7" t="182" w="1063" /><ent r="7" t="182" w="1081" /><ent r="7" t="182" w="1084" /><ent r="7" t="182" w="1101" /><ent r="3" t="182" w="1110" /><ent r="3" t="182" w="1344" /><ent r="3" t="188" w="206" /><ent r="3" t="188" w="212" /><ent r="3" t="188" w="216" /><ent r="3" t="188" w="225" /><ent r="3" t="188" w="230" /><ent r="3" t="188" w="237" /><ent r="3" t="188" w="242" /><ent r="1000" t="191" w="1" /><ent r="102" t="191" w="9" /><ent r="3" t="193" w="800" /><ent r="3" t="193" w="806" /><ent r="3" t="193" w="812" /><ent r="3" t="193" w="818" /><ent r="3" t="193" w="824" /><ent r="3" t="193" w="830" /><ent r="3" t="193" w="836" /><ent r="3" t="202" w="290" /><ent r="4" t="206" w="80" /><ent r="4" t="206" w="85" /><ent r="4" t="208" w="239" /><ent r="4" t="208" w="244" /><ent r="4" t="209" w="170" /><ent r="4" t="209" w="175" /><ent r="4" t="210" w="129" /><ent r="4" t="210" w="134" /><ent r="4" t="211" w="168" /><ent r="4" t="211" w="173" /><ent r="5" t="219" w="246" /><ent r="5" t="219" w="256" /></phr><phr n="bands"><ent r="3" t="26" w="213" /><ent r="4" t="26" w="258" /><ent r="4" t="91" w="154" /><ent r="4" t="91" w="191" /><ent r="3" t="92" w="46" /><ent r="3" t="134" w="20" /><ent r="4" t="156" w="181" /><ent r="3" t="161" w="262" /><ent r="4" t="161" w="306" /><ent r="3" t="163" w="22" /><ent r="3" t="163" w="33" /><ent r="3" t="163" w="89" /><ent r="3" t="163" w="538" /><ent r="3" t="164" w="137" /><ent r="4" t="164" w="151" /><ent r="3" t="173" w="212" /><ent r="4" t="173" w="1970" /><ent r="4" t="173" w="2003" /><ent r="3" t="174" w="239" /><ent r="3" t="174" w="1827" /><ent r="4" t="175" w="94" /><ent r="4" t="175" w="436" /><ent r="4" t="175" w="441" /><ent r="3" t="175" w="499" /><ent r="4" t="175" w="1178" /><ent r="3" t="175" w="1419" /><ent r="4" t="175" w="1504" /><ent r="4" t="175" w="1515" /><ent r="3" t="175" w="1597" /><ent r="4" t="189" w="52" /><ent r="3" t="190" w="339" /><ent r="3" t="190" w="482" /><ent r="7" t="193" w="114" /><ent r="7" t="193" w="118" /><ent r="7" t="193" w="472" /><ent r="7" t="193" w="682" /><ent r="7" t="193" w="687" /><ent r="3" t="193" w="725" /><ent r="3" t="202" w="110" /><ent r="3" t="202" w="172" /><ent r="3" t="203" w="156" /><ent r="3" t="206" w="36" /><ent r="4" t="208" w="189" /><ent r="4" t="209" w="120" /><ent r="4" t="210" w="79" /><ent r="4" t="211" w="118" /></phr><phr n="Bands"><ent r="5" t="26" w="253" /><ent r="5" t="26" w="289" /><ent r="4" t="26" w="339" /><ent r="4" t="91" w="162" /><ent r="5" t="161" w="299" /><ent r="3" t="174" w="1831" /><ent r="4" t="175" w="462" /><ent r="3" t="190" w="255" /><ent r="3" t="190" w="262" /><ent r="7" t="193" w="486" /><ent r="4" t="202" w="157" /><ent r="3" t="203" w="72" /><ent r="3" t="203" w="79" /><ent r="4" t="206" w="61" /><ent r="3" t="206" w="111" /><ent r="5" t="208" w="184" /><ent r="5" t="208" w="220" /><ent r="4" t="208" w="270" /><ent r="5" t="209" w="115" /><ent r="5" t="209" w="151" /><ent r="4" t="209" w="201" /><ent r="5" t="210" w="74" /><ent r="5" t="210" w="110" /><ent r="4" t="210" w="160" /><ent r="5" t="211" w="113" /><ent r="5" t="211" w="149" /><ent r="4" t="211" w="199" /></phr><phr n="band"><ent r="3" t="44" w="300" /><ent r="3" t="44" w="336" /><ent r="3" t="44" w="341" /><ent r="3" t="76" w="160" /><ent r="3" t="76" w="182" /><ent r="3" t="86" w="89" /><ent r="5" t="89" w="314" /><ent r="6" t="89" w="392" /><ent r="5" t="89" w="458" /><ent r="100" t="91" w="8" /><ent r="3" t="91" w="31" /><ent r="4" t="91" w="178" /><ent r="3" t="93" w="17" /><ent r="4" t="93" w="109" /><ent r="3" t="93" w="129" /><ent r="3" t="98" w="65" /><ent r="4" t="148" w="321" /><ent r="4" t="148" w="363" /><ent r="4" t="148" w="744" /><ent r="4" t="148" w="786" /><ent r="4" t="154" w="73" /><ent r="4" t="156" w="189" /><ent r="4" t="156" w="227" /><ent r="4" t="161" w="314" /><ent r="4" t="161" w="348" /><ent r="3" t="163" w="122" /><ent r="100" t="164" w="4" /><ent r="3" t="164" w="22" /><ent r="3" t="164" w="163" /><ent r="3" t="164" w="178" /><ent r="3" t="164" w="265" /><ent r="4" t="166" w="130" /><ent r="4" t="173" w="1106" /><ent r="3" t="173" w="1203" /><ent r="3" t="173" w="1232" /><ent r="3" t="173" w="1252" /><ent r="3" t="173" w="1268" /><ent r="3" t="173" w="1333" /><ent r="3" t="173" w="1361" /><ent r="3" t="173" w="1372" /><ent r="3" t="173" w="1384" /><ent r="4" t="173" w="1601" /><ent r="3" t="173" w="1803" /><ent r="4" t="173" w="1925" /><ent r="4" t="173" w="1987" /><ent r="100" t="174" w="8" /><ent r="3" t="174" w="64" /><ent r="4" t="174" w="109" /><ent r="3" t="174" w="249" /><ent r="3" t="174" w="255" /><ent r="3" t="174" w="2061" /><ent r="3" t="174" w="2077" /><ent r="4" t="174" w="2528" /><ent r="4" t="174" w="2540" /><ent r="3" t="174" w="2955" /><ent r="3" t="175" w="1540" /><ent r="3" t="175" w="1549" /><ent r="3" t="175" w="1559" /><ent r="3" t="178" w="688" /><ent r="3" t="178" w="694" /><ent r="3" t="178" w="699" /><ent r="3" t="188" w="136" /><ent r="4" t="189" w="54" /><ent r="4" t="189" w="66" /><ent r="4" t="189" w="73" /><ent r="4" t="189" w="85" /><ent r="4" t="189" w="93" /><ent r="4" t="189" w="146" /><ent r="4" t="189" w="158" /><ent r="4" t="189" w="165" /><ent r="4" t="189" w="177" /><ent r="4" t="189" w="185" /><ent r="100" t="191" w="5" /><ent r="7" t="193" w="101" /><ent r="7" t="193" w="112" /><ent r="7" t="193" w="305" /><ent r="7" t="193" w="308" /><ent r="7" t="193" w="314" /><ent r="7" t="193" w="478" /><ent r="7" t="193" w="599" /><ent r="7" t="193" w="609" /><ent r="7" t="193" w="623" /><ent r="7" t="193" w="649" /><ent r="7" t="193" w="669" /><ent r="7" t="193" w="674" /><ent r="3" t="193" w="796" /><ent r="3" t="202" w="304" /><ent r="5" t="219" w="266" /><ent r="5" t="219" w="276" /><ent r="5" t="219" w="296" /><ent r="5" t="219" w="316" /></phr></stem></index>