﻿<?xml version="1.0" encoding="utf-8"?><index><stem n="freeli"><phr n="freely"><ent r="6" t="7" w="221" /><ent r="7" t="39" w="168" /></phr></stem><stem n="georeferenc"><phr n="georeferenced"><ent r="5" t="7" w="239" /><ent r="64" t="13" w="35" /><ent r="65" t="26" w="530" /><ent r="4" t="26" w="555" /><ent r="4" t="28" w="233" /><ent r="3" t="42" w="23" /><ent r="3" t="66" w="49" /><ent r="3" t="66" w="59" /><ent r="3" t="73" w="83" /><ent r="3" t="108" w="79" /><ent r="3" t="108" w="113" /><ent r="6" t="109" w="19" /><ent r="4" t="169" w="159" /><ent r="3" t="178" w="163" /><ent r="3" t="178" w="212" /><ent r="4" t="178" w="1060" /><ent r="4" t="178" w="2304" /><ent r="4" t="178" w="2313" /><ent r="3" t="180" w="1295" /><ent r="4" t="181" w="678" /><ent r="5" t="188" w="234" /><ent r="5" t="188" w="249" /><ent r="7" t="197" w="573" /></phr><phr n="georeferencing"><ent r="64" t="49" w="81" /><ent r="3" t="108" w="187" /><ent r="3" t="108" w="323" /><ent r="7" t="123" w="392" /><ent r="7" t="123" w="400" /><ent r="3" t="162" w="40" /><ent r="3" t="169" w="104" /><ent r="4" t="169" w="148" /><ent r="4" t="169" w="155" /><ent r="3" t="170" w="242" /><ent r="3" t="178" w="54" /><ent r="3" t="178" w="182" /><ent r="3" t="178" w="189" /><ent r="3" t="178" w="842" /><ent r="4" t="178" w="917" /><ent r="3" t="178" w="2066" /><ent r="3" t="178" w="2073" /><ent r="3" t="178" w="2952" /><ent r="3" t="180" w="695" /><ent r="3" t="180" w="705" /><ent r="3" t="180" w="710" /><ent r="4" t="181" w="664" /><ent r="3" t="181" w="735" /><ent r="4" t="182" w="718" /><ent r="100" t="235" w="14" /></phr><phr n="Georeferencing"><ent r="64" t="178" w="902" /><ent r="4" t="178" w="912" /><ent r="65" t="178" w="1046" /><ent r="4" t="178" w="1604" /><ent r="1000" t="235" w="3" /><ent r="102" t="235" w="7" /><ent r="93" t="235" w="11" /></phr></stem><stem n="so"><phr n="so"><ent r="5" t="7" w="241" /><ent r="4" t="40" w="193" /><ent r="3" t="42" w="25" /><ent r="4" t="42" w="57" /><ent r="3" t="48" w="184" /><ent r="4" t="48" w="217" /><ent r="4" t="58" w="208" /><ent r="4" t="72" w="70" /><ent r="4" t="79" w="84" /><ent r="5" t="90" w="283" /><ent r="4" t="106" w="268" /><ent r="5" t="114" w="202" /><ent r="3" t="123" w="943" /><ent r="3" t="164" w="84" /><ent r="3" t="166" w="657" /><ent r="3" t="174" w="52" /><ent r="3" t="175" w="134" /><ent r="3" t="177" w="280" /><ent r="4" t="177" w="2078" /><ent r="3" t="178" w="339" /><ent r="3" t="178" w="2025" /><ent r="4" t="178" w="2191" /><ent r="4" t="178" w="2603" /><ent r="4" t="178" w="2752" /><ent r="3" t="178" w="2872" /><ent r="4" t="180" w="452" /><ent r="4" t="180" w="892" /><ent r="3" t="182" w="764" /><ent r="4" t="183" w="474" /><ent r="3" t="185" w="1298" /><ent r="4" t="186" w="610" /><ent r="4" t="186" w="754" /><ent r="3" t="186" w="1227" /><ent r="6" t="186" w="1401" /><ent r="3" t="190" w="65" /><ent r="4" t="206" w="496" /><ent r="3" t="235" w="431" /><ent r="7" t="239" w="131" /></phr><phr n="So"><ent r="3" t="176" w="149" /><ent r="3" t="185" w="1037" /><ent r="3" t="230" w="37" /><ent r="3" t="230" w="68" /></phr></stem><stem n="north"><phr n="north"><ent r="5" t="7" w="248" /><ent r="3" t="42" w="34" /><ent r="4" t="42" w="64" /><ent r="5" t="188" w="226" /></phr><phr n="North"><ent r="66" t="7" w="250" /><ent r="1000" t="42" w="1" /><ent r="102" t="42" w="4" /><ent r="100" t="42" w="7" /><ent r="3" t="42" w="11" /><ent r="4" t="42" w="43" /><ent r="7" t="197" w="452" /><ent r="3" t="197" w="767" /><ent r="6" t="227" w="157" /><ent r="6" t="227" w="209" /><ent r="6" t="227" w="381" /><ent r="6" t="227" w="497" /><ent r="6" t="227" w="538" /><ent r="6" t="227" w="544" /><ent r="6" t="227" w="578" /></phr><phr n="northing"><ent r="7" t="197" w="443" /></phr></stem><stem n="base"><phr n="based"><ent r="5" t="7" w="257" /><ent r="3" t="43" w="16" /><ent r="4" t="49" w="206" /><ent r="3" t="72" w="25" /><ent r="3" t="81" w="264" /><ent r="3" t="81" w="478" /><ent r="4" t="81" w="668" /><ent r="4" t="107" w="375" /><ent r="3" t="108" w="20" /><ent r="3" t="113" w="282" /><ent r="3" t="113" w="401" /><ent r="3" t="127" w="252" /><ent r="3" t="130" w="64" /><ent r="3" t="138" w="61" /><ent r="3" t="138" w="122" /><ent r="3" t="141" w="22" /><ent r="3" t="152" w="283" /><ent r="3" t="162" w="266" /><ent r="3" t="164" w="46" /><ent r="3" t="166" w="82" /><ent r="4" t="177" w="904" /><ent r="3" t="178" w="146" /><ent r="4" t="178" w="2297" /><ent r="3" t="181" w="185" /><ent r="3" t="182" w="175" /><ent r="4" t="183" w="84" /><ent r="3" t="183" w="342" /><ent r="3" t="183" w="356" /><ent r="6" t="189" w="45" /><ent r="3" t="190" w="72" /><ent r="3" t="193" w="609" /><ent r="4" t="193" w="753" /><ent r="3" t="206" w="173" /><ent r="3" t="215" w="231" /><ent r="3" t="235" w="394" /></phr><phr n="Based"><ent r="4" t="20" w="104" /></phr><phr n="Base"><ent r="4" t="182" w="1048" /></phr></stem><stem n="angl"><phr n="angle"><ent r="5" t="7" w="260" /><ent r="3" t="43" w="19" /><ent r="3" t="43" w="28" /><ent r="4" t="43" w="38" /><ent r="3" t="43" w="128" /><ent r="6" t="227" w="515" /><ent r="6" t="227" w="635" /></phr><phr n="angles"><ent r="4" t="145" w="207" /><ent r="3" t="169" w="59" /><ent r="3" t="180" w="132" /></phr></stem><stem n="raster"><phr n="raster"><ent r="5" t="7" w="264" /><ent r="4" t="28" w="217" /><ent r="100" t="30" w="13" /><ent r="3" t="30" w="23" /><ent r="3" t="30" w="78" /><ent r="3" t="43" w="23" /><ent r="4" t="44" w="166" /><ent r="3" t="44" w="188" /><ent r="4" t="53" w="140" /><ent r="5" t="90" w="298" /><ent r="6" t="90" w="330" /><ent r="5" t="90" w="429" /><ent r="5" t="91" w="143" /><ent r="3" t="95" w="26" /><ent r="4" t="95" w="142" /><ent r="3" t="135" w="154" /><ent r="3" t="135" w="170" /><ent r="3" t="135" w="176" /><ent r="100" t="151" w="9" /><ent r="3" t="151" w="25" /><ent r="5" t="151" w="391" /><ent r="5" t="151" w="683" /><ent r="5" t="151" w="814" /><ent r="5" t="151" w="1106" /><ent r="3" t="155" w="193" /><ent r="3" t="155" w="353" /><ent r="5" t="159" w="551" /><ent r="3" t="164" w="26" /><ent r="3" t="164" w="56" /><ent r="5" t="164" w="278" /><ent r="5" t="164" w="672" /><ent r="3" t="172" w="26" /><ent r="3" t="172" w="43" /><ent r="3" t="172" w="52" /><ent r="3" t="172" w="109" /><ent r="64" t="173" w="26" /><ent r="3" t="193" w="60" /><ent r="3" t="193" w="181" /><ent r="4" t="193" w="421" /><ent r="3" t="207" w="50" /></phr><phr n="Raster"><ent r="1000" t="30" w="3" /><ent r="102" t="30" w="8" /><ent r="5" t="44" w="329" /><ent r="3" t="87" w="120" /><ent r="64" t="135" w="181" /><ent r="64" t="135" w="184" /><ent r="64" t="144" w="50" /><ent r="1000" t="151" w="1" /><ent r="102" t="151" w="5" /><ent r="3" t="151" w="15" /><ent r="4" t="151" w="67" /><ent r="5" t="151" w="118" /><ent r="1000" t="164" w="1" /><ent r="1000" t="164" w="4" /><ent r="100" t="164" w="9" /><ent r="100" t="164" w="14" /><ent r="102" t="164" w="17" /><ent r="102" t="164" w="20" /><ent r="100" t="164" w="69" /><ent r="100" t="164" w="75" /><ent r="3" t="164" w="104" /><ent r="3" t="185" w="1019" /><ent r="3" t="186" w="1117" /></phr></stem><stem n="metadata"><phr n="metadata"><ent r="5" t="7" w="266" /><ent r="4" t="20" w="369" /><ent r="4" t="23" w="86" /><ent r="3" t="23" w="106" /><ent r="3" t="23" w="135" /><ent r="4" t="25" w="129" /><ent r="4" t="26" w="576" /><ent r="3" t="43" w="25" /><ent r="4" t="43" w="95" /><ent r="3" t="67" w="50" /><ent r="3" t="68" w="32" /><ent r="3" t="68" w="53" /><ent r="4" t="68" w="63" /><ent r="3" t="68" w="164" /><ent r="3" t="100" w="43" /><ent r="3" t="155" w="32" /><ent r="3" t="155" w="51" /><ent r="3" t="155" w="63" /><ent r="3" t="155" w="282" /><ent r="3" t="155" w="298" /><ent r="3" t="155" w="301" /><ent r="3" t="178" w="805" /><ent r="3" t="183" w="351" /><ent r="3" t="209" w="15" /><ent r="3" t="209" w="31" /><ent r="3" t="209" w="40" /><ent r="3" t="209" w="42" /><ent r="100" t="228" w="9" /><ent r="3" t="228" w="27" /><ent r="4" t="228" w="128" /><ent r="4" t="228" w="162" /><ent r="4" t="228" w="221" /><ent r="3" t="228" w="244" /><ent r="4" t="228" w="287" /><ent r="3" t="228" w="299" /><ent r="3" t="228" w="317" /><ent r="64" t="229" w="17" /><ent r="3" t="229" w="57" /></phr><phr n="Metadata"><ent r="5" t="20" w="510" /><ent r="3" t="23" w="121" /><ent r="64" t="23" w="140" /><ent r="64" t="23" w="145" /><ent r="5" t="25" w="216" /><ent r="5" t="26" w="570" /><ent r="65" t="31" w="81" /><ent r="5" t="43" w="71" /><ent r="4" t="43" w="108" /><ent r="92" t="68" w="42" /><ent r="3" t="68" w="45" /><ent r="3" t="155" w="121" /><ent r="92" t="155" w="274" /><ent r="3" t="155" w="278" /><ent r="64" t="155" w="316" /><ent r="3" t="155" w="474" /><ent r="64" t="155" w="503" /><ent r="3" t="192" w="301" /><ent r="3" t="192" w="305" /><ent r="64" t="206" w="741" /><ent r="64" t="208" w="47" /><ent r="1000" t="209" w="1" /><ent r="102" t="209" w="4" /><ent r="100" t="209" w="7" /><ent r="3" t="209" w="11" /><ent r="64" t="209" w="48" /><ent r="64" t="210" w="133" /><ent r="1000" t="228" w="3" /><ent r="102" t="228" w="7" /><ent r="92" t="228" w="36" /><ent r="4" t="228" w="41" /><ent r="4" t="228" w="48" /><ent r="3" t="228" w="113" /><ent r="92" t="228" w="171" /><ent r="4" t="228" w="176" /><ent r="3" t="228" w="212" /><ent r="64" t="228" w="248" /><ent r="92" t="228" w="253" /><ent r="4" t="228" w="258" /><ent r="92" t="228" w="310" /><ent r="4" t="228" w="326" /><ent r="1000" t="229" w="1" /><ent r="102" t="229" w="4" /><ent r="3" t="229" w="32" /></phr></stem><stem n="reset"><phr n="Resets"><ent r="6" t="7" w="271" /><ent r="5" t="7" w="292" /><ent r="7" t="39" w="183" /></phr><phr n="Reset"><ent r="66" t="7" w="300" /><ent r="7" t="39" w="181" /><ent r="64" t="89" w="284" /><ent r="5" t="90" w="398" /><ent r="66" t="90" w="418" /><ent r="4" t="140" w="296" /><ent r="4" t="140" w="497" /><ent r="4" t="140" w="518" /><ent r="5" t="141" w="434" /><ent r="4" t="167" w="163" /><ent r="4" t="177" w="1061" /><ent r="3" t="177" w="2009" /><ent r="5" t="223" w="231" /><ent r="1000" t="234" w="1" /><ent r="102" t="234" w="4" /><ent r="4" t="234" w="31" /><ent r="5" t="234" w="49" /><ent r="4" t="234" w="79" /><ent r="3" t="234" w="96" /></phr><phr n="reset"><ent r="3" t="47" w="143" /><ent r="4" t="47" w="172" /><ent r="5" t="90" w="411" /><ent r="3" t="141" w="411" /><ent r="4" t="177" w="66" /><ent r="4" t="177" w="1065" /><ent r="4" t="177" w="1718" /><ent r="3" t="177" w="2017" /><ent r="100" t="234" w="7" /><ent r="100" t="234" w="11" /><ent r="3" t="234" w="24" /><ent r="4" t="234" w="59" /><ent r="3" t="234" w="72" /><ent r="4" t="234" w="84" /><ent r="3" t="234" w="89" /><ent r="3" t="234" w="119" /></phr><phr n="Resetting"><ent r="92" t="140" w="459" /><ent r="3" t="140" w="463" /></phr><phr n="resetting"><ent r="3" t="140" w="650" /></phr></stem><stem n="origin"><phr n="original"><ent r="6" t="7" w="277" /><ent r="7" t="39" w="189" /><ent r="3" t="49" w="84" /><ent r="3" t="85" w="220" /><ent r="7" t="90" w="217" /><ent r="5" t="90" w="416" /><ent r="3" t="166" w="110" /><ent r="3" t="166" w="121" /><ent r="3" t="166" w="136" /><ent r="3" t="166" w="889" /><ent r="3" t="166" w="897" /><ent r="3" t="168" w="249" /><ent r="3" t="177" w="265" /><ent r="4" t="177" w="1070" /><ent r="4" t="184" w="703" /><ent r="3" t="185" w="970" /><ent r="3" t="186" w="848" /><ent r="5" t="221" w="154" /><ent r="5" t="223" w="235" /><ent r="3" t="234" w="29" /><ent r="3" t="234" w="127" /><ent r="3" t="235" w="458" /></phr><phr n="origin"><ent r="3" t="106" w="433" /><ent r="3" t="156" w="220" /><ent r="3" t="156" w="223" /></phr><phr n="Origin"><ent r="5" t="106" w="459" /><ent r="4" t="154" w="202" /></phr><phr n="originally"><ent r="4" t="166" w="573" /><ent r="3" t="169" w="85" /></phr><phr n="Original"><ent r="3" t="177" w="274" /></phr></stem><stem n="orient"><phr n="orientation"><ent r="6" t="7" w="278" /><ent r="7" t="39" w="190" /><ent r="3" t="72" w="21" /><ent r="4" t="177" w="1073" /><ent r="5" t="223" w="236" /></phr><phr n="Orientation"><ent r="5" t="134" w="74" /></phr><phr n="oriented"><ent r="6" t="227" w="542" /></phr></stem><stem n="rgb"><phr n="RGB"><ent r="6" t="7" w="287" /><ent r="5" t="90" w="302" /><ent r="3" t="135" w="160" /><ent r="4" t="151" w="140" /><ent r="92" t="151" w="281" /><ent r="6" t="151" w="292" /><ent r="4" t="151" w="367" /><ent r="4" t="151" w="790" /><ent r="4" t="159" w="139" /><ent r="92" t="159" w="160" /><ent r="4" t="164" w="206" /><ent r="92" t="164" w="246" /><ent r="3" t="164" w="251" /><ent r="3" t="164" w="261" /><ent r="3" t="177" w="216" /><ent r="4" t="177" w="1131" /><ent r="3" t="177" w="1217" /><ent r="4" t="177" w="1978" /><ent r="5" t="177" w="1991" /><ent r="4" t="177" w="2002" /><ent r="4" t="179" w="1507" /><ent r="3" t="179" w="1535" /><ent r="5" t="223" w="305" /></phr></stem><stem n="grayscal"><phr n="grayscale"><ent r="6" t="7" w="289" /><ent r="6" t="90" w="343" /><ent r="3" t="95" w="39" /><ent r="5" t="95" w="63" /><ent r="5" t="95" w="187" /><ent r="3" t="96" w="34" /><ent r="5" t="96" w="64" /><ent r="3" t="135" w="27" /><ent r="4" t="151" w="143" /><ent r="6" t="151" w="715" /><ent r="4" t="159" w="137" /><ent r="4" t="164" w="204" /><ent r="3" t="164" w="259" /><ent r="3" t="177" w="1239" /><ent r="3" t="177" w="1251" /><ent r="3" t="177" w="1383" /><ent r="4" t="177" w="1954" /><ent r="5" t="223" w="285" /></phr><phr n="Grayscale"><ent r="92" t="151" w="704" /><ent r="92" t="159" w="158" /><ent r="92" t="164" w="244" /><ent r="3" t="164" w="249" /><ent r="5" t="223" w="245" /><ent r="5" t="223" w="255" /></phr></stem><stem n="stretch"><phr n="stretch"><ent r="5" t="7" w="294" /><ent r="3" t="87" w="139" /><ent r="3" t="87" w="161" /><ent r="100" t="89" w="6" /><ent r="100" t="89" w="9" /><ent r="3" t="89" w="32" /><ent r="3" t="89" w="65" /><ent r="3" t="89" w="84" /><ent r="4" t="89" w="110" /><ent r="3" t="89" w="149" /><ent r="4" t="89" w="169" /><ent r="5" t="89" w="175" /><ent r="5" t="89" w="184" /><ent r="5" t="89" w="206" /><ent r="5" t="89" w="237" /><ent r="5" t="89" w="264" /><ent r="3" t="89" w="271" /><ent r="7" t="90" w="358" /><ent r="6" t="90" w="373" /><ent r="6" t="90" w="384" /><ent r="5" t="90" w="404" /><ent r="5" t="90" w="413" /><ent r="5" t="91" w="155" /><ent r="4" t="95" w="157" /><ent r="3" t="108" w="139" /><ent r="4" t="151" w="141" /><ent r="4" t="151" w="144" /><ent r="6" t="151" w="289" /><ent r="4" t="151" w="301" /><ent r="4" t="151" w="309" /><ent r="4" t="151" w="330" /><ent r="4" t="151" w="343" /><ent r="4" t="151" w="346" /><ent r="4" t="151" w="357" /><ent r="5" t="151" w="408" /><ent r="5" t="151" w="423" /><ent r="5" t="151" w="448" /><ent r="5" t="151" w="464" /><ent r="5" t="151" w="512" /><ent r="5" t="151" w="538" /><ent r="5" t="151" w="552" /><ent r="4" t="151" w="569" /><ent r="5" t="151" w="581" /><ent r="5" t="151" w="587" /><ent r="5" t="151" w="619" /><ent r="5" t="151" w="652" /><ent r="5" t="151" w="690" /><ent r="6" t="151" w="712" /><ent r="4" t="151" w="724" /><ent r="4" t="151" w="732" /><ent r="4" t="151" w="753" /><ent r="4" t="151" w="766" /><ent r="4" t="151" w="769" /><ent r="4" t="151" w="780" /><ent r="5" t="151" w="831" /><ent r="5" t="151" w="846" /><ent r="5" t="151" w="871" /><ent r="5" t="151" w="887" /><ent r="5" t="151" w="935" /><ent r="5" t="151" w="961" /><ent r="5" t="151" w="975" /><ent r="4" t="151" w="992" /><ent r="5" t="151" w="1004" /><ent r="5" t="151" w="1010" /><ent r="5" t="151" w="1042" /><ent r="5" t="151" w="1075" /><ent r="5" t="151" w="1113" /><ent r="4" t="152" w="401" /><ent r="4" t="152" w="426" /><ent r="4" t="152" w="442" /><ent r="4" t="159" w="201" /><ent r="4" t="159" w="209" /><ent r="4" t="159" w="233" /><ent r="4" t="159" w="244" /><ent r="5" t="159" w="281" /><ent r="5" t="159" w="296" /><ent r="5" t="159" w="321" /><ent r="5" t="159" w="337" /><ent r="5" t="159" w="385" /><ent r="5" t="159" w="411" /><ent r="5" t="159" w="425" /><ent r="4" t="159" w="443" /><ent r="5" t="159" w="449" /><ent r="5" t="159" w="455" /><ent r="5" t="159" w="487" /><ent r="5" t="159" w="517" /><ent r="5" t="159" w="558" /><ent r="4" t="164" w="326" /><ent r="4" t="164" w="334" /><ent r="4" t="164" w="354" /><ent r="4" t="164" w="365" /><ent r="5" t="164" w="402" /><ent r="5" t="164" w="417" /><ent r="5" t="164" w="442" /><ent r="5" t="164" w="458" /><ent r="5" t="164" w="506" /><ent r="5" t="164" w="532" /><ent r="5" t="164" w="546" /><ent r="4" t="164" w="564" /><ent r="5" t="164" w="570" /><ent r="5" t="164" w="576" /><ent r="5" t="164" w="608" /><ent r="5" t="164" w="638" /><ent r="5" t="164" w="679" /><ent r="7" t="197" w="577" /><ent r="7" t="197" w="583" /><ent r="3" t="197" w="791" /><ent r="100" t="233" w="7" /><ent r="3" t="233" w="11" /><ent r="4" t="233" w="44" /><ent r="4" t="233" w="59" /><ent r="4" t="233" w="84" /><ent r="4" t="233" w="100" /><ent r="4" t="233" w="148" /><ent r="4" t="233" w="174" /><ent r="4" t="233" w="188" /><ent r="100" t="234" w="8" /><ent r="100" t="234" w="10" /><ent r="3" t="234" w="17" /><ent r="3" t="234" w="26" /><ent r="3" t="234" w="74" /><ent r="3" t="235" w="43" /></phr><phr n="Stretch"><ent r="66" t="7" w="301" /><ent r="64" t="87" w="196" /><ent r="1000" t="89" w="1" /><ent r="102" t="89" w="12" /><ent r="5" t="89" w="129" /><ent r="4" t="89" w="159" /><ent r="64" t="89" w="285" /><ent r="7" t="90" w="350" /><ent r="68" t="90" w="366" /><ent r="7" t="90" w="369" /><ent r="6" t="90" w="387" /><ent r="67" t="90" w="394" /><ent r="5" t="90" w="397" /><ent r="66" t="90" w="419" /><ent r="92" t="151" w="282" /><ent r="4" t="151" w="360" /><ent r="92" t="151" w="705" /><ent r="4" t="151" w="783" /><ent r="5" t="159" w="197" /><ent r="5" t="159" w="229" /><ent r="5" t="159" w="432" /><ent r="5" t="164" w="322" /><ent r="5" t="164" w="350" /><ent r="5" t="164" w="553" /><ent r="1000" t="233" w="1" /><ent r="102" t="233" w="4" /><ent r="1000" t="234" w="2" /><ent r="102" t="234" w="5" /><ent r="5" t="234" w="50" /><ent r="64" t="234" w="132" /></phr><phr n="stretched"><ent r="3" t="164" w="91" /></phr></stem><stem n="refresh"><phr n="Refreshes"><ent r="7" t="7" w="303" /></phr><phr n="refreshes"><ent r="3" t="36" w="21" /><ent r="4" t="36" w="68" /><ent r="4" t="36" w="79" /></phr><phr n="refresh"><ent r="3" t="119" w="42" /></phr><phr n="Refresh"><ent r="5" t="223" w="205" /></phr></stem><stem n="r"><phr n="R"><ent r="7" t="7" w="311" /><ent r="5" t="90" w="443" /><ent r="5" t="164" w="292" /><ent r="7" t="197" w="492" /><ent r="5" t="223" w="210" /><ent r="5" t="223" w="318" /><ent r="5" t="238" w="127" /></phr></stem><stem n="forc"><phr n="Forces"><ent r="6" t="7" w="314" /></phr><phr n="forces"><ent r="3" t="46" w="89" /><ent r="4" t="206" w="365" /><ent r="4" t="206" w="463" /><ent r="4" t="206" w="538" /></phr><phr n="forced"><ent r="3" t="120" w="141" /><ent r="3" t="123" w="858" /><ent r="3" t="127" w="131" /></phr></stem><stem n="fulli"><phr n="fully"><ent r="6" t="7" w="317" /><ent r="3" t="46" w="92" /><ent r="4" t="106" w="273" /><ent r="3" t="185" w="107" /></phr></stem><stem n="render"><phr n="render"><ent r="6" t="7" w="318" /><ent r="3" t="46" w="93" /><ent r="3" t="107" w="310" /></phr><phr n="renders"><ent r="3" t="46" w="45" /></phr><phr n="rendering"><ent r="3" t="206" w="308" /></phr></stem><stem n="full"><phr n="full"><ent r="6" t="7" w="322" /><ent r="3" t="19" w="81" /><ent r="3" t="46" w="97" /><ent r="3" t="49" w="302" /><ent r="4" t="70" w="181" /><ent r="3" t="135" w="161" /><ent r="4" t="166" w="608" /><ent r="3" t="168" w="28" /><ent r="3" t="177" w="713" /><ent r="4" t="178" w="1366" /><ent r="4" t="186" w="1436" /><ent r="7" t="197" w="642" /></phr><phr n="Full"><ent r="67" t="7" w="326" /><ent r="1000" t="46" w="2" /><ent r="102" t="46" w="6" /><ent r="3" t="46" w="60" /><ent r="4" t="46" w="84" /><ent r="5" t="70" w="191" /><ent r="64" t="107" w="322" /><ent r="4" t="183" w="91" /><ent r="3" t="191" w="59" /><ent r="3" t="193" w="370" /><ent r="3" t="193" w="600" /><ent r="3" t="207" w="187" /></phr></stem><stem n="resolut"><phr n="resolution"><ent r="6" t="7" w="323" /><ent r="4" t="40" w="157" /><ent r="3" t="46" w="98" /><ent r="3" t="106" w="331" /><ent r="3" t="143" w="138" /><ent r="3" t="143" w="241" /><ent r="3" t="143" w="445" /><ent r="3" t="143" w="609" /><ent r="3" t="166" w="27" /><ent r="4" t="170" w="70" /><ent r="4" t="170" w="84" /><ent r="4" t="170" w="112" /><ent r="3" t="180" w="573" /><ent r="3" t="180" w="587" /><ent r="3" t="180" w="615" /><ent r="3" t="180" w="624" /><ent r="3" t="180" w="631" /><ent r="3" t="180" w="1314" /><ent r="3" t="181" w="1093" /><ent r="3" t="217" w="40" /><ent r="3" t="219" w="45" /><ent r="3" t="235" w="489" /><ent r="3" t="235" w="511" /></phr><phr n="Resolution"><ent r="4" t="93" w="136" /><ent r="4" t="106" w="320" /><ent r="4" t="143" w="126" /><ent r="3" t="143" w="153" /><ent r="4" t="143" w="229" /><ent r="3" t="143" w="256" /><ent r="4" t="143" w="433" /><ent r="3" t="143" w="460" /><ent r="4" t="143" w="597" /><ent r="3" t="143" w="624" /><ent r="92" t="217" w="21" /><ent r="4" t="217" w="28" /><ent r="3" t="217" w="55" /><ent r="92" t="219" w="26" /><ent r="4" t="219" w="33" /><ent r="3" t="219" w="60" /></phr></stem><stem n=":aoi"><phr n=":AOI"><ent r="100" t="8" w="8" /><ent r="100" t="58" w="4" /><ent r="100" t="58" w="7" /><ent r="100" t="62" w="10" /><ent r="100" t="146" w="14" /></phr></stem><stem n="new"><phr n="New"><ent r="64" t="8" w="38" /><ent r="64" t="11" w="37" /><ent r="4" t="44" w="489" /><ent r="5" t="44" w="497" /><ent r="64" t="53" w="195" /><ent r="64" t="54" w="99" /><ent r="1000" t="55" w="3" /><ent r="102" t="55" w="8" /><ent r="5" t="55" w="62" /><ent r="4" t="55" w="67" /><ent r="5" t="58" w="178" /><ent r="64" t="63" w="85" /><ent r="4" t="65" w="47" /><ent r="4" t="67" w="79" /><ent r="5" t="70" w="161" /><ent r="5" t="72" w="57" /><ent r="5" t="74" w="137" /><ent r="64" t="76" w="139" /><ent r="64" t="77" w="410" /><ent r="64" t="78" w="170" /><ent r="1000" t="79" w="3" /><ent r="102" t="79" w="8" /><ent r="5" t="79" w="59" /><ent r="64" t="80" w="253" /><ent r="64" t="128" w="113" /><ent r="1000" t="129" w="3" /><ent r="102" t="129" w="14" /><ent r="3" t="129" w="19" /><ent r="4" t="129" w="48" /><ent r="64" t="130" w="108" /><ent r="64" t="132" w="95" /><ent r="3" t="168" w="31" /><ent r="5" t="178" w="1260" /><ent r="5" t="178" w="2547" /><ent r="4" t="178" w="2574" /><ent r="4" t="178" w="2660" /><ent r="5" t="179" w="701" /><ent r="5" t="179" w="867" /><ent r="5" t="180" w="1117" /><ent r="5" t="182" w="842" /><ent r="5" t="184" w="568" /><ent r="3" t="184" w="580" /><ent r="92" t="184" w="826" /><ent r="5" t="184" w="882" /><ent r="3" t="184" w="1010" /><ent r="4" t="184" w="1142" /><ent r="3" t="184" w="1157" /><ent r="3" t="184" w="1183" /><ent r="3" t="188" w="18" /><ent r="3" t="192" w="290" /><ent r="4" t="196" w="369" /><ent r="93" t="235" w="143" /><ent r="7" t="237" w="73" /></phr><phr n="new"><ent r="7" t="8" w="123" /><ent r="7" t="8" w="139" /><ent r="7" t="11" w="185" /><ent r="5" t="13" w="69" /><ent r="4" t="25" w="56" /><ent r="3" t="26" w="54" /><ent r="4" t="26" w="171" /><ent r="4" t="29" w="88" /><ent r="3" t="44" w="39" /><ent r="4" t="44" w="449" /><ent r="4" t="44" w="465" /><ent r="82" t="44" w="471" /><ent r="4" t="44" w="485" /><ent r="4" t="44" w="507" /><ent r="4" t="44" w="549" /><ent r="3" t="44" w="559" /><ent r="3" t="47" w="93" /><ent r="3" t="49" w="43" /><ent r="3" t="49" w="88" /><ent r="4" t="49" w="247" /><ent r="4" t="53" w="90" /><ent r="4" t="53" w="116" /><ent r="100" t="55" w="12" /><ent r="100" t="55" w="17" /><ent r="3" t="55" w="22" /><ent r="4" t="55" w="87" /><ent r="3" t="55" w="110" /><ent r="4" t="58" w="192" /><ent r="4" t="58" w="219" /><ent r="7" t="59" w="106" /><ent r="7" t="59" w="169" /><ent r="4" t="60" w="146" /><ent r="4" t="61" w="52" /><ent r="4" t="62" w="186" /><ent r="3" t="62" w="203" /><ent r="4" t="65" w="135" /><ent r="4" t="65" w="173" /><ent r="4" t="65" w="234" /><ent r="4" t="65" w="276" /><ent r="4" t="66" w="118" /><ent r="4" t="67" w="158" /><ent r="4" t="67" w="241" /><ent r="4" t="70" w="155" /><ent r="3" t="74" w="131" /><ent r="4" t="74" w="142" /><ent r="64" t="78" w="135" /><ent r="100" t="79" w="12" /><ent r="100" t="79" w="17" /><ent r="100" t="79" w="19" /><ent r="3" t="79" w="34" /><ent r="4" t="79" w="40" /><ent r="3" t="81" w="155" /><ent r="3" t="81" w="160" /><ent r="3" t="81" w="335" /><ent r="3" t="83" w="33" /><ent r="4" t="83" w="215" /><ent r="3" t="83" w="255" /><ent r="4" t="83" w="269" /><ent r="4" t="83" w="282" /><ent r="4" t="89" w="109" /><ent r="3" t="96" w="18" /><ent r="3" t="108" w="196" /><ent r="3" t="108" w="232" /><ent r="4" t="108" w="435" /><ent r="3" t="108" w="474" /><ent r="7" t="114" w="25" /><ent r="4" t="118" w="67" /><ent r="3" t="119" w="33" /><ent r="3" t="121" w="175" /><ent r="3" t="121" w="476" /><ent r="3" t="129" w="23" /><ent r="3" t="129" w="52" /><ent r="3" t="129" w="86" /><ent r="3" t="130" w="20" /><ent r="3" t="130" w="54" /><ent r="4" t="141" w="392" /><ent r="4" t="141" w="480" /><ent r="4" t="141" w="490" /><ent r="4" t="141" w="525" /><ent r="4" t="141" w="535" /><ent r="5" t="142" w="207" /><ent r="4" t="142" w="278" /><ent r="3" t="144" w="21" /><ent r="3" t="146" w="173" /><ent r="3" t="147" w="175" /><ent r="3" t="151" w="1157" /><ent r="3" t="152" w="212" /><ent r="4" t="153" w="152" /><ent r="3" t="153" w="186" /><ent r="5" t="155" w="126" /><ent r="3" t="155" w="144" /><ent r="4" t="156" w="161" /><ent r="3" t="156" w="178" /><ent r="5" t="157" w="165" /><ent r="3" t="157" w="182" /><ent r="6" t="158" w="63" /><ent r="3" t="158" w="81" /><ent r="4" t="159" w="82" /><ent r="3" t="159" w="99" /><ent r="4" t="160" w="237" /><ent r="3" t="160" w="254" /><ent r="3" t="161" w="166" /><ent r="3" t="161" w="183" /><ent r="4" t="162" w="100" /><ent r="3" t="162" w="117" /><ent r="3" t="163" w="127" /><ent r="4" t="163" w="196" /><ent r="3" t="163" w="213" /><ent r="4" t="164" w="149" /><ent r="3" t="164" w="166" /><ent r="3" t="164" w="720" /><ent r="3" t="166" w="125" /><ent r="3" t="166" w="542" /><ent r="3" t="166" w="945" /><ent r="3" t="168" w="53" /><ent r="3" t="168" w="260" /><ent r="3" t="178" w="266" /><ent r="3" t="178" w="387" /><ent r="3" t="178" w="2011" /><ent r="4" t="178" w="2554" /><ent r="4" t="179" w="669" /><ent r="5" t="179" w="929" /><ent r="4" t="179" w="1294" /><ent r="4" t="179" w="1306" /><ent r="4" t="179" w="1311" /><ent r="4" t="180" w="1124" /><ent r="4" t="184" w="64" /><ent r="4" t="184" w="167" /><ent r="4" t="184" w="172" /><ent r="4" t="184" w="989" /><ent r="3" t="184" w="1024" /><ent r="3" t="185" w="1615" /><ent r="4" t="186" w="88" /><ent r="4" t="186" w="100" /><ent r="4" t="186" w="737" /><ent r="3" t="186" w="1450" /><ent r="7" t="188" w="102" /><ent r="7" t="188" w="138" /><ent r="7" t="188" w="217" /><ent r="5" t="188" w="265" /><ent r="4" t="193" w="589" /><ent r="4" t="193" w="690" /><ent r="4" t="193" w="712" /><ent r="4" t="193" w="742" /><ent r="4" t="196" w="374" /><ent r="3" t="196" w="388" /><ent r="3" t="206" w="203" /><ent r="3" t="212" w="28" /><ent r="3" t="216" w="159" /><ent r="3" t="224" w="142" /><ent r="3" t="224" w="190" /><ent r="4" t="224" w="214" /><ent r="3" t="224" w="230" /><ent r="3" t="235" w="86" /><ent r="3" t="235" w="116" /><ent r="100" t="237" w="17" /><ent r="7" t="237" w="77" /><ent r="7" t="237" w="168" /></phr></stem></index>