﻿<?xml version="1.0" encoding="utf-8"?><index><stem n="attach"><phr n="attached"><ent r="3" t="73" w="329" /></phr><phr n="attach"><ent r="3" t="170" w="1152" /></phr></stem><stem n="worker"><phr n="Worker"><ent r="4" t="73" w="343" /></phr></stem><stem n="&quot;1,&quot;"><phr n="&quot;1,&quot;"><ent r="3" t="73" w="360" /></phr></stem><stem n="regardless"><phr n="regardless"><ent r="3" t="73" w="367" /><ent r="3" t="105" w="297" /><ent r="4" t="153" w="596" /><ent r="3" t="170" w="301" /></phr></stem><stem n="/automat"><phr n="/Automatically"><ent r="4" t="73" w="379" /></phr></stem><stem n="dialog/automat"><phr n="Dialog/Automatically"><ent r="4" t="73" w="379" /><ent r="4" t="73" w="378" /></phr></stem><stem n="success"><phr n="successful"><ent r="3" t="73" w="389" /><ent r="3" t="103" w="31" /></phr><phr n="success"><ent r="3" t="92" w="115" /><ent r="3" t="180" w="137" /></phr></stem><stem n="requir"><phr n="requiring"><ent r="3" t="73" w="395" /></phr><phr n="required"><ent r="3" t="93" w="53" /><ent r="3" t="164" w="824" /><ent r="3" t="170" w="1141" /><ent r="3" t="171" w="900" /><ent r="3" t="176" w="114" /><ent r="3" t="196" w="243" /></phr><phr n="requires"><ent r="3" t="99" w="491" /><ent r="4" t="109" w="50" /><ent r="3" t="162" w="221" /><ent r="3" t="176" w="60" /></phr><phr n="Requirements"><ent r="92" t="162" w="165" /></phr><phr n="requirement"><ent r="4" t="164" w="1609" /></phr></stem><stem n="confirm"><phr n="confirmation"><ent r="3" t="73" w="400" /><ent r="4" t="99" w="384" /><ent r="4" t="127" w="47" /><ent r="3" t="209" w="263" /></phr><phr n="Confirm"><ent r="5" t="98" w="487" /><ent r="5" t="99" w="370" /><ent r="4" t="163" w="2323" /></phr><phr n="confirm"><ent r="4" t="98" w="498" /><ent r="4" t="98" w="514" /></phr></stem><stem n="whether"><phr n="whether"><ent r="4" t="73" w="423" /><ent r="4" t="133" w="169" /><ent r="4" t="154" w="207" /><ent r="4" t="164" w="1037" /><ent r="7" t="179" w="301" /><ent r="3" t="193" w="93" /></phr></stem><stem n="-save"><phr n="-Save"><ent r="5" t="73" w="433" /><ent r="5" t="73" w="433" /><ent r="4" t="73" w="454" /><ent r="4" t="73" w="454" /></phr></stem><stem n="auto-sav"><phr n="Auto-Save"><ent r="5" t="73" w="433" /><ent r="4" t="73" w="454" /></phr></stem><stem n="15"><phr n="15"><ent r="4" t="73" w="464" /><ent r="8" t="164" w="1566" /><ent r="7" t="179" w="282" /></phr></stem><stem n="build"><phr n="building"><ent r="3" t="74" w="23" /></phr><phr n="build"><ent r="3" t="103" w="29" /></phr><phr n="Build"><ent r="4" t="154" w="143" /></phr><phr n="Building"><ent r="3" t="165" w="776" /></phr></stem><stem n="uniqu"><phr n="unique"><ent r="3" t="74" w="30" /></phr></stem><stem n="page"><phr n="Page"><ent r="3" t="75" w="73" /><ent r="3" t="75" w="76" /></phr><phr n="page"><ent r="4" t="160" w="127" /></phr><phr n="pages"><ent r="4" t="188" w="408" /><ent r="4" t="188" w="541" /></phr><phr n="paged"><ent r="4" t="188" w="433" /></phr></stem><stem n="scroll"><phr n="scroll"><ent r="3" t="75" w="84" /><ent r="3" t="105" w="398" /><ent r="3" t="163" w="872" /><ent r="3" t="166" w="1458" /></phr><phr n="Scroll"><ent r="4" t="145" w="117" /></phr><phr n="scrolling"><ent r="3" t="145" w="128" /></phr></stem><stem n="identifi"><phr n="identified"><ent r="3" t="75" w="148" /><ent r="6" t="96" w="39" /><ent r="6" t="96" w="66" /><ent r="6" t="98" w="35" /><ent r="6" t="98" w="62" /><ent r="6" t="99" w="36" /><ent r="6" t="99" w="63" /><ent r="6" t="130" w="46" /><ent r="6" t="130" w="73" /><ent r="6" t="133" w="33" /><ent r="6" t="133" w="60" /><ent r="6" t="134" w="33" /><ent r="6" t="134" w="60" /><ent r="6" t="135" w="33" /><ent r="6" t="135" w="60" /><ent r="6" t="136" w="40" /><ent r="6" t="136" w="67" /><ent r="6" t="137" w="32" /><ent r="6" t="137" w="59" /><ent r="6" t="138" w="29" /><ent r="6" t="138" w="56" /><ent r="6" t="139" w="29" /><ent r="6" t="139" w="56" /><ent r="6" t="140" w="39" /><ent r="6" t="140" w="66" /><ent r="3" t="142" w="256" /><ent r="3" t="159" w="69" /><ent r="3" t="189" w="20" /><ent r="6" t="207" w="33" /><ent r="6" t="207" w="60" /></phr><phr n="identify"><ent r="3" t="114" w="297" /><ent r="6" t="208" w="630" /></phr><phr n="identifies"><ent r="3" t="114" w="814" /><ent r="3" t="145" w="120" /><ent r="3" t="153" w="908" /><ent r="4" t="164" w="2279" /><ent r="6" t="167" w="932" /><ent r="6" t="167" w="948" /><ent r="5" t="167" w="963" /><ent r="7" t="179" w="184" /><ent r="6" t="208" w="114" /></phr></stem><stem n="offset"><phr n="offset"><ent r="4" t="75" w="164" /><ent r="7" t="179" w="124" /><ent r="3" t="179" w="729" /></phr></stem><stem n="mission"><phr n="mission"><ent r="4" t="75" w="173" /><ent r="3" t="76" w="44" /><ent r="3" t="76" w="54" /><ent r="3" t="150" w="59" /><ent r="3" t="162" w="158" /></phr><phr n="Mission"><ent r="82" t="162" w="105" /></phr></stem><stem n="confid"><phr n="confidence"><ent r="4" t="75" w="177" /></phr></stem><stem n="phi"><phr n="phi"><ent r="4" t="75" w="179" /></phr></stem><stem n="integ"><phr n="integers"><ent r="4" t="75" w="184" /><ent r="4" t="153" w="595" /></phr><phr n="integer"><ent r="7" t="179" w="200" /><ent r="7" t="179" w="207" /><ent r="6" t="179" w="259" /><ent r="6" t="179" w="266" /><ent r="6" t="179" w="272" /><ent r="7" t="179" w="287" /><ent r="7" t="179" w="345" /><ent r="7" t="179" w="347" /></phr></stem><stem n="whole"><phr n="whole"><ent r="4" t="75" w="316" /><ent r="3" t="142" w="347" /><ent r="3" t="168" w="768" /></phr></stem><stem n=":delet"><phr n=":delete"><ent r="100" t="76" w="7" /><ent r="100" t="127" w="8" /></phr></stem><stem n="rectangular"><phr n="rectangular"><ent r="3" t="76" w="27" /><ent r="4" t="76" w="83" /><ent r="5" t="83" w="129" /><ent r="4" t="164" w="2628" /><ent r="4" t="166" w="1064" /></phr></stem><stem n="monitor"><phr n="monitor"><ent r="3" t="77" w="72" /></phr></stem><stem n="grai"><phr n="gray"><ent r="4" t="77" w="81" /><ent r="4" t="77" w="165" /><ent r="4" t="77" w="267" /><ent r="3" t="79" w="94" /><ent r="3" t="86" w="78" /><ent r="3" t="91" w="66" /><ent r="3" t="151" w="95" /><ent r="3" t="163" w="1254" /><ent r="3" t="163" w="1364" /><ent r="7" t="179" w="489" /></phr><phr n="grayed"><ent r="3" t="94" w="113" /><ent r="3" t="117" w="284" /></phr><phr n="Gray"><ent r="3" t="163" w="1452" /><ent r="4" t="163" w="1912" /><ent r="5" t="204" w="275" /></phr></stem><stem n="recov"><phr n="recover"><ent r="3" t="77" w="243" /></phr></stem><stem n="gridlin"><phr n="Gridlines"><ent r="1000" t="78" w="2" /><ent r="102" t="78" w="10" /><ent r="5" t="78" w="79" /><ent r="4" t="78" w="101" /><ent r="4" t="78" w="106" /><ent r="7" t="82" w="157" /><ent r="68" t="82" w="170" /><ent r="65" t="144" w="130" /><ent r="92" t="149" w="218" /><ent r="3" t="149" w="222" /></phr><phr n="gridlines"><ent r="100" t="78" w="7" /><ent r="4" t="78" w="111" /><ent r="3" t="78" w="138" /><ent r="3" t="78" w="144" /><ent r="3" t="78" w="169" /><ent r="7" t="82" w="164" /><ent r="7" t="82" w="413" /><ent r="3" t="144" w="35" /><ent r="4" t="144" w="125" /><ent r="3" t="149" w="239" /><ent r="3" t="149" w="254" /><ent r="3" t="149" w="318" /><ent r="4" t="164" w="1092" /></phr><phr n="gridline"><ent r="3" t="78" w="21" /><ent r="3" t="78" w="33" /><ent r="3" t="78" w="151" /><ent r="3" t="136" w="185" /></phr><phr n="Gridline"><ent r="4" t="136" w="177" /></phr></stem><stem n="(it"><phr n="(it"><ent r="4" t="78" w="63" /><ent r="3" t="82" w="87" /><ent r="4" t="83" w="48" /><ent r="4" t="84" w="69" /><ent r="3" t="85" w="113" /><ent r="4" t="86" w="53" /><ent r="4" t="89" w="52" /></phr><phr n="(It"><ent r="4" t="172" w="44" /></phr></stem><stem n="major"><phr n="Major"><ent r="4" t="78" w="124" /><ent r="4" t="78" w="126" /></phr><phr n="major"><ent r="3" t="78" w="137" /></phr></stem><stem n="minor"><phr n="Minor"><ent r="4" t="78" w="128" /><ent r="4" t="78" w="131" /></phr><phr n="minor"><ent r="3" t="78" w="143" /></phr></stem><stem n="style"><phr n="style"><ent r="3" t="78" w="164" /><ent r="7" t="82" w="408" /><ent r="4" t="133" w="157" /><ent r="4" t="133" w="162" /><ent r="4" t="133" w="166" /><ent r="3" t="136" w="186" /><ent r="3" t="144" w="30" /><ent r="4" t="144" w="119" /><ent r="3" t="167" w="1098" /><ent r="3" t="167" w="1122" /><ent r="6" t="208" w="229" /><ent r="6" t="208" w="266" /><ent r="6" t="208" w="285" /><ent r="6" t="208" w="291" /><ent r="6" t="208" w="435" /></phr><phr n="Style"><ent r="4" t="149" w="231" /><ent r="6" t="208" w="217" /><ent r="6" t="208" w="277" /><ent r="6" t="208" w="425" /></phr></stem><stem n="intens"><phr n="intensity"><ent r="3" t="79" w="25" /><ent r="3" t="79" w="40" /><ent r="3" t="163" w="154" /><ent r="3" t="163" w="158" /><ent r="3" t="163" w="172" /></phr><phr n="intensities"><ent r="4" t="163" w="1095" /></phr></stem><stem n="-axi"><phr n="-axis"><ent r="3" t="79" w="36" /><ent r="3" t="79" w="36" /><ent r="3" t="163" w="163" /><ent r="3" t="163" w="163" /><ent r="4" t="163" w="1097" /><ent r="4" t="163" w="1097" /><ent r="4" t="163" w="1110" /><ent r="4" t="163" w="1110" /><ent r="4" t="163" w="1124" /><ent r="4" t="163" w="1124" /></phr></stem><stem n="y-axi"><phr n="y-axis"><ent r="3" t="79" w="36" /><ent r="3" t="163" w="177" /><ent r="4" t="163" w="1110" /></phr></stem><stem n="axi"><phr n="axis"><ent r="3" t="79" w="37" /><ent r="3" t="79" w="46" /><ent r="3" t="163" w="164" /><ent r="3" t="163" w="178" /><ent r="4" t="163" w="997" /><ent r="4" t="163" w="1098" /><ent r="4" t="163" w="1111" /><ent r="4" t="163" w="1125" /><ent r="5" t="178" w="315" /><ent r="4" t="178" w="333" /><ent r="7" t="179" w="554" /></phr></stem><stem n="x-axi"><phr n="x-axis"><ent r="3" t="79" w="45" /><ent r="3" t="163" w="163" /><ent r="4" t="163" w="1097" /><ent r="4" t="163" w="1124" /></phr></stem><stem n="-axis."><phr n="-axis."><ent r="3" t="79" w="47" /><ent r="3" t="79" w="47" /><ent r="3" t="163" w="179" /><ent r="3" t="163" w="179" /><ent r="4" t="163" w="998" /><ent r="4" t="163" w="998" /></phr></stem><stem n="red"><phr n="red"><ent r="3" t="79" w="95" /><ent r="4" t="84" w="177" /><ent r="3" t="86" w="79" /><ent r="3" t="91" w="67" /><ent r="4" t="114" w="726" /><ent r="3" t="117" w="244" /><ent r="4" t="138" w="475" /><ent r="3" t="163" w="1203" /><ent r="3" t="163" w="1267" /><ent r="3" t="163" w="1307" /><ent r="4" t="163" w="1931" /><ent r="4" t="163" w="2016" /><ent r="4" t="165" w="935" /><ent r="3" t="165" w="1530" /><ent r="4" t="167" w="869" /><ent r="4" t="167" w="1142" /><ent r="3" t="168" w="690" /><ent r="4" t="169" w="844" /><ent r="3" t="170" w="733" /><ent r="3" t="192" w="123" /><ent r="5" t="204" w="315" /></phr><phr n="Red"><ent r="3" t="163" w="1453" /><ent r="3" t="164" w="1874" /></phr></stem><stem n="blue"><phr n="blue"><ent r="3" t="79" w="98" /><ent r="4" t="84" w="188" /><ent r="3" t="86" w="82" /><ent r="3" t="91" w="70" /><ent r="6" t="114" w="440" /><ent r="4" t="138" w="482" /><ent r="3" t="163" w="1206" /><ent r="3" t="163" w="1335" /><ent r="3" t="163" w="1341" /><ent r="4" t="163" w="1934" /><ent r="4" t="163" w="2017" /><ent r="3" t="165" w="1549" /><ent r="7" t="167" w="940" /><ent r="5" t="167" w="1062" /><ent r="3" t="167" w="1075" /><ent r="3" t="168" w="701" /><ent r="5" t="204" w="265" /></phr><phr n="Blue"><ent r="3" t="163" w="1456" /></phr></stem><stem n="shade"><phr n="shaded"><ent r="3" t="79" w="132" /><ent r="3" t="79" w="151" /><ent r="3" t="79" w="172" /><ent r="3" t="81" w="25" /><ent r="3" t="81" w="44" /><ent r="3" t="81" w="76" /><ent r="5" t="81" w="197" /><ent r="5" t="138" w="346" /><ent r="5" t="138" w="763" /><ent r="5" t="146" w="478" /><ent r="5" t="151" w="631" /></phr><phr n="shading"><ent r="6" t="82" w="253" /><ent r="3" t="87" w="21" /></phr><phr n="shades"><ent r="3" t="151" w="93" /></phr></stem><stem n="stretch"><phr n="stretch"><ent r="3" t="79" w="139" /><ent r="3" t="79" w="161" /><ent r="100" t="81" w="6" /><ent r="100" t="81" w="9" /><ent r="3" t="81" w="32" /><ent r="3" t="81" w="65" /><ent r="3" t="81" w="84" /><ent r="4" t="81" w="110" /><ent r="3" t="81" w="149" /><ent r="4" t="81" w="169" /><ent r="5" t="81" w="175" /><ent r="5" t="81" w="184" /><ent r="5" t="81" w="206" /><ent r="5" t="81" w="237" /><ent r="5" t="81" w="264" /><ent r="3" t="81" w="271" /><ent r="7" t="82" w="286" /><ent r="6" t="82" w="301" /><ent r="6" t="82" w="312" /><ent r="5" t="83" w="153" /><ent r="4" t="87" w="157" /><ent r="3" t="100" w="125" /><ent r="4" t="138" w="140" /><ent r="4" t="138" w="144" /><ent r="6" t="138" w="286" /><ent r="4" t="138" w="304" /><ent r="5" t="138" w="317" /><ent r="5" t="138" w="323" /><ent r="5" t="138" w="355" /><ent r="5" t="138" w="388" /><ent r="5" t="138" w="426" /><ent r="4" t="138" w="450" /><ent r="4" t="138" w="453" /><ent r="4" t="138" w="464" /><ent r="4" t="138" w="511" /><ent r="4" t="138" w="526" /><ent r="4" t="138" w="551" /><ent r="4" t="138" w="567" /><ent r="4" t="138" w="615" /><ent r="4" t="138" w="641" /><ent r="4" t="138" w="655" /><ent r="4" t="138" w="669" /><ent r="4" t="138" w="677" /><ent r="4" t="138" w="698" /><ent r="6" t="138" w="711" /><ent r="4" t="138" w="728" /><ent r="5" t="138" w="734" /><ent r="5" t="138" w="740" /><ent r="5" t="138" w="772" /><ent r="5" t="138" w="805" /><ent r="5" t="138" w="843" /><ent r="4" t="138" w="867" /><ent r="4" t="138" w="870" /><ent r="4" t="138" w="881" /><ent r="4" t="138" w="912" /><ent r="4" t="138" w="927" /><ent r="4" t="138" w="952" /><ent r="4" t="138" w="968" /><ent r="4" t="138" w="1016" /><ent r="4" t="138" w="1042" /><ent r="4" t="138" w="1056" /><ent r="4" t="138" w="1070" /><ent r="4" t="138" w="1078" /><ent r="4" t="138" w="1099" /><ent r="4" t="139" w="400" /><ent r="4" t="139" w="425" /><ent r="4" t="139" w="441" /><ent r="4" t="146" w="201" /><ent r="4" t="146" w="209" /><ent r="4" t="146" w="233" /><ent r="4" t="146" w="244" /><ent r="5" t="146" w="281" /><ent r="5" t="146" w="296" /><ent r="5" t="146" w="321" /><ent r="5" t="146" w="337" /><ent r="5" t="146" w="385" /><ent r="5" t="146" w="411" /><ent r="5" t="146" w="425" /><ent r="4" t="146" w="443" /><ent r="5" t="146" w="449" /><ent r="5" t="146" w="455" /><ent r="5" t="146" w="487" /><ent r="5" t="146" w="517" /><ent r="5" t="146" w="558" /><ent r="4" t="151" w="358" /><ent r="4" t="151" w="366" /><ent r="4" t="151" w="386" /><ent r="4" t="151" w="397" /><ent r="5" t="151" w="434" /><ent r="5" t="151" w="449" /><ent r="5" t="151" w="474" /><ent r="5" t="151" w="490" /><ent r="5" t="151" w="538" /><ent r="5" t="151" w="564" /><ent r="5" t="151" w="578" /><ent r="4" t="151" w="596" /><ent r="5" t="151" w="602" /><ent r="5" t="151" w="608" /><ent r="5" t="151" w="640" /><ent r="5" t="151" w="670" /><ent r="5" t="151" w="711" /><ent r="7" t="179" w="577" /><ent r="7" t="179" w="583" /><ent r="3" t="179" w="791" /><ent r="100" t="212" w="7" /><ent r="3" t="212" w="11" /><ent r="4" t="212" w="44" /><ent r="4" t="212" w="59" /><ent r="4" t="212" w="84" /><ent r="4" t="212" w="100" /><ent r="4" t="212" w="148" /><ent r="4" t="212" w="174" /><ent r="4" t="212" w="188" /><ent r="3" t="213" w="43" /></phr><phr n="Stretch"><ent r="64" t="79" w="196" /><ent r="1000" t="81" w="1" /><ent r="102" t="81" w="12" /><ent r="5" t="81" w="129" /><ent r="4" t="81" w="159" /><ent r="7" t="82" w="278" /><ent r="68" t="82" w="294" /><ent r="7" t="82" w="297" /><ent r="6" t="82" w="315" /><ent r="67" t="82" w="322" /><ent r="92" t="138" w="279" /><ent r="5" t="138" w="293" /><ent r="5" t="138" w="439" /><ent r="4" t="138" w="467" /><ent r="5" t="138" w="665" /><ent r="92" t="138" w="703" /><ent r="5" t="138" w="717" /><ent r="5" t="138" w="856" /><ent r="5" t="138" w="1066" /><ent r="5" t="146" w="197" /><ent r="5" t="146" w="229" /><ent r="5" t="146" w="432" /><ent r="5" t="151" w="354" /><ent r="5" t="151" w="382" /><ent r="5" t="151" w="585" /><ent r="1000" t="212" w="1" /><ent r="102" t="212" w="4" /></phr><phr n="stretched"><ent r="3" t="151" w="123" /></phr></stem><stem n="edg"><phr n="edge"><ent r="3" t="79" w="169" /><ent r="3" t="81" w="73" /><ent r="6" t="155" w="198" /><ent r="6" t="155" w="207" /><ent r="3" t="163" w="1297" /><ent r="3" t="163" w="1301" /><ent r="4" t="163" w="1374" /><ent r="4" t="163" w="1384" /></phr><phr n="edges"><ent r="4" t="141" w="308" /><ent r="3" t="141" w="315" /><ent r="3" t="141" w="326" /></phr></stem><stem n=":stretch"><phr n=":stretch"><ent r="100" t="81" w="6" /></phr></stem><stem n="linear"><phr n="Linear"><ent r="6" t="81" w="172" /><ent r="6" t="138" w="314" /><ent r="6" t="138" w="731" /><ent r="6" t="146" w="446" /><ent r="6" t="151" w="599" /></phr><phr n="linear"><ent r="5" t="81" w="177" /><ent r="5" t="138" w="319" /><ent r="5" t="138" w="736" /><ent r="5" t="146" w="451" /><ent r="5" t="151" w="604" /><ent r="3" t="153" w="117" /><ent r="3" t="167" w="259" /><ent r="3" t="168" w="248" /><ent r="7" t="179" w="584" /><ent r="7" t="179" w="585" /><ent r="3" t="179" w="794" /></phr></stem><stem n="lower"><phr n="lower"><ent r="5" t="81" w="180" /><ent r="5" t="81" w="191" /><ent r="5" t="81" w="213" /><ent r="5" t="81" w="244" /><ent r="3" t="97" w="40" /><ent r="5" t="138" w="322" /><ent r="5" t="138" w="334" /><ent r="5" t="138" w="362" /><ent r="5" t="138" w="395" /><ent r="4" t="138" w="581" /><ent r="4" t="138" w="601" /><ent r="5" t="138" w="739" /><ent r="5" t="138" w="751" /><ent r="5" t="138" w="779" /><ent r="5" t="138" w="812" /><ent r="4" t="138" w="982" /><ent r="4" t="138" w="1002" /><ent r="4" t="139" w="455" /><ent r="4" t="139" w="475" /><ent r="3" t="143" w="241" /><ent r="5" t="146" w="351" /><ent r="5" t="146" w="371" /><ent r="5" t="146" w="454" /><ent r="5" t="146" w="466" /><ent r="5" t="146" w="494" /><ent r="5" t="146" w="524" /><ent r="5" t="151" w="504" /><ent r="5" t="151" w="524" /><ent r="5" t="151" w="607" /><ent r="5" t="151" w="619" /><ent r="5" t="151" w="647" /><ent r="5" t="151" w="677" /><ent r="3" t="153" w="499" /><ent r="3" t="170" w="1535" /><ent r="3" t="170" w="1589" /><ent r="3" t="171" w="1252" /><ent r="3" t="171" w="1308" /><ent r="4" t="202" w="110" /><ent r="4" t="202" w="113" /><ent r="4" t="202" w="119" /><ent r="6" t="208" w="129" /><ent r="4" t="212" w="114" /><ent r="4" t="212" w="134" /></phr><phr n="Lower"><ent r="4" t="98" w="482" /><ent r="5" t="138" w="662" /><ent r="4" t="138" w="685" /><ent r="5" t="138" w="1063" /><ent r="4" t="138" w="1086" /><ent r="5" t="146" w="218" /><ent r="4" t="151" w="374" /></phr></stem><stem n="halfwai"><phr n="halfway"><ent r="5" t="81" w="188" /><ent r="5" t="138" w="331" /><ent r="5" t="138" w="748" /><ent r="5" t="146" w="463" /><ent r="5" t="151" w="616" /></phr></stem><stem n="50"><phr n="50"><ent r="5" t="81" w="199" /><ent r="5" t="138" w="348" /><ent r="4" t="138" w="589" /><ent r="5" t="138" w="765" /><ent r="4" t="138" w="990" /><ent r="4" t="139" w="463" /><ent r="5" t="146" w="359" /><ent r="5" t="146" w="480" /><ent r="5" t="151" w="512" /><ent r="5" t="151" w="633" /><ent r="3" t="202" w="198" /><ent r="4" t="212" w="122" /></phr></stem><stem n="%"><phr n="%"><ent r="5" t="81" w="200" /><ent r="4" t="98" w="294" /><ent r="4" t="99" w="217" /><ent r="5" t="138" w="349" /><ent r="4" t="138" w="597" /><ent r="4" t="138" w="606" /><ent r="5" t="138" w="766" /><ent r="4" t="138" w="998" /><ent r="4" t="138" w="1007" /><ent r="4" t="139" w="471" /><ent r="4" t="139" w="480" /><ent r="5" t="146" w="367" /><ent r="5" t="146" w="376" /><ent r="5" t="146" w="481" /><ent r="5" t="151" w="520" /><ent r="5" t="151" w="529" /><ent r="5" t="151" w="634" /><ent r="4" t="158" w="235" /><ent r="3" t="166" w="938" /><ent r="4" t="166" w="943" /><ent r="4" t="212" w="130" /><ent r="4" t="212" w="139" /></phr></stem><stem n="exponenti"><phr n="Exponential"><ent r="6" t="81" w="202" /><ent r="6" t="138" w="351" /><ent r="6" t="138" w="768" /><ent r="6" t="146" w="513" /><ent r="6" t="151" w="666" /></phr><phr n="exponential"><ent r="5" t="81" w="208" /><ent r="5" t="81" w="239" /><ent r="5" t="138" w="357" /><ent r="5" t="138" w="774" /><ent r="5" t="146" w="519" /><ent r="5" t="151" w="672" /></phr><phr n="Exponentiation"><ent r="7" t="177" w="21" /></phr></stem><stem n="suppress"><phr n="suppresses"><ent r="5" t="81" w="219" /></phr><phr n="suppressible"><ent r="5" t="130" w="227" /><ent r="3" t="207" w="28" /></phr><phr n="suppressing"><ent r="5" t="138" w="371" /><ent r="5" t="138" w="788" /><ent r="5" t="146" w="533" /><ent r="5" t="151" w="686" /></phr></stem><stem n="darker"><phr n="darker"><ent r="5" t="81" w="221" /><ent r="5" t="81" w="252" /><ent r="5" t="138" w="373" /><ent r="5" t="138" w="408" /><ent r="5" t="138" w="790" /><ent r="5" t="138" w="825" /><ent r="5" t="146" w="507" /><ent r="5" t="146" w="535" /><ent r="5" t="151" w="660" /><ent r="5" t="151" w="688" /></phr></stem><stem n="weaker"><phr n="weaker"><ent r="5" t="81" w="222" /><ent r="5" t="81" w="253" /><ent r="5" t="138" w="372" /><ent r="5" t="138" w="407" /><ent r="5" t="138" w="789" /><ent r="5" t="138" w="824" /><ent r="5" t="146" w="506" /><ent r="5" t="146" w="534" /><ent r="5" t="151" w="659" /><ent r="5" t="151" w="687" /></phr></stem><stem n="(weaker)"><phr n="(weaker)"><ent r="5" t="81" w="223" /><ent r="5" t="81" w="254" /></phr></stem><stem n="accentu"><phr n="accentuates"><ent r="5" t="81" w="228" /><ent r="5" t="81" w="250" /></phr><phr n="accentuating"><ent r="5" t="138" w="379" /><ent r="5" t="138" w="405" /><ent r="5" t="138" w="796" /><ent r="5" t="138" w="822" /><ent r="5" t="146" w="504" /><ent r="5" t="146" w="541" /><ent r="5" t="151" w="657" /><ent r="5" t="151" w="694" /></phr></stem><stem n="brighter"><phr n="brighter"><ent r="5" t="81" w="230" /><ent r="5" t="138" w="381" /><ent r="5" t="138" w="798" /><ent r="5" t="146" w="543" /><ent r="5" t="151" w="696" /><ent r="3" t="164" w="2057" /></phr></stem><stem n="logarithm"><phr n="Logarithmic"><ent r="6" t="81" w="233" /><ent r="6" t="138" w="384" /><ent r="6" t="138" w="801" /><ent r="6" t="146" w="483" /><ent r="6" t="151" w="636" /></phr><phr n="logarithmic"><ent r="5" t="138" w="390" /><ent r="5" t="138" w="807" /><ent r="5" t="146" w="489" /><ent r="5" t="151" w="642" /></phr></stem><stem n="equal"><phr n="Equalization"><ent r="6" t="81" w="260" /><ent r="6" t="138" w="415" /><ent r="6" t="138" w="832" /><ent r="6" t="146" w="547" /><ent r="6" t="151" w="700" /></phr><phr n="equalized"><ent r="5" t="81" w="267" /><ent r="5" t="138" w="423" /><ent r="5" t="138" w="840" /><ent r="5" t="146" w="555" /><ent r="5" t="151" w="708" /></phr><phr n="equal"><ent r="5" t="138" w="434" /><ent r="5" t="138" w="851" /><ent r="5" t="146" w="566" /><ent r="5" t="151" w="719" /><ent r="3" t="175" w="129" /></phr><phr n="equals"><ent r="3" t="153" w="664" /></phr><phr n="equalize"><ent r="7" t="179" w="588" /></phr></stem><stem n="rescal"><phr n="Rescale"><ent r="7" t="82" w="209" /><ent r="5" t="163" w="1703" /><ent r="3" t="163" w="1720" /></phr><phr n="rescaled"><ent r="3" t="161" w="25" /></phr></stem><stem n="ax"><phr n="Axes"><ent r="7" t="82" w="210" /><ent r="5" t="163" w="1704" /><ent r="3" t="163" w="1721" /></phr><phr n="axes"><ent r="7" t="82" w="215" /></phr></stem><stem n="omit"><phr n="omitted"><ent r="7" t="82" w="234" /></phr></stem><stem n="“stretch"><phr n="“stretch"><ent r="6" t="82" w="312" /><ent r="4" t="138" w="464" /><ent r="4" t="138" w="881" /><ent r="4" t="146" w="244" /><ent r="4" t="151" w="397" /></phr></stem><stem n="statist"><phr n="statistics"><ent r="7" t="82" w="355" /><ent r="3" t="85" w="31" /><ent r="3" t="153" w="85" /><ent r="3" t="163" w="270" /><ent r="3" t="188" w="270" /></phr><phr n="Statistics"><ent r="4" t="85" w="135" /></phr><phr n="statistical"><ent r="5" t="153" w="340" /><ent r="3" t="153" w="910" /></phr></stem><stem n="secur"><phr n="Security"><ent r="7" t="82" w="361" /><ent r="68" t="82" w="376" /><ent r="1000" t="129" w="1" /><ent r="100" t="129" w="4" /><ent r="102" t="129" w="7" /><ent r="5" t="129" w="133" /><ent r="4" t="129" w="159" /><ent r="4" t="129" w="195" /><ent r="3" t="129" w="200" /><ent r="4" t="129" w="383" /><ent r="4" t="129" w="415" /><ent r="3" t="129" w="580" /></phr><phr n="security"><ent r="7" t="82" w="369" /><ent r="3" t="129" w="35" /><ent r="3" t="129" w="105" /><ent r="3" t="129" w="588" /><ent r="3" t="129" w="595" /></phr></stem><stem n="mark"><phr n="Markings"><ent r="7" t="82" w="362" /><ent r="68" t="82" w="377" /><ent r="1000" t="129" w="2" /><ent r="100" t="129" w="5" /><ent r="102" t="129" w="8" /><ent r="5" t="129" w="134" /><ent r="4" t="129" w="160" /><ent r="4" t="129" w="196" /><ent r="3" t="129" w="201" /><ent r="4" t="129" w="384" /><ent r="4" t="129" w="416" /><ent r="3" t="129" w="581" /></phr><phr n="markings"><ent r="7" t="82" w="370" /><ent r="3" t="118" w="101" /><ent r="3" t="129" w="36" /><ent r="3" t="129" w="106" /><ent r="4" t="129" w="113" /><ent r="3" t="129" w="281" /><ent r="4" t="129" w="306" /><ent r="4" t="129" w="327" /><ent r="3" t="129" w="352" /><ent r="3" t="129" w="411" /><ent r="3" t="129" w="454" /><ent r="3" t="143" w="303" /><ent r="4" t="156" w="291" /><ent r="3" t="164" w="2887" /><ent r="3" t="167" w="753" /><ent r="4" t="169" w="155" /></phr><phr n="marking"><ent r="4" t="129" w="321" /><ent r="4" t="129" w="360" /><ent r="4" t="129" w="391" /><ent r="3" t="129" w="399" /><ent r="3" t="129" w="589" /><ent r="3" t="129" w="596" /><ent r="3" t="129" w="622" /></phr><phr n="marked"><ent r="4" t="158" w="279" /></phr><phr n="mark"><ent r="3" t="192" w="105" /></phr></stem><stem n=":histogram"><phr n=":Histogram"><ent r="100" t="83" w="8" /><ent r="100" t="91" w="13" /><ent r="100" t="144" w="10" /></phr><phr n=":histogram"><ent r="100" t="90" w="11" /></phr></stem><stem n="arrowhead"><phr n="arrowhead"><ent r="5" t="83" w="220" /><ent r="7" t="173" w="166" /></phr></stem><stem n="comma"><phr n="commas"><ent r="4" t="84" w="141" /></phr></stem><stem n="1,2"><phr n="1,2"><ent r="4" t="84" w="144" /><ent r="4" t="84" w="143" /></phr></stem><stem n="1,2,5"><phr n="1,2,5"><ent r="4" t="84" w="145" /><ent r="4" t="84" w="143" /></phr></stem><stem n="5"><phr n="5"><ent r="4" t="84" w="145" /><ent r="5" t="164" w="1162" /><ent r="3" t="164" w="1867" /><ent r="4" t="165" w="484" /><ent r="3" t="165" w="1525" /><ent r="4" t="171" w="702" /><ent r="4" t="171" w="1331" /><ent r="4" t="171" w="1356" /><ent r="3" t="171" w="1389" /><ent r="6" t="175" w="82" /><ent r="6" t="175" w="84" /><ent r="6" t="175" w="142" /><ent r="6" t="175" w="144" /><ent r="7" t="179" w="147" /><ent r="7" t="179" w="215" /><ent r="3" t="179" w="792" /><ent r="3" t="179" w="825" /><ent r="3" t="213" w="436" /><ent r="3" t="213" w="453" /><ent r="3" t="213" w="523" /><ent r="3" t="213" w="544" /></phr></stem><stem n="1,2,5."><phr n="1,2,5."><ent r="4" t="84" w="145" /><ent r="4" t="84" w="143" /></phr></stem><stem n=",2,5."><phr n=",2,5."><ent r="4" t="84" w="146" /></phr></stem></index>