﻿<?xml version="1.0" encoding="utf-8"?><index><stem n="around"><phr n="around"><ent r="3" t="1" w="367" /><ent r="3" t="1" w="476" /><ent r="6" t="7" w="130" /><ent r="3" t="35" w="14" /><ent r="4" t="37" w="75" /><ent r="4" t="40" w="95" /><ent r="4" t="40" w="120" /><ent r="3" t="47" w="115" /><ent r="3" t="49" w="337" /><ent r="3" t="58" w="287" /><ent r="5" t="91" w="114" /><ent r="3" t="113" w="400" /><ent r="4" t="124" w="326" /><ent r="4" t="175" w="71" /><ent r="3" t="177" w="127" /><ent r="4" t="177" w="1011" /><ent r="4" t="177" w="1025" /><ent r="4" t="177" w="2222" /><ent r="4" t="178" w="2626" /><ent r="4" t="179" w="563" /><ent r="4" t="181" w="984" /><ent r="3" t="184" w="619" /><ent r="3" t="186" w="944" /></phr></stem><stem n="along"><phr n="along"><ent r="3" t="1" w="374" /><ent r="4" t="182" w="944" /><ent r="3" t="185" w="967" /></phr></stem><stem n="ani"><phr n="any"><ent r="3" t="1" w="375" /><ent r="3" t="13" w="39" /><ent r="4" t="25" w="93" /><ent r="4" t="26" w="575" /><ent r="4" t="28" w="79" /><ent r="4" t="28" w="121" /><ent r="4" t="28" w="176" /><ent r="4" t="28" w="285" /><ent r="3" t="37" w="140" /><ent r="3" t="44" w="604" /><ent r="3" t="79" w="114" /><ent r="3" t="81" w="209" /><ent r="3" t="81" w="452" /><ent r="5" t="91" w="184" /><ent r="3" t="101" w="73" /><ent r="4" t="102" w="185" /><ent r="4" t="102" w="233" /><ent r="3" t="107" w="536" /><ent r="4" t="107" w="551" /><ent r="4" t="107" w="566" /><ent r="3" t="131" w="20" /><ent r="3" t="154" w="19" /><ent r="3" t="155" w="281" /><ent r="3" t="155" w="398" /><ent r="3" t="168" w="177" /><ent r="3" t="169" w="95" /><ent r="3" t="169" w="118" /><ent r="3" t="172" w="96" /><ent r="3" t="176" w="116" /><ent r="3" t="176" w="157" /><ent r="3" t="182" w="817" /><ent r="3" t="192" w="222" /><ent r="3" t="193" w="105" /><ent r="3" t="193" w="224" /><ent r="3" t="195" w="192" /><ent r="4" t="196" w="281" /><ent r="3" t="209" w="14" /><ent r="3" t="211" w="110" /><ent r="3" t="211" w="129" /><ent r="4" t="212" w="335" /><ent r="3" t="220" w="41" /><ent r="4" t="226" w="131" /><ent r="4" t="226" w="142" /></phr><phr n="Any"><ent r="3" t="22" w="47" /><ent r="3" t="119" w="67" /><ent r="4" t="169" w="257" /><ent r="3" t="177" w="1338" /><ent r="4" t="184" w="203" /></phr></stem><stem n="side"><phr n="side"><ent r="3" t="1" w="376" /><ent r="4" t="44" w="308" /><ent r="4" t="65" w="105" /><ent r="4" t="104" w="150" /><ent r="4" t="105" w="92" /><ent r="4" t="106" w="105" /><ent r="4" t="107" w="106" /><ent r="3" t="123" w="60" /><ent r="3" t="123" w="507" /><ent r="3" t="123" w="532" /><ent r="4" t="141" w="316" /><ent r="4" t="141" w="333" /><ent r="4" t="143" w="62" /><ent r="4" t="145" w="101" /><ent r="4" t="146" w="101" /><ent r="4" t="147" w="115" /><ent r="4" t="148" w="110" /><ent r="4" t="149" w="103" /><ent r="4" t="150" w="101" /><ent r="4" t="151" w="97" /><ent r="4" t="152" w="98" /><ent r="4" t="153" w="108" /><ent r="3" t="168" w="106" /><ent r="4" t="169" w="208" /><ent r="4" t="169" w="210" /><ent r="4" t="169" w="223" /><ent r="4" t="169" w="225" /><ent r="4" t="173" w="242" /><ent r="4" t="173" w="244" /><ent r="3" t="174" w="31" /><ent r="3" t="174" w="33" /><ent r="3" t="174" w="294" /><ent r="3" t="174" w="296" /><ent r="4" t="174" w="304" /><ent r="4" t="174" w="306" /><ent r="4" t="174" w="381" /><ent r="4" t="174" w="383" /><ent r="4" t="174" w="401" /><ent r="4" t="174" w="403" /><ent r="4" t="177" w="1402" /><ent r="4" t="177" w="1411" /><ent r="4" t="178" w="1728" /><ent r="4" t="178" w="2152" /><ent r="4" t="178" w="2154" /><ent r="4" t="180" w="891" /><ent r="3" t="180" w="1595" /><ent r="3" t="180" w="1597" /><ent r="4" t="180" w="1639" /><ent r="4" t="180" w="1641" /><ent r="3" t="180" w="1671" /><ent r="3" t="180" w="1673" /><ent r="4" t="184" w="905" /><ent r="4" t="184" w="907" /><ent r="3" t="185" w="841" /><ent r="4" t="224" w="103" /><ent r="4" t="226" w="102" /></phr><phr n="sides"><ent r="3" t="113" w="381" /></phr><phr n="Side"><ent r="3" t="173" w="51" /><ent r="3" t="173" w="53" /><ent r="5" t="173" w="144" /><ent r="5" t="173" w="146" /><ent r="92" t="174" w="286" /><ent r="92" t="174" w="288" /><ent r="3" t="180" w="1062" /><ent r="3" t="180" w="1064" /><ent r="92" t="180" w="1587" /><ent r="92" t="180" w="1589" /></phr></stem><stem n="float"><phr n="float"><ent r="3" t="1" w="385" /><ent r="6" t="240" w="188" /></phr><phr n="floating"><ent r="3" t="166" w="647" /><ent r="7" t="197" w="212" /><ent r="7" t="197" w="220" /><ent r="7" t="197" w="348" /></phr></stem><stem n="anywher"><phr n="anywhere"><ent r="3" t="1" w="386" /><ent r="3" t="1" w="515" /><ent r="3" t="85" w="69" /></phr></stem><stem n="desktop"><phr n="desktop"><ent r="3" t="1" w="389" /><ent r="3" t="19" w="128" /><ent r="3" t="185" w="1284" /><ent r="3" t="186" w="1209" /></phr><phr n="Desktop"><ent r="4" t="186" w="79" /></phr></stem><stem n="even"><phr n="even"><ent r="3" t="1" w="390" /><ent r="3" t="64" w="203" /><ent r="3" t="169" w="52" /><ent r="3" t="180" w="125" /></phr></stem><stem n="outsid"><phr n="outside"><ent r="3" t="1" w="391" /><ent r="3" t="49" w="315" /><ent r="4" t="120" w="88" /><ent r="3" t="181" w="139" /><ent r="3" t="182" w="129" /></phr><phr n="Outside"><ent r="6" t="26" w="482" /><ent r="6" t="26" w="507" /><ent r="5" t="152" w="349" /></phr></stem><stem n="hold"><phr n="hold"><ent r="4" t="1" w="404" /><ent r="3" t="18" w="119" /><ent r="3" t="18" w="218" /><ent r="4" t="60" w="58" /><ent r="3" t="123" w="191" /><ent r="4" t="166" w="1022" /><ent r="4" t="177" w="1695" /><ent r="4" t="177" w="2210" /><ent r="4" t="178" w="1151" /><ent r="4" t="179" w="1044" /><ent r="3" t="185" w="857" /><ent r="3" t="185" w="946" /><ent r="3" t="186" w="823" /><ent r="4" t="206" w="378" /><ent r="4" t="206" w="405" /></phr><phr n="holding"><ent r="4" t="1" w="415" /><ent r="3" t="49" w="341" /><ent r="4" t="124" w="311" /><ent r="4" t="177" w="1015" /><ent r="3" t="178" w="1400" /><ent r="3" t="186" w="921" /></phr><phr n="Hold"><ent r="3" t="64" w="93" /><ent r="4" t="65" w="111" /><ent r="4" t="65" w="123" /><ent r="4" t="65" w="161" /><ent r="4" t="67" w="145" /><ent r="3" t="177" w="959" /><ent r="3" t="177" w="1639" /><ent r="4" t="196" w="269" /></phr></stem><stem n="left"><phr n="left"><ent r="4" t="1" w="406" /><ent r="4" t="2" w="83" /><ent r="6" t="7" w="163" /><ent r="5" t="13" w="57" /><ent r="7" t="39" w="107" /><ent r="4" t="44" w="307" /><ent r="3" t="49" w="353" /><ent r="7" t="59" w="97" /><ent r="7" t="59" w="114" /><ent r="7" t="59" w="160" /><ent r="7" t="59" w="177" /><ent r="4" t="65" w="126" /><ent r="4" t="65" w="164" /><ent r="4" t="67" w="148" /><ent r="4" t="70" w="57" /><ent r="4" t="70" w="239" /><ent r="4" t="81" w="57" /><ent r="4" t="84" w="77" /><ent r="3" t="100" w="141" /><ent r="3" t="100" w="230" /><ent r="4" t="104" w="149" /><ent r="3" t="105" w="41" /><ent r="4" t="105" w="91" /><ent r="4" t="106" w="104" /><ent r="4" t="107" w="105" /><ent r="3" t="113" w="380" /><ent r="3" t="123" w="59" /><ent r="3" t="123" w="506" /><ent r="4" t="126" w="62" /><ent r="3" t="140" w="35" /><ent r="4" t="140" w="92" /><ent r="3" t="140" w="197" /><ent r="3" t="140" w="642" /><ent r="3" t="140" w="704" /><ent r="4" t="141" w="315" /><ent r="4" t="142" w="138" /><ent r="4" t="143" w="61" /><ent r="4" t="145" w="100" /><ent r="4" t="146" w="100" /><ent r="4" t="147" w="114" /><ent r="4" t="148" w="109" /><ent r="4" t="149" w="102" /><ent r="4" t="150" w="100" /><ent r="4" t="151" w="96" /><ent r="4" t="152" w="97" /><ent r="4" t="153" w="107" /><ent r="3" t="156" w="239" /><ent r="3" t="156" w="242" /><ent r="3" t="161" w="147" /><ent r="4" t="166" w="1025" /><ent r="3" t="167" w="57" /><ent r="3" t="177" w="628" /><ent r="4" t="177" w="930" /><ent r="3" t="177" w="962" /><ent r="4" t="177" w="1018" /><ent r="3" t="177" w="1321" /><ent r="3" t="177" w="1641" /><ent r="4" t="177" w="1697" /><ent r="4" t="177" w="1703" /><ent r="4" t="177" w="1831" /><ent r="4" t="177" w="2213" /><ent r="4" t="177" w="2230" /><ent r="4" t="179" w="566" /><ent r="4" t="181" w="975" /><ent r="4" t="182" w="932" /><ent r="4" t="182" w="953" /><ent r="3" t="185" w="838" /><ent r="3" t="185" w="1076" /><ent r="7" t="188" w="93" /><ent r="7" t="188" w="110" /><ent r="7" t="188" w="129" /><ent r="7" t="188" w="146" /><ent r="5" t="223" w="94" /><ent r="4" t="224" w="102" /><ent r="4" t="226" w="101" /><ent r="6" t="227" w="130" /></phr><phr n="Left"><ent r="6" t="3" w="17" /><ent r="6" t="3" w="28" /><ent r="7" t="39" w="74" /><ent r="3" t="47" w="86" /><ent r="3" t="64" w="148" /><ent r="3" t="64" w="182" /><ent r="4" t="106" w="481" /><ent r="4" t="106" w="484" /><ent r="5" t="140" w="117" /><ent r="5" t="140" w="226" /><ent r="4" t="140" w="303" /><ent r="4" t="174" w="327" /></phr></stem><stem n="button"><phr n="button"><ent r="4" t="1" w="408" /><ent r="4" t="1" w="418" /><ent r="4" t="1" w="431" /><ent r="6" t="3" w="18" /><ent r="6" t="3" w="29" /><ent r="6" t="3" w="39" /><ent r="6" t="3" w="66" /><ent r="5" t="3" w="83" /><ent r="6" t="7" w="196" /><ent r="7" t="8" w="93" /><ent r="7" t="8" w="120" /><ent r="7" t="8" w="135" /><ent r="7" t="14" w="113" /><ent r="7" t="14" w="137" /><ent r="7" t="14" w="151" /><ent r="3" t="18" w="65" /><ent r="3" t="18" w="169" /><ent r="4" t="18" w="188" /><ent r="4" t="20" w="301" /><ent r="4" t="21" w="270" /><ent r="4" t="21" w="428" /><ent r="4" t="21" w="439" /><ent r="4" t="21" w="484" /><ent r="4" t="21" w="522" /><ent r="3" t="23" w="112" /><ent r="3" t="24" w="100" /><ent r="4" t="24" w="127" /><ent r="4" t="26" w="185" /><ent r="4" t="26" w="276" /><ent r="4" t="26" w="293" /><ent r="3" t="27" w="111" /><ent r="4" t="27" w="151" /><ent r="4" t="29" w="96" /><ent r="4" t="29" w="115" /><ent r="3" t="30" w="85" /><ent r="4" t="30" w="92" /><ent r="3" t="31" w="38" /><ent r="3" t="32" w="128" /><ent r="4" t="32" w="190" /><ent r="3" t="35" w="52" /><ent r="3" t="37" w="22" /><ent r="4" t="37" w="67" /><ent r="3" t="37" w="142" /><ent r="3" t="38" w="30" /><ent r="3" t="38" w="141" /><ent r="3" t="39" w="59" /><ent r="3" t="40" w="71" /><ent r="3" t="41" w="33" /><ent r="3" t="42" w="13" /><ent r="4" t="42" w="45" /><ent r="4" t="43" w="79" /><ent r="4" t="43" w="103" /><ent r="3" t="43" w="184" /><ent r="3" t="43" w="212" /><ent r="3" t="44" w="91" /><ent r="4" t="44" w="222" /><ent r="4" t="44" w="239" /><ent r="4" t="44" w="250" /><ent r="4" t="44" w="480" /><ent r="4" t="44" w="592" /><ent r="3" t="46" w="62" /><ent r="3" t="47" w="66" /><ent r="3" t="48" w="109" /><ent r="4" t="48" w="316" /><ent r="3" t="49" w="157" /><ent r="3" t="49" w="295" /><ent r="3" t="49" w="355" /><ent r="3" t="49" w="400" /><ent r="4" t="50" w="262" /><ent r="4" t="50" w="265" /><ent r="4" t="50" w="275" /><ent r="3" t="51" w="84" /><ent r="4" t="51" w="115" /><ent r="3" t="51" w="122" /><ent r="3" t="52" w="73" /><ent r="3" t="52" w="80" /><ent r="3" t="56" w="13" /><ent r="3" t="56" w="47" /><ent r="3" t="56" w="74" /><ent r="4" t="58" w="243" /><ent r="7" t="59" w="99" /><ent r="7" t="59" w="116" /><ent r="7" t="59" w="162" /><ent r="7" t="59" w="179" /><ent r="4" t="60" w="40" /><ent r="4" t="61" w="37" /><ent r="3" t="62" w="134" /><ent r="4" t="62" w="198" /><ent r="3" t="62" w="216" /><ent r="3" t="62" w="232" /><ent r="3" t="64" w="72" /><ent r="3" t="64" w="108" /><ent r="4" t="65" w="128" /><ent r="4" t="65" w="141" /><ent r="4" t="65" w="166" /><ent r="4" t="65" w="179" /><ent r="4" t="67" w="82" /><ent r="4" t="67" w="150" /><ent r="4" t="67" w="164" /><ent r="4" t="67" w="281" /><ent r="4" t="67" w="285" /><ent r="4" t="67" w="290" /><ent r="3" t="69" w="126" /><ent r="3" t="69" w="141" /><ent r="3" t="70" w="100" /><ent r="4" t="70" w="105" /><ent r="4" t="70" w="131" /><ent r="4" t="70" w="164" /><ent r="4" t="70" w="171" /><ent r="4" t="70" w="213" /><ent r="4" t="70" w="292" /><ent r="4" t="72" w="119" /><ent r="3" t="74" w="82" /><ent r="4" t="74" w="126" /><ent r="4" t="74" w="139" /><ent r="4" t="74" w="172" /><ent r="4" t="74" w="195" /><ent r="4" t="74" w="215" /><ent r="3" t="74" w="307" /><ent r="3" t="74" w="335" /><ent r="4" t="77" w="73" /><ent r="4" t="78" w="122" /><ent r="4" t="80" w="146" /><ent r="4" t="80" w="223" /><ent r="4" t="80" w="242" /><ent r="4" t="81" w="289" /><ent r="4" t="81" w="302" /><ent r="4" t="81" w="309" /><ent r="3" t="81" w="329" /><ent r="3" t="81" w="533" /><ent r="3" t="83" w="113" /><ent r="4" t="83" w="230" /><ent r="4" t="83" w="264" /><ent r="4" t="83" w="312" /><ent r="4" t="84" w="79" /><ent r="4" t="84" w="98" /><ent r="3" t="87" w="86" /><ent r="4" t="95" w="139" /><ent r="4" t="95" w="263" /><ent r="3" t="96" w="167" /><ent r="4" t="96" w="243" /><ent r="3" t="96" w="259" /><ent r="3" t="96" w="271" /><ent r="3" t="96" w="313" /><ent r="3" t="96" w="325" /><ent r="4" t="98" w="185" /><ent r="4" t="99" w="192" /><ent r="3" t="100" w="187" /><ent r="3" t="100" w="226" /><ent r="3" t="100" w="244" /><ent r="3" t="101" w="120" /><ent r="4" t="102" w="197" /><ent r="4" t="102" w="206" /><ent r="4" t="102" w="244" /><ent r="4" t="102" w="253" /><ent r="4" t="108" w="296" /><ent r="3" t="109" w="155" /><ent r="3" t="115" w="200" /><ent r="3" t="115" w="217" /><ent r="3" t="115" w="241" /><ent r="3" t="116" w="100" /><ent r="4" t="116" w="120" /><ent r="4" t="117" w="38" /><ent r="4" t="117" w="105" /><ent r="3" t="118" w="61" /><ent r="4" t="118" w="137" /><ent r="3" t="123" w="575" /><ent r="3" t="123" w="602" /><ent r="4" t="124" w="365" /><ent r="4" t="124" w="394" /><ent r="4" t="125" w="49" /><ent r="4" t="126" w="64" /><ent r="4" t="126" w="82" /><ent r="3" t="126" w="176" /><ent r="4" t="129" w="159" /><ent r="3" t="136" w="29" /><ent r="3" t="136" w="78" /><ent r="3" t="136" w="84" /><ent r="4" t="140" w="112" /><ent r="4" t="140" w="156" /><ent r="3" t="140" w="337" /><ent r="4" t="140" w="374" /><ent r="4" t="140" w="457" /><ent r="3" t="140" w="493" /><ent r="3" t="140" w="593" /><ent r="3" t="140" w="667" /><ent r="4" t="141" w="380" /><ent r="4" t="141" w="436" /><ent r="3" t="141" w="615" /><ent r="3" t="141" w="671" /><ent r="4" t="142" w="276" /><ent r="3" t="142" w="298" /><ent r="3" t="154" w="90" /><ent r="4" t="154" w="335" /><ent r="3" t="154" w="349" /><ent r="3" t="154" w="364" /><ent r="5" t="155" w="138" /><ent r="3" t="155" w="157" /><ent r="3" t="155" w="173" /><ent r="4" t="156" w="173" /><ent r="3" t="156" w="191" /><ent r="3" t="156" w="207" /><ent r="5" t="157" w="177" /><ent r="3" t="157" w="195" /><ent r="3" t="157" w="211" /><ent r="6" t="158" w="75" /><ent r="3" t="158" w="94" /><ent r="3" t="158" w="110" /><ent r="3" t="158" w="209" /><ent r="3" t="158" w="246" /><ent r="4" t="159" w="94" /><ent r="3" t="159" w="112" /><ent r="3" t="159" w="128" /><ent r="4" t="160" w="117" /><ent r="3" t="160" w="215" /><ent r="4" t="160" w="249" /><ent r="3" t="160" w="267" /><ent r="3" t="160" w="283" /><ent r="4" t="161" w="106" /><ent r="3" t="161" w="178" /><ent r="3" t="161" w="196" /><ent r="3" t="161" w="212" /><ent r="4" t="162" w="112" /><ent r="3" t="162" w="130" /><ent r="3" t="162" w="146" /><ent r="3" t="163" w="156" /><ent r="4" t="163" w="208" /><ent r="3" t="163" w="226" /><ent r="3" t="163" w="242" /><ent r="4" t="164" w="161" /><ent r="3" t="164" w="179" /><ent r="3" t="164" w="195" /><ent r="3" t="164" w="735" /><ent r="3" t="165" w="172" /><ent r="3" t="166" w="364" /><ent r="3" t="166" w="751" /><ent r="3" t="166" w="830" /><ent r="3" t="166" w="841" /><ent r="3" t="166" w="853" /><ent r="3" t="167" w="86" /><ent r="3" t="167" w="107" /><ent r="3" t="167" w="165" /><ent r="3" t="167" w="182" /><ent r="4" t="167" w="244" /><ent r="4" t="167" w="260" /><ent r="4" t="167" w="291" /><ent r="4" t="167" w="307" /><ent r="4" t="167" w="338" /><ent r="3" t="168" w="191" /><ent r="4" t="168" w="272" /><ent r="3" t="168" w="285" /><ent r="3" t="168" w="298" /><ent r="3" t="168" w="312" /><ent r="4" t="170" w="139" /><ent r="4" t="170" w="310" /><ent r="4" t="171" w="86" /><ent r="4" t="171" w="189" /><ent r="4" t="171" w="243" /><ent r="4" t="171" w="290" /><ent r="3" t="172" w="104" /><ent r="4" t="172" w="144" /><ent r="4" t="173" w="305" /><ent r="4" t="173" w="331" /><ent r="4" t="174" w="226" /><ent r="4" t="174" w="233" /><ent r="4" t="174" w="243" /><ent r="4" t="174" w="266" /><ent r="4" t="177" w="575" /><ent r="4" t="177" w="587" /><ent r="3" t="177" w="619" /><ent r="3" t="177" w="630" /><ent r="3" t="177" w="653" /><ent r="3" t="177" w="769" /><ent r="4" t="177" w="845" /><ent r="4" t="177" w="850" /><ent r="3" t="177" w="874" /><ent r="4" t="177" w="890" /><ent r="4" t="177" w="897" /><ent r="4" t="177" w="932" /><ent r="4" t="177" w="941" /><ent r="3" t="177" w="964" /><ent r="4" t="177" w="984" /><ent r="4" t="177" w="1005" /><ent r="4" t="177" w="1020" /><ent r="4" t="177" w="1062" /><ent r="4" t="177" w="1151" /><ent r="3" t="177" w="1180" /><ent r="3" t="177" w="1643" /><ent r="3" t="177" w="1658" /><ent r="4" t="177" w="1699" /><ent r="4" t="177" w="1866" /><ent r="3" t="177" w="2010" /><ent r="4" t="177" w="2152" /><ent r="3" t="177" w="2178" /><ent r="4" t="177" w="2202" /><ent r="4" t="177" w="2215" /><ent r="4" t="177" w="2232" /><ent r="4" t="177" w="2270" /><ent r="4" t="177" w="2289" /><ent r="4" t="177" w="2310" /><ent r="4" t="177" w="2369" /><ent r="6" t="178" w="757" /><ent r="3" t="178" w="1002" /><ent r="4" t="178" w="1105" /><ent r="3" t="178" w="1175" /><ent r="5" t="178" w="1182" /><ent r="3" t="178" w="1190" /><ent r="3" t="178" w="1236" /><ent r="4" t="178" w="1262" /><ent r="4" t="178" w="1581" /><ent r="6" t="178" w="1587" /><ent r="6" t="178" w="1623" /><ent r="4" t="178" w="1710" /><ent r="4" t="178" w="1880" /><ent r="4" t="178" w="1909" /><ent r="4" t="178" w="1932" /><ent r="4" t="178" w="1937" /><ent r="4" t="178" w="1944" /><ent r="4" t="178" w="1956" /><ent r="4" t="178" w="1986" /><ent r="6" t="178" w="2007" /><ent r="4" t="178" w="2185" /><ent r="4" t="178" w="2204" /><ent r="6" t="178" w="2237" /><ent r="5" t="178" w="2357" /><ent r="6" t="178" w="2385" /><ent r="4" t="178" w="2637" /><ent r="3" t="178" w="2654" /><ent r="4" t="178" w="2662" /><ent r="4" t="178" w="2739" /><ent r="4" t="178" w="2851" /><ent r="3" t="178" w="2869" /><ent r="4" t="178" w="2933" /><ent r="3" t="179" w="424" /><ent r="4" t="179" w="470" /><ent r="4" t="179" w="492" /><ent r="4" t="179" w="510" /><ent r="4" t="179" w="519" /><ent r="4" t="179" w="592" /><ent r="4" t="179" w="602" /><ent r="4" t="179" w="628" /><ent r="4" t="179" w="646" /><ent r="4" t="179" w="718" /><ent r="4" t="179" w="938" /><ent r="4" t="179" w="974" /><ent r="4" t="179" w="1051" /><ent r="4" t="179" w="1473" /><ent r="4" t="180" w="394" /><ent r="4" t="180" w="418" /><ent r="4" t="180" w="485" /><ent r="4" t="180" w="790" /><ent r="3" t="180" w="971" /><ent r="4" t="180" w="1018" /><ent r="4" t="180" w="1176" /><ent r="4" t="180" w="1233" /><ent r="4" t="180" w="1272" /><ent r="4" t="180" w="1432" /><ent r="4" t="180" w="1446" /><ent r="4" t="180" w="1471" /><ent r="4" t="180" w="1489" /><ent r="3" t="180" w="1503" /><ent r="3" t="180" w="1584" /><ent r="4" t="181" w="658" /><ent r="3" t="181" w="732" /><ent r="4" t="181" w="814" /><ent r="6" t="181" w="832" /><ent r="6" t="181" w="892" /><ent r="4" t="181" w="905" /><ent r="4" t="181" w="997" /><ent r="6" t="182" w="652" /><ent r="4" t="182" w="748" /><ent r="4" t="182" w="923" /><ent r="4" t="182" w="934" /><ent r="4" t="182" w="955" /><ent r="4" t="182" w="1029" /><ent r="3" t="182" w="1086" /><ent r="4" t="182" w="1107" /><ent r="4" t="182" w="1124" /><ent r="6" t="182" w="1138" /><ent r="4" t="182" w="1145" /><ent r="4" t="182" w="1171" /><ent r="3" t="182" w="1228" /><ent r="4" t="183" w="307" /><ent r="4" t="183" w="333" /><ent r="4" t="183" w="412" /><ent r="4" t="183" w="450" /><ent r="4" t="183" w="480" /><ent r="4" t="184" w="549" /><ent r="3" t="184" w="583" /><ent r="3" t="184" w="611" /><ent r="3" t="184" w="649" /><ent r="4" t="184" w="694" /><ent r="4" t="184" w="877" /><ent r="4" t="184" w="996" /><ent r="3" t="184" w="1016" /><ent r="3" t="184" w="1058" /><ent r="4" t="184" w="1114" /><ent r="4" t="184" w="1145" /><ent r="3" t="184" w="1176" /><ent r="4" t="185" w="674" /><ent r="4" t="185" w="762" /><ent r="3" t="185" w="1078" /><ent r="3" t="185" w="1089" /><ent r="6" t="185" w="1210" /><ent r="4" t="185" w="1238" /><ent r="4" t="185" w="1256" /><ent r="4" t="185" w="1341" /><ent r="4" t="185" w="1782" /><ent r="4" t="186" w="490" /><ent r="3" t="186" w="710" /><ent r="3" t="186" w="868" /><ent r="3" t="186" w="887" /><ent r="3" t="186" w="1171" /><ent r="6" t="186" w="1557" /><ent r="4" t="187" w="88" /><ent r="4" t="187" w="143" /><ent r="7" t="188" w="95" /><ent r="7" t="188" w="112" /><ent r="7" t="188" w="131" /><ent r="7" t="188" w="148" /><ent r="3" t="193" w="325" /><ent r="3" t="193" w="345" /><ent r="3" t="193" w="356" /><ent r="3" t="193" w="367" /><ent r="3" t="193" w="383" /><ent r="3" t="193" w="458" /><ent r="4" t="193" w="506" /><ent r="4" t="193" w="564" /><ent r="3" t="193" w="640" /><ent r="3" t="193" w="641" /><ent r="3" t="193" w="668" /><ent r="4" t="193" w="701" /><ent r="3" t="193" w="780" /><ent r="3" t="196" w="199" /><ent r="3" t="196" w="214" /><ent r="4" t="196" w="288" /><ent r="4" t="196" w="297" /><ent r="4" t="196" w="385" /><ent r="4" t="198" w="121" /><ent r="3" t="206" w="159" /><ent r="3" t="207" w="142" /><ent r="3" t="207" w="162" /><ent r="3" t="207" w="173" /><ent r="3" t="207" w="184" /><ent r="3" t="207" w="200" /><ent r="3" t="210" w="48" /><ent r="3" t="210" w="65" /><ent r="3" t="211" w="70" /><ent r="3" t="211" w="90" /><ent r="3" t="212" w="126" /><ent r="4" t="212" w="207" /><ent r="4" t="212" w="224" /><ent r="3" t="213" w="57" /><ent r="4" t="213" w="138" /><ent r="4" t="213" w="155" /><ent r="4" t="214" w="97" /><ent r="4" t="214" w="114" /><ent r="3" t="215" w="55" /><ent r="4" t="215" w="136" /><ent r="4" t="215" w="153" /><ent r="4" t="216" w="54" /><ent r="4" t="216" w="109" /><ent r="3" t="216" w="142" /><ent r="4" t="216" w="190" /><ent r="4" t="216" w="270" /><ent r="3" t="217" w="87" /><ent r="3" t="217" w="90" /><ent r="4" t="218" w="55" /><ent r="4" t="218" w="58" /><ent r="4" t="218" w="68" /><ent r="3" t="219" w="92" /><ent r="3" t="219" w="95" /><ent r="4" t="220" w="73" /><ent r="4" t="220" w="76" /><ent r="4" t="220" w="118" /><ent r="4" t="221" w="85" /><ent r="4" t="221" w="88" /><ent r="4" t="221" w="213" /><ent r="4" t="222" w="58" /><ent r="4" t="222" w="61" /><ent r="4" t="222" w="71" /><ent r="3" t="224" w="138" /><ent r="4" t="224" w="199" /><ent r="4" t="224" w="249" /><ent r="4" t="225" w="199" /><ent r="4" t="228" w="54" /><ent r="4" t="228" w="91" /><ent r="4" t="228" w="104" /><ent r="4" t="228" w="189" /><ent r="4" t="228" w="195" /><ent r="4" t="228" w="201" /><ent r="4" t="228" w="208" /><ent r="4" t="228" w="229" /><ent r="4" t="228" w="271" /><ent r="4" t="228" w="277" /><ent r="4" t="228" w="283" /><ent r="4" t="228" w="296" /><ent r="4" t="228" w="339" /><ent r="4" t="228" w="345" /><ent r="4" t="228" w="351" /><ent r="4" t="228" w="358" /><ent r="4" t="229" w="43" /><ent r="4" t="229" w="114" /><ent r="4" t="229" w="143" /><ent r="4" t="229" w="155" /><ent r="3" t="229" w="183" /><ent r="4" t="229" w="219" /><ent r="4" t="234" w="85" /><ent r="3" t="234" w="97" /><ent r="6" t="240" w="239" /><ent r="6" t="240" w="670" /></phr><phr n="buttons"><ent r="3" t="1" w="597" /><ent r="3" t="26" w="325" /><ent r="3" t="38" w="53" /><ent r="3" t="74" w="228" /><ent r="3" t="109" w="118" /><ent r="4" t="141" w="487" /><ent r="4" t="141" w="532" /><ent r="3" t="210" w="97" /><ent r="3" t="212" w="256" /><ent r="3" t="213" w="187" /><ent r="3" t="214" w="146" /><ent r="3" t="215" w="185" /></phr><phr n="Button"><ent r="7" t="5" w="13" /><ent r="7" t="6" w="13" /><ent r="6" t="7" w="13" /><ent r="7" t="8" w="48" /><ent r="7" t="9" w="13" /><ent r="6" t="10" w="58" /><ent r="7" t="11" w="89" /><ent r="7" t="12" w="16" /><ent r="7" t="13" w="46" /><ent r="6" t="14" w="79" /><ent r="6" t="38" w="60" /><ent r="6" t="39" w="67" /><ent r="6" t="114" w="17" /><ent r="82" t="196" w="194" /><ent r="82" t="196" w="209" /><ent r="6" t="236" w="62" /><ent r="6" t="237" w="68" /><ent r="6" t="238" w="65" /><ent r="6" t="239" w="53" /></phr></stem><stem n="handl"><phr n="handle"><ent r="4" t="1" w="412" /><ent r="4" t="65" w="116" /><ent r="4" t="65" w="132" /><ent r="3" t="185" w="199" /></phr><phr n="handles"><ent r="4" t="65" w="95" /><ent r="4" t="126" w="143" /></phr></stem><stem n="continu"><phr n="Continue"><ent r="4" t="1" w="414" /><ent r="5" t="177" w="2268" /></phr><phr n="continue"><ent r="4" t="48" w="307" /><ent r="3" t="108" w="393" /><ent r="3" t="166" w="836" /><ent r="3" t="166" w="848" /><ent r="4" t="166" w="1047" /><ent r="4" t="174" w="376" /></phr><phr n="continuously"><ent r="4" t="166" w="1009" /></phr><phr n="continues"><ent r="6" t="189" w="76" /></phr></stem><stem n="desir"><phr n="desired"><ent r="4" t="1" w="425" /><ent r="4" t="18" w="143" /><ent r="3" t="18" w="165" /><ent r="4" t="21" w="266" /><ent r="4" t="108" w="432" /><ent r="4" t="141" w="247" /><ent r="4" t="166" w="1005" /><ent r="4" t="171" w="229" /><ent r="4" t="173" w="76" /><ent r="4" t="174" w="159" /><ent r="4" t="180" w="1420" /><ent r="4" t="180" w="1656" /><ent r="3" t="181" w="1015" /><ent r="4" t="187" w="124" /><ent r="3" t="193" w="284" /><ent r="4" t="193" w="425" /><ent r="4" t="193" w="574" /><ent r="4" t="193" w="706" /><ent r="3" t="207" w="101" /></phr></stem><stem n="locat"><phr n="location"><ent r="4" t="1" w="426" /><ent r="4" t="26" w="543" /><ent r="4" t="49" w="191" /><ent r="4" t="49" w="446" /><ent r="4" t="68" w="72" /><ent r="3" t="81" w="186" /><ent r="4" t="81" w="275" /><ent r="4" t="81" w="282" /><ent r="4" t="81" w="296" /><ent r="4" t="99" w="182" /><ent r="3" t="106" w="434" /><ent r="4" t="106" w="470" /><ent r="3" t="113" w="481" /><ent r="4" t="115" w="111" /><ent r="4" t="117" w="59" /><ent r="3" t="117" w="134" /><ent r="3" t="117" w="149" /><ent r="3" t="117" w="180" /><ent r="4" t="118" w="82" /><ent r="3" t="118" w="123" /><ent r="100" t="121" w="6" /><ent r="100" t="121" w="11" /><ent r="4" t="121" w="80" /><ent r="4" t="121" w="238" /><ent r="4" t="121" w="379" /><ent r="4" t="121" w="518" /><ent r="4" t="129" w="151" /><ent r="4" t="129" w="169" /><ent r="4" t="149" w="160" /><ent r="3" t="155" w="260" /><ent r="3" t="156" w="221" /><ent r="3" t="156" w="224" /><ent r="4" t="166" w="817" /><ent r="3" t="168" w="43" /><ent r="4" t="173" w="77" /><ent r="3" t="177" w="705" /><ent r="4" t="177" w="907" /><ent r="4" t="177" w="922" /><ent r="4" t="177" w="2142" /><ent r="3" t="178" w="348" /><ent r="4" t="178" w="2421" /><ent r="4" t="179" w="812" /><ent r="3" t="180" w="839" /><ent r="4" t="185" w="71" /><ent r="3" t="185" w="484" /><ent r="3" t="185" w="532" /><ent r="3" t="185" w="685" /><ent r="4" t="185" w="772" /><ent r="3" t="185" w="1397" /><ent r="3" t="185" w="1426" /><ent r="4" t="185" w="1465" /><ent r="3" t="185" w="1637" /><ent r="3" t="185" w="1695" /><ent r="4" t="185" w="1746" /><ent r="4" t="185" w="1757" /><ent r="4" t="185" w="1845" /><ent r="3" t="186" w="1472" /><ent r="3" t="186" w="1585" /><ent r="3" t="186" w="1599" /><ent r="3" t="208" w="24" /><ent r="6" t="227" w="118" /><ent r="100" t="232" w="4" /><ent r="3" t="235" w="331" /><ent r="3" t="235" w="345" /><ent r="3" t="235" w="373" /></phr><phr n="Location"><ent r="7" t="13" w="148" /><ent r="68" t="13" w="170" /><ent r="4" t="81" w="285" /><ent r="5" t="106" w="460" /><ent r="64" t="113" w="497" /><ent r="4" t="115" w="105" /><ent r="65" t="115" w="132" /><ent r="64" t="117" w="139" /><ent r="1000" t="121" w="3" /><ent r="102" t="121" w="15" /><ent r="3" t="121" w="19" /><ent r="5" t="121" w="243" /><ent r="5" t="121" w="384" /><ent r="5" t="121" w="523" /><ent r="4" t="129" w="130" /><ent r="4" t="154" w="203" /><ent r="92" t="185" w="1389" /><ent r="3" t="185" w="1405" /><ent r="3" t="185" w="1579" /><ent r="3" t="185" w="1604" /><ent r="3" t="185" w="1626" /><ent r="3" t="185" w="1647" /><ent r="3" t="185" w="1667" /><ent r="92" t="206" w="221" /><ent r="3" t="206" w="264" /><ent r="3" t="206" w="326" /><ent r="4" t="206" w="337" /><ent r="1000" t="232" w="1" /><ent r="102" t="232" w="7" /><ent r="3" t="232" w="18" /><ent r="6" t="240" w="331" /></phr><phr n="located"><ent r="4" t="70" w="151" /><ent r="3" t="73" w="76" /><ent r="3" t="73" w="92" /><ent r="3" t="105" w="37" /><ent r="3" t="121" w="212" /><ent r="3" t="123" w="503" /><ent r="3" t="123" w="528" /><ent r="4" t="187" w="90" /></phr><phr n="Locations"><ent r="65" t="81" w="74" /><ent r="92" t="81" w="125" /><ent r="3" t="81" w="129" /><ent r="4" t="118" w="98" /><ent r="5" t="129" w="123" /></phr><phr n="locations"><ent r="3" t="81" w="134" /><ent r="3" t="119" w="111" /><ent r="3" t="185" w="1570" /><ent r="3" t="235" w="385" /></phr><phr n="locator"><ent r="4" t="171" w="125" /></phr></stem></index>