﻿<?xml version="1.0" encoding="utf-8"?><index><stem n="onlin"><phr n="online"><ent r="54" t="0" w="110" /><ent r="7" t="5" w="283" /></phr></stem><stem n="tutori"><phr n="Tutorials"><ent r="115" t="0" w="112" /><ent r="1000" t="176" w="1" /><ent r="102" t="176" w="3" /><ent r="92" t="176" w="306" /></phr><phr n="Tutorial"><ent r="64" t="21" w="531" /><ent r="64" t="176" w="318" /><ent r="64" t="176" w="324" /><ent r="64" t="176" w="339" /><ent r="64" t="176" w="352" /><ent r="64" t="176" w="360" /><ent r="64" t="176" w="366" /><ent r="64" t="176" w="371" /><ent r="64" t="176" w="380" /><ent r="64" t="176" w="384" /><ent r="64" t="176" w="388" /><ent r="1000" t="177" w="1" /><ent r="103" t="177" w="12" /><ent r="1000" t="178" w="1" /><ent r="102" t="178" w="20" /><ent r="1000" t="179" w="1" /><ent r="102" t="179" w="11" /><ent r="1000" t="180" w="1" /><ent r="102" t="180" w="18" /><ent r="1000" t="181" w="1" /><ent r="102" t="181" w="10" /><ent r="1000" t="182" w="1" /><ent r="102" t="182" w="14" /><ent r="1000" t="183" w="1" /><ent r="102" t="183" w="16" /><ent r="1000" t="184" w="1" /><ent r="103" t="184" w="10" /><ent r="1000" t="185" w="1" /><ent r="102" t="185" w="10" /><ent r="1000" t="186" w="1" /><ent r="103" t="186" w="14" /><ent r="64" t="186" w="56" /><ent r="65" t="186" w="475" /><ent r="6" t="186" w="1412" /></phr><phr n="tutorials"><ent r="100" t="176" w="5" /><ent r="3" t="176" w="12" /><ent r="3" t="176" w="14" /><ent r="3" t="176" w="22" /><ent r="3" t="176" w="39" /><ent r="3" t="176" w="77" /><ent r="3" t="176" w="220" /><ent r="7" t="176" w="276" /><ent r="100" t="177" w="18" /><ent r="7" t="177" w="493" /><ent r="100" t="178" w="18" /><ent r="100" t="178" w="35" /><ent r="7" t="178" w="643" /><ent r="100" t="179" w="24" /><ent r="7" t="179" w="355" /><ent r="100" t="180" w="16" /><ent r="100" t="180" w="26" /><ent r="7" t="180" w="318" /><ent r="100" t="181" w="16" /><ent r="7" t="181" w="593" /><ent r="100" t="182" w="19" /><ent r="7" t="182" w="578" /><ent r="7" t="183" w="202" /><ent r="100" t="184" w="16" /><ent r="7" t="184" w="469" /><ent r="100" t="185" w="8" /><ent r="100" t="185" w="14" /><ent r="7" t="185" w="390" /><ent r="100" t="186" w="12" /><ent r="100" t="186" w="22" /><ent r="7" t="186" w="380" /></phr><phr n="tutorial"><ent r="7" t="176" w="291" /><ent r="3" t="176" w="316" /><ent r="3" t="177" w="27" /><ent r="3" t="177" w="44" /><ent r="3" t="177" w="316" /><ent r="7" t="177" w="508" /><ent r="4" t="177" w="2279" /><ent r="3" t="178" w="47" /><ent r="3" t="178" w="83" /><ent r="3" t="178" w="461" /><ent r="7" t="178" w="658" /><ent r="3" t="179" w="37" /><ent r="3" t="179" w="69" /><ent r="3" t="179" w="182" /><ent r="7" t="179" w="370" /><ent r="3" t="180" w="35" /><ent r="3" t="180" w="67" /><ent r="3" t="180" w="142" /><ent r="7" t="180" w="333" /><ent r="3" t="180" w="765" /><ent r="3" t="181" w="25" /><ent r="3" t="181" w="39" /><ent r="3" t="181" w="420" /><ent r="7" t="181" w="608" /><ent r="3" t="182" w="28" /><ent r="3" t="182" w="42" /><ent r="3" t="182" w="406" /><ent r="7" t="182" w="593" /><ent r="3" t="183" w="32" /><ent r="3" t="183" w="56" /><ent r="7" t="183" w="217" /><ent r="3" t="184" w="25" /><ent r="3" t="184" w="41" /><ent r="4" t="184" w="291" /><ent r="3" t="184" w="297" /><ent r="7" t="184" w="484" /><ent r="3" t="185" w="23" /><ent r="3" t="185" w="44" /><ent r="3" t="185" w="305" /><ent r="7" t="185" w="405" /><ent r="3" t="186" w="31" /><ent r="3" t="186" w="63" /><ent r="4" t="186" w="212" /><ent r="7" t="186" w="395" /><ent r="4" t="186" w="473" /></phr></stem><stem n="toolbar"><phr n="toolbars"><ent r="100" t="1" w="20" /><ent r="3" t="1" w="57" /><ent r="3" t="1" w="60" /><ent r="3" t="1" w="66" /><ent r="3" t="1" w="188" /><ent r="3" t="1" w="211" /><ent r="3" t="1" w="273" /><ent r="4" t="1" w="292" /><ent r="4" t="1" w="296" /><ent r="4" t="1" w="340" /><ent r="4" t="1" w="344" /><ent r="3" t="1" w="366" /><ent r="3" t="1" w="437" /><ent r="3" t="1" w="501" /><ent r="100" t="4" w="3" /><ent r="3" t="4" w="8" /><ent r="3" t="4" w="88" /><ent r="100" t="4" w="114" /><ent r="3" t="4" w="128" /><ent r="4" t="4" w="147" /><ent r="4" t="4" w="151" /><ent r="4" t="4" w="197" /><ent r="4" t="4" w="201" /><ent r="100" t="5" w="7" /><ent r="100" t="6" w="7" /><ent r="100" t="7" w="7" /><ent r="100" t="8" w="7" /><ent r="100" t="9" w="7" /><ent r="100" t="10" w="9" /><ent r="100" t="11" w="7" /><ent r="100" t="12" w="10" /><ent r="100" t="13" w="7" /><ent r="100" t="14" w="4" /><ent r="100" t="15" w="7" /><ent r="3" t="38" w="36" /><ent r="3" t="77" w="142" /><ent r="4" t="77" w="296" /><ent r="100" t="113" w="11" /><ent r="100" t="114" w="5" /><ent r="4" t="115" w="124" /><ent r="3" t="121" w="94" /><ent r="3" t="121" w="612" /><ent r="3" t="177" w="339" /><ent r="4" t="177" w="358" /><ent r="4" t="177" w="362" /><ent r="4" t="177" w="408" /><ent r="4" t="177" w="412" /><ent r="3" t="178" w="489" /><ent r="4" t="178" w="508" /><ent r="4" t="178" w="512" /><ent r="4" t="178" w="558" /><ent r="4" t="178" w="562" /><ent r="4" t="178" w="1695" /><ent r="3" t="179" w="201" /><ent r="4" t="179" w="220" /><ent r="4" t="179" w="224" /><ent r="4" t="179" w="270" /><ent r="4" t="179" w="274" /><ent r="3" t="180" w="164" /><ent r="4" t="180" w="183" /><ent r="4" t="180" w="187" /><ent r="4" t="180" w="233" /><ent r="4" t="180" w="237" /><ent r="3" t="181" w="439" /><ent r="4" t="181" w="458" /><ent r="4" t="181" w="462" /><ent r="4" t="181" w="508" /><ent r="4" t="181" w="512" /><ent r="3" t="182" w="424" /><ent r="4" t="182" w="443" /><ent r="4" t="182" w="447" /><ent r="4" t="182" w="493" /><ent r="4" t="182" w="497" /><ent r="3" t="184" w="315" /><ent r="4" t="184" w="334" /><ent r="4" t="184" w="338" /><ent r="4" t="184" w="384" /><ent r="4" t="184" w="388" /><ent r="3" t="185" w="336" /><ent r="3" t="185" w="340" /><ent r="3" t="186" w="226" /><ent r="4" t="186" w="245" /><ent r="4" t="186" w="249" /><ent r="4" t="186" w="295" /><ent r="4" t="186" w="299" /></phr><phr n="toolbar"><ent r="3" t="1" w="113" /><ent r="3" t="1" w="205" /><ent r="4" t="1" w="306" /><ent r="4" t="1" w="325" /><ent r="4" t="1" w="354" /><ent r="3" t="1" w="400" /><ent r="4" t="1" w="411" /><ent r="4" t="1" w="422" /><ent r="3" t="1" w="596" /><ent r="3" t="4" w="65" /><ent r="3" t="4" w="82" /><ent r="4" t="4" w="161" /><ent r="4" t="4" w="180" /><ent r="4" t="4" w="211" /><ent r="100" t="9" w="5" /><ent r="3" t="11" w="72" /><ent r="5" t="13" w="60" /><ent r="6" t="13" w="206" /><ent r="3" t="14" w="71" /><ent r="3" t="17" w="14" /><ent r="65" t="21" w="473" /><ent r="4" t="54" w="85" /><ent r="3" t="69" w="55" /><ent r="3" t="84" w="21" /><ent r="5" t="91" w="181" /><ent r="3" t="100" w="248" /><ent r="3" t="102" w="145" /><ent r="4" t="106" w="236" /><ent r="100" t="113" w="228" /><ent r="3" t="113" w="237" /><ent r="3" t="113" w="254" /><ent r="100" t="114" w="11" /><ent r="3" t="119" w="102" /><ent r="4" t="121" w="70" /><ent r="3" t="121" w="466" /><ent r="3" t="121" w="473" /><ent r="3" t="121" w="477" /><ent r="3" t="121" w="480" /><ent r="3" t="121" w="495" /><ent r="3" t="121" w="501" /><ent r="3" t="121" w="606" /><ent r="3" t="167" w="40" /><ent r="4" t="177" w="372" /><ent r="4" t="177" w="391" /><ent r="4" t="177" w="422" /><ent r="4" t="177" w="456" /><ent r="3" t="177" w="1791" /><ent r="4" t="177" w="1834" /><ent r="4" t="177" w="1942" /><ent r="3" t="178" w="61" /><ent r="4" t="178" w="522" /><ent r="4" t="178" w="541" /><ent r="4" t="178" w="572" /><ent r="4" t="178" w="606" /><ent r="4" t="178" w="740" /><ent r="4" t="179" w="234" /><ent r="4" t="179" w="253" /><ent r="4" t="179" w="284" /><ent r="4" t="179" w="318" /><ent r="4" t="180" w="197" /><ent r="4" t="180" w="216" /><ent r="4" t="180" w="247" /><ent r="4" t="180" w="281" /><ent r="4" t="181" w="472" /><ent r="4" t="181" w="491" /><ent r="4" t="181" w="522" /><ent r="4" t="181" w="556" /><ent r="4" t="181" w="688" /><ent r="4" t="181" w="771" /><ent r="4" t="182" w="457" /><ent r="4" t="182" w="476" /><ent r="4" t="182" w="507" /><ent r="4" t="182" w="541" /><ent r="4" t="182" w="916" /><ent r="4" t="184" w="279" /><ent r="4" t="184" w="348" /><ent r="4" t="184" w="367" /><ent r="4" t="184" w="398" /><ent r="4" t="184" w="432" /><ent r="3" t="185" w="314" /><ent r="3" t="185" w="350" /><ent r="4" t="185" w="1451" /><ent r="3" t="185" w="1468" /><ent r="3" t="185" w="1481" /><ent r="3" t="185" w="1495" /><ent r="3" t="185" w="1504" /><ent r="3" t="185" w="1512" /><ent r="3" t="185" w="1523" /><ent r="3" t="185" w="1531" /><ent r="3" t="185" w="1616" /><ent r="3" t="185" w="1657" /><ent r="3" t="185" w="1683" /><ent r="4" t="186" w="259" /><ent r="4" t="186" w="278" /><ent r="4" t="186" w="309" /><ent r="4" t="186" w="343" /><ent r="3" t="186" w="1176" /></phr><phr n="Toolbar"><ent r="92" t="1" w="207" /><ent r="3" t="1" w="369" /><ent r="3" t="4" w="34" /><ent r="64" t="4" w="223" /><ent r="64" t="4" w="226" /><ent r="64" t="4" w="229" /><ent r="64" t="4" w="233" /><ent r="64" t="4" w="236" /><ent r="64" t="4" w="240" /><ent r="64" t="4" w="243" /><ent r="64" t="4" w="246" /><ent r="64" t="4" w="249" /><ent r="64" t="4" w="252" /><ent r="64" t="4" w="255" /><ent r="64" t="4" w="259" /><ent r="64" t="4" w="263" /><ent r="1000" t="5" w="2" /><ent r="100" t="5" w="5" /><ent r="102" t="5" w="11" /><ent r="68" t="5" w="98" /><ent r="68" t="5" w="134" /><ent r="68" t="5" w="171" /><ent r="1000" t="6" w="2" /><ent r="100" t="6" w="5" /><ent r="102" t="6" w="11" /><ent r="1000" t="7" w="2" /><ent r="100" t="7" w="5" /><ent r="102" t="7" w="11" /><ent r="1000" t="8" w="2" /><ent r="100" t="8" w="5" /><ent r="102" t="8" w="11" /><ent r="3" t="8" w="15" /><ent r="1000" t="9" w="2" /><ent r="102" t="9" w="11" /><ent r="1000" t="10" w="3" /><ent r="100" t="10" w="7" /><ent r="102" t="10" w="15" /><ent r="4" t="10" w="31" /><ent r="3" t="10" w="49" /><ent r="1000" t="11" w="2" /><ent r="100" t="11" w="5" /><ent r="102" t="11" w="11" /><ent r="4" t="11" w="15" /><ent r="3" t="11" w="53" /><ent r="1000" t="12" w="2" /><ent r="100" t="12" w="8" /><ent r="102" t="12" w="14" /><ent r="1000" t="13" w="2" /><ent r="100" t="13" w="5" /><ent r="102" t="13" w="11" /><ent r="3" t="13" w="16" /><ent r="1000" t="14" w="2" /><ent r="100" t="14" w="8" /><ent r="102" t="14" w="13" /><ent r="3" t="14" w="20" /><ent r="4" t="14" w="40" /><ent r="1000" t="15" w="2" /><ent r="102" t="15" w="5" /><ent r="100" t="15" w="11" /><ent r="3" t="15" w="15" /><ent r="1000" t="16" w="3" /><ent r="102" t="16" w="7" /><ent r="100" t="16" w="11" /><ent r="3" t="16" w="16" /><ent r="1000" t="17" w="3" /><ent r="102" t="17" w="7" /><ent r="100" t="17" w="11" /><ent r="64" t="18" w="57" /><ent r="64" t="32" w="121" /><ent r="64" t="35" w="47" /><ent r="6" t="38" w="62" /><ent r="67" t="38" w="72" /><ent r="67" t="38" w="82" /><ent r="67" t="38" w="90" /><ent r="67" t="38" w="97" /><ent r="67" t="38" w="105" /><ent r="67" t="38" w="114" /><ent r="67" t="38" w="124" /><ent r="67" t="38" w="127" /><ent r="64" t="38" w="146" /><ent r="64" t="39" w="64" /><ent r="64" t="40" w="76" /><ent r="64" t="41" w="38" /><ent r="64" t="42" w="19" /><ent r="65" t="42" w="51" /><ent r="64" t="43" w="190" /><ent r="3" t="44" w="95" /><ent r="64" t="46" w="68" /><ent r="64" t="47" w="60" /><ent r="64" t="48" w="103" /><ent r="64" t="49" w="150" /><ent r="64" t="51" w="79" /><ent r="3" t="51" w="126" /><ent r="64" t="52" w="66" /><ent r="64" t="56" w="19" /><ent r="3" t="56" w="58" /><ent r="64" t="56" w="79" /><ent r="4" t="58" w="213" /><ent r="4" t="58" w="225" /><ent r="65" t="58" w="231" /><ent r="64" t="58" w="265" /><ent r="64" t="59" w="47" /><ent r="65" t="60" w="34" /><ent r="65" t="61" w="30" /><ent r="64" t="63" w="34" /><ent r="64" t="64" w="67" /><ent r="65" t="65" w="43" /><ent r="65" t="65" w="195" /><ent r="65" t="65" w="223" /><ent r="65" t="65" w="265" /><ent r="65" t="67" w="75" /><ent r="65" t="67" w="183" /><ent r="65" t="67" w="200" /><ent r="65" t="67" w="230" /><ent r="65" t="67" w="276" /><ent r="3" t="69" w="80" /><ent r="3" t="69" w="131" /><ent r="3" t="69" w="146" /><ent r="4" t="71" w="64" /><ent r="4" t="72" w="51" /><ent r="4" t="72" w="92" /><ent r="64" t="74" w="76" /><ent r="65" t="75" w="60" /><ent r="65" t="77" w="66" /><ent r="64" t="82" w="81" /><ent r="64" t="83" w="106" /><ent r="65" t="84" w="70" /><ent r="64" t="85" w="258" /><ent r="64" t="87" w="80" /><ent r="64" t="87" w="204" /><ent r="66" t="91" w="173" /><ent r="64" t="100" w="181" /><ent r="64" t="101" w="114" /><ent r="65" t="108" w="291" /><ent r="3" t="109" w="80" /><ent r="3" t="109" w="101" /><ent r="92" t="113" w="232" /><ent r="64" t="113" w="259" /><ent r="1000" t="114" w="3" /><ent r="102" t="114" w="15" /><ent r="64" t="116" w="95" /><ent r="64" t="118" w="56" /><ent r="3" t="121" w="533" /><ent r="3" t="121" w="589" /><ent r="65" t="124" w="388" /><ent r="64" t="126" w="170" /><ent r="64" t="135" w="83" /><ent r="64" t="136" w="24" /><ent r="4" t="140" w="76" /><ent r="65" t="140" w="101" /><ent r="4" t="140" w="146" /><ent r="4" t="140" w="364" /><ent r="3" t="140" w="483" /><ent r="3" t="140" w="583" /><ent r="3" t="140" w="657" /><ent r="66" t="142" w="175" /><ent r="64" t="149" w="32" /><ent r="64" t="154" w="85" /><ent r="65" t="161" w="98" /><ent r="65" t="166" w="151" /><ent r="65" t="168" w="69" /><ent r="65" t="170" w="131" /><ent r="65" t="171" w="91" /><ent r="65" t="173" w="103" /><ent r="65" t="175" w="43" /><ent r="65" t="177" w="321" /><ent r="64" t="177" w="324" /><ent r="64" t="177" w="327" /><ent r="64" t="177" w="330" /><ent r="3" t="177" w="624" /><ent r="3" t="177" w="774" /><ent r="4" t="177" w="840" /><ent r="4" t="177" w="883" /><ent r="4" t="177" w="937" /><ent r="4" t="177" w="979" /><ent r="4" t="177" w="1000" /><ent r="4" t="177" w="1058" /><ent r="4" t="177" w="1145" /><ent r="3" t="177" w="1185" /><ent r="92" t="177" w="1774" /><ent r="3" t="177" w="1779" /><ent r="4" t="177" w="1810" /><ent r="4" t="177" w="1871" /><ent r="4" t="177" w="1918" /><ent r="3" t="177" w="2015" /><ent r="3" t="177" w="2183" /><ent r="100" t="178" w="41" /><ent r="4" t="178" w="106" /><ent r="65" t="178" w="464" /><ent r="65" t="178" w="467" /><ent r="65" t="178" w="470" /><ent r="65" t="178" w="473" /><ent r="64" t="178" w="476" /><ent r="64" t="178" w="480" /><ent r="4" t="178" w="734" /><ent r="4" t="178" w="751" /><ent r="3" t="178" w="1007" /><ent r="4" t="178" w="1099" /><ent r="4" t="178" w="1110" /><ent r="3" t="178" w="1241" /><ent r="4" t="178" w="1616" /><ent r="92" t="178" w="1655" /><ent r="65" t="178" w="1676" /><ent r="4" t="178" w="1683" /><ent r="4" t="178" w="1705" /><ent r="4" t="178" w="1751" /><ent r="4" t="178" w="1783" /><ent r="4" t="178" w="1809" /><ent r="4" t="178" w="2102" /><ent r="4" t="178" w="2190" /><ent r="4" t="178" w="2209" /><ent r="4" t="178" w="2563" /><ent r="4" t="178" w="2582" /><ent r="4" t="178" w="2642" /><ent r="4" t="178" w="2856" /><ent r="3" t="179" w="142" /><ent r="3" t="179" w="176" /><ent r="64" t="179" w="185" /><ent r="64" t="179" w="188" /><ent r="64" t="179" w="192" /><ent r="4" t="179" w="633" /><ent r="4" t="179" w="651" /><ent r="4" t="179" w="710" /><ent r="4" t="179" w="723" /><ent r="4" t="179" w="885" /><ent r="4" t="179" w="943" /><ent r="4" t="179" w="979" /><ent r="4" t="179" w="1040" /><ent r="64" t="180" w="145" /><ent r="64" t="180" w="148" /><ent r="64" t="180" w="151" /><ent r="64" t="180" w="155" /><ent r="4" t="180" w="388" /><ent r="4" t="180" w="399" /><ent r="4" t="180" w="476" /><ent r="4" t="180" w="1133" /><ent r="64" t="181" w="423" /><ent r="64" t="181" w="426" /><ent r="64" t="181" w="430" /><ent r="4" t="181" w="683" /><ent r="4" t="181" w="699" /><ent r="4" t="181" w="766" /><ent r="4" t="181" w="784" /><ent r="3" t="181" w="941" /><ent r="4" t="181" w="992" /><ent r="64" t="182" w="409" /><ent r="64" t="182" w="412" /><ent r="64" t="182" w="415" /><ent r="3" t="182" w="724" /><ent r="4" t="182" w="856" /><ent r="4" t="182" w="928" /><ent r="64" t="184" w="300" /><ent r="64" t="184" w="303" /><ent r="64" t="184" w="306" /><ent r="3" t="184" w="576" /><ent r="4" t="184" w="625" /><ent r="3" t="184" w="643" /><ent r="5" t="184" w="686" /><ent r="3" t="184" w="959" /><ent r="4" t="184" w="1001" /><ent r="3" t="184" w="1006" /><ent r="4" t="184" w="1138" /><ent r="64" t="185" w="309" /><ent r="6" t="185" w="1215" /><ent r="4" t="185" w="1243" /><ent r="64" t="186" w="217" /><ent r="4" t="186" w="1295" /><ent r="64" t="188" w="14" /><ent r="3" t="196" w="43" /><ent r="3" t="196" w="49" /><ent r="64" t="224" w="31" /><ent r="3" t="224" w="185" /><ent r="64" t="231" w="14" /><ent r="64" t="232" w="14" /><ent r="64" t="234" w="103" /><ent r="6" t="236" w="61" /><ent r="6" t="237" w="67" /><ent r="6" t="238" w="64" /><ent r="6" t="239" w="52" /><ent r="7" t="239" w="66" /></phr><phr n="Toolbars"><ent r="3" t="1" w="258" /><ent r="5" t="1" w="287" /><ent r="3" t="1" w="382" /><ent r="64" t="1" w="440" /><ent r="1000" t="4" w="1" /><ent r="102" t="4" w="5" /><ent r="3" t="4" w="56" /><ent r="92" t="4" w="119" /><ent r="5" t="4" w="142" /><ent r="92" t="4" w="220" /><ent r="3" t="77" w="185" /><ent r="4" t="77" w="290" /><ent r="82" t="176" w="212" /><ent r="3" t="177" w="312" /><ent r="5" t="177" w="353" /><ent r="5" t="177" w="447" /><ent r="5" t="177" w="1821" /><ent r="3" t="178" w="457" /><ent r="5" t="178" w="503" /><ent r="5" t="178" w="597" /><ent r="5" t="178" w="1796" /><ent r="3" t="179" w="178" /><ent r="5" t="179" w="215" /><ent r="5" t="179" w="309" /><ent r="5" t="179" w="1031" /><ent r="3" t="180" w="138" /><ent r="5" t="180" w="178" /><ent r="5" t="180" w="272" /><ent r="3" t="181" w="416" /><ent r="5" t="181" w="453" /><ent r="5" t="181" w="547" /><ent r="3" t="182" w="402" /><ent r="5" t="182" w="438" /><ent r="5" t="182" w="532" /><ent r="3" t="184" w="293" /><ent r="5" t="184" w="329" /><ent r="5" t="184" w="423" /><ent r="3" t="185" w="301" /><ent r="4" t="185" w="331" /><ent r="4" t="186" w="208" /><ent r="5" t="186" w="240" /><ent r="5" t="186" w="334" /><ent r="7" t="239" w="58" /></phr></stem><stem n="open"><phr n="open"><ent r="3" t="1" w="24" /><ent r="3" t="1" w="132" /><ent r="3" t="11" w="50" /><ent r="100" t="18" w="5" /><ent r="100" t="18" w="7" /><ent r="3" t="18" w="191" /><ent r="100" t="19" w="8" /><ent r="100" t="19" w="10" /><ent r="3" t="19" w="21" /><ent r="3" t="19" w="32" /><ent r="3" t="19" w="46" /><ent r="3" t="19" w="65" /><ent r="3" t="19" w="131" /><ent r="3" t="19" w="143" /><ent r="3" t="19" w="157" /><ent r="3" t="32" w="88" /><ent r="4" t="32" w="183" /><ent r="4" t="52" w="29" /><ent r="4" t="62" w="34" /><ent r="3" t="62" w="210" /><ent r="3" t="74" w="45" /><ent r="4" t="77" w="34" /><ent r="100" t="78" w="10" /><ent r="100" t="78" w="12" /><ent r="3" t="78" w="19" /><ent r="3" t="78" w="29" /><ent r="4" t="78" w="68" /><ent r="3" t="79" w="115" /><ent r="3" t="81" w="25" /><ent r="3" t="83" w="58" /><ent r="3" t="83" w="95" /><ent r="4" t="96" w="237" /><ent r="3" t="100" w="148" /><ent r="3" t="101" w="83" /><ent r="3" t="102" w="117" /><ent r="3" t="104" w="76" /><ent r="4" t="104" w="117" /><ent r="4" t="105" w="58" /><ent r="4" t="106" w="71" /><ent r="4" t="107" w="72" /><ent r="100" t="113" w="15" /><ent r="100" t="113" w="74" /><ent r="3" t="113" w="77" /><ent r="7" t="114" w="40" /><ent r="100" t="116" w="6" /><ent r="100" t="116" w="12" /><ent r="3" t="116" w="18" /><ent r="3" t="116" w="29" /><ent r="4" t="116" w="114" /><ent r="3" t="121" w="102" /><ent r="4" t="121" w="234" /><ent r="4" t="121" w="298" /><ent r="4" t="121" w="375" /><ent r="4" t="121" w="419" /><ent r="4" t="121" w="514" /><ent r="4" t="121" w="576" /><ent r="4" t="143" w="30" /><ent r="4" t="145" w="69" /><ent r="4" t="146" w="69" /><ent r="4" t="147" w="82" /><ent r="4" t="148" w="76" /><ent r="4" t="149" w="72" /><ent r="4" t="150" w="68" /><ent r="4" t="151" w="65" /><ent r="4" t="152" w="65" /><ent r="4" t="153" w="75" /><ent r="3" t="154" w="56" /><ent r="3" t="154" w="359" /><ent r="3" t="155" w="74" /><ent r="3" t="155" w="151" /><ent r="4" t="156" w="85" /><ent r="3" t="156" w="185" /><ent r="4" t="156" w="308" /><ent r="4" t="157" w="44" /><ent r="3" t="157" w="189" /><ent r="3" t="158" w="88" /><ent r="3" t="159" w="106" /><ent r="4" t="160" w="68" /><ent r="3" t="160" w="261" /><ent r="4" t="161" w="57" /><ent r="3" t="161" w="190" /><ent r="4" t="162" w="47" /><ent r="3" t="162" w="124" /><ent r="4" t="163" w="63" /><ent r="3" t="163" w="220" /><ent r="3" t="164" w="102" /><ent r="3" t="164" w="173" /><ent r="3" t="168" w="127" /><ent r="4" t="174" w="394" /><ent r="4" t="177" w="1154" /><ent r="4" t="178" w="690" /><ent r="3" t="179" w="426" /><ent r="3" t="179" w="1481" /><ent r="4" t="180" w="1080" /><ent r="4" t="180" w="1089" /><ent r="3" t="180" w="1686" /><ent r="4" t="182" w="1031" /><ent r="4" t="185" w="1800" /><ent r="3" t="186" w="1563" /><ent r="3" t="193" w="186" /><ent r="3" t="193" w="192" /><ent r="3" t="193" w="199" /><ent r="3" t="193" w="202" /><ent r="3" t="193" w="209" /><ent r="3" t="193" w="213" /><ent r="4" t="193" w="511" /><ent r="3" t="196" w="34" /><ent r="3" t="224" w="71" /><ent r="4" t="226" w="69" /><ent r="7" t="237" w="92" /><ent r="100" t="237" w="114" /><ent r="7" t="237" w="128" /><ent r="7" t="237" w="205" /></phr><phr n="Opens"><ent r="5" t="3" w="85" /><ent r="7" t="5" w="271" /><ent r="7" t="5" w="280" /><ent r="7" t="6" w="74" /><ent r="7" t="9" w="65" /><ent r="7" t="114" w="56" /><ent r="7" t="237" w="118" /><ent r="7" t="238" w="88" /></phr><phr n="Open"><ent r="5" t="18" w="186" /><ent r="64" t="18" w="262" /><ent r="1000" t="19" w="1" /><ent r="102" t="19" w="13" /><ent r="92" t="19" w="37" /><ent r="3" t="19" w="108" /><ent r="5" t="21" w="437" /><ent r="3" t="31" w="41" /><ent r="5" t="32" w="112" /><ent r="3" t="32" w="125" /><ent r="4" t="32" w="145" /><ent r="5" t="32" w="188" /><ent r="5" t="44" w="248" /><ent r="64" t="76" w="133" /><ent r="64" t="77" w="404" /><ent r="1000" t="78" w="1" /><ent r="102" t="78" w="5" /><ent r="4" t="78" w="95" /><ent r="5" t="78" w="120" /><ent r="64" t="79" w="124" /><ent r="64" t="80" w="247" /><ent r="5" t="95" w="137" /><ent r="64" t="113" w="564" /><ent r="64" t="115" w="268" /><ent r="1000" t="116" w="1" /><ent r="102" t="116" w="8" /><ent r="5" t="116" w="74" /><ent r="3" t="116" w="99" /><ent r="4" t="116" w="104" /><ent r="5" t="116" w="118" /><ent r="4" t="117" w="24" /><ent r="65" t="117" w="95" /><ent r="5" t="131" w="72" /><ent r="4" t="160" w="104" /><ent r="4" t="177" w="56" /><ent r="5" t="177" w="573" /><ent r="4" t="177" w="663" /><ent r="4" t="177" w="1856" /><ent r="5" t="177" w="2367" /><ent r="4" t="178" w="95" /><ent r="92" t="178" w="673" /><ent r="5" t="178" w="685" /><ent r="92" t="179" w="385" /><ent r="4" t="179" w="528" /><ent r="5" t="179" w="590" /><ent r="4" t="181" w="61" /><ent r="5" t="181" w="656" /><ent r="5" t="181" w="830" /><ent r="4" t="182" w="53" /><ent r="92" t="182" w="608" /><ent r="4" t="182" w="627" /><ent r="5" t="182" w="649" /><ent r="92" t="183" w="232" /><ent r="5" t="183" w="487" /><ent r="5" t="184" w="547" /><ent r="5" t="184" w="875" /><ent r="5" t="186" w="448" /><ent r="4" t="186" w="452" /><ent r="5" t="186" w="488" /><ent r="4" t="186" w="719" /><ent r="5" t="198" w="119" /><ent r="7" t="237" w="112" /></phr><phr n="opens"><ent r="3" t="19" w="167" /><ent r="3" t="96" w="277" /><ent r="4" t="116" w="53" /><ent r="4" t="117" w="89" /><ent r="3" t="125" w="53" /><ent r="4" t="179" w="803" /><ent r="4" t="182" w="657" /><ent r="4" t="186" w="431" /></phr><phr n="opened"><ent r="4" t="75" w="37" /><ent r="3" t="81" w="234" /><ent r="3" t="154" w="218" /><ent r="3" t="193" w="233" /><ent r="7" t="197" w="503" /></phr><phr n="opening"><ent r="3" t="106" w="183" /><ent r="3" t="119" w="77" /><ent r="3" t="121" w="145" /></phr></stem><stem n="displai"><phr n="displayed"><ent r="3" t="1" w="33" /><ent r="3" t="1" w="171" /><ent r="4" t="1" w="294" /><ent r="4" t="1" w="342" /><ent r="3" t="1" w="467" /><ent r="3" t="1" w="504" /><ent r="4" t="4" w="149" /><ent r="4" t="4" w="199" /><ent r="6" t="7" w="201" /><ent r="4" t="10" w="35" /><ent r="4" t="10" w="39" /><ent r="7" t="10" w="106" /><ent r="6" t="14" w="282" /><ent r="6" t="14" w="382" /><ent r="6" t="14" w="419" /><ent r="4" t="18" w="103" /><ent r="3" t="18" w="247" /><ent r="4" t="21" w="476" /><ent r="4" t="24" w="55" /><ent r="4" t="26" w="191" /><ent r="3" t="27" w="64" /><ent r="4" t="29" w="53" /><ent r="4" t="30" w="48" /><ent r="3" t="31" w="32" /><ent r="4" t="32" w="150" /><ent r="7" t="39" w="147" /><ent r="3" t="43" w="87" /><ent r="4" t="44" w="213" /><ent r="3" t="44" w="266" /><ent r="3" t="44" w="565" /><ent r="4" t="44" w="597" /><ent r="4" t="47" w="79" /><ent r="4" t="47" w="248" /><ent r="4" t="47" w="313" /><ent r="4" t="48" w="118" /><ent r="3" t="49" w="104" /><ent r="3" t="49" w="166" /><ent r="4" t="49" w="285" /><ent r="3" t="49" w="426" /><ent r="4" t="49" w="443" /><ent r="3" t="50" w="70" /><ent r="4" t="50" w="145" /><ent r="4" t="50" w="199" /><ent r="3" t="50" w="228" /><ent r="4" t="51" w="103" /><ent r="3" t="53" w="28" /><ent r="4" t="53" w="67" /><ent r="4" t="54" w="53" /><ent r="4" t="54" w="70" /><ent r="3" t="55" w="114" /><ent r="4" t="57" w="58" /><ent r="3" t="57" w="95" /><ent r="3" t="57" w="116" /><ent r="4" t="58" w="216" /><ent r="3" t="60" w="48" /><ent r="3" t="62" w="75" /><ent r="4" t="67" w="116" /><ent r="4" t="70" w="116" /><ent r="3" t="74" w="90" /><ent r="3" t="77" w="80" /><ent r="3" t="77" w="120" /><ent r="3" t="77" w="149" /><ent r="3" t="77" w="154" /><ent r="4" t="78" w="101" /><ent r="4" t="79" w="69" /><ent r="4" t="79" w="83" /><ent r="4" t="80" w="140" /><ent r="4" t="80" w="188" /><ent r="4" t="80" w="236" /><ent r="4" t="81" w="52" /><ent r="4" t="81" w="291" /><ent r="4" t="81" w="317" /><ent r="3" t="81" w="391" /><ent r="3" t="83" w="136" /><ent r="4" t="85" w="93" /><ent r="4" t="85" w="122" /><ent r="4" t="85" w="177" /><ent r="4" t="85" w="206" /><ent r="4" t="85" w="279" /><ent r="4" t="86" w="76" /><ent r="3" t="87" w="33" /><ent r="3" t="87" w="42" /><ent r="3" t="87" w="126" /><ent r="4" t="88" w="60" /><ent r="3" t="88" w="79" /><ent r="3" t="90" w="58" /><ent r="3" t="90" w="100" /><ent r="6" t="90" w="381" /><ent r="5" t="90" w="433" /><ent r="5" t="90" w="438" /><ent r="5" t="90" w="461" /><ent r="4" t="91" w="61" /><ent r="3" t="91" w="88" /><ent r="4" t="92" w="82" /><ent r="4" t="92" w="120" /><ent r="3" t="93" w="126" /><ent r="4" t="93" w="140" /><ent r="3" t="94" w="18" /><ent r="4" t="94" w="66" /><ent r="4" t="95" w="123" /><ent r="4" t="95" w="244" /><ent r="4" t="96" w="115" /><ent r="4" t="97" w="65" /><ent r="4" t="97" w="78" /><ent r="3" t="98" w="132" /><ent r="4" t="98" w="173" /><ent r="3" t="99" w="135" /><ent r="4" t="99" w="177" /><ent r="4" t="103" w="28" /><ent r="4" t="103" w="48" /><ent r="4" t="103" w="55" /><ent r="4" t="103" w="70" /><ent r="4" t="103" w="87" /><ent r="3" t="104" w="23" /><ent r="3" t="105" w="25" /><ent r="3" t="105" w="32" /><ent r="3" t="106" w="30" /><ent r="4" t="106" w="304" /><ent r="3" t="107" w="31" /><ent r="4" t="107" w="483" /><ent r="3" t="108" w="235" /><ent r="3" t="108" w="314" /><ent r="3" t="108" w="481" /><ent r="3" t="109" w="136" /><ent r="3" t="113" w="111" /><ent r="3" t="113" w="160" /><ent r="3" t="113" w="340" /><ent r="3" t="113" w="390" /><ent r="7" t="114" w="256" /><ent r="7" t="114" w="290" /><ent r="3" t="115" w="44" /><ent r="4" t="116" w="126" /><ent r="4" t="118" w="75" /><ent r="4" t="120" w="46" /><ent r="3" t="122" w="36" /><ent r="3" t="122" w="73" /><ent r="3" t="123" w="51" /><ent r="3" t="123" w="149" /><ent r="3" t="123" w="232" /><ent r="3" t="123" w="263" /><ent r="3" t="123" w="561" /><ent r="3" t="123" w="585" /><ent r="3" t="123" w="692" /><ent r="3" t="123" w="709" /><ent r="4" t="123" w="758" /><ent r="4" t="123" w="796" /><ent r="3" t="124" w="88" /><ent r="3" t="124" w="193" /><ent r="4" t="124" w="352" /><ent r="4" t="127" w="61" /><ent r="3" t="135" w="23" /><ent r="3" t="138" w="40" /><ent r="3" t="138" w="218" /><ent r="3" t="139" w="87" /><ent r="4" t="140" w="95" /><ent r="4" t="140" w="141" /><ent r="3" t="140" w="200" /><ent r="4" t="140" w="250" /><ent r="3" t="140" w="413" /><ent r="3" t="141" w="38" /><ent r="3" t="141" w="192" /><ent r="3" t="141" w="205" /><ent r="3" t="141" w="284" /><ent r="4" t="141" w="341" /><ent r="3" t="141" w="603" /><ent r="4" t="142" w="133" /><ent r="5" t="142" w="225" /><ent r="4" t="151" w="354" /><ent r="4" t="151" w="777" /><ent r="4" t="154" w="130" /><ent r="3" t="154" w="231" /><ent r="3" t="155" w="65" /><ent r="3" t="156" w="138" /><ent r="3" t="156" w="231" /><ent r="4" t="156" w="354" /><ent r="3" t="157" w="94" /><ent r="3" t="158" w="58" /><ent r="3" t="158" w="161" /><ent r="3" t="158" w="216" /><ent r="3" t="158" w="253" /><ent r="4" t="159" w="69" /><ent r="4" t="159" w="183" /><ent r="4" t="159" w="241" /><ent r="4" t="159" w="614" /><ent r="3" t="160" w="125" /><ent r="3" t="160" w="155" /><ent r="3" t="162" w="34" /><ent r="4" t="162" w="87" /><ent r="3" t="163" w="106" /><ent r="3" t="164" w="83" /><ent r="4" t="164" w="136" /><ent r="3" t="164" w="264" /><ent r="5" t="164" w="282" /><ent r="5" t="164" w="287" /><ent r="4" t="164" w="308" /><ent r="4" t="164" w="362" /><ent r="4" t="164" w="797" /><ent r="3" t="165" w="160" /><ent r="4" t="166" w="166" /><ent r="4" t="166" w="714" /><ent r="3" t="166" w="950" /><ent r="3" t="166" w="982" /><ent r="3" t="168" w="83" /><ent r="4" t="170" w="134" /><ent r="4" t="170" w="166" /><ent r="4" t="173" w="129" /><ent r="3" t="175" w="58" /><ent r="4" t="175" w="118" /><ent r="3" t="177" w="160" /><ent r="3" t="177" w="174" /><ent r="4" t="177" w="360" /><ent r="4" t="177" w="410" /><ent r="3" t="177" w="696" /><ent r="4" t="177" w="1191" /><ent r="3" t="177" w="1206" /><ent r="3" t="177" w="1250" /><ent r="3" t="177" w="1302" /><ent r="3" t="177" w="1329" /><ent r="3" t="177" w="1346" /><ent r="4" t="177" w="1687" /><ent r="4" t="177" w="1841" /><ent r="4" t="177" w="1924" /><ent r="4" t="177" w="2106" /><ent r="3" t="177" w="2130" /><ent r="4" t="177" w="2192" /><ent r="4" t="177" w="2276" /><ent r="3" t="178" w="194" /><ent r="3" t="178" w="219" /><ent r="3" t="178" w="368" /><ent r="3" t="178" w="377" /><ent r="4" t="178" w="510" /><ent r="4" t="178" w="560" /><ent r="4" t="178" w="708" /><ent r="4" t="178" w="774" /><ent r="4" t="178" w="925" /><ent r="3" t="178" w="936" /><ent r="3" t="178" w="950" /><ent r="3" t="178" w="1132" /><ent r="3" t="178" w="1249" /><ent r="3" t="178" w="1311" /><ent r="4" t="178" w="1594" /><ent r="3" t="178" w="1822" /><ent r="3" t="178" w="1828" /><ent r="3" t="178" w="2694" /><ent r="4" t="179" w="222" /><ent r="4" t="179" w="272" /><ent r="3" t="179" w="1208" /><ent r="3" t="179" w="1543" /><ent r="3" t="179" w="1552" /><ent r="4" t="180" w="185" /><ent r="4" t="180" w="235" /><ent r="4" t="180" w="478" /><ent r="3" t="180" w="509" /><ent r="4" t="180" w="527" /><ent r="3" t="180" w="606" /><ent r="3" t="180" w="1319" /><ent r="3" t="180" w="1337" /><ent r="3" t="180" w="1376" /><ent r="3" t="181" w="53" /><ent r="4" t="181" w="80" /><ent r="4" t="181" w="460" /><ent r="4" t="181" w="510" /><ent r="3" t="181" w="1130" /><ent r="4" t="182" w="445" /><ent r="4" t="182" w="495" /><ent r="4" t="182" w="738" /><ent r="4" t="183" w="558" /><ent r="4" t="184" w="197" /><ent r="4" t="184" w="213" /><ent r="4" t="184" w="336" /><ent r="4" t="184" w="386" /><ent r="3" t="184" w="600" /><ent r="4" t="184" w="707" /><ent r="4" t="184" w="895" /><ent r="3" t="184" w="1066" /><ent r="3" t="185" w="338" /><ent r="4" t="185" w="440" /><ent r="3" t="185" w="480" /><ent r="3" t="185" w="528" /><ent r="4" t="185" w="632" /><ent r="3" t="185" w="681" /><ent r="4" t="185" w="721" /><ent r="4" t="185" w="768" /><ent r="3" t="185" w="878" /><ent r="3" t="185" w="966" /><ent r="4" t="186" w="247" /><ent r="4" t="186" w="297" /><ent r="4" t="186" w="456" /><ent r="4" t="186" w="494" /><ent r="3" t="186" w="843" /><ent r="4" t="186" w="1514" /><ent r="3" t="186" w="1573" /><ent r="4" t="187" w="47" /><ent r="4" t="187" w="56" /><ent r="4" t="187" w="105" /><ent r="3" t="189" w="25" /><ent r="3" t="190" w="82" /><ent r="3" t="193" w="177" /><ent r="3" t="193" w="299" /><ent r="4" t="193" w="732" /><ent r="3" t="196" w="45" /><ent r="3" t="196" w="66" /><ent r="3" t="196" w="81" /><ent r="3" t="196" w="172" /><ent r="3" t="196" w="307" /><ent r="3" t="196" w="393" /><ent r="7" t="197" w="597" /><ent r="3" t="206" w="148" /><ent r="3" t="206" w="171" /><ent r="3" t="207" w="116" /><ent r="3" t="216" w="62" /><ent r="3" t="216" w="198" /><ent r="3" t="216" w="278" /><ent r="3" t="224" w="49" /><ent r="3" t="224" w="118" /><ent r="3" t="224" w="174" /><ent r="4" t="225" w="88" /><ent r="3" t="226" w="26" /><ent r="4" t="228" w="44" /><ent r="3" t="228" w="72" /><ent r="3" t="228" w="118" /><ent r="4" t="228" w="179" /><ent r="3" t="228" w="217" /><ent r="4" t="228" w="261" /><ent r="4" t="228" w="329" /><ent r="3" t="235" w="119" /><ent r="3" t="235" w="408" /><ent r="7" t="238" w="158" /><ent r="7" t="238" w="196" /></phr><phr n="display"><ent r="3" t="1" w="49" /><ent r="3" t="1" w="520" /><ent r="3" t="4" w="126" /><ent r="6" t="7" w="132" /><ent r="6" t="7" w="140" /><ent r="6" t="7" w="150" /><ent r="6" t="7" w="160" /><ent r="6" t="7" w="172" /><ent r="6" t="7" w="184" /><ent r="6" t="7" w="225" /><ent r="6" t="7" w="234" /><ent r="5" t="7" w="246" /><ent r="5" t="7" w="256" /><ent r="6" t="7" w="274" /><ent r="6" t="7" w="284" /><ent r="7" t="7" w="306" /><ent r="7" t="8" w="83" /><ent r="7" t="8" w="105" /><ent r="7" t="10" w="88" /><ent r="7" t="10" w="100" /><ent r="6" t="13" w="91" /><ent r="5" t="13" w="104" /><ent r="5" t="13" w="121" /><ent r="7" t="13" w="137" /><ent r="3" t="20" w="13" /><ent r="4" t="20" w="303" /><ent r="3" t="21" w="339" /><ent r="3" t="35" w="16" /><ent r="3" t="36" w="20" /><ent r="4" t="36" w="67" /><ent r="4" t="36" w="78" /><ent r="4" t="36" w="84" /><ent r="3" t="39" w="19" /><ent r="7" t="39" w="80" /><ent r="7" t="39" w="93" /><ent r="7" t="39" w="104" /><ent r="7" t="39" w="117" /><ent r="7" t="39" w="130" /><ent r="7" t="39" w="172" /><ent r="7" t="39" w="179" /><ent r="7" t="39" w="186" /><ent r="3" t="40" w="23" /><ent r="4" t="40" w="100" /><ent r="4" t="40" w="125" /><ent r="4" t="40" w="149" /><ent r="4" t="40" w="172" /><ent r="3" t="42" w="32" /><ent r="4" t="42" w="62" /><ent r="3" t="43" w="15" /><ent r="3" t="44" w="19" /><ent r="3" t="44" w="63" /><ent r="3" t="44" w="101" /><ent r="4" t="44" w="322" /><ent r="3" t="46" w="20" /><ent r="4" t="47" w="29" /><ent r="3" t="47" w="94" /><ent r="3" t="47" w="113" /><ent r="3" t="48" w="51" /><ent r="3" t="52" w="19" /><ent r="4" t="53" w="59" /><ent r="3" t="57" w="86" /><ent r="3" t="62" w="177" /><ent r="3" t="67" w="49" /><ent r="3" t="68" w="31" /><ent r="3" t="74" w="272" /><ent r="3" t="77" w="214" /><ent r="3" t="77" w="270" /><ent r="3" t="85" w="65" /><ent r="3" t="85" w="73" /><ent r="4" t="85" w="87" /><ent r="3" t="85" w="157" /><ent r="4" t="85" w="171" /><ent r="3" t="85" w="225" /><ent r="4" t="85" w="273" /><ent r="3" t="86" w="22" /><ent r="3" t="86" w="34" /><ent r="3" t="86" w="91" /><ent r="3" t="86" w="95" /><ent r="4" t="86" w="115" /><ent r="3" t="86" w="152" /><ent r="3" t="87" w="20" /><ent r="3" t="87" w="49" /><ent r="3" t="87" w="102" /><ent r="4" t="89" w="123" /><ent r="3" t="90" w="29" /><ent r="3" t="90" w="120" /><ent r="7" t="90" w="167" /><ent r="7" t="90" w="236" /><ent r="7" t="90" w="364" /><ent r="7" t="90" w="535" /><ent r="5" t="91" w="157" /><ent r="3" t="92" w="103" /><ent r="4" t="93" w="73" /><ent r="3" t="94" w="97" /><ent r="3" t="94" w="119" /><ent r="5" t="95" w="68" /><ent r="3" t="95" w="84" /><ent r="4" t="95" w="147" /><ent r="5" t="95" w="192" /><ent r="3" t="95" w="209" /><ent r="5" t="96" w="69" /><ent r="3" t="96" w="86" /><ent r="4" t="98" w="92" /><ent r="4" t="99" w="95" /><ent r="4" t="103" w="66" /><ent r="4" t="103" w="82" /><ent r="4" t="104" w="166" /><ent r="4" t="105" w="108" /><ent r="3" t="106" w="26" /><ent r="4" t="106" w="121" /><ent r="3" t="107" w="26" /><ent r="4" t="107" w="122" /><ent r="4" t="108" w="299" /><ent r="3" t="111" w="21" /><ent r="3" t="121" w="601" /><ent r="3" t="123" w="78" /><ent r="3" t="123" w="139" /><ent r="3" t="129" w="188" /><ent r="3" t="130" w="39" /><ent r="3" t="135" w="28" /><ent r="3" t="135" w="173" /><ent r="3" t="141" w="151" /><ent r="3" t="142" w="14" /><ent r="5" t="142" w="208" /><ent r="5" t="142" w="261" /><ent r="4" t="143" w="76" /><ent r="3" t="144" w="22" /><ent r="4" t="145" w="115" /><ent r="4" t="146" w="115" /><ent r="4" t="147" w="129" /><ent r="4" t="148" w="126" /><ent r="4" t="149" w="117" /><ent r="4" t="150" w="117" /><ent r="4" t="151" w="111" /><ent r="4" t="151" w="576" /><ent r="5" t="151" w="692" /><ent r="4" t="151" w="999" /><ent r="5" t="151" w="1115" /><ent r="3" t="151" w="1137" /><ent r="4" t="152" w="114" /><ent r="4" t="153" w="122" /><ent r="3" t="154" w="14" /><ent r="3" t="154" w="171" /><ent r="3" t="154" w="197" /><ent r="3" t="154" w="237" /><ent r="3" t="154" w="303" /><ent r="3" t="155" w="212" /><ent r="3" t="155" w="229" /><ent r="3" t="155" w="240" /><ent r="3" t="155" w="271" /><ent r="4" t="156" w="371" /><ent r="3" t="159" w="31" /><ent r="4" t="159" w="172" /><ent r="5" t="159" w="560" /><ent r="3" t="163" w="44" /><ent r="3" t="163" w="179" /><ent r="3" t="164" w="95" /><ent r="5" t="164" w="231" /><ent r="5" t="164" w="681" /><ent r="3" t="164" w="701" /><ent r="3" t="165" w="119" /><ent r="3" t="167" w="71" /><ent r="4" t="167" w="268" /><ent r="4" t="167" w="315" /><ent r="4" t="170" w="103" /><ent r="68" t="176" w="268" /><ent r="3" t="177" w="130" /><ent r="3" t="177" w="151" /><ent r="3" t="177" w="190" /><ent r="3" t="177" w="217" /><ent r="4" t="177" w="460" /><ent r="68" t="177" w="485" /><ent r="3" t="177" w="657" /><ent r="3" t="177" w="974" /><ent r="4" t="177" w="1424" /><ent r="3" t="177" w="1440" /><ent r="4" t="177" w="1490" /><ent r="4" t="177" w="1807" /><ent r="4" t="177" w="1979" /><ent r="4" t="177" w="2243" /><ent r="4" t="177" w="2378" /><ent r="4" t="178" w="610" /><ent r="68" t="178" w="635" /><ent r="3" t="178" w="1215" /><ent r="4" t="179" w="322" /><ent r="68" t="179" w="347" /><ent r="4" t="179" w="1036" /><ent r="3" t="179" w="1489" /><ent r="4" t="179" w="1517" /><ent r="3" t="179" w="1537" /><ent r="4" t="180" w="285" /><ent r="68" t="180" w="310" /><ent r="3" t="181" w="44" /><ent r="4" t="181" w="560" /><ent r="68" t="181" w="585" /><ent r="4" t="181" w="931" /><ent r="3" t="181" w="1119" /><ent r="4" t="182" w="545" /><ent r="68" t="182" w="570" /><ent r="4" t="182" w="670" /><ent r="3" t="182" w="709" /><ent r="4" t="182" w="875" /><ent r="4" t="182" w="884" /><ent r="68" t="183" w="194" /><ent r="4" t="184" w="436" /><ent r="68" t="184" w="461" /><ent r="3" t="184" w="592" /><ent r="4" t="184" w="920" /><ent r="68" t="185" w="382" /><ent r="4" t="185" w="473" /><ent r="3" t="185" w="489" /><ent r="4" t="185" w="520" /><ent r="3" t="185" w="537" /><ent r="4" t="185" w="623" /><ent r="3" t="185" w="690" /><ent r="4" t="185" w="712" /><ent r="5" t="185" w="731" /><ent r="4" t="185" w="765" /><ent r="4" t="185" w="777" /><ent r="3" t="185" w="1381" /><ent r="4" t="185" w="1831" /><ent r="4" t="186" w="347" /><ent r="68" t="186" w="372" /><ent r="4" t="186" w="567" /><ent r="4" t="186" w="603" /><ent r="4" t="186" w="653" /><ent r="7" t="186" w="1059" /><ent r="3" t="186" w="1337" /><ent r="3" t="187" w="24" /><ent r="4" t="187" w="115" /><ent r="3" t="206" w="55" /><ent r="3" t="206" w="72" /><ent r="3" t="206" w="83" /><ent r="3" t="206" w="91" /><ent r="3" t="206" w="184" /><ent r="4" t="206" w="512" /><ent r="3" t="206" w="694" /><ent r="3" t="208" w="35" /><ent r="6" t="227" w="393" /><ent r="6" t="227" w="662" /><ent r="7" t="239" w="103" /><ent r="7" t="239" w="118" /></phr><phr n="displaying"><ent r="3" t="1" w="54" /><ent r="100" t="4" w="115" /><ent r="3" t="148" w="29" /><ent r="3" t="181" w="33" /></phr><phr n="Display"><ent r="100" t="1" w="444" /><ent r="92" t="1" w="448" /><ent r="3" t="1" w="453" /><ent r="3" t="1" w="479" /><ent r="64" t="4" w="228" /><ent r="1000" t="7" w="1" /><ent r="100" t="7" w="4" /><ent r="100" t="7" w="8" /><ent r="102" t="7" w="10" /><ent r="4" t="21" w="326" /><ent r="4" t="21" w="331" /><ent r="64" t="21" w="533" /><ent r="64" t="35" w="46" /><ent r="67" t="38" w="71" /><ent r="67" t="38" w="81" /><ent r="67" t="38" w="89" /><ent r="67" t="38" w="96" /><ent r="67" t="38" w="104" /><ent r="64" t="39" w="63" /><ent r="64" t="40" w="75" /><ent r="64" t="42" w="18" /><ent r="65" t="42" w="50" /><ent r="64" t="43" w="189" /><ent r="5" t="44" w="127" /><ent r="5" t="44" w="171" /><ent r="5" t="44" w="219" /><ent r="3" t="44" w="568" /><ent r="64" t="46" w="67" /><ent r="64" t="58" w="264" /><ent r="92" t="85" w="56" /><ent r="92" t="85" w="143" /><ent r="1000" t="86" w="1" /><ent r="102" t="86" w="9" /><ent r="64" t="87" w="234" /><ent r="1000" t="90" w="6" /><ent r="102" t="90" w="16" /><ent r="68" t="90" w="169" /><ent r="64" t="95" w="290" /><ent r="64" t="109" w="146" /><ent r="1000" t="111" w="1" /><ent r="102" t="111" w="4" /><ent r="100" t="111" w="7" /><ent r="3" t="111" w="11" /><ent r="5" t="149" w="145" /><ent r="65" t="157" w="129" /><ent r="92" t="159" w="130" /><ent r="5" t="159" w="133" /><ent r="5" t="159" w="162" /><ent r="5" t="159" w="174" /><ent r="4" t="163" w="188" /><ent r="92" t="164" w="197" /><ent r="5" t="164" w="200" /><ent r="5" t="164" w="269" /><ent r="5" t="164" w="298" /><ent r="65" t="171" w="90" /><ent r="64" t="176" w="362" /><ent r="3" t="177" w="623" /><ent r="3" t="177" w="773" /><ent r="4" t="177" w="839" /><ent r="4" t="177" w="882" /><ent r="4" t="177" w="936" /><ent r="4" t="177" w="978" /><ent r="4" t="177" w="999" /><ent r="4" t="177" w="1057" /><ent r="4" t="177" w="1144" /><ent r="4" t="177" w="1149" /><ent r="65" t="178" w="472" /><ent r="65" t="178" w="1675" /><ent r="4" t="178" w="2189" /><ent r="4" t="178" w="2855" /><ent r="64" t="179" w="187" /><ent r="4" t="179" w="632" /><ent r="4" t="179" w="650" /><ent r="64" t="180" w="144" /><ent r="4" t="180" w="387" /><ent r="1000" t="181" w="3" /><ent r="102" t="181" w="12" /><ent r="4" t="181" w="70" /><ent r="5" t="181" w="837" /><ent r="64" t="184" w="305" /><ent r="5" t="184" w="685" /><ent r="7" t="186" w="1066" /><ent r="4" t="206" w="156" /><ent r="4" t="226" w="124" /><ent r="64" t="234" w="102" /></phr><phr n="displays"><ent r="3" t="2" w="102" /><ent r="3" t="21" w="390" /><ent r="3" t="44" w="347" /><ent r="3" t="47" w="18" /><ent r="100" t="48" w="10" /><ent r="3" t="48" w="183" /><ent r="3" t="48" w="192" /><ent r="4" t="48" w="291" /><ent r="4" t="49" w="188" /><ent r="4" t="53" w="132" /><ent r="4" t="58" w="222" /><ent r="4" t="61" w="43" /><ent r="3" t="83" w="17" /><ent r="3" t="87" w="13" /><ent r="3" t="100" w="17" /><ent r="3" t="100" w="94" /><ent r="3" t="113" w="523" /><ent r="7" t="114" w="43" /><ent r="4" t="118" w="77" /><ent r="3" t="123" w="68" /><ent r="3" t="123" w="633" /><ent r="3" t="138" w="75" /><ent r="3" t="155" w="22" /><ent r="3" t="156" w="248" /><ent r="3" t="165" w="81" /><ent r="3" t="165" w="107" /><ent r="3" t="177" w="140" /><ent r="100" t="178" w="113" /><ent r="4" t="178" w="116" /><ent r="3" t="178" w="333" /><ent r="3" t="178" w="2013" /><ent r="4" t="178" w="2558" /><ent r="4" t="179" w="1360" /><ent r="4" t="179" w="1463" /><ent r="4" t="180" w="798" /><ent r="4" t="183" w="455" /><ent r="4" t="187" w="64" /><ent r="5" t="188" w="201" /><ent r="3" t="193" w="243" /><ent r="3" t="193" w="539" /><ent r="3" t="207" w="60" /><ent r="7" t="237" w="95" /><ent r="7" t="237" w="131" /><ent r="7" t="237" w="208" /></phr><phr n="Displaying"><ent r="92" t="4" w="117" /></phr><phr n="Displays"><ent r="7" t="6" w="22" /><ent r="7" t="6" w="36" /><ent r="7" t="6" w="48" /><ent r="7" t="6" w="62" /><ent r="7" t="6" w="86" /><ent r="7" t="6" w="108" /><ent r="7" t="9" w="22" /><ent r="7" t="11" w="99" /><ent r="4" t="40" w="189" /><ent r="4" t="53" w="179" /><ent r="5" t="91" w="169" /><ent r="4" t="107" w="357" /><ent r="5" t="114" w="198" /><ent r="6" t="138" w="80" /><ent r="6" t="138" w="140" /><ent r="64" t="176" w="331" /><ent r="102" t="178" w="27" /><ent r="92" t="178" w="2145" /><ent r="7" t="231" w="42" /><ent r="7" t="232" w="39" /><ent r="7" t="232" w="45" /><ent r="7" t="232" w="55" /><ent r="7" t="232" w="68" /><ent r="7" t="232" w="82" /><ent r="7" t="232" w="90" /><ent r="7" t="239" w="127" /></phr><phr n="Displayed"><ent r="4" t="21" w="349" /><ent r="5" t="53" w="54" /><ent r="4" t="57" w="80" /><ent r="3" t="57" w="97" /><ent r="5" t="90" w="421" /><ent r="5" t="90" w="450" /><ent r="1000" t="94" w="1" /><ent r="100" t="94" w="4" /><ent r="102" t="94" w="7" /><ent r="5" t="94" w="69" /><ent r="4" t="94" w="103" /><ent r="5" t="105" w="122" /><ent r="5" t="178" w="2811" /></phr></stem></index>