﻿<?xml version="1.0" encoding="utf-8"?><index><stem n="geotiff"><phr n="GeoTIFF"><ent r="5" t="20" w="321" /><ent r="4" t="20" w="337" /><ent r="4" t="20" w="351" /><ent r="4" t="20" w="360" /><ent r="4" t="20" w="365" /><ent r="4" t="22" w="102" /><ent r="4" t="22" w="131" /><ent r="67" t="24" w="110" /><ent r="5" t="25" w="79" /><ent r="4" t="25" w="90" /><ent r="4" t="25" w="102" /><ent r="65" t="25" w="112" /><ent r="67" t="27" w="121" /><ent r="5" t="28" w="97" /><ent r="65" t="28" w="133" /><ent r="5" t="142" w="189" /><ent r="3" t="143" w="23" /><ent r="4" t="143" w="87" /><ent r="92" t="143" w="222" /><ent r="3" t="169" w="90" /><ent r="4" t="169" w="254" /><ent r="5" t="177" w="560" /><ent r="5" t="184" w="541" /><ent r="5" t="184" w="869" /><ent r="5" t="186" w="592" /><ent r="7" t="186" w="1088" /><ent r="3" t="186" w="1358" /><ent r="4" t="186" w="1669" /><ent r="4" t="186" w="1676" /><ent r="1000" t="213" w="1" /><ent r="102" t="213" w="5" /><ent r="100" t="213" w="9" /><ent r="3" t="213" w="14" /><ent r="3" t="213" w="35" /><ent r="92" t="213" w="224" /><ent r="3" t="213" w="230" /><ent r="1000" t="220" w="1" /><ent r="102" t="220" w="6" /><ent r="100" t="220" w="11" /><ent r="3" t="220" w="17" /></phr></stem><stem n="tag"><phr n="Tagged"><ent r="6" t="20" w="331" /></phr><phr n="tags"><ent r="4" t="20" w="366" /></phr></stem><stem n="geocoordin"><phr n="geocoordinates"><ent r="4" t="20" w="341" /><ent r="4" t="25" w="94" /></phr></stem><stem n="latitud"><phr n="latitude"><ent r="4" t="20" w="342" /><ent r="4" t="26" w="544" /><ent r="4" t="48" w="215" /><ent r="3" t="73" w="24" /><ent r="3" t="73" w="85" /><ent r="4" t="75" w="43" /><ent r="4" t="75" w="66" /><ent r="3" t="108" w="82" /><ent r="3" t="108" w="253" /><ent r="100" t="148" w="11" /><ent r="3" t="148" w="31" /><ent r="3" t="162" w="309" /><ent r="4" t="171" w="113" /><ent r="3" t="178" w="138" /><ent r="3" t="178" w="166" /><ent r="3" t="178" w="1647" /><ent r="3" t="178" w="2136" /><ent r="4" t="181" w="668" /><ent r="5" t="188" w="258" /><ent r="3" t="190" w="33" /><ent r="7" t="232" w="46" /><ent r="7" t="232" w="56" /><ent r="7" t="232" w="69" /><ent r="3" t="235" w="87" /><ent r="3" t="235" w="111" /><ent r="3" t="235" w="172" /><ent r="3" t="235" w="205" /><ent r="3" t="235" w="324" /><ent r="3" t="235" w="376" /><ent r="3" t="235" w="389" /><ent r="3" t="235" w="440" /><ent r="3" t="235" w="461" /></phr><phr n="Latitude"><ent r="5" t="48" w="205" /><ent r="5" t="74" w="237" /><ent r="1000" t="148" w="1" /><ent r="1000" t="162" w="1" /><ent r="100" t="162" w="6" /><ent r="100" t="162" w="12" /><ent r="102" t="162" w="16" /><ent r="5" t="162" w="157" /><ent r="3" t="162" w="281" /><ent r="3" t="162" w="302" /><ent r="4" t="178" w="874" /><ent r="3" t="178" w="931" /><ent r="4" t="178" w="1331" /><ent r="7" t="178" w="1536" /><ent r="3" t="178" w="2769" /><ent r="6" t="227" w="154" /><ent r="6" t="227" w="207" /><ent r="6" t="227" w="249" /><ent r="6" t="227" w="311" /><ent r="6" t="227" w="379" /><ent r="6" t="227" w="460" /><ent r="6" t="227" w="495" /><ent r="6" t="227" w="576" /></phr></stem><stem n="latitude/longitud"><phr n="latitude/longitude"><ent r="4" t="20" w="343" /><ent r="4" t="20" w="342" /><ent r="4" t="26" w="545" /><ent r="4" t="26" w="544" /><ent r="4" t="48" w="216" /><ent r="4" t="48" w="215" /><ent r="3" t="73" w="25" /><ent r="3" t="73" w="24" /><ent r="3" t="73" w="86" /><ent r="3" t="73" w="85" /><ent r="4" t="75" w="44" /><ent r="4" t="75" w="43" /><ent r="4" t="75" w="67" /><ent r="4" t="75" w="66" /><ent r="3" t="108" w="83" /><ent r="3" t="108" w="82" /><ent r="3" t="108" w="254" /><ent r="3" t="108" w="253" /><ent r="100" t="148" w="12" /><ent r="100" t="148" w="11" /><ent r="3" t="178" w="167" /><ent r="3" t="178" w="166" /><ent r="3" t="178" w="1648" /><ent r="3" t="178" w="1647" /><ent r="3" t="178" w="2137" /><ent r="3" t="178" w="2136" /><ent r="4" t="181" w="669" /><ent r="4" t="181" w="668" /><ent r="3" t="190" w="34" /><ent r="3" t="190" w="33" /><ent r="3" t="235" w="88" /><ent r="3" t="235" w="87" /><ent r="3" t="235" w="112" /><ent r="3" t="235" w="111" /><ent r="3" t="235" w="173" /><ent r="3" t="235" w="172" /><ent r="3" t="235" w="206" /><ent r="3" t="235" w="205" /><ent r="3" t="235" w="325" /><ent r="3" t="235" w="324" /><ent r="3" t="235" w="377" /><ent r="3" t="235" w="376" /><ent r="3" t="235" w="390" /><ent r="3" t="235" w="389" /><ent r="3" t="235" w="441" /><ent r="3" t="235" w="440" /><ent r="3" t="235" w="462" /><ent r="3" t="235" w="461" /></phr><phr n="Latitude/Longitude"><ent r="5" t="48" w="206" /><ent r="5" t="48" w="205" /><ent r="5" t="74" w="238" /><ent r="5" t="74" w="237" /><ent r="1000" t="148" w="2" /><ent r="1000" t="148" w="1" /><ent r="1000" t="162" w="2" /><ent r="1000" t="162" w="1" /><ent r="100" t="162" w="7" /><ent r="100" t="162" w="6" /><ent r="100" t="162" w="13" /><ent r="100" t="162" w="12" /><ent r="102" t="162" w="17" /><ent r="102" t="162" w="16" /><ent r="5" t="162" w="158" /><ent r="5" t="162" w="157" /><ent r="4" t="178" w="875" /><ent r="4" t="178" w="874" /><ent r="3" t="178" w="932" /><ent r="3" t="178" w="931" /><ent r="3" t="178" w="2770" /><ent r="3" t="178" w="2769" /><ent r="6" t="227" w="155" /><ent r="6" t="227" w="154" /><ent r="6" t="227" w="208" /><ent r="6" t="227" w="207" /><ent r="6" t="227" w="250" /><ent r="6" t="227" w="249" /><ent r="6" t="227" w="312" /><ent r="6" t="227" w="311" /><ent r="6" t="227" w="380" /><ent r="6" t="227" w="379" /><ent r="6" t="227" w="461" /><ent r="6" t="227" w="460" /><ent r="6" t="227" w="496" /><ent r="6" t="227" w="495" /><ent r="6" t="227" w="577" /><ent r="6" t="227" w="576" /></phr></stem><stem n="longitud"><phr n="longitude"><ent r="4" t="20" w="343" /><ent r="4" t="26" w="545" /><ent r="4" t="48" w="216" /><ent r="3" t="73" w="25" /><ent r="3" t="73" w="86" /><ent r="4" t="75" w="44" /><ent r="4" t="75" w="67" /><ent r="3" t="108" w="83" /><ent r="3" t="108" w="254" /><ent r="100" t="148" w="12" /><ent r="3" t="148" w="33" /><ent r="3" t="162" w="311" /><ent r="4" t="171" w="115" /><ent r="3" t="178" w="140" /><ent r="3" t="178" w="167" /><ent r="3" t="178" w="1648" /><ent r="3" t="178" w="2137" /><ent r="4" t="181" w="669" /><ent r="5" t="188" w="260" /><ent r="3" t="190" w="34" /><ent r="7" t="232" w="48" /><ent r="7" t="232" w="58" /><ent r="7" t="232" w="71" /><ent r="3" t="235" w="88" /><ent r="3" t="235" w="112" /><ent r="3" t="235" w="173" /><ent r="3" t="235" w="206" /><ent r="3" t="235" w="325" /><ent r="3" t="235" w="377" /><ent r="3" t="235" w="390" /><ent r="3" t="235" w="441" /><ent r="3" t="235" w="462" /></phr><phr n="Longitude"><ent r="5" t="48" w="206" /><ent r="5" t="74" w="238" /><ent r="1000" t="148" w="2" /><ent r="1000" t="162" w="2" /><ent r="100" t="162" w="7" /><ent r="100" t="162" w="13" /><ent r="102" t="162" w="17" /><ent r="5" t="162" w="158" /><ent r="3" t="162" w="283" /><ent r="3" t="162" w="304" /><ent r="4" t="178" w="875" /><ent r="3" t="178" w="932" /><ent r="4" t="178" w="1493" /><ent r="7" t="178" w="1538" /><ent r="4" t="178" w="2307" /><ent r="3" t="178" w="2770" /><ent r="6" t="227" w="155" /><ent r="6" t="227" w="208" /><ent r="6" t="227" w="250" /><ent r="6" t="227" w="312" /><ent r="6" t="227" w="380" /><ent r="6" t="227" w="461" /><ent r="6" t="227" w="496" /><ent r="6" t="227" w="577" /></phr></stem><stem n="(latitude/longitude)"><phr n="(latitude/longitude)"><ent r="4" t="20" w="344" /></phr></stem><stem n="tile"><phr n="tiled"><ent r="4" t="20" w="348" /></phr><phr n="Tile"><ent r="5" t="151" w="244" /><ent r="4" t="178" w="2022" /><ent r="5" t="178" w="2173" /><ent r="5" t="180" w="446" /><ent r="5" t="184" w="811" /><ent r="5" t="184" w="911" /></phr><phr n="tile"><ent r="3" t="180" w="876" /></phr></stem><stem n="plain"><phr n="plain"><ent r="4" t="20" w="356" /></phr></stem><stem n="tif"><phr n="TIF"><ent r="4" t="20" w="357" /></phr><phr n="tif"><ent r="5" t="177" w="547" /><ent r="5" t="180" w="364" /><ent r="5" t="180" w="372" /><ent r="5" t="180" w="383" /><ent r="5" t="180" w="433" /><ent r="5" t="180" w="536" /><ent r="5" t="180" w="553" /><ent r="5" t="181" w="651" /><ent r="5" t="182" w="644" /><ent r="5" t="184" w="525" /><ent r="5" t="184" w="564" /><ent r="5" t="184" w="730" /><ent r="5" t="184" w="853" /><ent r="5" t="184" w="1080" /><ent r="5" t="185" w="1814" /></phr></stem><stem n="hyperion"><phr n="Hyperion"><ent r="5" t="20" w="377" /></phr></stem><stem n="ic"><phr n="Ice"><ent r="5" t="20" w="381" /><ent r="4" t="20" w="403" /><ent r="5" t="20" w="420" /><ent r="4" t="22" w="106" /><ent r="4" t="22" w="139" /><ent r="67" t="24" w="114" /><ent r="5" t="25" w="117" /><ent r="65" t="25" w="160" /><ent r="4" t="143" w="88" /><ent r="92" t="143" w="351" /><ent r="1000" t="214" w="1" /><ent r="102" t="214" w="5" /><ent r="100" t="214" w="9" /><ent r="3" t="214" w="15" /><ent r="92" t="214" w="183" /><ent r="3" t="214" w="189" /></phr><phr n="ice"><ent r="4" t="25" w="135" /><ent r="6" t="177" w="2360" /><ent r="5" t="178" w="694" /><ent r="5" t="178" w="1082" /><ent r="5" t="178" w="2223" /><ent r="5" t="178" w="2392" /><ent r="4" t="186" w="693" /><ent r="4" t="186" w="714" /><ent r="4" t="186" w="739" /></phr><phr n="ICE"><ent r="4" t="177" w="81" /><ent r="4" t="177" w="221" /><ent r="3" t="177" w="242" /><ent r="3" t="177" w="247" /><ent r="3" t="177" w="284" /><ent r="4" t="177" w="2292" /><ent r="4" t="177" w="2301" /></phr></stem><stem n="nativ"><phr n="native"><ent r="4" t="20" w="391" /><ent r="3" t="197" w="18" /></phr><phr n="natively"><ent r="4" t="25" w="147" /></phr><phr n="Native"><ent r="3" t="32" w="30" /></phr></stem><stem n="export"><phr n="exported"><ent r="4" t="20" w="400" /><ent r="4" t="26" w="70" /><ent r="5" t="26" w="422" /><ent r="5" t="26" w="439" /><ent r="5" t="26" w="461" /><ent r="5" t="26" w="502" /><ent r="4" t="26" w="563" /><ent r="3" t="106" w="413" /><ent r="3" t="143" w="186" /><ent r="3" t="143" w="220" /><ent r="3" t="143" w="289" /><ent r="3" t="143" w="323" /><ent r="3" t="143" w="493" /><ent r="3" t="143" w="527" /><ent r="3" t="143" w="657" /><ent r="3" t="143" w="691" /><ent r="3" t="182" w="786" /><ent r="3" t="182" w="1194" /><ent r="3" t="182" w="1254" /><ent r="3" t="182" w="1282" /><ent r="4" t="218" w="42" /><ent r="4" t="220" w="60" /><ent r="4" t="221" w="72" /><ent r="4" t="222" w="45" /></phr><phr n="Exporter"><ent r="4" t="20" w="404" /><ent r="4" t="24" w="74" /><ent r="67" t="24" w="107" /><ent r="67" t="24" w="111" /><ent r="67" t="24" w="115" /><ent r="67" t="24" w="119" /><ent r="5" t="25" w="32" /><ent r="65" t="25" w="75" /><ent r="5" t="25" w="80" /><ent r="65" t="25" w="113" /><ent r="5" t="25" w="118" /><ent r="65" t="25" w="161" /><ent r="5" t="25" w="166" /><ent r="65" t="25" w="187" /><ent r="5" t="25" w="193" /><ent r="5" t="25" w="217" /><ent r="5" t="26" w="133" /><ent r="5" t="26" w="139" /><ent r="92" t="26" w="363" /><ent r="3" t="26" w="369" /><ent r="5" t="27" w="83" /><ent r="67" t="27" w="118" /><ent r="67" t="27" w="123" /><ent r="67" t="27" w="128" /><ent r="67" t="27" w="133" /><ent r="67" t="27" w="138" /><ent r="67" t="27" w="143" /><ent r="5" t="28" w="32" /><ent r="65" t="28" w="45" /><ent r="5" t="28" w="51" /><ent r="65" t="28" w="93" /><ent r="5" t="28" w="99" /><ent r="65" t="28" w="135" /><ent r="5" t="28" w="141" /><ent r="65" t="28" w="194" /><ent r="5" t="28" w="199" /><ent r="5" t="28" w="238" /><ent r="65" t="28" w="247" /><ent r="5" t="28" w="253" /><ent r="65" t="28" w="299" /><ent r="5" t="28" w="304" /><ent r="3" t="29" w="57" /><ent r="4" t="29" w="63" /><ent r="65" t="29" w="106" /><ent r="4" t="30" w="67" /><ent r="1000" t="34" w="3" /><ent r="102" t="34" w="9" /><ent r="3" t="34" w="14" /><ent r="8" t="123" w="376" /><ent r="4" t="169" w="256" /><ent r="4" t="177" w="82" /><ent r="4" t="177" w="222" /><ent r="4" t="177" w="2294" /><ent r="100" t="178" w="441" /><ent r="4" t="178" w="444" /><ent r="4" t="178" w="2899" /><ent r="4" t="178" w="2907" /><ent r="5" t="178" w="2912" /><ent r="4" t="182" w="1015" /><ent r="5" t="182" w="1022" /><ent r="4" t="182" w="1035" /><ent r="5" t="186" w="579" /><ent r="5" t="186" w="593" /><ent r="7" t="186" w="1089" /><ent r="3" t="186" w="1359" /><ent r="3" t="192" w="302" /><ent r="1000" t="212" w="2" /><ent r="102" t="212" w="6" /><ent r="100" t="212" w="10" /><ent r="3" t="212" w="15" /><ent r="3" t="212" w="40" /><ent r="3" t="212" w="71" /><ent r="3" t="212" w="92" /><ent r="92" t="212" w="294" /><ent r="1000" t="213" w="2" /><ent r="102" t="213" w="6" /><ent r="100" t="213" w="10" /><ent r="3" t="213" w="15" /><ent r="3" t="213" w="36" /><ent r="92" t="213" w="225" /><ent r="3" t="213" w="231" /><ent r="1000" t="214" w="2" /><ent r="102" t="214" w="6" /><ent r="100" t="214" w="10" /><ent r="3" t="214" w="16" /><ent r="92" t="214" w="184" /><ent r="3" t="214" w="190" /><ent r="1000" t="215" w="2" /><ent r="102" t="215" w="6" /><ent r="3" t="215" w="15" /><ent r="1000" t="216" w="3" /><ent r="100" t="216" w="8" /><ent r="102" t="216" w="13" /><ent r="3" t="216" w="19" /><ent r="1000" t="217" w="2" /><ent r="100" t="217" w="6" /><ent r="102" t="217" w="10" /><ent r="1000" t="218" w="3" /><ent r="100" t="218" w="7" /><ent r="102" t="218" w="11" /><ent r="4" t="218" w="17" /><ent r="1000" t="219" w="3" /><ent r="100" t="219" w="8" /><ent r="102" t="219" w="13" /><ent r="1000" t="220" w="3" /><ent r="102" t="220" w="8" /><ent r="100" t="220" w="13" /><ent r="3" t="220" w="19" /><ent r="1000" t="221" w="3" /><ent r="100" t="221" w="7" /><ent r="102" t="221" w="11" /><ent r="4" t="221" w="17" /><ent r="1000" t="222" w="3" /><ent r="100" t="222" w="8" /><ent r="102" t="222" w="13" /><ent r="4" t="222" w="19" /></phr><phr n="Export"><ent r="64" t="21" w="527" /><ent r="1000" t="24" w="1" /><ent r="102" t="24" w="13" /><ent r="5" t="24" w="47" /><ent r="4" t="24" w="51" /><ent r="6" t="24" w="103" /><ent r="64" t="24" w="132" /><ent r="1000" t="26" w="1" /><ent r="102" t="26" w="10" /><ent r="5" t="26" w="118" /><ent r="4" t="26" w="128" /><ent r="4" t="26" w="187" /><ent r="1000" t="27" w="1" /><ent r="102" t="27" w="13" /><ent r="4" t="27" w="42" /><ent r="4" t="27" w="56" /><ent r="3" t="27" w="60" /><ent r="6" t="27" w="114" /><ent r="1000" t="29" w="1" /><ent r="102" t="29" w="13" /><ent r="5" t="29" w="46" /><ent r="4" t="29" w="50" /><ent r="1000" t="30" w="1" /><ent r="102" t="30" w="6" /><ent r="5" t="30" w="40" /><ent r="4" t="30" w="44" /><ent r="4" t="49" w="249" /><ent r="4" t="49" w="435" /><ent r="4" t="49" w="439" /><ent r="5" t="53" w="168" /><ent r="5" t="90" w="494" /><ent r="65" t="128" w="137" /><ent r="65" t="129" w="235" /><ent r="64" t="130" w="128" /><ent r="65" t="132" w="115" /><ent r="66" t="142" w="178" /><ent r="1000" t="143" w="1" /><ent r="102" t="143" w="4" /><ent r="3" t="143" w="13" /><ent r="4" t="143" w="32" /><ent r="4" t="143" w="74" /><ent r="4" t="143" w="84" /><ent r="64" t="176" w="322" /><ent r="64" t="176" w="335" /><ent r="64" t="176" w="367" /><ent r="1000" t="177" w="5" /><ent r="103" t="177" w="16" /><ent r="4" t="177" w="76" /><ent r="92" t="177" w="2111" /><ent r="5" t="177" w="2123" /><ent r="3" t="177" w="2127" /><ent r="92" t="177" w="2157" /><ent r="5" t="177" w="2197" /><ent r="4" t="177" w="2273" /><ent r="102" t="178" w="31" /><ent r="4" t="178" w="123" /><ent r="92" t="178" w="2760" /><ent r="5" t="178" w="2894" /><ent r="4" t="179" w="798" /><ent r="5" t="179" w="994" /><ent r="1000" t="182" w="2" /><ent r="102" t="182" w="15" /><ent r="4" t="182" w="63" /><ent r="92" t="182" w="971" /><ent r="5" t="182" w="1004" /><ent r="4" t="182" w="1008" /><ent r="4" t="183" w="98" /><ent r="5" t="186" w="555" /><ent r="7" t="186" w="1075" /><ent r="7" t="186" w="1091" /><ent r="3" t="186" w="1353" /><ent r="3" t="215" w="227" /><ent r="92" t="217" w="105" /><ent r="92" t="219" w="110" /></phr><phr n="Exporters"><ent r="92" t="22" w="115" /><ent r="64" t="24" w="87" /><ent r="1000" t="25" w="3" /><ent r="102" t="25" w="7" /><ent r="100" t="25" w="9" /><ent r="65" t="27" w="96" /><ent r="1000" t="28" w="3" /><ent r="102" t="28" w="7" /><ent r="100" t="28" w="9" /></phr><phr n="export"><ent r="3" t="22" w="120" /><ent r="100" t="24" w="5" /><ent r="100" t="24" w="11" /><ent r="3" t="24" w="18" /><ent r="4" t="24" w="36" /><ent r="3" t="24" w="93" /><ent r="64" t="25" w="25" /><ent r="4" t="25" w="70" /><ent r="4" t="25" w="85" /><ent r="4" t="25" w="108" /><ent r="4" t="25" w="123" /><ent r="4" t="25" w="156" /><ent r="4" t="25" w="171" /><ent r="4" t="25" w="182" /><ent r="100" t="26" w="5" /><ent r="100" t="26" w="7" /><ent r="3" t="26" w="93" /><ent r="3" t="26" w="379" /><ent r="100" t="27" w="7" /><ent r="100" t="27" w="9" /><ent r="4" t="27" w="18" /><ent r="3" t="27" w="104" /><ent r="64" t="28" w="25" /><ent r="4" t="28" w="37" /><ent r="4" t="28" w="40" /><ent r="4" t="28" w="56" /><ent r="4" t="28" w="87" /><ent r="4" t="28" w="104" /><ent r="4" t="28" w="129" /><ent r="4" t="28" w="146" /><ent r="4" t="28" w="188" /><ent r="4" t="28" w="204" /><ent r="4" t="28" w="241" /><ent r="4" t="28" w="258" /><ent r="4" t="28" w="293" /><ent r="4" t="28" w="307" /><ent r="100" t="29" w="7" /><ent r="100" t="29" w="9" /><ent r="3" t="29" w="18" /><ent r="4" t="29" w="100" /><ent r="100" t="30" w="11" /><ent r="3" t="30" w="20" /><ent r="3" t="49" w="52" /><ent r="4" t="49" w="254" /><ent r="4" t="49" w="452" /><ent r="4" t="53" w="173" /><ent r="5" t="90" w="499" /><ent r="3" t="106" w="327" /><ent r="5" t="142" w="186" /><ent r="100" t="143" w="7" /><ent r="100" t="143" w="11" /><ent r="3" t="143" w="133" /><ent r="3" t="143" w="236" /><ent r="3" t="143" w="440" /><ent r="3" t="143" w="564" /><ent r="3" t="143" w="604" /><ent r="100" t="177" w="10" /><ent r="3" t="177" w="49" /><ent r="4" t="177" w="2302" /><ent r="3" t="177" w="2397" /><ent r="100" t="178" w="13" /><ent r="3" t="178" w="74" /><ent r="3" t="178" w="88" /><ent r="3" t="178" w="449" /><ent r="3" t="178" w="2764" /><ent r="4" t="178" w="2834" /><ent r="3" t="178" w="2969" /><ent r="4" t="179" w="819" /><ent r="4" t="179" w="1006" /><ent r="100" t="182" w="8" /><ent r="100" t="182" w="10" /><ent r="3" t="182" w="45" /><ent r="3" t="182" w="808" /><ent r="4" t="182" w="1109" /><ent r="3" t="182" w="1213" /><ent r="3" t="182" w="1309" /><ent r="3" t="183" w="397" /><ent r="4" t="183" w="459" /><ent r="64" t="212" w="46" /><ent r="3" t="212" w="100" /><ent r="3" t="212" w="119" /><ent r="3" t="212" w="144" /><ent r="3" t="212" w="306" /><ent r="4" t="212" w="338" /><ent r="3" t="213" w="50" /><ent r="3" t="213" w="75" /><ent r="3" t="214" w="28" /><ent r="3" t="215" w="48" /><ent r="3" t="215" w="73" /><ent r="3" t="217" w="35" /><ent r="3" t="217" w="129" /><ent r="3" t="217" w="172" /><ent r="3" t="219" w="40" /><ent r="3" t="219" w="134" /><ent r="3" t="219" w="177" /><ent r="3" t="220" w="23" /></phr><phr n="exporters"><ent r="3" t="24" w="82" /><ent r="100" t="25" w="15" /><ent r="3" t="25" w="19" /><ent r="4" t="27" w="91" /><ent r="100" t="28" w="15" /><ent r="3" t="28" w="19" /><ent r="3" t="123" w="86" /></phr><phr n="exporter"><ent r="3" t="26" w="15" /><ent r="4" t="26" w="61" /><ent r="4" t="28" w="316" /><ent r="8" t="123" w="379" /><ent r="4" t="177" w="2138" /><ent r="4" t="193" w="758" /><ent r="100" t="215" w="10" /></phr><phr n="exports"><ent r="3" t="26" w="16" /><ent r="3" t="106" w="378" /><ent r="3" t="106" w="394" /><ent r="5" t="142" w="194" /><ent r="3" t="143" w="531" /></phr><phr n="exporting"><ent r="64" t="26" w="24" /><ent r="3" t="30" w="75" /><ent r="3" t="100" w="29" /><ent r="3" t="143" w="22" /><ent r="4" t="169" w="260" /><ent r="3" t="177" w="40" /><ent r="3" t="182" w="36" /><ent r="3" t="212" w="87" /><ent r="3" t="213" w="31" /><ent r="3" t="215" w="31" /><ent r="3" t="215" w="247" /><ent r="3" t="217" w="17" /><ent r="4" t="218" w="27" /><ent r="3" t="219" w="20" /><ent r="4" t="221" w="29" /><ent r="4" t="222" w="29" /></phr></stem><stem n="order"><phr n="order"><ent r="4" t="20" w="406" /><ent r="3" t="113" w="538" /><ent r="7" t="114" w="237" /><ent r="7" t="114" w="254" /><ent r="7" t="114" w="271" /><ent r="7" t="114" w="288" /><ent r="100" t="123" w="90" /><ent r="3" t="123" w="125" /><ent r="3" t="123" w="131" /><ent r="3" t="123" w="140" /><ent r="3" t="123" w="907" /><ent r="3" t="166" w="65" /><ent r="3" t="178" w="375" /><ent r="3" t="179" w="161" /><ent r="3" t="180" w="708" /><ent r="3" t="185" w="162" /><ent r="3" t="185" w="275" /><ent r="3" t="185" w="286" /><ent r="3" t="185" w="822" /><ent r="4" t="185" w="1108" /><ent r="3" t="186" w="775" /><ent r="4" t="186" w="1270" /><ent r="4" t="186" w="1319" /><ent r="100" t="190" w="7" /><ent r="4" t="192" w="55" /><ent r="4" t="192" w="147" /><ent r="3" t="192" w="234" /><ent r="7" t="197" w="336" /><ent r="7" t="197" w="340" /><ent r="7" t="197" w="358" /><ent r="7" t="197" w="374" /><ent r="7" t="197" w="426" /><ent r="3" t="197" w="750" /><ent r="3" t="235" w="35" /><ent r="100" t="238" w="7" /><ent r="100" t="238" w="13" /><ent r="7" t="238" w="139" /><ent r="7" t="238" w="156" /><ent r="7" t="238" w="177" /><ent r="7" t="238" w="194" /></phr><phr n="Order"><ent r="92" t="64" w="122" /><ent r="64" t="108" w="504" /><ent r="82" t="123" w="899" /><ent r="1000" t="190" w="3" /><ent r="102" t="190" w="11" /><ent r="7" t="238" w="130" /><ent r="7" t="238" w="172" /></phr></stem><stem n="pseudocolor"><phr n="Pseudocolor"><ent r="5" t="20" w="421" /><ent r="64" t="144" w="46" /><ent r="1000" t="150" w="1" /><ent r="102" t="150" w="5" /><ent r="3" t="150" w="14" /><ent r="4" t="150" w="70" /><ent r="5" t="150" w="124" /></phr><phr n="pseudocolor"><ent r="4" t="20" w="432" /><ent r="4" t="53" w="143" /><ent r="3" t="107" w="304" /><ent r="100" t="150" w="9" /><ent r="3" t="150" w="28" /></phr></stem><stem n="jpeg2000"><phr n="Jpeg2000"><ent r="5" t="20" w="442" /><ent r="4" t="20" w="449" /></phr></stem><stem n="jp2"><phr n="jp2"><ent r="4" t="20" w="451" /></phr></stem><stem n="(*.jp2,"><phr n="(*.jp2,"><ent r="4" t="20" w="452" /></phr></stem><stem n="j2k"><phr n="j2k"><ent r="4" t="20" w="452" /></phr></stem><stem n="*.j2k)."><phr n="*.j2k)."><ent r="4" t="20" w="453" /></phr></stem><stem n="model"><phr n="Model"><ent r="5" t="20" w="458" /><ent r="5" t="198" w="24" /></phr></stem><stem n="nitf"><phr n="NITF"><ent r="5" t="20" w="461" /><ent r="4" t="20" w="470" /><ent r="65" t="20" w="474" /><ent r="4" t="22" w="113" /><ent r="4" t="22" w="137" /><ent r="1000" t="23" w="1" /><ent r="102" t="23" w="4" /><ent r="100" t="23" w="7" /><ent r="3" t="23" w="11" /><ent r="3" t="23" w="19" /><ent r="4" t="23" w="26" /><ent r="4" t="23" w="54" /><ent r="4" t="23" w="76" /><ent r="4" t="23" w="92" /><ent r="4" t="23" w="97" /><ent r="3" t="23" w="124" /><ent r="67" t="24" w="118" /><ent r="5" t="25" w="165" /><ent r="4" t="25" w="176" /><ent r="65" t="25" w="186" /><ent r="3" t="68" w="116" /><ent r="3" t="68" w="127" /><ent r="3" t="68" w="135" /><ent r="3" t="108" w="46" /><ent r="3" t="169" w="92" /><ent r="1000" t="215" w="1" /><ent r="102" t="215" w="5" /><ent r="100" t="215" w="9" /><ent r="3" t="215" w="14" /><ent r="3" t="215" w="226" /></phr></stem><stem n="esri"><phr n="ESRI"><ent r="4" t="20" w="491" /><ent r="3" t="21" w="59" /><ent r="3" t="181" w="155" /><ent r="3" t="181" w="159" /><ent r="3" t="182" w="145" /><ent r="3" t="182" w="149" /></phr></stem><stem n="wavelength"><phr n="Wavelength"><ent r="5" t="20" w="509" /><ent r="5" t="20" w="519" /><ent r="65" t="20" w="541" /><ent r="5" t="25" w="191" /><ent r="5" t="25" w="215" /><ent r="64" t="176" w="377" /><ent r="1000" t="183" w="7" /><ent r="100" t="183" w="10" /><ent r="100" t="183" w="13" /><ent r="102" t="183" w="22" /><ent r="4" t="183" w="458" /><ent r="92" t="183" w="512" /><ent r="5" t="183" w="545" /><ent r="3" t="191" w="104" /><ent r="64" t="191" w="109" /><ent r="1000" t="192" w="1" /><ent r="102" t="192" w="8" /><ent r="3" t="192" w="16" /><ent r="3" t="192" w="300" /><ent r="3" t="192" w="304" /><ent r="4" t="193" w="515" /><ent r="3" t="197" w="780" /><ent r="64" t="207" w="221" /></phr><phr n="wavelength"><ent r="4" t="20" w="524" /><ent r="3" t="44" w="365" /><ent r="3" t="44" w="367" /><ent r="3" t="155" w="403" /><ent r="3" t="155" w="432" /><ent r="3" t="183" w="44" /><ent r="4" t="183" w="71" /><ent r="3" t="183" w="129" /><ent r="3" t="183" w="138" /><ent r="3" t="183" w="161" /><ent r="3" t="183" w="295" /><ent r="3" t="183" w="302" /><ent r="3" t="183" w="502" /><ent r="3" t="191" w="12" /><ent r="3" t="191" w="33" /><ent r="3" t="191" w="196" /><ent r="3" t="191" w="200" /><ent r="3" t="191" w="210" /><ent r="3" t="191" w="214" /><ent r="3" t="191" w="222" /><ent r="3" t="191" w="226" /><ent r="3" t="192" w="24" /><ent r="4" t="192" w="101" /><ent r="4" t="192" w="117" /><ent r="4" t="192" w="126" /><ent r="4" t="192" w="136" /><ent r="4" t="192" w="192" /><ent r="4" t="192" w="201" /><ent r="4" t="192" w="211" /><ent r="3" t="192" w="259" /><ent r="3" t="192" w="265" /><ent r="3" t="192" w="272" /><ent r="3" t="192" w="288" /><ent r="3" t="192" w="291" /><ent r="3" t="193" w="110" /><ent r="3" t="193" w="137" /><ent r="3" t="193" w="215" /><ent r="3" t="193" w="278" /><ent r="3" t="193" w="385" /><ent r="83" t="193" w="490" /><ent r="4" t="193" w="513" /><ent r="4" t="193" w="553" /><ent r="4" t="193" w="583" /><ent r="3" t="193" w="674" /><ent r="4" t="193" w="691" /><ent r="4" t="193" w="718" /><ent r="4" t="193" w="743" /><ent r="4" t="193" w="757" /><ent r="3" t="193" w="767" /><ent r="7" t="197" w="614" /><ent r="7" t="197" w="619" /><ent r="7" t="197" w="662" /><ent r="3" t="197" w="842" /><ent r="3" t="207" w="95" /><ent r="3" t="207" w="202" /></phr><phr n="wavelengths"><ent r="4" t="20" w="528" /><ent r="4" t="25" w="199" /><ent r="4" t="25" w="223" /><ent r="3" t="44" w="57" /><ent r="3" t="44" w="400" /><ent r="3" t="44" w="420" /><ent r="3" t="155" w="332" /><ent r="3" t="155" w="339" /><ent r="3" t="155" w="363" /><ent r="3" t="155" w="367" /><ent r="3" t="155" w="382" /><ent r="3" t="155" w="417" /><ent r="3" t="155" w="439" /><ent r="3" t="183" w="52" /><ent r="4" t="183" w="83" /><ent r="4" t="183" w="88" /><ent r="4" t="183" w="100" /><ent r="4" t="183" w="114" /><ent r="3" t="183" w="149" /><ent r="3" t="183" w="154" /><ent r="4" t="183" w="314" /><ent r="3" t="183" w="339" /><ent r="3" t="183" w="382" /><ent r="4" t="183" w="473" /><ent r="4" t="183" w="553" /><ent r="3" t="183" w="579" /><ent r="3" t="191" w="122" /><ent r="3" t="191" w="156" /><ent r="4" t="192" w="49" /><ent r="3" t="192" w="244" /><ent r="3" t="193" w="39" /><ent r="3" t="193" w="46" /><ent r="3" t="193" w="70" /><ent r="3" t="193" w="74" /><ent r="3" t="193" w="89" /><ent r="3" t="193" w="124" /><ent r="3" t="193" w="144" /><ent r="3" t="193" w="228" /><ent r="3" t="193" w="245" /><ent r="3" t="193" w="312" /><ent r="3" t="193" w="327" /><ent r="3" t="193" w="347" /><ent r="3" t="193" w="358" /><ent r="3" t="193" w="377" /><ent r="83" t="193" w="397" /><ent r="3" t="193" w="464" /><ent r="83" t="193" w="487" /><ent r="4" t="193" w="525" /><ent r="4" t="193" w="531" /><ent r="3" t="193" w="542" /><ent r="3" t="193" w="629" /><ent r="4" t="193" w="687" /><ent r="3" t="206" w="175" /><ent r="3" t="207" w="35" /><ent r="3" t="207" w="62" /><ent r="3" t="207" w="129" /><ent r="3" t="207" w="144" /><ent r="3" t="207" w="164" /><ent r="3" t="207" w="175" /><ent r="3" t="207" w="194" /></phr><phr n="Wavelengths"><ent r="65" t="31" w="84" /><ent r="92" t="155" w="319" /><ent r="3" t="155" w="323" /><ent r="3" t="155" w="347" /><ent r="3" t="155" w="390" /><ent r="3" t="155" w="408" /><ent r="3" t="155" w="441" /><ent r="64" t="155" w="452" /><ent r="64" t="176" w="374" /><ent r="1000" t="183" w="4" /><ent r="102" t="183" w="19" /><ent r="3" t="183" w="40" /><ent r="4" t="183" w="75" /><ent r="3" t="183" w="123" /><ent r="4" t="183" w="289" /><ent r="64" t="183" w="373" /><ent r="4" t="183" w="417" /><ent r="3" t="183" w="575" /><ent r="1000" t="191" w="1" /><ent r="102" t="191" w="6" /><ent r="3" t="191" w="74" /><ent r="1000" t="193" w="1" /><ent r="100" t="193" w="6" /><ent r="100" t="193" w="9" /><ent r="100" t="193" w="15" /><ent r="102" t="193" w="18" /><ent r="3" t="193" w="24" /><ent r="3" t="193" w="54" /><ent r="3" t="193" w="97" /><ent r="3" t="193" w="115" /><ent r="3" t="193" w="146" /><ent r="92" t="193" w="154" /><ent r="3" t="193" w="158" /><ent r="3" t="193" w="188" /><ent r="82" t="193" w="237" /><ent r="3" t="193" w="241" /><ent r="4" t="193" w="437" /><ent r="4" t="193" w="495" /><ent r="3" t="193" w="621" /><ent r="64" t="193" w="786" /><ent r="1000" t="207" w="1" /><ent r="102" t="207" w="6" /><ent r="100" t="207" w="11" /><ent r="100" t="207" w="14" /><ent r="100" t="207" w="21" /><ent r="3" t="207" w="25" /><ent r="3" t="207" w="44" /><ent r="82" t="207" w="54" /><ent r="3" t="207" w="58" /><ent r="64" t="207" w="218" /></phr></stem></index>