﻿<?xml version="1.0" encoding="utf-8"?><index><stem n="often"><phr n="often"><ent r="3" t="44" w="162" /><ent r="3" t="163" w="14" /></phr></stem><stem n="like"><phr n="like"><ent r="3" t="44" w="165" /><ent r="3" t="120" w="266" /><ent r="3" t="120" w="408" /><ent r="3" t="120" w="544" /><ent r="4" t="173" w="2047" /><ent r="3" t="174" w="1573" /><ent r="3" t="177" w="154" /><ent r="4" t="177" w="975" /><ent r="3" t="178" w="144" /><ent r="4" t="182" w="760" /><ent r="4" t="182" w="1143" /><ent r="3" t="182" w="1366" /></phr></stem><stem n="return"><phr n="return"><ent r="3" t="44" w="177" /><ent r="3" t="49" w="402" /><ent r="3" t="165" w="167" /></phr><phr n="returns"><ent r="3" t="49" w="297" /><ent r="3" t="137" w="468" /><ent r="3" t="137" w="640" /><ent r="4" t="181" w="1261" /><ent r="6" t="185" w="40" /></phr></stem><stem n="previou"><phr n="previous"><ent r="3" t="44" w="180" /><ent r="3" t="77" w="34" /><ent r="3" t="84" w="152" /></phr><phr n="Previous"><ent r="5" t="219" w="254" /></phr></stem><stem n="structur"><phr n="structure"><ent r="4" t="44" w="234" /><ent r="3" t="76" w="113" /><ent r="3" t="76" w="402" /><ent r="3" t="76" w="412" /><ent r="4" t="103" w="145" /><ent r="4" t="104" w="87" /><ent r="4" t="105" w="100" /><ent r="4" t="106" w="101" /><ent r="4" t="140" w="57" /><ent r="4" t="142" w="96" /><ent r="4" t="143" w="96" /><ent r="4" t="144" w="110" /><ent r="4" t="145" w="105" /><ent r="4" t="146" w="98" /><ent r="4" t="147" w="96" /><ent r="4" t="148" w="92" /><ent r="4" t="149" w="93" /><ent r="4" t="150" w="103" /><ent r="3" t="181" w="1445" /><ent r="4" t="181" w="1771" /><ent r="3" t="182" w="1460" /><ent r="4" t="220" w="98" /><ent r="4" t="222" w="97" /></phr></stem><stem n="plu"><phr n="plus"><ent r="4" t="44" w="246" /><ent r="3" t="64" w="160" /><ent r="3" t="99" w="136" /><ent r="4" t="103" w="157" /><ent r="4" t="104" w="99" /><ent r="4" t="105" w="112" /><ent r="4" t="105" w="128" /><ent r="4" t="106" w="113" /><ent r="4" t="106" w="129" /><ent r="3" t="139" w="82" /><ent r="4" t="140" w="69" /><ent r="3" t="140" w="567" /><ent r="4" t="142" w="108" /><ent r="4" t="143" w="108" /><ent r="4" t="144" w="122" /><ent r="4" t="145" w="117" /><ent r="4" t="146" w="110" /><ent r="4" t="147" w="108" /><ent r="4" t="148" w="104" /><ent r="4" t="149" w="105" /><ent r="4" t="150" w="115" /><ent r="3" t="163" w="899" /><ent r="3" t="221" w="60" /><ent r="4" t="221" w="123" /><ent r="3" t="221" w="186" /><ent r="4" t="222" w="109" /></phr></stem><stem n="sign"><phr n="sign"><ent r="4" t="44" w="247" /><ent r="3" t="99" w="137" /><ent r="4" t="103" w="158" /><ent r="4" t="104" w="100" /><ent r="4" t="105" w="113" /><ent r="4" t="105" w="129" /><ent r="4" t="106" w="114" /><ent r="4" t="106" w="130" /><ent r="4" t="140" w="70" /><ent r="4" t="142" w="109" /><ent r="4" t="143" w="109" /><ent r="4" t="144" w="123" /><ent r="4" t="145" w="118" /><ent r="4" t="146" w="111" /><ent r="4" t="147" w="109" /><ent r="4" t="148" w="105" /><ent r="4" t="149" w="106" /><ent r="4" t="150" w="116" /><ent r="3" t="174" w="1473" /><ent r="4" t="221" w="124" /><ent r="3" t="221" w="187" /><ent r="4" t="222" w="110" /></phr><phr n="signed"><ent r="7" t="193" w="199" /><ent r="7" t="193" w="205" /></phr></stem><stem n="(+)"><phr n="(+)"><ent r="4" t="44" w="249" /><ent r="3" t="99" w="139" /><ent r="4" t="103" w="160" /><ent r="4" t="104" w="102" /><ent r="4" t="105" w="115" /><ent r="4" t="105" w="131" /><ent r="4" t="106" w="116" /><ent r="4" t="106" w="132" /><ent r="4" t="140" w="72" /><ent r="4" t="142" w="111" /><ent r="4" t="143" w="111" /><ent r="4" t="144" w="125" /><ent r="4" t="145" w="120" /><ent r="4" t="146" w="113" /><ent r="4" t="147" w="111" /><ent r="4" t="148" w="107" /><ent r="4" t="149" w="108" /><ent r="4" t="150" w="118" /><ent r="4" t="221" w="126" /><ent r="3" t="221" w="189" /><ent r="4" t="222" w="112" /></phr></stem><stem n="toward"><phr n="towards"><ent r="3" t="44" w="268" /><ent r="3" t="80" w="563" /></phr><phr n="toward"><ent r="3" t="80" w="599" /></phr></stem><stem n="below"><phr n="below"><ent r="3" t="44" w="277" /><ent r="4" t="69" w="122" /><ent r="4" t="84" w="83" /><ent r="4" t="84" w="167" /><ent r="4" t="84" w="269" /><ent r="3" t="95" w="223" /><ent r="3" t="152" w="216" /><ent r="4" t="163" w="737" /><ent r="3" t="172" w="312" /><ent r="4" t="173" w="2088" /><ent r="4" t="180" w="288" /><ent r="4" t="181" w="1099" /><ent r="4" t="182" w="659" /><ent r="3" t="182" w="1005" /><ent r="4" t="183" w="91" /><ent r="3" t="192" w="120" /><ent r="3" t="202" w="59" /></phr><phr n="Below"><ent r="3" t="122" w="154" /><ent r="3" t="158" w="117" /><ent r="4" t="175" w="460" /><ent r="3" t="175" w="1529" /><ent r="3" t="181" w="1563" /><ent r="3" t="186" w="67" /></phr></stem><stem n="minimum"><phr n="minimum"><ent r="3" t="44" w="295" /><ent r="3" t="44" w="323" /><ent r="3" t="44" w="328" /><ent r="4" t="96" w="81" /><ent r="5" t="148" w="435" /><ent r="5" t="148" w="858" /><ent r="4" t="149" w="415" /><ent r="3" t="151" w="280" /><ent r="5" t="156" w="310" /><ent r="5" t="161" w="431" /><ent r="3" t="163" w="675" /><ent r="3" t="173" w="1354" /><ent r="4" t="174" w="1601" /><ent r="3" t="187" w="67" /><ent r="3" t="188" w="152" /><ent r="3" t="190" w="625" /><ent r="3" t="190" w="670" /><ent r="7" t="193" w="513" /><ent r="4" t="229" w="73" /></phr><phr n="Minimum"><ent r="3" t="188" w="70" /><ent r="3" t="188" w="227" /><ent r="3" t="190" w="373" /><ent r="3" t="190" w="617" /><ent r="3" t="203" w="190" /></phr></stem><stem n="red"><phr n="red"><ent r="3" t="44" w="303" /><ent r="3" t="86" w="95" /><ent r="4" t="91" w="177" /><ent r="3" t="93" w="79" /><ent r="3" t="98" w="67" /><ent r="4" t="122" w="822" /><ent r="3" t="126" w="243" /><ent r="4" t="148" w="370" /><ent r="4" t="148" w="793" /><ent r="3" t="173" w="1228" /><ent r="3" t="173" w="1292" /><ent r="3" t="173" w="1332" /><ent r="4" t="173" w="1966" /><ent r="4" t="173" w="2051" /><ent r="4" t="175" w="948" /><ent r="3" t="175" w="1546" /><ent r="4" t="177" w="867" /><ent r="4" t="177" w="1140" /><ent r="3" t="178" w="691" /><ent r="4" t="180" w="842" /><ent r="3" t="181" w="573" /><ent r="3" t="207" w="123" /><ent r="5" t="219" w="315" /></phr><phr n="Red"><ent r="3" t="173" w="1478" /><ent r="3" t="174" w="1868" /></phr></stem><stem n="green"><phr n="green"><ent r="3" t="44" w="304" /><ent r="3" t="72" w="57" /><ent r="3" t="86" w="96" /><ent r="4" t="91" w="190" /><ent r="3" t="93" w="80" /><ent r="3" t="98" w="68" /><ent r="6" t="122" w="374" /><ent r="4" t="148" w="373" /><ent r="4" t="148" w="796" /><ent r="3" t="173" w="1229" /><ent r="3" t="173" w="1371" /><ent r="3" t="173" w="1377" /><ent r="4" t="173" w="1967" /><ent r="4" t="173" w="2054" /><ent r="4" t="173" w="2085" /><ent r="3" t="174" w="1206" /><ent r="4" t="174" w="2631" /><ent r="5" t="174" w="2728" /><ent r="3" t="175" w="1555" /><ent r="7" t="177" w="952" /><ent r="4" t="177" w="1133" /><ent r="3" t="178" w="697" /><ent r="7" t="181" w="1183" /><ent r="3" t="207" w="103" /><ent r="5" t="219" w="295" /></phr><phr n="Green"><ent r="3" t="173" w="1479" /></phr></stem><stem n="blue"><phr n="blue"><ent r="3" t="44" w="306" /><ent r="3" t="86" w="98" /><ent r="4" t="91" w="188" /><ent r="3" t="93" w="82" /><ent r="3" t="98" w="70" /><ent r="6" t="122" w="440" /><ent r="4" t="148" w="377" /><ent r="4" t="148" w="800" /><ent r="3" t="173" w="1231" /><ent r="3" t="173" w="1360" /><ent r="3" t="173" w="1366" /><ent r="4" t="173" w="1969" /><ent r="4" t="173" w="2052" /><ent r="3" t="175" w="1565" /><ent r="7" t="177" w="938" /><ent r="5" t="177" w="1060" /><ent r="3" t="177" w="1073" /><ent r="3" t="178" w="702" /><ent r="5" t="219" w="265" /></phr><phr n="Blue"><ent r="3" t="173" w="1481" /></phr></stem><stem n="total"><phr n="total"><ent r="3" t="44" w="309" /><ent r="4" t="58" w="111" /><ent r="3" t="173" w="796" /><ent r="3" t="231" w="419" /></phr></stem><stem n="nine"><phr n="nine"><ent r="3" t="44" w="311" /></phr></stem><stem n="medium"><phr n="medium"><ent r="3" t="44" w="319" /></phr></stem><stem n="take"><phr n="take"><ent r="3" t="44" w="332" /><ent r="3" t="106" w="184" /><ent r="4" t="106" w="287" /><ent r="4" t="202" w="419" /><ent r="4" t="202" w="608" /><ent r="4" t="202" w="640" /></phr><phr n="takes"><ent r="3" t="46" w="26" /><ent r="3" t="152" w="362" /><ent r="3" t="190" w="68" /></phr><phr n="Take"><ent r="5" t="219" w="322" /></phr></stem><stem n="preced"><phr n="precedence"><ent r="3" t="44" w="333" /></phr></stem><stem n="fallback"><phr n="fallback"><ent r="3" t="44" w="347" /></phr></stem><stem n="unavail"><phr n="unavailable"><ent r="3" t="44" w="353" /></phr></stem><stem n="known"><phr n="known"><ent r="3" t="44" w="357" /><ent r="4" t="58" w="47" /><ent r="4" t="58" w="84" /><ent r="3" t="107" w="155" /><ent r="3" t="177" w="136" /><ent r="3" t="178" w="126" /><ent r="3" t="231" w="60" /></phr></stem><stem n="double-click"><phr n="Double-click"><ent r="4" t="44" w="365" /><ent r="4" t="44" w="418" /><ent r="4" t="44" w="463" /><ent r="4" t="80" w="277" /><ent r="3" t="123" w="398" /><ent r="3" t="174" w="1281" /><ent r="4" t="174" w="1327" /><ent r="4" t="174" w="1490" /><ent r="3" t="174" w="1882" /><ent r="3" t="174" w="1912" /><ent r="3" t="174" w="1946" /><ent r="3" t="174" w="1959" /></phr><phr n="double-click"><ent r="7" t="59" w="111" /><ent r="7" t="59" w="174" /><ent r="3" t="122" w="657" /><ent r="4" t="123" w="180" /><ent r="4" t="128" w="136" /><ent r="4" t="178" w="965" /><ent r="7" t="184" w="107" /><ent r="7" t="184" w="143" /><ent r="3" t="202" w="119" /></phr></stem><stem n="cell"><phr n="cell"><ent r="4" t="44" w="369" /><ent r="4" t="44" w="467" /><ent r="4" t="73" w="112" /><ent r="4" t="73" w="161" /><ent r="4" t="82" w="206" /><ent r="4" t="82" w="294" /><ent r="3" t="190" w="286" /><ent r="3" t="202" w="124" /><ent r="3" t="202" w="140" /><ent r="3" t="203" w="103" /></phr><phr n="cells"><ent r="3" t="165" w="72" /><ent r="3" t="165" w="102" /></phr></stem><stem n="accept"><phr n="accept"><ent r="4" t="44" w="388" /><ent r="4" t="103" w="254" /><ent r="4" t="104" w="132" /><ent r="4" t="105" w="151" /><ent r="4" t="106" w="151" /><ent r="4" t="140" w="105" /><ent r="3" t="142" w="244" /><ent r="4" t="143" w="226" /><ent r="4" t="144" w="206" /><ent r="4" t="145" w="197" /><ent r="3" t="146" w="206" /><ent r="4" t="147" w="156" /><ent r="4" t="148" w="154" /><ent r="4" t="149" w="146" /><ent r="4" t="150" w="263" /><ent r="3" t="168" w="172" /><ent r="4" t="177" w="710" /><ent r="4" t="222" w="155" /></phr><phr n="accepts"><ent r="3" t="122" w="498" /><ent r="3" t="176" w="895" /></phr><phr n="acceptable"><ent r="4" t="174" w="1040" /><ent r="3" t="231" w="473" /></phr><phr n="Accept"><ent r="4" t="175" w="996" /><ent r="4" t="178" w="739" /></phr><phr n="accepted"><ent r="3" t="177" w="174" /><ent r="3" t="178" w="164" /><ent r="6" t="236" w="198" /><ent r="6" t="236" w="210" /></phr></stem><stem n="&quot;new"><phr n="&quot;New"><ent r="4" t="44" w="414" /></phr></stem><stem n="give"><phr n="give"><ent r="4" t="44" w="427" /></phr><phr n="gives"><ent r="4" t="58" w="195" /><ent r="4" t="79" w="201" /><ent r="3" t="169" w="20" /><ent r="4" t="170" w="339" /><ent r="4" t="176" w="1169" /><ent r="3" t="181" w="98" /><ent r="3" t="187" w="95" /></phr></stem><stem n="uniqu"><phr n="unique"><ent r="3" t="44" w="442" /><ent r="3" t="81" w="30" /></phr></stem><stem n="encount"><phr n="encounters"><ent r="3" t="44" w="446" /></phr></stem><stem n="keep"><phr n="keep"><ent r="3" t="44" w="456" /><ent r="3" t="49" w="372" /><ent r="4" t="173" w="2280" /></phr><phr n="Keep"><ent r="4" t="179" w="317" /></phr></stem><stem n="delet"><phr n="delete"><ent r="3" t="44" w="459" /><ent r="82" t="44" w="498" /><ent r="4" t="44" w="510" /><ent r="3" t="44" w="528" /><ent r="3" t="73" w="175" /><ent r="4" t="73" w="188" /><ent r="64" t="76" w="352" /><ent r="3" t="82" w="44" /><ent r="3" t="82" w="287" /><ent r="4" t="82" w="305" /><ent r="100" t="83" w="7" /><ent r="100" t="83" w="9" /><ent r="3" t="83" w="26" /><ent r="3" t="83" w="48" /><ent r="3" t="83" w="58" /><ent r="4" t="83" w="89" /><ent r="5" t="106" w="398" /><ent r="4" t="106" w="413" /><ent r="100" t="136" w="8" /><ent r="100" t="136" w="10" /><ent r="4" t="136" w="14" /><ent r="3" t="152" w="294" /><ent r="3" t="174" w="379" /><ent r="4" t="174" w="1348" /><ent r="3" t="174" w="1390" /><ent r="3" t="174" w="2470" /><ent r="3" t="205" w="27" /><ent r="3" t="224" w="23" /><ent r="3" t="224" w="240" /><ent r="3" t="225" w="12" /><ent r="3" t="225" w="165" /></phr><phr n="deletes"><ent r="4" t="53" w="121" /><ent r="4" t="82" w="314" /></phr><phr n="deleted"><ent r="4" t="53" w="137" /><ent r="4" t="73" w="201" /><ent r="4" t="83" w="107" /><ent r="3" t="118" w="36" /><ent r="3" t="224" w="301" /><ent r="3" t="225" w="224" /></phr><phr n="Delete"><ent r="5" t="53" w="153" /><ent r="4" t="69" w="283" /><ent r="5" t="73" w="193" /><ent r="64" t="81" w="87" /><ent r="5" t="82" w="310" /><ent r="1000" t="83" w="1" /><ent r="102" t="83" w="13" /><ent r="5" t="125" w="156" /><ent r="64" t="134" w="196" /><ent r="64" t="135" w="130" /><ent r="1000" t="136" w="1" /><ent r="102" t="136" w="4" /><ent r="5" t="136" w="43" /><ent r="4" t="174" w="1173" /><ent r="4" t="174" w="1760" /><ent r="5" t="174" w="1767" /><ent r="7" t="181" w="1220" /><ent r="4" t="182" w="76" /><ent r="4" t="182" w="1181" /><ent r="92" t="224" w="252" /><ent r="5" t="224" w="294" /><ent r="92" t="225" w="157" /><ent r="3" t="225" w="182" /><ent r="4" t="225" w="217" /></phr><phr n="Deletes"><ent r="4" t="53" w="155" /><ent r="5" t="113" w="226" /><ent r="5" t="234" w="117" /></phr><phr n="deletions"><ent r="3" t="83" w="39" /></phr><phr n="deleting"><ent r="3" t="205" w="39" /><ent r="3" t="225" w="195" /><ent r="3" t="231" w="242" /></phr></stem><stem n="other"><phr n="others"><ent r="3" t="44" w="461" /><ent r="7" t="193" w="384" /></phr></stem><stem n="&quot;displai"><phr n="&quot;Display"><ent r="3" t="44" w="493" /></phr></stem><stem n="&quot;"><phr n="&quot;"><ent r="3" t="44" w="495" /><ent r="3" t="47" w="134" /><ent r="4" t="50" w="167" /><ent r="4" t="50" w="221" /><ent r="3" t="52" w="99" /><ent r="3" t="103" w="90" /><ent r="3" t="106" w="502" /><ent r="3" t="106" w="515" /><ent r="3" t="106" w="530" /><ent r="3" t="122" w="631" /><ent r="3" t="122" w="714" /><ent r="3" t="137" w="37" /><ent r="3" t="137" w="45" /><ent r="4" t="174" w="1361" /><ent r="6" t="182" w="1398" /><ent r="3" t="202" w="100" /></phr></stem><stem n="remov"><phr n="Remove"><ent r="5" t="44" w="515" /><ent r="92" t="69" w="215" /><ent r="5" t="69" w="265" /><ent r="92" t="125" w="114" /><ent r="3" t="125" w="174" /><ent r="4" t="138" w="667" /><ent r="92" t="165" w="293" /><ent r="5" t="165" w="336" /><ent r="4" t="175" w="92" /><ent r="6" t="181" w="1208" /><ent r="4" t="182" w="1168" /><ent r="92" t="212" w="77" /><ent r="5" t="212" w="106" /><ent r="92" t="212" w="250" /><ent r="5" t="212" w="267" /><ent r="3" t="212" w="273" /><ent r="5" t="220" w="247" /><ent r="5" t="234" w="114" /></phr><phr n="remove"><ent r="4" t="69" w="262" /><ent r="3" t="69" w="276" /><ent r="4" t="85" w="117" /><ent r="3" t="108" w="117" /><ent r="3" t="108" w="122" /><ent r="3" t="118" w="35" /><ent r="3" t="125" w="122" /><ent r="3" t="125" w="129" /><ent r="3" t="138" w="649" /><ent r="3" t="165" w="299" /><ent r="3" t="168" w="205" /><ent r="3" t="192" w="201" /><ent r="3" t="210" w="220" /><ent r="3" t="212" w="81" /><ent r="4" t="212" w="97" /><ent r="3" t="212" w="122" /><ent r="3" t="212" w="254" /><ent r="4" t="212" w="286" /><ent r="3" t="220" w="228" /><ent r="100" t="234" w="132" /></phr><phr n="removed"><ent r="3" t="125" w="197" /><ent r="3" t="125" w="234" /><ent r="3" t="130" w="29" /><ent r="3" t="155" w="133" /><ent r="3" t="174" w="1210" /><ent r="3" t="174" w="2064" /><ent r="4" t="212" w="113" /></phr><phr n="removing"><ent r="3" t="174" w="2777" /></phr><phr n="removes"><ent r="3" t="224" w="313" /></phr></stem><stem n="confirm"><phr n="confirmation"><ent r="4" t="44" w="519" /><ent r="3" t="80" w="532" /><ent r="4" t="106" w="408" /><ent r="4" t="136" w="48" /><ent r="3" t="174" w="1197" /><ent r="3" t="224" w="305" /><ent r="3" t="225" w="191" /></phr><phr n="Confirm"><ent r="5" t="105" w="488" /><ent r="5" t="106" w="394" /><ent r="4" t="173" w="2331" /></phr><phr n="confirm"><ent r="4" t="105" w="499" /><ent r="4" t="105" w="515" /></phr></stem><stem n="restor"><phr n="restored"><ent r="3" t="44" w="538" /><ent r="3" t="77" w="124" /><ent r="3" t="137" w="527" /><ent r="3" t="137" w="701" /></phr><phr n="Restores"><ent r="7" t="89" w="211" /></phr><phr n="Restore"><ent r="4" t="137" w="301" /><ent r="4" t="137" w="673" /><ent r="4" t="137" w="694" /></phr><phr n="Restoring"><ent r="92" t="137" w="633" /><ent r="3" t="137" w="637" /></phr><phr n="restore"><ent r="3" t="173" w="756" /></phr></stem><stem n="recreat"><phr n="recreate"><ent r="3" t="44" w="542" /><ent r="3" t="75" w="37" /></phr></stem><stem n="normal"><phr n="Normally"><ent r="3" t="46" w="12" /></phr><phr n="normal"><ent r="3" t="155" w="153" /><ent r="4" t="166" w="289" /><ent r="3" t="173" w="758" /></phr><phr n="Normalized"><ent r="3" t="174" w="279" /><ent r="3" t="174" w="1853" /></phr></stem><stem n="prepar"><phr n="prepares"><ent r="3" t="46" w="14" /></phr></stem><stem n="portion"><phr n="portions"><ent r="3" t="46" w="15" /></phr><phr n="portion"><ent r="3" t="46" w="47" /><ent r="4" t="58" w="104" /><ent r="3" t="175" w="845" /><ent r="4" t="180" w="832" /></phr></stem><stem n="'re"><phr n="'re"><ent r="3" t="46" w="23" /><ent r="3" t="75" w="31" /><ent r="3" t="80" w="466" /><ent r="3" t="97" w="21" /><ent r="3" t="97" w="54" /><ent r="4" t="161" w="140" /><ent r="4" t="170" w="194" /></phr></stem><stem n="they'r"><phr n="they're"><ent r="3" t="46" w="23" /><ent r="3" t="46" w="22" /></phr></stem><stem n="re"><phr n="re"><ent r="3" t="46" w="23" /><ent r="3" t="75" w="31" /><ent r="3" t="80" w="466" /><ent r="3" t="97" w="21" /><ent r="3" t="97" w="54" /><ent r="4" t="153" w="152" /><ent r="4" t="156" w="73" /><ent r="4" t="159" w="91" /><ent r="4" t="161" w="140" /><ent r="4" t="170" w="194" /><ent r="6" t="173" w="2359" /><ent r="3" t="182" w="1212" /><ent r="4" t="202" w="556" /><ent r="3" t="202" w="657" /><ent r="3" t="202" w="704" /></phr><phr n="Re"><ent r="4" t="176" w="1508" /><ent r="4" t="178" w="912" /><ent r="3" t="202" w="719" /></phr></stem><stem n="notic"><phr n="noticeable"><ent r="3" t="46" w="30" /></phr><phr n="notice"><ent r="4" t="167" w="101" /><ent r="4" t="173" w="1836" /><ent r="3" t="176" w="507" /><ent r="5" t="217" w="161" /></phr><phr n="Notice"><ent r="4" t="173" w="1419" /><ent r="3" t="174" w="815" /><ent r="3" t="174" w="946" /><ent r="4" t="174" w="1087" /><ent r="4" t="174" w="2409" /><ent r="3" t="179" w="292" /><ent r="3" t="179" w="377" /><ent r="4" t="180" w="739" /><ent r="4" t="181" w="1245" /></phr></stem><stem n="caus"><phr n="cause"><ent r="3" t="46" w="36" /></phr></stem><stem n="smooth"><phr n="smooth"><ent r="3" t="46" w="38" /><ent r="3" t="46" w="103" /><ent r="3" t="46" w="119" /><ent r="3" t="46" w="153" /><ent r="3" t="46" w="166" /><ent r="3" t="106" w="245" /><ent r="3" t="106" w="316" /></phr><phr n="Smooth"><ent r="4" t="151" w="306" /></phr><phr n="smoothed"><ent r="3" t="151" w="328" /></phr><phr n="smoothing"><ent r="4" t="171" w="187" /><ent r="4" t="171" w="196" /><ent r="4" t="171" w="205" /></phr></stem><stem n="hesit"><phr n="hesitate"><ent r="3" t="46" w="42" /></phr><phr n="hesitation"><ent r="3" t="46" w="55" /></phr></stem><stem n="avoid"><phr n="avoid"><ent r="3" t="46" w="53" /></phr></stem><stem n="hardwar"><phr n="hardware"><ent r="3" t="46" w="117" /><ent r="4" t="156" w="597" /><ent r="4" t="161" w="780" /><ent r="3" t="186" w="212" /></phr></stem><stem n="redraw"><phr n="redraw"><ent r="3" t="46" w="123" /><ent r="3" t="46" w="141" /></phr></stem><stem n="fast"><phr n="fast"><ent r="3" t="46" w="125" /><ent r="3" t="106" w="243" /><ent r="3" t="186" w="18" /><ent r="3" t="220" w="58" /></phr><phr n="Fast"><ent r="4" t="106" w="268" /><ent r="5" t="148" w="237" /></phr></stem><stem n="capabl"><phr n="capable"><ent r="3" t="46" w="130" /><ent r="3" t="166" w="115" /></phr><phr n="capabilities"><ent r="3" t="49" w="70" /><ent r="3" t="182" w="141" /><ent r="3" t="231" w="233" /><ent r="3" t="231" w="256" /></phr><phr n="capability"><ent r="3" t="152" w="328" /><ent r="4" t="156" w="582" /><ent r="4" t="161" w="765" /><ent r="3" t="190" w="34" /><ent r="3" t="203" w="29" /></phr></stem><stem n="rapidli"><phr n="rapidly"><ent r="3" t="46" w="168" /></phr></stem><stem n="depict"><phr n="depicting"><ent r="4" t="47" w="75" /></phr></stem><stem n="left-click"><phr n="Left-click"><ent r="3" t="47" w="86" /></phr></stem><stem n="shift+left"><phr n="Shift+left"><ent r="3" t="47" w="98" /></phr><phr n="Shift+Left"><ent r="4" t="171" w="323" /></phr></stem><stem n="shift+left-click"><phr n="Shift+left-click"><ent r="3" t="47" w="98" /></phr></stem><stem n="trail"><phr n="Trail"><ent r="92" t="47" w="121" /><ent r="4" t="47" w="187" /><ent r="4" t="47" w="206" /><ent r="5" t="47" w="236" /><ent r="4" t="47" w="243" /><ent r="4" t="47" w="307" /><ent r="5" t="103" w="180" /></phr><phr n="trail"><ent r="3" t="47" w="133" /><ent r="3" t="47" w="145" /><ent r="3" t="47" w="156" /><ent r="4" t="47" w="174" /><ent r="4" t="47" w="193" /><ent r="4" t="47" w="255" /><ent r="4" t="47" w="319" /><ent r="3" t="47" w="341" /><ent r="4" t="102" w="26" /><ent r="4" t="102" w="39" /><ent r="3" t="103" w="21" /><ent r="3" t="103" w="36" /><ent r="3" t="103" w="89" /><ent r="3" t="103" w="101" /><ent r="3" t="103" w="114" /><ent r="3" t="103" w="193" /><ent r="3" t="103" w="215" /><ent r="3" t="103" w="239" /></phr></stem><stem n="leav"><phr n="leaves"><ent r="3" t="47" w="129" /><ent r="3" t="103" w="85" /></phr><phr n="leave"><ent r="3" t="62" w="206" /><ent r="3" t="82" w="53" /><ent r="4" t="95" w="233" /><ent r="3" t="151" w="355" /><ent r="3" t="152" w="147" /><ent r="3" t="153" w="181" /><ent r="3" t="154" w="185" /><ent r="3" t="155" w="84" /><ent r="3" t="156" w="102" /><ent r="3" t="157" w="257" /><ent r="3" t="158" w="186" /><ent r="3" t="159" w="120" /><ent r="3" t="160" w="216" /><ent r="3" t="161" w="169" /><ent r="3" t="163" w="929" /><ent r="4" t="164" w="229" /><ent r="4" t="174" w="1276" /><ent r="4" t="175" w="1329" /><ent r="3" t="176" w="669" /></phr><phr n="Leave"><ent r="4" t="173" w="2132" /></phr></stem><stem n="&quot;snail"><phr n="&quot;snail"><ent r="3" t="47" w="132" /><ent r="3" t="103" w="88" /></phr></stem><stem n="snail"><phr n="snail"><ent r="3" t="47" w="132" /><ent r="3" t="103" w="88" /></phr></stem><stem n="'ve"><phr n="'ve"><ent r="3" t="47" w="137" /><ent r="3" t="103" w="93" /><ent r="3" t="137" w="331" /><ent r="4" t="176" w="426" /></phr></stem><stem n="you'v"><phr n="you've"><ent r="3" t="47" w="137" /><ent r="3" t="47" w="136" /><ent r="3" t="103" w="93" /><ent r="3" t="103" w="92" /><ent r="3" t="137" w="331" /><ent r="3" t="137" w="330" /><ent r="4" t="176" w="426" /><ent r="4" t="176" w="425" /></phr></stem><stem n="ve"><phr n="ve"><ent r="3" t="47" w="137" /><ent r="3" t="103" w="93" /><ent r="3" t="127" w="12" /><ent r="3" t="137" w="331" /><ent r="4" t="176" w="426" /></phr></stem><stem n="look"><phr n="looked"><ent r="3" t="47" w="138" /><ent r="3" t="103" w="94" /></phr><phr n="looking"><ent r="3" t="48" w="35" /><ent r="3" t="189" w="248" /></phr><phr n="look"><ent r="3" t="120" w="265" /><ent r="3" t="120" w="407" /><ent r="3" t="120" w="543" /><ent r="4" t="173" w="2044" /><ent r="4" t="177" w="974" /><ent r="4" t="182" w="1142" /><ent r="3" t="182" w="1365" /><ent r="3" t="217" w="188" /></phr><phr n="looks"><ent r="4" t="142" w="153" /><ent r="4" t="163" w="718" /><ent r="4" t="182" w="759" /></phr><phr n="Look"><ent r="1000" t="166" w="4" /><ent r="100" t="166" w="11" /><ent r="100" t="166" w="20" /><ent r="102" t="166" w="27" /><ent r="3" t="166" w="36" /><ent r="64" t="166" w="316" /><ent r="1000" t="167" w="4" /><ent r="100" t="167" w="11" /><ent r="102" t="167" w="21" /><ent r="4" t="167" w="150" /><ent r="5" t="167" w="159" /><ent r="4" t="167" w="277" /><ent r="3" t="169" w="15" /><ent r="64" t="172" w="354" /><ent r="1000" t="176" w="3" /><ent r="100" t="176" w="10" /><ent r="102" t="176" w="20" /><ent r="3" t="176" w="59" /><ent r="4" t="176" w="80" /><ent r="4" t="176" w="109" /><ent r="4" t="176" w="399" /><ent r="3" t="176" w="407" /><ent r="4" t="176" w="417" /><ent r="3" t="176" w="642" /><ent r="4" t="176" w="696" /><ent r="4" t="176" w="793" /><ent r="4" t="176" w="962" /><ent r="4" t="176" w="1512" /><ent r="3" t="176" w="1581" /></phr></stem><stem n="opac"><phr n="opacity"><ent r="3" t="47" w="150" /><ent r="4" t="47" w="224" /><ent r="5" t="47" w="237" /><ent r="4" t="47" w="250" /><ent r="3" t="103" w="108" /><ent r="4" t="142" w="168" /><ent r="4" t="156" w="155" /><ent r="4" t="161" w="241" /></phr><phr n="Opacity"><ent r="4" t="47" w="244" /><ent r="4" t="103" w="209" /><ent r="5" t="156" w="151" /><ent r="5" t="161" w="237" /></phr></stem><stem n="snapshot"><phr n="snapshot"><ent r="3" t="47" w="162" /><ent r="100" t="50" w="8" /><ent r="100" t="50" w="12" /><ent r="3" t="50" w="31" /><ent r="3" t="50" w="72" /><ent r="3" t="50" w="86" /><ent r="4" t="50" w="109" /><ent r="5" t="50" w="157" /><ent r="4" t="50" w="166" /><ent r="4" t="50" w="180" /><ent r="5" t="50" w="211" /><ent r="4" t="50" w="220" /><ent r="4" t="50" w="246" /><ent r="5" t="219" w="324" /></phr><phr n="Snapshot"><ent r="1000" t="50" w="3" /><ent r="102" t="50" w="6" /><ent r="3" t="50" w="225" /><ent r="4" t="50" w="233" /><ent r="92" t="105" w="313" /></phr></stem><stem n="clear"><phr n="Clear"><ent r="4" t="47" w="185" /><ent r="3" t="164" w="284" /><ent r="92" t="212" w="118" /><ent r="4" t="212" w="139" /><ent r="92" t="224" w="308" /><ent r="5" t="224" w="356" /></phr><phr n="clear"><ent r="4" t="70" w="85" /><ent r="3" t="70" w="104" /><ent r="3" t="164" w="278" /><ent r="3" t="224" w="25" /></phr></stem><stem n="opaqu"><phr n="opaque"><ent r="4" t="47" w="253" /><ent r="4" t="47" w="272" /><ent r="3" t="103" w="213" /><ent r="3" t="103" w="232" /><ent r="4" t="171" w="255" /><ent r="3" t="176" w="1415" /><ent r="6" t="223" w="62" /></phr></stem><stem n="zero"><phr n="Zero"><ent r="4" t="47" w="262" /><ent r="3" t="103" w="222" /></phr><phr n="zero"><ent r="3" t="163" w="679" /><ent r="7" t="193" w="679" /></phr></stem><stem n="complet"><phr n="completely"><ent r="4" t="47" w="265" /><ent r="4" t="47" w="271" /><ent r="3" t="103" w="225" /><ent r="3" t="103" w="231" /><ent r="4" t="176" w="1381" /><ent r="4" t="180" w="222" /><ent r="5" t="182" w="176" /><ent r="4" t="182" w="531" /></phr><phr n="complete"><ent r="4" t="71" w="113" /><ent r="3" t="107" w="194" /><ent r="3" t="109" w="40" /><ent r="4" t="173" w="581" /><ent r="4" t="173" w="2304" /><ent r="3" t="174" w="242" /><ent r="4" t="175" w="821" /><ent r="4" t="175" w="1008" /><ent r="4" t="180" w="262" /><ent r="3" t="181" w="802" /><ent r="3" t="231" w="84" /></phr><phr n="completion"><ent r="4" t="80" w="515" /><ent r="3" t="174" w="2127" /></phr><phr n="completed"><ent r="3" t="101" w="98" /><ent r="3" t="101" w="217" /><ent r="4" t="101" w="238" /><ent r="3" t="127" w="13" /><ent r="4" t="170" w="325" /><ent r="4" t="175" w="1469" /><ent r="4" t="179" w="460" /></phr><phr n="completes"><ent r="3" t="101" w="103" /></phr><phr n="Complete"><ent r="4" t="179" w="105" /></phr></stem></index>