﻿<?xml version="1.0" encoding="utf-8"?><index><stem n=":wizard"><phr n=":Wizard"><ent r="100" t="112" w="12" /><ent r="100" t="112" w="16" /><ent r="100" t="112" w="22" /><ent r="100" t="112" w="26" /><ent r="100" t="112" w="515" /><ent r="100" t="113" w="6" /><ent r="100" t="232" w="7" /><ent r="100" t="232" w="11" /><ent r="100" t="232" w="15" /><ent r="100" t="232" w="20" /><ent r="100" t="233" w="7" /><ent r="100" t="233" w="18" /><ent r="100" t="233" w="23" /><ent r="100" t="234" w="20" /><ent r="100" t="235" w="13" /></phr><phr n=":wizard"><ent r="100" t="114" w="10" /><ent r="100" t="116" w="6" /><ent r="100" t="117" w="6" /><ent r="100" t="120" w="7" /><ent r="100" t="122" w="6" /><ent r="100" t="122" w="10" /><ent r="100" t="122" w="14" /><ent r="100" t="126" w="25" /><ent r="100" t="233" w="12" /><ent r="100" t="233" w="15" /><ent r="100" t="233" w="176" /><ent r="100" t="234" w="133" /></phr><phr n=":wizards"><ent r="100" t="119" w="67" /></phr></stem><stem n=":use"><phr n=":using"><ent r="100" t="112" w="33" /></phr></stem><stem n="autom"><phr n="Automating"><ent r="3" t="112" w="62" /></phr><phr n="automated"><ent r="3" t="171" w="67" /><ent r="3" t="171" w="154" /><ent r="3" t="176" w="1284" /><ent r="3" t="176" w="1315" /><ent r="3" t="181" w="34" /><ent r="3" t="181" w="37" /><ent r="3" t="181" w="1885" /><ent r="3" t="181" w="1888" /></phr><phr n="automate"><ent r="3" t="181" w="103" /></phr></stem><stem n="procedur"><phr n="procedures"><ent r="3" t="112" w="64" /><ent r="3" t="181" w="1878" /><ent r="3" t="182" w="1703" /></phr><phr n="procedure"><ent r="3" t="180" w="1176" /></phr></stem><stem n="potenti"><phr n="potential"><ent r="3" t="112" w="69" /></phr></stem><stem n="untitl"><phr n="untitled"><ent r="3" t="112" w="122" /></phr></stem><stem n="readi"><phr n="ready"><ent r="3" t="112" w="124" /><ent r="3" t="178" w="1313" /><ent r="3" t="179" w="395" /><ent r="3" t="190" w="763" /></phr></stem><stem n=":drop-down"><phr n=":drop-down"><ent r="100" t="112" w="130" /></phr></stem><stem n="canva"><phr n="canvas"><ent r="100" t="112" w="141" /><ent r="100" t="112" w="145" /><ent r="3" t="112" w="164" /><ent r="3" t="112" w="320" /><ent r="3" t="112" w="346" /><ent r="3" t="112" w="369" /><ent r="3" t="112" w="384" /><ent r="3" t="112" w="393" /><ent r="3" t="112" w="399" /><ent r="3" t="112" w="413" /><ent r="7" t="113" w="74" /><ent r="7" t="113" w="160" /><ent r="3" t="122" w="145" /><ent r="3" t="122" w="182" /><ent r="3" t="122" w="213" /><ent r="3" t="122" w="254" /><ent r="4" t="123" w="73" /><ent r="3" t="123" w="125" /><ent r="4" t="123" w="159" /><ent r="4" t="123" w="179" /><ent r="4" t="123" w="258" /><ent r="4" t="123" w="337" /><ent r="4" t="123" w="381" /><ent r="3" t="126" w="236" /><ent r="3" t="126" w="338" /><ent r="4" t="126" w="357" /><ent r="3" t="126" w="404" /><ent r="4" t="126" w="423" /><ent r="4" t="180" w="73" /><ent r="4" t="180" w="231" /><ent r="4" t="180" w="973" /><ent r="4" t="180" w="981" /><ent r="3" t="180" w="1021" /><ent r="3" t="180" w="1035" /><ent r="3" t="180" w="1110" /><ent r="7" t="232" w="151" /><ent r="100" t="233" w="177" /><ent r="7" t="233" w="187" /><ent r="7" t="234" w="79" /></phr><phr n="Canvas"><ent r="92" t="112" w="316" /><ent r="92" t="180" w="1008" /></phr></stem><stem n=":canva"><phr n=":canvas"><ent r="100" t="112" w="145" /></phr></stem><stem n=":toolbar"><phr n=":toolbar"><ent r="100" t="112" w="228" /><ent r="100" t="113" w="11" /></phr></stem><stem n="task"><phr n="tasks"><ent r="3" t="112" w="243" /><ent r="3" t="172" w="48" /><ent r="3" t="172" w="56" /><ent r="3" t="181" w="109" /></phr></stem><stem n="organ"><phr n="organized"><ent r="3" t="112" w="279" /><ent r="4" t="162" w="72" /><ent r="3" t="181" w="159" /><ent r="3" t="202" w="705" /></phr></stem><stem n="section"><phr n="sections"><ent r="3" t="112" w="281" /><ent r="3" t="161" w="252" /><ent r="3" t="182" w="960" /><ent r="3" t="194" w="132" /></phr><phr n="section"><ent r="3" t="139" w="92" /><ent r="3" t="140" w="577" /><ent r="3" t="173" w="1625" /><ent r="3" t="174" w="1832" /><ent r="4" t="181" w="450" /><ent r="4" t="181" w="500" /><ent r="4" t="181" w="607" /><ent r="4" t="181" w="696" /><ent r="4" t="182" w="543" /><ent r="4" t="182" w="581" /><ent r="4" t="182" w="632" /><ent r="3" t="182" w="951" /><ent r="3" t="213" w="168" /><ent r="3" t="215" w="173" /><ent r="4" t="217" w="60" /></phr></stem><stem n="&quot;all&quot;"><phr n="&quot;All&quot;"><ent r="3" t="112" w="290" /><ent r="3" t="122" w="67" /></phr></stem><stem n="5000"><phr n="5000"><ent r="3" t="112" w="349" /><ent r="3" t="112" w="351" /></phr></stem><stem n="serv"><phr n="serves"><ent r="3" t="112" w="415" /></phr></stem><stem n="flow"><phr n="flow"><ent r="3" t="112" w="419" /><ent r="3" t="112" w="425" /><ent r="3" t="181" w="143" /><ent r="3" t="181" w="147" /></phr></stem><stem n="diagram"><phr n="diagram"><ent r="3" t="112" w="420" /><ent r="3" t="112" w="426" /></phr></stem><stem n="unsav"><phr n="unsaved"><ent r="7" t="113" w="38" /><ent r="7" t="233" w="90" /><ent r="7" t="233" w="126" /><ent r="7" t="233" w="203" /></phr></stem><stem n="ask"><phr n="asking"><ent r="7" t="113" w="47" /><ent r="4" t="190" w="733" /><ent r="7" t="233" w="99" /><ent r="7" t="233" w="135" /><ent r="7" t="233" w="212" /></phr><phr n="asks"><ent r="4" t="163" w="727" /><ent r="3" t="174" w="1313" /><ent r="4" t="182" w="1516" /></phr><phr n="asked"><ent r="4" t="174" w="1069" /></phr></stem><stem n="-select"><phr n="-selected"><ent r="7" t="113" w="108" /><ent r="7" t="113" w="108" /><ent r="7" t="113" w="144" /><ent r="7" t="113" w="144" /><ent r="7" t="113" w="182" /><ent r="7" t="113" w="182" /><ent r="7" t="232" w="92" /><ent r="7" t="232" w="92" /><ent r="7" t="232" w="128" /><ent r="7" t="232" w="128" /><ent r="7" t="232" w="167" /><ent r="7" t="232" w="167" /></phr><phr n="-selecting"><ent r="4" t="171" w="203" /><ent r="4" t="171" w="203" /><ent r="6" t="223" w="401" /><ent r="6" t="223" w="401" /></phr><phr n="-select"><ent r="3" t="207" w="43" /><ent r="3" t="207" w="43" /><ent r="3" t="207" w="73" /><ent r="3" t="207" w="73" /></phr></stem><stem n="non-select"><phr n="non-selected"><ent r="7" t="113" w="108" /><ent r="7" t="113" w="144" /><ent r="7" t="113" w="182" /><ent r="7" t="232" w="92" /><ent r="7" t="232" w="128" /><ent r="7" t="232" w="167" /></phr></stem><stem n="add/edit"><phr n="Add/Edit"><ent r="68" t="113" w="220" /><ent r="68" t="113" w="219" /><ent r="64" t="122" w="284" /><ent r="64" t="122" w="283" /><ent r="1000" t="123" w="2" /><ent r="1000" t="123" w="1" /><ent r="102" t="123" w="25" /><ent r="102" t="123" w="24" /><ent r="68" t="234" w="107" /><ent r="68" t="234" w="106" /></phr></stem><stem n="decreas"><phr n="Decreases"><ent r="7" t="113" w="268" /><ent r="7" t="234" w="174" /></phr><phr n="decreases"><ent r="3" t="173" w="827" /></phr><phr n="decrease"><ent r="3" t="173" w="1448" /><ent r="100" t="234" w="12" /></phr><phr n="Decrease"><ent r="7" t="234" w="171" /></phr></stem><stem n="earlier"><phr n="earlier"><ent r="7" t="113" w="283" /><ent r="3" t="121" w="60" /><ent r="3" t="181" w="1271" /><ent r="7" t="234" w="189" /></phr></stem><stem n="best"><phr n="best"><ent r="4" t="114" w="91" /><ent r="3" t="202" w="280" /><ent r="4" t="202" w="414" /></phr></stem><stem n=":execut"><phr n=":execute"><ent r="100" t="114" w="192" /></phr><phr n=":execution"><ent r="100" t="119" w="6" /><ent r="100" t="122" w="102" /><ent r="100" t="126" w="14" /></phr></stem><stem n="correctli"><phr n="correctly"><ent r="3" t="114" w="238" /><ent r="4" t="176" w="1566" /></phr></stem><stem n=":exist"><phr n=":existing"><ent r="100" t="115" w="13" /><ent r="100" t="233" w="115" /></phr></stem><stem n=":run"><phr n=":run"><ent r="100" t="116" w="9" /></phr></stem><stem n="scan"><phr n="scan"><ent r="3" t="118" w="28" /></phr></stem><stem n="sinc"><phr n="since"><ent r="3" t="118" w="76" /><ent r="3" t="163" w="522" /><ent r="4" t="202" w="624" /></phr><phr n="Since"><ent r="3" t="122" w="318" /><ent r="3" t="163" w="202" /><ent r="3" t="181" w="1300" /></phr></stem><stem n="wizard'"><phr n="wizard's"><ent r="3" t="119" w="193" /><ent r="3" t="119" w="192" /></phr></stem><stem n=":menu"><phr n=":menu"><ent r="100" t="120" w="10" /></phr></stem><stem n="“my"><phr n="“My"><ent r="3" t="120" w="190" /></phr></stem><stem n="my"><phr n="My"><ent r="3" t="120" w="190" /><ent r="3" t="120" w="404" /></phr></stem><stem n="\menu"><phr n="\Menu"><ent r="3" t="120" w="257" /><ent r="3" t="120" w="315" /><ent r="3" t="120" w="398" /><ent r="3" t="120" w="447" /></phr></stem><stem n="mywizard"><phr n="MyWizard"><ent r="3" t="120" w="263" /><ent r="3" t="120" w="541" /><ent r="4" t="181" w="1599" /><ent r="4" t="181" w="1621" /><ent r="4" t="181" w="1642" /><ent r="4" t="181" w="1662" /><ent r="4" t="181" w="1741" /><ent r="5" t="182" w="460" /><ent r="5" t="182" w="481" /><ent r="4" t="182" w="492" /><ent r="3" t="182" w="1458" /></phr></stem><stem n="“wizards\mywizard”"><phr n="“Wizards\MyWizard”"><ent r="3" t="120" w="264" /></phr></stem><stem n="otherwis"><phr n="Otherwise"><ent r="4" t="120" w="287" /><ent r="4" t="120" w="565" /></phr></stem><stem n="\sub-menu"><phr n="\Sub-menu"><ent r="3" t="120" w="317" /><ent r="3" t="120" w="449" /><ent r="3" t="120" w="593" /></phr></stem><stem n="ampersand"><phr n="ampersand"><ent r="3" t="120" w="359" /><ent r="4" t="181" w="1460" /></phr></stem><stem n="(&amp;)"><phr n="(&amp;)"><ent r="3" t="120" w="360" /><ent r="4" t="181" w="1461" /></phr></stem><stem n="&amp;drop-down"><phr n="&amp;Drop-down"><ent r="3" t="120" w="394" /><ent r="3" t="120" w="443" /></phr></stem><stem n="“&amp;help\mi"><phr n="“&amp;Help\My"><ent r="3" t="120" w="404" /></phr></stem><stem n="enclos"><phr n="enclose"><ent r="3" t="120" w="499" /></phr></stem><stem n="bracket"><phr n="brackets"><ent r="3" t="120" w="504" /></phr><phr n="Bracket"><ent r="4" t="181" w="1447" /></phr></stem><stem n="[toolbar"><phr n="[Toolbar"><ent r="3" t="120" w="533" /><ent r="3" t="120" w="589" /></phr></stem><stem n="]\menu"><phr n="]\Menu"><ent r="3" t="120" w="535" /><ent r="3" t="120" w="591" /></phr></stem><stem n="“["><phr n="“["><ent r="3" t="120" w="540" /></phr></stem><stem n="]\mywizard”"><phr n="]\MyWizard”"><ent r="3" t="120" w="542" /></phr></stem><stem n="(befor"><phr n="(before"><ent r="3" t="121" w="64" /></phr></stem><stem n="4.3"><phr n="4.3"><ent r="3" t="121" w="67" /><ent r="3" t="121" w="66" /></phr></stem><stem n="4.3.2"><phr n="4.3.2"><ent r="3" t="121" w="68" /><ent r="3" t="121" w="66" /></phr></stem><stem n=".3.2),"><phr n=".3.2),"><ent r="3" t="121" w="69" /></phr></stem><stem n="basic"><phr n="basic"><ent r="3" t="122" w="28" /><ent r="3" t="134" w="159" /><ent r="3" t="152" w="182" /><ent r="3" t="173" w="35" /><ent r="3" t="173" w="112" /><ent r="4" t="176" w="1546" /><ent r="3" t="202" w="21" /></phr><phr n="basically"><ent r="3" t="163" w="105" /></phr></stem><stem n="node"><phr n="nodes"><ent r="100" t="122" w="94" /><ent r="3" t="122" w="118" /><ent r="3" t="122" w="468" /><ent r="3" t="122" w="475" /><ent r="3" t="122" w="490" /><ent r="3" t="122" w="500" /><ent r="3" t="122" w="515" /><ent r="3" t="122" w="525" /><ent r="3" t="122" w="539" /><ent r="3" t="122" w="564" /><ent r="3" t="122" w="570" /><ent r="3" t="125" w="37" /><ent r="3" t="125" w="98" /><ent r="3" t="126" w="179" /><ent r="3" t="126" w="208" /><ent r="3" t="126" w="280" /><ent r="3" t="181" w="1041" /></phr><phr n="Nodes"><ent r="82" t="122" w="454" /></phr><phr n="node"><ent r="3" t="122" w="480" /><ent r="3" t="122" w="546" /><ent r="3" t="122" w="556" /><ent r="3" t="122" w="592" /><ent r="3" t="122" w="604" /><ent r="3" t="122" w="662" /><ent r="3" t="123" w="168" /><ent r="4" t="123" w="184" /><ent r="3" t="125" w="25" /><ent r="3" t="125" w="32" /><ent r="4" t="125" w="53" /><ent r="4" t="125" w="57" /><ent r="4" t="125" w="73" /><ent r="4" t="125" w="77" /><ent r="3" t="181" w="1051" /><ent r="3" t="181" w="1063" /><ent r="3" t="182" w="1114" /></phr></stem><stem n=":name"><phr n=":name"><ent r="100" t="122" w="98" /></phr></stem><stem n="simpli"><phr n="simply"><ent r="3" t="122" w="171" /><ent r="3" t="169" w="98" /><ent r="4" t="175" w="1328" /><ent r="3" t="181" w="1042" /></phr></stem><stem n="anatomi"><phr n="Anatomy"><ent r="92" t="122" w="215" /></phr></stem><stem n="beneath"><phr n="beneath"><ent r="3" t="122" w="233" /></phr></stem><stem n="-defined."><phr n="-defined."><ent r="3" t="122" w="246" /><ent r="3" t="122" w="246" /></phr></stem><stem n="typic"><phr n="typically"><ent r="3" t="122" w="310" /><ent r="3" t="175" w="117" /><ent r="3" t="176" w="606" /><ent r="5" t="184" w="195" /><ent r="7" t="193" w="678" /><ent r="4" t="202" w="412" /><ent r="4" t="202" w="505" /></phr><phr n="Typically"><ent r="3" t="137" w="33" /></phr><phr n="typical"><ent r="92" t="193" w="693" /></phr></stem><stem n="sequenc"><phr n="sequence"><ent r="3" t="122" w="317" /><ent r="3" t="122" w="919" /><ent r="3" t="173" w="54" /><ent r="3" t="177" w="59" /><ent r="3" t="178" w="51" /><ent r="3" t="180" w="51" /><ent r="5" t="182" w="153" /></phr></stem><stem n="alwai"><phr n="always"><ent r="3" t="122" w="323" /><ent r="3" t="122" w="502" /><ent r="3" t="122" w="527" /><ent r="3" t="174" w="847" /><ent r="3" t="177" w="1176" /><ent r="3" t="181" w="1326" /><ent r="3" t="182" w="1255" /><ent r="3" t="231" w="51" /></phr></stem><stem n="flexibl"><phr n="flexibility"><ent r="3" t="122" w="338" /></phr></stem><stem n="-code"><phr n="-coded"><ent r="3" t="122" w="351" /><ent r="3" t="122" w="351" /><ent r="3" t="122" w="484" /><ent r="3" t="122" w="484" /></phr></stem><stem n="color-cod"><phr n="color-coded"><ent r="3" t="122" w="351" /><ent r="3" t="122" w="541" /></phr></stem><stem n="code"><phr n="coded"><ent r="3" t="122" w="352" /><ent r="3" t="122" w="485" /><ent r="3" t="122" w="542" /></phr><phr n="code"><ent r="3" t="138" w="78" /></phr></stem><stem n="light"><phr n="Light"><ent r="6" t="122" w="373" /><ent r="6" t="122" w="386" /><ent r="6" t="122" w="402" /><ent r="6" t="122" w="418" /><ent r="6" t="122" w="439" /><ent r="6" t="122" w="448" /></phr></stem><stem n="purpl"><phr n="purple"><ent r="6" t="122" w="387" /></phr></stem><stem n="variou"><phr n="various"><ent r="7" t="122" w="396" /><ent r="3" t="166" w="44" /><ent r="3" t="174" w="232" /><ent r="3" t="176" w="123" /><ent r="3" t="180" w="1300" /><ent r="3" t="190" w="544" /><ent r="3" t="202" w="168" /></phr></stem><stem n="turquois"><phr n="turquoise"><ent r="6" t="122" w="403" /><ent r="4" t="175" w="961" /></phr></stem><stem n="maroon"><phr n="maroon"><ent r="6" t="122" w="419" /></phr></stem><stem n="thing"><phr n="things"><ent r="8" t="122" w="432" /></phr><phr n="thing"><ent r="3" t="181" w="127" /></phr></stem><stem n="lavend"><phr n="Lavender"><ent r="5" t="122" w="444" /></phr></stem><stem n="yellow"><phr n="yellow"><ent r="6" t="122" w="449" /><ent r="4" t="177" w="841" /><ent r="6" t="177" w="967" /><ent r="4" t="177" w="1136" /><ent r="4" t="180" w="654" /><ent r="4" t="180" w="791" /><ent r="4" t="180" w="825" /></phr></stem><stem n="hard"><phr n="hard"><ent r="3" t="122" w="484" /></phr></stem><stem n="hard-cod"><phr n="hard-coded"><ent r="3" t="122" w="484" /></phr></stem><stem n="-coded."><phr n="-coded."><ent r="3" t="122" w="543" /><ent r="3" t="122" w="543" /></phr></stem><stem n="(s),"><phr n="(s),"><ent r="3" t="122" w="551" /></phr></stem><stem n="&quot;get...&quot;"><phr n="&quot;Get...&quot;"><ent r="82" t="122" w="613" /><ent r="3" t="122" w="616" /><ent r="3" t="122" w="670" /><ent r="3" t="122" w="683" /><ent r="3" t="122" w="704" /></phr></stem><stem n="&quot;get"><phr n="&quot;Get"><ent r="3" t="122" w="629" /><ent r="3" t="122" w="712" /></phr></stem><stem n="compat"><phr n="compatible"><ent r="3" t="122" w="665" /></phr></stem><stem n=":interact"><phr n=":interactive"><ent r="100" t="122" w="731" /></phr></stem><stem n=":batch"><phr n=":batch"><ent r="100" t="122" w="776" /></phr></stem><stem n="intern"><phr n="internally"><ent r="4" t="122" w="802" /></phr></stem><stem n="black"><phr n="black"><ent r="4" t="122" w="811" /><ent r="3" t="126" w="231" /><ent r="4" t="173" w="2028" /></phr></stem><stem n="“1”"><phr n="“1”"><ent r="3" t="122" w="927" /></phr></stem><stem n="“2”"><phr n="“2”"><ent r="3" t="122" w="937" /></phr></stem><stem n=":valu"><phr n=":Value"><ent r="100" t="123" w="8" /><ent r="100" t="123" w="11" /></phr><phr n=":value"><ent r="100" t="123" w="15" /><ent r="100" t="123" w="22" /></phr></stem><stem n="-and-drop:"><phr n="-and-drop:"><ent r="3" t="123" w="39" /><ent r="3" t="123" w="40" /></phr></stem><stem n="w"><phr n="W"><ent r="5" t="123" w="49" /><ent r="3" t="174" w="1478" /><ent r="5" t="219" w="238" /></phr><phr n="w"><ent r="5" t="173" w="1171" /><ent r="3" t="193" w="708" /></phr></stem><stem n="izard"><phr n="izard"><ent r="4" t="123" w="51" /></phr></stem><stem n="easiest"><phr n="easiest"><ent r="4" t="123" w="280" /></phr></stem><stem n="vector&lt;string&gt;"><phr n="vector&lt;string&gt;"><ent r="3" t="124" w="14" /><ent r="4" t="124" w="35" /><ent r="6" t="236" w="647" /></phr></stem><stem n="&quot;vector&lt;string&gt;&quot;"><phr n="&quot;vector&lt;string&gt;&quot;"><ent r="3" t="124" w="15" /></phr></stem><stem n="launch"><phr n="launch"><ent r="3" t="124" w="18" /><ent r="4" t="124" w="27" /></phr><phr n="launches"><ent r="3" t="163" w="261" /></phr></stem><stem n="notepad"><phr n="Notepad"><ent r="3" t="124" w="24" /></phr></stem><stem n=":connect"><phr n=":connect"><ent r="100" t="125" w="11" /></phr></stem><stem n="(a)"><phr n="(A)"><ent r="4" t="125" w="52" /><ent r="4" t="125" w="72" /></phr></stem><stem n="(b)"><phr n="(B)"><ent r="4" t="125" w="56" /><ent r="4" t="125" w="76" /></phr></stem><stem n="disappear"><phr n="disappears"><ent r="3" t="125" w="107" /></phr><phr n="disappear"><ent r="4" t="168" w="199" /><ent r="4" t="176" w="928" /></phr></stem><stem n="destroi"><phr n="destroys"><ent r="3" t="126" w="186" /></phr></stem><stem n="preserv"><phr n="preserved"><ent r="3" t="126" w="197" /></phr><phr n="preserve"><ent r="3" t="186" w="222" /></phr></stem><stem n="occasion"><phr n="Occasionally"><ent r="3" t="126" w="257" /></phr></stem><stem n="unsupport"><phr n="unsupported"><ent r="3" t="126" w="272" /></phr></stem><stem n="brown"><phr n="brown"><ent r="3" t="126" w="284" /><ent r="3" t="182" w="1136" /></phr></stem><stem n="(unless"><phr n="(unless"><ent r="3" t="126" w="312" /></phr></stem><stem n="’ve"><phr n="’ve"><ent r="3" t="127" w="12" /></phr></stem><stem n="arrang"><phr n="arranging"><ent r="3" t="127" w="47" /><ent r="3" t="153" w="35" /><ent r="3" t="180" w="97" /></phr><phr n="arrange"><ent r="4" t="174" w="2836" /></phr><phr n="Arrange"><ent r="4" t="182" w="606" /></phr></stem><stem n="virtual"><phr n="virtual"><ent r="3" t="127" w="52" /><ent r="3" t="127" w="104" /><ent r="3" t="153" w="40" /><ent r="3" t="180" w="102" /><ent r="4" t="180" w="158" /></phr></stem><stem n="sheet"><phr n="sheet"><ent r="3" t="127" w="53" /><ent r="3" t="153" w="41" /><ent r="3" t="180" w="103" /></phr></stem><stem n="classif"><phr n="Classification"><ent r="3" t="127" w="65" /><ent r="3" t="127" w="90" /><ent r="5" t="138" w="210" /><ent r="5" t="138" w="297" /><ent r="4" t="138" w="423" /><ent r="4" t="153" w="54" /><ent r="92" t="153" w="288" /><ent r="3" t="153" w="292" /><ent r="4" t="153" w="310" /><ent r="5" t="153" w="327" /><ent r="4" t="180" w="117" /><ent r="4" t="180" w="144" /><ent r="3" t="211" w="35" /><ent r="92" t="211" w="222" /><ent r="3" t="211" w="228" /></phr><phr n="classification"><ent r="3" t="127" w="100" /><ent r="3" t="138" w="18" /><ent r="3" t="138" w="25" /><ent r="3" t="138" w="57" /><ent r="3" t="138" w="64" /><ent r="3" t="138" w="407" /><ent r="3" t="138" w="448" /><ent r="3" t="153" w="68" /><ent r="3" t="153" w="302" /><ent r="4" t="166" w="290" /><ent r="3" t="174" w="2882" /><ent r="4" t="180" w="154" /><ent r="3" t="211" w="41" /><ent r="3" t="211" w="240" /></phr></stem><stem n="(on"><phr n="(on"><ent r="4" t="128" w="132" /><ent r="4" t="128" w="160" /></phr><phr n="(On"><ent r="3" t="181" w="1711" /></phr></stem><stem n="particular"><phr n="particular"><ent r="3" t="128" w="190" /><ent r="3" t="172" w="126" /><ent r="3" t="174" w="834" /><ent r="4" t="175" w="1269" /></phr></stem><stem n=":deriv"><phr n=":derive"><ent r="100" t="129" w="6" /></phr></stem><stem n=":load"><phr n=":load"><ent r="100" t="130" w="6" /></phr></stem><stem n=":templat"><phr n=":template"><ent r="100" t="130" w="9" /><ent r="100" t="132" w="9" /></phr></stem><stem n=":select"><phr n=":selected"><ent r="100" t="131" w="6" /></phr><phr n=":select"><ent r="100" t="170" w="10" /><ent r="100" t="170" w="13" /></phr></stem><stem n=":paper"><phr n=":paper"><ent r="100" t="133" w="12" /></phr></stem><stem n="portrait"><phr n="portrait"><ent r="4" t="133" w="76" /></phr></stem><stem n="landscap"><phr n="landscape"><ent r="4" t="133" w="78" /></phr></stem><stem n="nimat"><phr n="nimation"><ent r="5" t="134" w="62" /></phr></stem><stem n="onc"><phr n="once"><ent r="3" t="134" w="104" /><ent r="4" t="173" w="2005" /><ent r="3" t="174" w="2871" /><ent r="4" t="175" w="751" /><ent r="7" t="185" w="33" /><ent r="6" t="185" w="38" /></phr><phr n="Once"><ent r="3" t="174" w="211" /></phr></stem><stem n="&quot;bumpers&quot;"><phr n="&quot;bumpers&quot;"><ent r="3" t="134" w="129" /></phr></stem><stem n="video"><phr n="video"><ent r="3" t="134" w="163" /></phr></stem><stem n=":plai"><phr n=":play"><ent r="100" t="135" w="8" /></phr></stem><stem n="&quot;left"><phr n="&quot;left"><ent r="3" t="137" w="35" /></phr></stem><stem n="&quot;start&quot;"><phr n="&quot;start&quot;"><ent r="3" t="137" w="40" /></phr></stem><stem n="&quot;right"><phr n="&quot;right"><ent r="3" t="137" w="43" /></phr></stem><stem n="&quot;end&quot;"><phr n="&quot;end&quot;"><ent r="3" t="137" w="48" /></phr></stem><stem n="elect"><phr n="elect"><ent r="6" t="137" w="213" /><ent r="3" t="173" w="764" /><ent r="4" t="178" w="636" /></phr></stem><stem n="/off"><phr n="/off"><ent r="3" t="137" w="555" /></phr></stem><stem n="on/off"><phr n="on/off"><ent r="3" t="137" w="555" /><ent r="3" t="137" w="554" /></phr></stem><stem n="configur"><phr n="configuration"><ent r="3" t="137" w="562" /><ent r="4" t="139" w="286" /></phr><phr n="Configuration"><ent r="92" t="156" w="131" /><ent r="92" t="161" w="198" /></phr></stem><stem n="overwritten"><phr n="overwritten"><ent r="3" t="137" w="573" /><ent r="3" t="173" w="279" /></phr></stem><stem n="itself"><phr n="itself"><ent r="3" t="138" w="33" /></phr></stem><stem n="securitymark"><phr n="securitymarkings"><ent r="4" t="138" w="97" /></phr></stem><stem n="1-securityvalu"><phr n="1-securityvalues"><ent r="4" t="138" w="98" /></phr></stem><stem n="securityvalu"><phr n="securityvalues"><ent r="4" t="138" w="99" /></phr></stem><stem n="securitymarkings/1-securityvalues.sec"><phr n="securitymarkings/1-securityvalues.sec"><ent r="4" t="138" w="100" /><ent r="4" t="138" w="97" /></phr></stem><stem n="sec"><phr n="sec"><ent r="4" t="138" w="100" /></phr></stem><stem n="securitymarkings/1-securityvalues.sec."><phr n="securitymarkings/1-securityvalues.sec."><ent r="4" t="138" w="100" /><ent r="4" t="138" w="97" /></phr></stem><stem n="/1-securityvalues.sec."><phr n="/1-securityvalues.sec."><ent r="4" t="138" w="101" /></phr></stem><stem n="descriptor"><phr n="Descriptor"><ent r="65" t="138" w="242" /><ent r="92" t="138" w="438" /><ent r="5" t="182" w="557" /><ent r="7" t="182" w="1077" /><ent r="3" t="182" w="1355" /></phr></stem><stem n="favorit"><phr n="Favorites"><ent r="65" t="138" w="250" /><ent r="92" t="138" w="575" /><ent r="3" t="138" w="578" /><ent r="3" t="138" w="629" /><ent r="3" t="138" w="659" /></phr><phr n="favorites"><ent r="4" t="138" w="613" /><ent r="4" t="138" w="669" /></phr><phr n="favorite"><ent r="3" t="138" w="620" /><ent r="3" t="138" w="646" /></phr></stem><stem n="preview"><phr n="Preview"><ent r="4" t="138" w="344" /><ent r="3" t="138" w="606" /><ent r="64" t="172" w="346" /><ent r="102" t="175" w="18" /><ent r="4" t="175" w="103" /><ent r="5" t="175" w="515" /><ent r="4" t="175" w="532" /><ent r="4" t="175" w="552" /><ent r="4" t="175" w="577" /></phr></stem><stem n="&quot;system&quot;"><phr n="&quot;System&quot;"><ent r="4" t="138" w="372" /></phr></stem><stem n="exempt"><phr n="Exemption"><ent r="4" t="138" w="373" /></phr></stem><stem n="&quot;exemption.&quot;"><phr n="&quot;Exemption.&quot;"><ent r="4" t="138" w="374" /></phr></stem><stem n="declassif"><phr n="Declassification"><ent r="5" t="138" w="465" /></phr></stem><stem n="downgrad"><phr n="Downgrade"><ent r="5" t="138" w="497" /><ent r="5" t="138" w="510" /></phr></stem><stem n="descript"><phr n="Description"><ent r="5" t="138" w="554" /><ent r="5" t="219" w="64" /></phr><phr n="descriptive"><ent r="4" t="138" w="559" /></phr><phr n="description"><ent r="7" t="193" w="78" /><ent r="3" t="193" w="700" /></phr></stem><stem n="form"><phr n="form"><ent r="3" t="138" w="652" /><ent r="3" t="177" w="235" /><ent r="3" t="178" w="224" /></phr><phr n="formed"><ent r="3" t="174" w="270" /></phr></stem><stem n="minu"><phr n="minus"><ent r="3" t="139" w="85" /><ent r="3" t="140" w="570" /><ent r="3" t="174" w="1472" /></phr></stem><stem n="per"><phr n="Per"><ent r="4" t="140" w="334" /><ent r="5" t="209" w="243" /><ent r="5" t="216" w="88" /></phr><phr n="per"><ent r="4" t="176" w="1324" /><ent r="3" t="186" w="42" /><ent r="3" t="186" w="65" /><ent r="6" t="186" w="86" /><ent r="6" t="186" w="93" /><ent r="7" t="193" w="96" /><ent r="7" t="193" w="108" /><ent r="7" t="193" w="119" /><ent r="4" t="209" w="252" /><ent r="4" t="216" w="97" /></phr></stem><stem n="strip"><phr n="Strip"><ent r="4" t="140" w="335" /><ent r="5" t="209" w="244" /><ent r="5" t="216" w="89" /></phr><phr n="strip"><ent r="4" t="209" w="253" /><ent r="4" t="216" w="98" /></phr></stem><stem n="pack"><phr n="Pack"><ent r="4" t="140" w="341" /><ent r="5" t="209" w="258" /><ent r="5" t="216" w="103" /></phr></stem><stem n="gzip"><phr n="GZIP"><ent r="3" t="140" w="367" /><ent r="3" t="140" w="371" /><ent r="4" t="140" w="391" /><ent r="4" t="210" w="228" /><ent r="3" t="210" w="250" /></phr></stem><stem n="shuffl"><phr n="Shuffle"><ent r="3" t="140" w="369" /></phr><phr n="shuffle"><ent r="4" t="210" w="239" /></phr></stem><stem n="none"><phr n="None"><ent r="3" t="140" w="382" /><ent r="4" t="207" w="88" /><ent r="4" t="210" w="226" /></phr></stem><stem n="(&quot;none&quot;)."><phr n="(&quot;None&quot;)."><ent r="3" t="140" w="383" /></phr></stem><stem n="chunk"><phr n="Chunk"><ent r="4" t="140" w="398" /><ent r="4" t="140" w="405" /><ent r="82" t="210" w="260" /></phr><phr n="chunk"><ent r="3" t="140" w="419" /><ent r="3" t="210" w="197" /><ent r="3" t="210" w="265" /><ent r="3" t="210" w="273" /><ent r="3" t="210" w="293" /></phr><phr n="chunks"><ent r="3" t="210" w="271" /></phr><phr n="chunked"><ent r="3" t="210" w="286" /></phr></stem><stem n="qualiti"><phr n="quality"><ent r="3" t="140" w="538" /><ent r="4" t="217" w="47" /><ent r="4" t="217" w="109" /><ent r="4" t="217" w="121" /><ent r="3" t="217" w="171" /><ent r="3" t="217" w="181" /></phr><phr n="Quality"><ent r="5" t="217" w="96" /></phr></stem><stem n="numer"><phr n="numerous"><ent r="3" t="140" w="556" /></phr><phr n="numeric"><ent r="3" t="181" w="1330" /><ent r="3" t="182" w="1259" /></phr></stem><stem n="-tune"><phr n="-tuning"><ent r="3" t="140" w="559" /><ent r="3" t="140" w="559" /></phr></stem><stem n="fine"><phr n="fine"><ent r="3" t="140" w="559" /></phr></stem><stem n="fine-tun"><phr n="fine-tuning"><ent r="3" t="140" w="559" /></phr></stem></index>