﻿<?xml version="1.0" encoding="utf-8"?><index><stem n="see"><phr n="see"><ent r="3" t="0" w="99" /><ent r="3" t="1" w="102" /><ent r="3" t="1" w="438" /><ent r="3" t="2" w="135" /><ent r="7" t="5" w="194" /><ent r="7" t="5" w="243" /><ent r="3" t="11" w="73" /><ent r="6" t="11" w="350" /><ent r="6" t="14" w="216" /><ent r="4" t="18" w="159" /><ent r="4" t="20" w="180" /><ent r="4" t="20" w="253" /><ent r="3" t="24" w="83" /><ent r="4" t="25" w="72" /><ent r="4" t="25" w="110" /><ent r="4" t="25" w="158" /><ent r="4" t="25" w="184" /><ent r="4" t="27" w="92" /><ent r="4" t="28" w="42" /><ent r="4" t="28" w="89" /><ent r="4" t="28" w="131" /><ent r="4" t="28" w="190" /><ent r="4" t="28" w="243" /><ent r="4" t="28" w="295" /><ent r="4" t="31" w="94" /><ent r="3" t="32" w="80" /><ent r="3" t="43" w="216" /><ent r="3" t="46" w="142" /><ent r="3" t="47" w="215" /><ent r="3" t="47" w="342" /><ent r="3" t="58" w="136" /><ent r="3" t="62" w="142" /><ent r="4" t="65" w="67" /><ent r="4" t="65" w="244" /><ent r="4" t="65" w="286" /><ent r="4" t="67" w="228" /><ent r="3" t="81" w="67" /><ent r="3" t="85" w="170" /><ent r="5" t="89" w="286" /><ent r="3" t="91" w="22" /><ent r="3" t="103" w="201" /><ent r="4" t="105" w="453" /><ent r="3" t="107" w="421" /><ent r="3" t="112" w="255" /><ent r="3" t="112" w="309" /><ent r="3" t="112" w="457" /><ent r="3" t="112" w="488" /><ent r="3" t="112" w="551" /><ent r="3" t="114" w="51" /><ent r="4" t="114" w="128" /><ent r="4" t="114" w="184" /><ent r="3" t="122" w="281" /><ent r="3" t="122" w="544" /><ent r="3" t="122" w="889" /><ent r="3" t="123" w="129" /><ent r="3" t="124" w="66" /><ent r="3" t="133" w="87" /><ent r="3" t="137" w="323" /><ent r="3" t="143" w="159" /><ent r="3" t="144" w="195" /><ent r="3" t="148" w="1160" /><ent r="3" t="149" w="198" /><ent r="3" t="150" w="172" /><ent r="3" t="152" w="449" /><ent r="3" t="153" w="265" /><ent r="3" t="153" w="401" /><ent r="3" t="154" w="156" /><ent r="3" t="155" w="220" /><ent r="3" t="157" w="228" /><ent r="3" t="158" w="155" /><ent r="3" t="160" w="169" /><ent r="3" t="161" w="748" /><ent r="3" t="173" w="703" /><ent r="3" t="173" w="819" /><ent r="3" t="173" w="1660" /><ent r="4" t="174" w="1673" /><ent r="3" t="174" w="2028" /><ent r="3" t="177" w="749" /><ent r="3" t="177" w="1081" /><ent r="3" t="178" w="767" /><ent r="3" t="179" w="371" /><ent r="3" t="181" w="804" /><ent r="4" t="182" w="203" /><ent r="4" t="182" w="614" /><ent r="3" t="184" w="34" /><ent r="5" t="184" w="281" /><ent r="3" t="192" w="122" /><ent r="3" t="202" w="208" /><ent r="3" t="205" w="44" /><ent r="3" t="213" w="170" /><ent r="3" t="215" w="175" /><ent r="3" t="219" w="45" /><ent r="3" t="220" w="152" /><ent r="6" t="223" w="188" /><ent r="6" t="223" w="357" /><ent r="6" t="223" w="568" /><ent r="4" t="224" w="147" /><ent r="7" t="234" w="104" /></phr><phr n="See"><ent r="3" t="1" w="546" /><ent r="3" t="1" w="573" /><ent r="3" t="2" w="41" /><ent r="3" t="4" w="104" /><ent r="7" t="5" w="25" /><ent r="7" t="6" w="19" /><ent r="6" t="7" w="20" /><ent r="3" t="8" w="34" /><ent r="7" t="8" w="54" /><ent r="7" t="9" w="19" /><ent r="7" t="10" w="77" /><ent r="7" t="10" w="122" /><ent r="4" t="11" w="33" /><ent r="3" t="11" w="58" /><ent r="7" t="11" w="96" /><ent r="7" t="13" w="168" /><ent r="7" t="13" w="197" /><ent r="6" t="14" w="283" /><ent r="5" t="14" w="317" /><ent r="3" t="18" w="177" /><ent r="5" t="20" w="81" /><ent r="4" t="20" w="226" /><ent r="4" t="20" w="472" /><ent r="4" t="20" w="502" /><ent r="4" t="20" w="539" /><ent r="4" t="21" w="506" /><ent r="4" t="29" w="102" /><ent r="3" t="31" w="49" /><ent r="6" t="38" w="64" /><ent r="3" t="40" w="252" /><ent r="3" t="52" w="108" /><ent r="4" t="53" w="76" /><ent r="4" t="53" w="185" /><ent r="3" t="58" w="290" /><ent r="3" t="63" w="61" /><ent r="3" t="63" w="81" /><ent r="5" t="64" w="49" /><ent r="3" t="64" w="245" /><ent r="4" t="65" w="26" /><ent r="3" t="67" w="34" /><ent r="3" t="68" w="159" /><ent r="3" t="73" w="308" /><ent r="4" t="78" w="91" /><ent r="3" t="86" w="193" /><ent r="6" t="89" w="129" /><ent r="3" t="94" w="273" /><ent r="3" t="95" w="175" /><ent r="3" t="95" w="220" /><ent r="3" t="106" w="319" /><ent r="7" t="113" w="217" /><ent r="7" t="113" w="262" /><ent r="7" t="113" w="296" /><ent r="4" t="114" w="69" /><ent r="3" t="116" w="135" /><ent r="3" t="119" w="174" /><ent r="4" t="123" w="235" /><ent r="3" t="125" w="198" /><ent r="3" t="125" w="235" /><ent r="3" t="134" w="118" /><ent r="3" t="134" w="144" /><ent r="3" t="134" w="178" /><ent r="3" t="152" w="312" /><ent r="4" t="154" w="126" /><ent r="3" t="163" w="431" /><ent r="4" t="163" w="481" /><ent r="3" t="174" w="897" /><ent r="4" t="174" w="1041" /><ent r="7" t="184" w="182" /><ent r="4" t="190" w="445" /><ent r="3" t="224" w="246" /><ent r="7" t="234" w="164" /><ent r="7" t="234" w="202" /></phr></stem><stem n="work"><phr n="Working"><ent r="64" t="0" w="101" /><ent r="1000" t="1" w="1" /><ent r="102" t="1" w="12" /><ent r="64" t="11" w="75" /><ent r="64" t="11" w="82" /><ent r="68" t="11" w="194" /><ent r="68" t="11" w="211" /><ent r="68" t="11" w="226" /><ent r="68" t="11" w="237" /><ent r="68" t="11" w="248" /><ent r="68" t="11" w="258" /><ent r="68" t="11" w="273" /><ent r="68" t="11" w="288" /><ent r="68" t="11" w="302" /><ent r="68" t="11" w="316" /><ent r="64" t="23" w="143" /><ent r="1000" t="53" w="1" /><ent r="102" t="53" w="8" /><ent r="64" t="54" w="93" /><ent r="64" t="55" w="135" /><ent r="64" t="58" w="301" /><ent r="64" t="63" w="93" /><ent r="64" t="63" w="98" /><ent r="64" t="63" w="104" /><ent r="1000" t="65" w="1" /><ent r="102" t="65" w="6" /><ent r="64" t="65" w="296" /><ent r="64" t="66" w="135" /><ent r="1000" t="67" w="1" /><ent r="102" t="67" w="11" /><ent r="64" t="67" w="274" /><ent r="92" t="86" w="216" /><ent r="64" t="86" w="229" /><ent r="1000" t="89" w="1" /><ent r="102" t="89" w="11" /><ent r="64" t="94" w="285" /><ent r="64" t="152" w="314" /><ent r="64" t="152" w="500" /><ent r="64" t="184" w="36" /><ent r="68" t="184" w="184" /><ent r="92" t="192" w="68" /><ent r="64" t="205" w="46" /><ent r="1000" t="224" w="1" /><ent r="102" t="224" w="5" /><ent r="92" t="224" w="231" /></phr><phr n="work"><ent r="3" t="53" w="22" /><ent r="3" t="58" w="120" /><ent r="3" t="75" w="13" /><ent r="3" t="75" w="29" /><ent r="3" t="75" w="45" /><ent r="3" t="75" w="75" /><ent r="3" t="76" w="270" /><ent r="3" t="79" w="29" /><ent r="3" t="82" w="61" /><ent r="3" t="101" w="93" /><ent r="3" t="128" w="194" /><ent r="4" t="176" w="804" /></phr><phr n="working"><ent r="3" t="62" w="139" /><ent r="3" t="63" w="51" /><ent r="5" t="64" w="38" /><ent r="4" t="65" w="15" /><ent r="4" t="65" w="241" /><ent r="4" t="65" w="283" /><ent r="3" t="67" w="22" /><ent r="4" t="67" w="225" /><ent r="3" t="104" w="52" /><ent r="3" t="112" w="305" /><ent r="3" t="112" w="453" /><ent r="3" t="112" w="547" /><ent r="3" t="153" w="396" /><ent r="3" t="154" w="153" /><ent r="3" t="157" w="225" /><ent r="3" t="160" w="166" /><ent r="4" t="170" w="253" /></phr><phr n="works"><ent r="3" t="70" w="31" /><ent r="6" t="89" w="341" /><ent r="3" t="94" w="37" /><ent r="3" t="181" w="137" /></phr><phr n="Works"><ent r="7" t="113" w="87" /><ent r="7" t="113" w="123" /><ent r="7" t="113" w="161" /></phr></stem><stem n="main"><phr n="Main"><ent r="64" t="0" w="104" /><ent r="1000" t="1" w="4" /><ent r="100" t="1" w="8" /><ent r="102" t="1" w="16" /><ent r="3" t="1" w="29" /><ent r="3" t="1" w="175" /><ent r="4" t="2" w="64" /><ent r="4" t="4" w="185" /><ent r="4" t="18" w="32" /><ent r="4" t="32" w="99" /><ent r="3" t="35" w="26" /><ent r="4" t="36" w="35" /><ent r="3" t="39" w="30" /><ent r="3" t="40" w="42" /><ent r="4" t="44" w="216" /><ent r="4" t="47" w="37" /><ent r="4" t="48" w="80" /><ent r="4" t="49" w="126" /><ent r="4" t="52" w="44" /><ent r="3" t="73" w="53" /><ent r="4" t="76" w="42" /><ent r="4" t="77" w="47" /><ent r="4" t="78" w="46" /><ent r="4" t="79" w="87" /><ent r="4" t="79" w="163" /><ent r="4" t="80" w="33" /><ent r="3" t="80" w="346" /><ent r="3" t="86" w="57" /><ent r="3" t="99" w="157" /><ent r="3" t="100" w="91" /><ent r="3" t="101" w="150" /><ent r="4" t="103" w="127" /><ent r="3" t="104" w="46" /><ent r="4" t="104" w="69" /><ent r="4" t="105" w="82" /><ent r="4" t="105" w="212" /><ent r="4" t="105" w="228" /><ent r="4" t="106" w="83" /><ent r="3" t="107" w="246" /><ent r="3" t="107" w="492" /><ent r="3" t="112" w="89" /><ent r="4" t="114" w="22" /><ent r="4" t="115" w="36" /><ent r="4" t="116" w="46" /><ent r="4" t="116" w="72" /><ent r="92" t="116" w="112" /><ent r="3" t="116" w="122" /><ent r="4" t="119" w="33" /><ent r="4" t="119" w="91" /><ent r="3" t="120" w="34" /><ent r="3" t="120" w="131" /><ent r="3" t="120" w="351" /><ent r="3" t="120" w="616" /><ent r="4" t="122" w="745" /><ent r="4" t="126" w="48" /><ent r="4" t="138" w="122" /><ent r="4" t="139" w="114" /><ent r="4" t="140" w="39" /><ent r="4" t="142" w="78" /><ent r="4" t="143" w="78" /><ent r="4" t="144" w="92" /><ent r="4" t="145" w="87" /><ent r="4" t="146" w="81" /><ent r="4" t="147" w="78" /><ent r="4" t="148" w="74" /><ent r="4" t="149" w="75" /><ent r="4" t="150" w="85" /><ent r="4" t="151" w="65" /><ent r="3" t="151" w="176" /><ent r="3" t="153" w="235" /><ent r="3" t="163" w="958" /><ent r="4" t="176" w="808" /><ent r="5" t="182" w="184" /><ent r="4" t="182" w="1505" /><ent r="4" t="220" w="80" /><ent r="4" t="221" w="68" /><ent r="4" t="222" w="79" /></phr><phr n="main"><ent r="3" t="1" w="379" /><ent r="3" t="1" w="393" /><ent r="3" t="1" w="457" /><ent r="3" t="58" w="35" /><ent r="3" t="118" w="49" /><ent r="3" t="120" w="142" /><ent r="3" t="151" w="120" /><ent r="4" t="173" w="396" /><ent r="4" t="174" w="546" /><ent r="4" t="174" w="1687" /><ent r="4" t="175" w="258" /><ent r="4" t="176" w="218" /><ent r="3" t="177" w="359" /><ent r="4" t="177" w="496" /><ent r="3" t="178" w="346" /><ent r="4" t="178" w="481" /><ent r="4" t="178" w="1182" /><ent r="4" t="180" w="277" /><ent r="4" t="180" w="372" /><ent r="3" t="181" w="1541" /><ent r="4" t="181" w="1858" /><ent r="4" t="182" w="283" /><ent r="3" t="231" w="129" /></phr></stem><stem n="window"><phr n="Window"><ent r="64" t="0" w="106" /><ent r="1000" t="1" w="6" /><ent r="100" t="1" w="10" /><ent r="102" t="1" w="18" /><ent r="3" t="1" w="177" /><ent r="7" t="6" w="26" /><ent r="67" t="6" w="34" /><ent r="7" t="6" w="39" /><ent r="68" t="6" w="46" /><ent r="7" t="6" w="52" /><ent r="68" t="6" w="60" /><ent r="7" t="6" w="67" /><ent r="68" t="6" w="72" /><ent r="7" t="6" w="77" /><ent r="68" t="6" w="84" /><ent r="7" t="6" w="89" /><ent r="68" t="6" w="106" /><ent r="7" t="6" w="112" /><ent r="68" t="6" w="116" /><ent r="3" t="11" w="57" /><ent r="64" t="11" w="61" /><ent r="4" t="44" w="218" /><ent r="1000" t="47" w="2" /><ent r="100" t="47" w="5" /><ent r="102" t="47" w="8" /><ent r="3" t="47" w="12" /><ent r="4" t="47" w="32" /><ent r="5" t="47" w="51" /><ent r="3" t="47" w="65" /><ent r="3" t="47" w="166" /><ent r="3" t="47" w="181" /><ent r="3" t="47" w="201" /><ent r="4" t="47" w="231" /><ent r="4" t="47" w="261" /><ent r="4" t="47" w="296" /><ent r="1000" t="49" w="3" /><ent r="100" t="49" w="11" /><ent r="102" t="49" w="15" /><ent r="3" t="49" w="20" /><ent r="3" t="49" w="61" /><ent r="3" t="49" w="111" /><ent r="5" t="49" w="141" /><ent r="3" t="49" w="156" /><ent r="1000" t="51" w="4" /><ent r="102" t="51" w="13" /><ent r="1000" t="52" w="3" /><ent r="102" t="52" w="13" /><ent r="65" t="58" w="154" /><ent r="4" t="76" w="44" /><ent r="1000" t="84" w="6" /><ent r="102" t="84" w="13" /><ent r="65" t="84" w="28" /><ent r="65" t="84" w="32" /><ent r="65" t="84" w="35" /><ent r="65" t="84" w="40" /><ent r="65" t="84" w="44" /><ent r="92" t="84" w="52" /><ent r="4" t="84" w="90" /><ent r="4" t="84" w="106" /><ent r="4" t="84" w="119" /><ent r="92" t="84" w="138" /><ent r="4" t="84" w="174" /><ent r="4" t="84" w="190" /><ent r="4" t="84" w="203" /><ent r="92" t="84" w="230" /><ent r="4" t="84" w="276" /><ent r="4" t="85" w="53" /><ent r="3" t="85" w="90" /><ent r="64" t="85" w="173" /><ent r="1000" t="86" w="2" /><ent r="102" t="86" w="8" /><ent r="3" t="86" w="12" /><ent r="3" t="86" w="52" /><ent r="4" t="86" w="71" /><ent r="3" t="86" w="85" /><ent r="3" t="86" w="108" /><ent r="92" t="86" w="220" /><ent r="64" t="86" w="227" /><ent r="64" t="86" w="233" /><ent r="64" t="86" w="239" /><ent r="64" t="86" w="244" /><ent r="64" t="88" w="21" /><ent r="4" t="88" w="97" /><ent r="4" t="88" w="119" /><ent r="1000" t="89" w="5" /><ent r="102" t="89" w="15" /><ent r="64" t="89" w="34" /><ent r="3" t="89" w="77" /><ent r="3" t="89" w="119" /><ent r="68" t="89" w="142" /><ent r="67" t="89" w="155" /><ent r="68" t="89" w="190" /><ent r="67" t="89" w="552" /><ent r="1000" t="90" w="2" /><ent r="102" t="90" w="12" /><ent r="4" t="90" w="38" /><ent r="64" t="90" w="79" /><ent r="4" t="91" w="59" /><ent r="64" t="91" w="98" /><ent r="64" t="92" w="36" /><ent r="3" t="92" w="50" /><ent r="4" t="92" w="69" /><ent r="3" t="92" w="103" /><ent r="64" t="93" w="23" /><ent r="4" t="93" w="43" /><ent r="3" t="93" w="86" /><ent r="3" t="93" w="93" /><ent r="5" t="94" w="60" /><ent r="64" t="94" w="79" /><ent r="5" t="94" w="184" /><ent r="64" t="94" w="204" /><ent r="64" t="94" w="289" /><ent r="5" t="95" w="61" /><ent r="64" t="95" w="81" /><ent r="4" t="96" w="42" /><ent r="1000" t="97" w="4" /><ent r="102" t="97" w="17" /><ent r="64" t="97" w="27" /><ent r="3" t="97" w="80" /><ent r="4" t="97" w="88" /><ent r="3" t="97" w="118" /><ent r="1000" t="98" w="4" /><ent r="102" t="98" w="20" /><ent r="3" t="98" w="25" /><ent r="3" t="98" w="81" /><ent r="65" t="98" w="90" /><ent r="3" t="98" w="121" /><ent r="1000" t="99" w="3" /><ent r="102" t="99" w="11" /><ent r="3" t="99" w="16" /><ent r="3" t="99" w="93" /><ent r="3" t="99" w="152" /><ent r="4" t="99" w="172" /><ent r="3" t="99" w="204" /><ent r="3" t="99" w="221" /><ent r="3" t="99" w="236" /><ent r="4" t="99" w="264" /><ent r="64" t="99" w="276" /><ent r="1000" t="100" w="2" /><ent r="100" t="100" w="5" /><ent r="102" t="100" w="8" /><ent r="3" t="100" w="93" /><ent r="4" t="100" w="105" /><ent r="3" t="100" w="119" /><ent r="4" t="100" w="140" /><ent r="64" t="100" w="158" /><ent r="64" t="100" w="161" /><ent r="1000" t="101" w="4" /><ent r="100" t="101" w="9" /><ent r="102" t="101" w="14" /><ent r="3" t="101" w="122" /><ent r="4" t="101" w="136" /><ent r="4" t="101" w="159" /><ent r="4" t="101" w="183" /><ent r="4" t="101" w="231" /><ent r="64" t="101" w="269" /><ent r="4" t="102" w="32" /><ent r="64" t="103" w="28" /><ent r="3" t="103" w="79" /><ent r="4" t="103" w="129" /><ent r="3" t="103" w="221" /><ent r="4" t="104" w="71" /><ent r="4" t="105" w="84" /><ent r="4" t="106" w="85" /><ent r="3" t="108" w="134" /><ent r="92" t="116" w="113" /><ent r="4" t="123" w="79" /><ent r="64" t="133" w="92" /><ent r="3" t="135" w="41" /><ent r="3" t="135" w="96" /><ent r="5" t="136" w="25" /><ent r="64" t="138" w="47" /><ent r="64" t="138" w="53" /><ent r="64" t="138" w="146" /><ent r="3" t="138" w="182" /><ent r="4" t="140" w="41" /><ent r="4" t="142" w="80" /><ent r="4" t="143" w="80" /><ent r="4" t="144" w="94" /><ent r="4" t="145" w="89" /><ent r="4" t="146" w="83" /><ent r="4" t="147" w="80" /><ent r="4" t="148" w="76" /><ent r="4" t="149" w="77" /><ent r="4" t="150" w="87" /><ent r="3" t="152" w="325" /><ent r="92" t="152" w="455" /><ent r="1000" t="153" w="2" /><ent r="102" t="153" w="14" /><ent r="92" t="153" w="81" /><ent r="4" t="153" w="88" /><ent r="4" t="153" w="101" /><ent r="3" t="153" w="122" /><ent r="1000" t="154" w="2" /><ent r="102" t="154" w="14" /><ent r="64" t="154" w="21" /><ent r="4" t="154" w="47" /><ent r="4" t="154" w="68" /><ent r="4" t="154" w="80" /><ent r="1000" t="155" w="2" /><ent r="100" t="155" w="6" /><ent r="100" t="155" w="11" /><ent r="102" t="155" w="14" /><ent r="3" t="155" w="21" /><ent r="4" t="155" w="34" /><ent r="5" t="155" w="39" /><ent r="3" t="155" w="53" /><ent r="64" t="172" w="347" /><ent r="100" t="173" w="86" /><ent r="4" t="173" w="90" /><ent r="4" t="173" w="138" /><ent r="3" t="173" w="181" /><ent r="4" t="173" w="295" /><ent r="4" t="173" w="437" /><ent r="5" t="173" w="682" /><ent r="92" t="173" w="1076" /><ent r="4" t="173" w="1157" /><ent r="3" t="173" w="1179" /><ent r="4" t="173" w="1189" /><ent r="3" t="173" w="1197" /><ent r="3" t="173" w="1221" /><ent r="3" t="173" w="1243" /><ent r="3" t="173" w="1262" /><ent r="3" t="173" w="1297" /><ent r="3" t="173" w="1468" /><ent r="4" t="173" w="1488" /><ent r="4" t="173" w="1493" /><ent r="4" t="173" w="1506" /><ent r="3" t="173" w="1516" /><ent r="4" t="173" w="1561" /><ent r="4" t="173" w="1575" /><ent r="4" t="173" w="1605" /><ent r="3" t="173" w="1610" /><ent r="4" t="173" w="1669" /><ent r="4" t="173" w="1724" /><ent r="4" t="173" w="1735" /><ent r="3" t="173" w="1789" /><ent r="4" t="173" w="1859" /><ent r="4" t="173" w="1865" /><ent r="4" t="173" w="1889" /><ent r="4" t="173" w="1906" /><ent r="92" t="173" w="2156" /><ent r="5" t="173" w="2169" /><ent r="3" t="173" w="2177" /><ent r="4" t="174" w="362" /><ent r="4" t="174" w="587" /><ent r="4" t="174" w="2570" /><ent r="3" t="174" w="2795" /><ent r="4" t="174" w="2818" /><ent r="4" t="174" w="2889" /><ent r="102" t="175" w="19" /><ent r="4" t="175" w="104" /><ent r="4" t="175" w="299" /><ent r="5" t="175" w="692" /><ent r="4" t="176" w="259" /><ent r="3" t="176" w="784" /><ent r="4" t="177" w="537" /><ent r="4" t="178" w="522" /><ent r="4" t="179" w="418" /><ent r="4" t="180" w="80" /><ent r="4" t="180" w="413" /><ent r="5" t="180" w="885" /><ent r="5" t="180" w="990" /><ent r="4" t="182" w="324" /><ent r="4" t="182" w="430" /><ent r="4" t="182" w="437" /><ent r="6" t="182" w="1387" /><ent r="1000" t="190" w="4" /><ent r="100" t="190" w="12" /><ent r="102" t="190" w="21" /><ent r="3" t="190" w="31" /><ent r="4" t="220" w="82" /><ent r="4" t="221" w="70" /><ent r="4" t="222" w="81" /><ent r="7" t="235" w="82" /></phr><phr n="window"><ent r="3" t="1" w="31" /><ent r="3" t="1" w="35" /><ent r="3" t="1" w="52" /><ent r="3" t="1" w="77" /><ent r="3" t="1" w="116" /><ent r="4" t="1" w="330" /><ent r="3" t="1" w="381" /><ent r="3" t="1" w="395" /><ent r="3" t="1" w="494" /><ent r="3" t="1" w="497" /><ent r="4" t="2" w="66" /><ent r="4" t="4" w="187" /><ent r="7" t="5" w="43" /><ent r="7" t="5" w="57" /><ent r="7" t="6" w="98" /><ent r="7" t="6" w="103" /><ent r="7" t="6" w="173" /><ent r="6" t="7" w="133" /><ent r="5" t="7" w="298" /><ent r="4" t="18" w="34" /><ent r="4" t="20" w="307" /><ent r="4" t="23" w="44" /><ent r="3" t="23" w="118" /><ent r="4" t="24" w="30" /><ent r="4" t="26" w="100" /><ent r="4" t="26" w="129" /><ent r="4" t="26" w="189" /><ent r="5" t="27" w="31" /><ent r="3" t="27" w="52" /><ent r="4" t="28" w="66" /><ent r="4" t="28" w="112" /><ent r="4" t="28" w="156" /><ent r="4" t="28" w="266" /><ent r="4" t="29" w="32" /><ent r="4" t="29" w="51" /><ent r="3" t="30" w="28" /><ent r="3" t="31" w="30" /><ent r="4" t="32" w="101" /><ent r="3" t="35" w="17" /><ent r="3" t="35" w="28" /><ent r="4" t="36" w="37" /><ent r="3" t="39" w="32" /><ent r="3" t="40" w="44" /><ent r="4" t="40" w="200" /><ent r="4" t="40" w="221" /><ent r="4" t="43" w="67" /><ent r="4" t="43" w="110" /><ent r="4" t="43" w="169" /><ent r="4" t="44" w="243" /><ent r="3" t="44" w="274" /><ent r="3" t="47" w="16" /><ent r="4" t="47" w="39" /><ent r="4" t="47" w="74" /><ent r="4" t="47" w="84" /><ent r="4" t="48" w="82" /><ent r="3" t="49" w="44" /><ent r="3" t="49" w="89" /><ent r="4" t="49" w="118" /><ent r="4" t="49" w="128" /><ent r="4" t="49" w="248" /><ent r="3" t="50" w="78" /><ent r="4" t="50" w="136" /><ent r="4" t="50" w="190" /><ent r="100" t="51" w="8" /><ent r="3" t="51" w="20" /><ent r="3" t="51" w="28" /><ent r="3" t="51" w="32" /><ent r="3" t="51" w="37" /><ent r="3" t="51" w="47" /><ent r="100" t="52" w="5" /><ent r="100" t="52" w="9" /><ent r="3" t="52" w="20" /><ent r="4" t="52" w="32" /><ent r="4" t="52" w="46" /><ent r="3" t="52" w="89" /><ent r="3" t="53" w="20" /><ent r="4" t="54" w="28" /><ent r="4" t="55" w="35" /><ent r="3" t="55" w="119" /><ent r="4" t="57" w="34" /><ent r="3" t="57" w="121" /><ent r="4" t="62" w="50" /><ent r="3" t="63" w="22" /><ent r="4" t="66" w="102" /><ent r="4" t="67" w="79" /><ent r="3" t="68" w="76" /><ent r="4" t="69" w="49" /><ent r="4" t="69" w="231" /><ent r="3" t="72" w="51" /><ent r="3" t="73" w="55" /><ent r="3" t="73" w="342" /><ent r="3" t="75" w="86" /><ent r="3" t="76" w="15" /><ent r="3" t="76" w="78" /><ent r="3" t="76" w="82" /><ent r="3" t="76" w="104" /><ent r="3" t="76" w="123" /><ent r="3" t="76" w="154" /><ent r="3" t="76" w="158" /><ent r="3" t="76" w="179" /><ent r="3" t="76" w="285" /><ent r="3" t="76" w="298" /><ent r="4" t="77" w="49" /><ent r="4" t="78" w="48" /><ent r="4" t="79" w="89" /><ent r="4" t="79" w="165" /><ent r="4" t="80" w="35" /><ent r="3" t="80" w="240" /><ent r="3" t="82" w="134" /><ent r="3" t="82" w="138" /><ent r="3" t="84" w="24" /><ent r="100" t="84" w="47" /><ent r="3" t="84" w="61" /><ent r="4" t="84" w="85" /><ent r="4" t="84" w="110" /><ent r="3" t="84" w="133" /><ent r="3" t="84" w="148" /><ent r="4" t="84" w="169" /><ent r="4" t="84" w="194" /><ent r="3" t="84" w="214" /><ent r="3" t="84" w="239" /><ent r="3" t="84" w="248" /><ent r="4" t="84" w="271" /><ent r="4" t="85" w="43" /><ent r="100" t="86" w="5" /><ent r="3" t="86" w="59" /><ent r="3" t="86" w="119" /><ent r="4" t="87" w="33" /><ent r="100" t="88" w="5" /><ent r="3" t="88" w="92" /><ent r="3" t="88" w="140" /><ent r="100" t="89" w="9" /><ent r="3" t="89" w="50" /><ent r="3" t="89" w="67" /><ent r="7" t="89" w="150" /><ent r="5" t="89" w="408" /><ent r="7" t="89" w="477" /><ent r="100" t="90" w="9" /><ent r="4" t="90" w="28" /><ent r="100" t="90" w="96" /><ent r="5" t="90" w="178" /><ent r="4" t="91" w="49" /><ent r="3" t="92" w="61" /><ent r="3" t="92" w="93" /><ent r="4" t="93" w="33" /><ent r="5" t="94" w="55" /><ent r="5" t="94" w="179" /><ent r="5" t="95" w="56" /><ent r="4" t="96" w="32" /><ent r="100" t="97" w="7" /><ent r="100" t="97" w="12" /><ent r="3" t="97" w="62" /><ent r="3" t="97" w="108" /><ent r="100" t="98" w="8" /><ent r="100" t="98" w="14" /><ent r="3" t="98" w="61" /><ent r="3" t="98" w="111" /><ent r="100" t="99" w="7" /><ent r="3" t="99" w="159" /><ent r="3" t="99" w="198" /><ent r="3" t="100" w="12" /><ent r="3" t="100" w="19" /><ent r="3" t="100" w="80" /><ent r="3" t="100" w="86" /><ent r="3" t="100" w="131" /><ent r="3" t="101" w="20" /><ent r="3" t="101" w="46" /><ent r="3" t="101" w="152" /><ent r="4" t="103" w="154" /><ent r="3" t="104" w="48" /><ent r="4" t="104" w="96" /><ent r="4" t="105" w="109" /><ent r="3" t="105" w="181" /><ent r="4" t="105" w="190" /><ent r="4" t="105" w="208" /><ent r="4" t="105" w="214" /><ent r="4" t="105" w="221" /><ent r="4" t="105" w="230" /><ent r="4" t="105" w="239" /><ent r="4" t="105" w="277" /><ent r="4" t="105" w="446" /><ent r="4" t="105" w="478" /><ent r="4" t="105" w="503" /><ent r="4" t="105" w="519" /><ent r="4" t="106" w="110" /><ent r="3" t="106" w="177" /><ent r="4" t="106" w="578" /><ent r="3" t="107" w="248" /><ent r="3" t="107" w="494" /><ent r="3" t="108" w="128" /><ent r="3" t="108" w="138" /><ent r="100" t="112" w="84" /><ent r="3" t="112" w="91" /><ent r="3" t="112" w="109" /><ent r="3" t="112" w="404" /><ent r="3" t="112" w="410" /><ent r="7" t="113" w="33" /><ent r="5" t="113" w="209" /><ent r="4" t="114" w="24" /><ent r="3" t="114" w="42" /><ent r="3" t="114" w="50" /><ent r="3" t="114" w="203" /><ent r="3" t="114" w="214" /><ent r="4" t="115" w="38" /><ent r="4" t="115" w="57" /><ent r="4" t="115" w="63" /><ent r="4" t="115" w="131" /><ent r="4" t="116" w="48" /><ent r="4" t="116" w="74" /><ent r="4" t="116" w="93" /><ent r="3" t="116" w="124" /><ent r="4" t="117" w="24" /><ent r="3" t="118" w="51" /><ent r="4" t="119" w="35" /><ent r="4" t="119" w="93" /><ent r="4" t="119" w="201" /><ent r="3" t="120" w="36" /><ent r="3" t="120" w="133" /><ent r="3" t="120" w="143" /><ent r="4" t="120" w="230" /><ent r="3" t="120" w="353" /><ent r="4" t="120" w="371" /><ent r="4" t="120" w="510" /><ent r="3" t="120" w="618" /><ent r="4" t="122" w="747" /><ent r="4" t="123" w="44" /><ent r="4" t="123" w="270" /><ent r="3" t="124" w="57" /><ent r="4" t="126" w="50" /><ent r="100" t="127" w="5" /><ent r="3" t="127" w="30" /><ent r="3" t="128" w="25" /><ent r="3" t="128" w="54" /><ent r="3" t="128" w="88" /><ent r="4" t="128" w="113" /><ent r="3" t="128" w="198" /><ent r="3" t="129" w="22" /><ent r="3" t="129" w="56" /><ent r="4" t="134" w="41" /><ent r="3" t="138" w="43" /><ent r="4" t="138" w="110" /><ent r="4" t="138" w="124" /><ent r="3" t="138" w="153" /><ent r="3" t="138" w="172" /><ent r="3" t="138" w="292" /><ent r="3" t="138" w="357" /><ent r="4" t="139" w="116" /><ent r="4" t="140" w="66" /><ent r="4" t="142" w="105" /><ent r="4" t="143" w="105" /><ent r="4" t="144" w="119" /><ent r="4" t="145" w="114" /><ent r="4" t="146" w="107" /><ent r="4" t="147" w="105" /><ent r="4" t="148" w="101" /><ent r="4" t="149" w="102" /><ent r="4" t="150" w="112" /><ent r="4" t="151" w="67" /><ent r="3" t="151" w="101" /><ent r="3" t="151" w="178" /><ent r="3" t="151" w="304" /><ent r="3" t="152" w="71" /><ent r="3" t="152" w="79" /><ent r="4" t="152" w="88" /><ent r="3" t="152" w="111" /><ent r="3" t="152" w="311" /><ent r="3" t="152" w="459" /><ent r="100" t="153" w="6" /><ent r="100" t="153" w="11" /><ent r="3" t="153" w="19" /><ent r="3" t="153" w="47" /><ent r="3" t="153" w="62" /><ent r="3" t="153" w="117" /><ent r="3" t="153" w="229" /><ent r="3" t="153" w="237" /><ent r="3" t="153" w="257" /><ent r="4" t="153" w="318" /><ent r="3" t="153" w="391" /><ent r="100" t="154" w="6" /><ent r="100" t="154" w="11" /><ent r="4" t="154" w="59" /><ent r="4" t="155" w="31" /><ent r="3" t="155" w="115" /><ent r="3" t="155" w="129" /><ent r="3" t="155" w="165" /><ent r="3" t="156" w="21" /><ent r="4" t="156" w="47" /><ent r="4" t="156" w="67" /><ent r="4" t="157" w="83" /><ent r="4" t="157" w="110" /><ent r="3" t="158" w="47" /><ent r="4" t="158" w="72" /><ent r="4" t="159" w="63" /><ent r="4" t="160" w="79" /><ent r="4" t="161" w="115" /><ent r="4" t="161" w="134" /><ent r="4" t="162" w="54" /><ent r="3" t="163" w="960" /><ent r="4" t="170" w="87" /><ent r="3" t="171" w="137" /><ent r="4" t="171" w="350" /><ent r="4" t="171" w="371" /><ent r="100" t="173" w="135" /><ent r="4" t="173" w="398" /><ent r="3" t="173" w="639" /><ent r="4" t="173" w="667" /><ent r="3" t="173" w="690" /><ent r="3" t="173" w="700" /><ent r="3" t="173" w="710" /><ent r="4" t="173" w="739" /><ent r="4" t="173" w="753" /><ent r="3" t="173" w="813" /><ent r="3" t="173" w="817" /><ent r="3" t="173" w="834" /><ent r="3" t="173" w="1210" /><ent r="3" t="173" w="1214" /><ent r="3" t="173" w="1236" /><ent r="3" t="173" w="1306" /><ent r="3" t="173" w="1337" /><ent r="3" t="173" w="1472" /><ent r="4" t="173" w="2244" /><ent r="4" t="173" w="2252" /><ent r="4" t="173" w="2274" /><ent r="4" t="173" w="2379" /><ent r="3" t="173" w="2415" /><ent r="4" t="174" w="548" /><ent r="4" t="174" w="712" /><ent r="3" t="174" w="961" /><ent r="4" t="174" w="1055" /><ent r="4" t="174" w="1689" /><ent r="3" t="174" w="2012" /><ent r="4" t="174" w="2159" /><ent r="4" t="174" w="2178" /><ent r="4" t="174" w="2543" /><ent r="4" t="175" w="260" /><ent r="4" t="175" w="405" /><ent r="3" t="175" w="431" /><ent r="6" t="175" w="457" /><ent r="4" t="175" w="533" /><ent r="4" t="175" w="553" /><ent r="4" t="175" w="578" /><ent r="4" t="175" w="677" /><ent r="4" t="175" w="858" /><ent r="3" t="175" w="1212" /><ent r="4" t="175" w="1312" /><ent r="4" t="175" w="1359" /><ent r="4" t="176" w="220" /><ent r="4" t="176" w="703" /><ent r="4" t="176" w="797" /><ent r="4" t="176" w="810" /><ent r="4" t="176" w="965" /><ent r="4" t="176" w="1046" /><ent r="3" t="176" w="1296" /><ent r="4" t="176" w="1504" /><ent r="4" t="177" w="498" /><ent r="4" t="177" w="857" /><ent r="4" t="177" w="863" /><ent r="4" t="177" w="884" /><ent r="4" t="178" w="483" /><ent r="4" t="178" w="831" /><ent r="4" t="178" w="885" /><ent r="4" t="179" w="252" /><ent r="4" t="179" w="484" /><ent r="3" t="180" w="46" /><ent r="4" t="180" w="202" /><ent r="4" t="180" w="374" /><ent r="3" t="180" w="589" /><ent r="4" t="180" w="686" /><ent r="4" t="180" w="893" /><ent r="4" t="180" w="897" /><ent r="4" t="180" w="1001" /><ent r="3" t="180" w="1234" /><ent r="3" t="180" w="1260" /><ent r="3" t="180" w="1302" /><ent r="3" t="181" w="263" /><ent r="4" t="181" w="438" /><ent r="4" t="181" w="457" /><ent r="4" t="181" w="507" /><ent r="4" t="181" w="565" /><ent r="4" t="181" w="614" /><ent r="4" t="181" w="703" /><ent r="3" t="181" w="1412" /><ent r="3" t="181" w="1714" /><ent r="4" t="181" w="1788" /><ent r="4" t="181" w="1804" /><ent r="4" t="181" w="1832" /><ent r="5" t="182" w="186" /><ent r="4" t="182" w="285" /><ent r="4" t="182" w="499" /><ent r="4" t="182" w="505" /><ent r="4" t="182" w="550" /><ent r="4" t="182" w="588" /><ent r="4" t="182" w="639" /><ent r="4" t="182" w="758" /><ent r="3" t="182" w="908" /><ent r="3" t="182" w="937" /><ent r="4" t="182" w="1507" /><ent r="4" t="182" w="1551" /><ent r="3" t="182" w="1566" /><ent r="3" t="182" w="1571" /><ent r="4" t="190" w="500" /><ent r="3" t="192" w="397" /><ent r="4" t="194" w="84" /><ent r="3" t="208" w="54" /><ent r="3" t="208" w="65" /><ent r="3" t="208" w="73" /><ent r="3" t="209" w="17" /><ent r="3" t="210" w="18" /><ent r="3" t="211" w="17" /><ent r="3" t="216" w="31" /><ent r="3" t="220" w="75" /><ent r="4" t="220" w="107" /><ent r="4" t="222" w="106" /><ent r="3" t="224" w="18" /><ent r="3" t="230" w="21" /><ent r="4" t="230" w="45" /><ent r="3" t="231" w="131" /><ent r="64" t="232" w="48" /><ent r="64" t="233" w="51" /><ent r="7" t="233" w="85" /><ent r="7" t="233" w="198" /><ent r="64" t="234" w="48" /><ent r="64" t="235" w="36" /><ent r="7" t="235" w="138" /></phr><phr n="windows"><ent r="3" t="1" w="69" /><ent r="4" t="1" w="338" /><ent r="3" t="1" w="462" /><ent r="3" t="1" w="465" /><ent r="3" t="1" w="472" /><ent r="3" t="1" w="489" /><ent r="4" t="4" w="195" /><ent r="4" t="28" w="73" /><ent r="4" t="28" w="115" /><ent r="4" t="28" w="170" /><ent r="4" t="28" w="279" /><ent r="3" t="48" w="75" /><ent r="3" t="75" w="54" /><ent r="3" t="76" w="274" /><ent r="3" t="76" w="300" /><ent r="3" t="77" w="120" /><ent r="3" t="78" w="117" /><ent r="3" t="79" w="38" /><ent r="3" t="80" w="245" /><ent r="100" t="102" w="7" /><ent r="3" t="102" w="12" /><ent r="100" t="103" w="9" /><ent r="100" t="104" w="11" /><ent r="100" t="105" w="11" /><ent r="100" t="106" w="11" /><ent r="7" t="113" w="92" /><ent r="7" t="113" w="128" /><ent r="7" t="113" w="166" /><ent r="5" t="139" w="260" /><ent r="4" t="173" w="406" /><ent r="4" t="174" w="556" /><ent r="3" t="174" w="2030" /><ent r="4" t="174" w="2198" /><ent r="3" t="174" w="2350" /><ent r="4" t="175" w="268" /><ent r="4" t="176" w="228" /><ent r="4" t="176" w="1558" /><ent r="4" t="177" w="506" /><ent r="4" t="178" w="491" /><ent r="4" t="180" w="382" /><ent r="4" t="182" w="293" /><ent r="3" t="216" w="34" /></phr><phr n="Windows"><ent r="3" t="22" w="34" /><ent r="3" t="22" w="71" /><ent r="4" t="29" w="36" /><ent r="64" t="35" w="65" /><ent r="64" t="40" w="254" /><ent r="5" t="44" w="93" /><ent r="64" t="46" w="144" /><ent r="64" t="47" w="344" /><ent r="4" t="50" w="22" /><ent r="64" t="50" w="93" /><ent r="5" t="50" w="141" /><ent r="5" t="50" w="195" /><ent r="5" t="69" w="61" /><ent r="3" t="76" w="86" /><ent r="92" t="76" w="193" /><ent r="3" t="76" w="197" /><ent r="3" t="76" w="204" /><ent r="3" t="76" w="206" /><ent r="4" t="76" w="213" /><ent r="4" t="76" w="264" /><ent r="4" t="85" w="47" /><ent r="3" t="89" w="71" /><ent r="4" t="90" w="32" /><ent r="4" t="91" w="53" /><ent r="3" t="92" w="97" /><ent r="4" t="93" w="37" /><ent r="4" t="96" w="36" /><ent r="3" t="97" w="112" /><ent r="3" t="98" w="115" /><ent r="4" t="100" w="135" /><ent r="1000" t="102" w="1" /><ent r="102" t="102" w="4" /><ent r="1000" t="103" w="1" /><ent r="102" t="103" w="5" /><ent r="4" t="103" w="119" /><ent r="5" t="103" w="163" /><ent r="1000" t="104" w="1" /><ent r="102" t="104" w="6" /><ent r="3" t="104" w="17" /><ent r="4" t="104" w="60" /><ent r="5" t="104" w="105" /><ent r="1000" t="105" w="1" /><ent r="102" t="105" w="6" /><ent r="3" t="105" w="17" /><ent r="4" t="105" w="73" /><ent r="5" t="105" w="118" /><ent r="1000" t="106" w="1" /><ent r="102" t="106" w="6" /><ent r="3" t="106" w="17" /><ent r="4" t="106" w="74" /><ent r="5" t="106" w="119" /><ent r="1000" t="127" w="2" /><ent r="102" t="127" w="8" /><ent r="64" t="128" w="212" /><ent r="64" t="129" w="104" /><ent r="64" t="130" w="80" /><ent r="64" t="131" w="91" /><ent r="64" t="132" w="81" /><ent r="3" t="138" w="176" /><ent r="66" t="139" w="245" /><ent r="4" t="154" w="63" /><ent r="3" t="154" w="89" /><ent r="4" t="173" w="441" /><ent r="4" t="174" w="591" /><ent r="4" t="174" w="2021" /><ent r="5" t="174" w="2168" /><ent r="5" t="174" w="2503" /><ent r="5" t="174" w="2513" /><ent r="4" t="175" w="303" /><ent r="4" t="175" w="681" /><ent r="4" t="176" w="263" /><ent r="4" t="177" w="541" /><ent r="4" t="178" w="526" /><ent r="4" t="178" w="1178" /><ent r="4" t="180" w="417" /><ent r="4" t="182" w="328" /><ent r="5" t="182" w="1530" /><ent r="3" t="182" w="1582" /><ent r="5" t="182" w="1621" /></phr></stem></index>