﻿<?xml version="1.0" encoding="utf-8"?><index><stem n="v"><phr n="V"><ent r="7" t="5" w="165" /><ent r="5" t="204" w="157" /><ent r="5" t="204" w="226" /><ent r="7" t="214" w="176" /></phr></stem><stem n="undo"><phr n="Undoes"><ent r="7" t="5" w="173" /><ent r="6" t="7" w="123" /></phr><phr n="undo"><ent r="4" t="63" w="87" /><ent r="3" t="63" w="106" /><ent r="3" t="154" w="288" /></phr><phr n="Undo"><ent r="4" t="73" w="279" /><ent r="3" t="154" w="297" /></phr></stem><stem n="recent"><phr n="recent"><ent r="7" t="5" w="176" /><ent r="7" t="5" w="191" /><ent r="3" t="73" w="277" /></phr><phr n="recently"><ent r="3" t="18" w="176" /><ent r="3" t="18" w="195" /><ent r="3" t="73" w="221" /></phr><phr n="Recently"><ent r="4" t="73" w="246" /></phr></stem><stem n="properti"><phr n="property"><ent r="7" t="5" w="180" /><ent r="7" t="5" w="195" /><ent r="4" t="149" w="84" /><ent r="6" t="208" w="72" /><ent r="6" t="208" w="508" /></phr><phr n="properties"><ent r="7" t="6" w="143" /><ent r="4" t="47" w="182" /><ent r="100" t="55" w="7" /><ent r="100" t="55" w="9" /><ent r="3" t="55" w="71" /><ent r="4" t="55" w="187" /><ent r="3" t="55" w="204" /><ent r="3" t="66" w="300" /><ent r="100" t="105" w="25" /><ent r="100" t="105" w="468" /><ent r="100" t="105" w="538" /><ent r="3" t="105" w="549" /><ent r="3" t="118" w="97" /><ent r="3" t="122" w="25" /><ent r="3" t="122" w="54" /><ent r="5" t="130" w="205" /><ent r="3" t="132" w="19" /><ent r="4" t="133" w="127" /><ent r="4" t="133" w="139" /><ent r="4" t="133" w="146" /><ent r="4" t="133" w="184" /><ent r="4" t="133" w="200" /><ent r="4" t="133" w="223" /><ent r="3" t="136" w="27" /><ent r="3" t="137" w="25" /><ent r="4" t="138" w="123" /><ent r="4" t="138" w="135" /><ent r="6" t="139" w="129" /><ent r="100" t="141" w="3" /><ent r="3" t="141" w="17" /><ent r="100" t="142" w="9" /><ent r="3" t="142" w="70" /><ent r="5" t="142" w="127" /><ent r="3" t="142" w="145" /><ent r="100" t="143" w="7" /><ent r="100" t="143" w="9" /><ent r="3" t="143" w="73" /><ent r="4" t="143" w="89" /><ent r="4" t="143" w="162" /><ent r="3" t="143" w="179" /><ent r="3" t="143" w="299" /><ent r="3" t="143" w="408" /><ent r="100" t="144" w="7" /><ent r="100" t="144" w="9" /><ent r="5" t="144" w="166" /><ent r="3" t="144" w="183" /><ent r="100" t="145" w="7" /><ent r="100" t="145" w="9" /><ent r="6" t="145" w="64" /><ent r="3" t="145" w="82" /><ent r="100" t="146" w="7" /><ent r="100" t="146" w="9" /><ent r="3" t="146" w="27" /><ent r="4" t="146" w="77" /><ent r="4" t="146" w="83" /><ent r="3" t="146" w="100" /><ent r="100" t="147" w="7" /><ent r="100" t="147" w="9" /><ent r="3" t="147" w="121" /><ent r="4" t="147" w="238" /><ent r="3" t="147" w="255" /><ent r="100" t="148" w="7" /><ent r="100" t="148" w="9" /><ent r="3" t="148" w="20" /><ent r="3" t="148" w="25" /><ent r="3" t="148" w="37" /><ent r="3" t="148" w="54" /><ent r="3" t="148" w="130" /><ent r="3" t="148" w="153" /><ent r="3" t="148" w="167" /><ent r="3" t="148" w="184" /><ent r="100" t="149" w="11" /><ent r="4" t="149" w="95" /><ent r="4" t="149" w="101" /><ent r="3" t="149" w="118" /><ent r="100" t="150" w="11" /><ent r="3" t="150" w="49" /><ent r="3" t="150" w="102" /><ent r="4" t="150" w="197" /><ent r="3" t="150" w="214" /><ent r="100" t="151" w="13" /><ent r="4" t="151" w="176" /><ent r="4" t="151" w="182" /><ent r="3" t="151" w="199" /><ent r="100" t="152" w="7" /><ent r="100" t="152" w="9" /><ent r="3" t="152" w="19" /><ent r="3" t="152" w="37" /><ent r="3" t="152" w="46" /><ent r="3" t="152" w="121" /><ent r="4" t="161" w="200" /><ent r="3" t="164" w="2484" /><ent r="4" t="169" w="151" /><ent r="4" t="169" w="837" /><ent r="100" t="208" w="8" /><ent r="6" t="208" w="320" /><ent r="6" t="208" w="629" /></phr><phr n="Properties"><ent r="68" t="6" w="154" /><ent r="92" t="19" w="140" /><ent r="4" t="20" w="293" /><ent r="64" t="35" w="70" /><ent r="65" t="39" w="235" /><ent r="5" t="47" w="177" /><ent r="65" t="47" w="187" /><ent r="64" t="51" w="311" /><ent r="1000" t="55" w="3" /><ent r="102" t="55" w="15" /><ent r="4" t="55" w="38" /><ent r="5" t="55" w="66" /><ent r="64" t="56" w="114" /><ent r="92" t="57" w="238" /><ent r="3" t="57" w="244" /><ent r="64" t="57" w="249" /><ent r="5" t="59" w="95" /><ent r="4" t="59" w="101" /><ent r="64" t="65" w="69" /><ent r="4" t="66" w="305" /><ent r="64" t="66" w="312" /><ent r="64" t="78" w="174" /><ent r="7" t="82" w="400" /><ent r="67" t="82" w="438" /><ent r="64" t="93" w="162" /><ent r="5" t="96" w="180" /><ent r="92" t="98" w="416" /><ent r="4" t="98" w="423" /><ent r="92" t="105" w="471" /><ent r="3" t="105" w="475" /><ent r="92" t="105" w="532" /><ent r="100" t="105" w="536" /><ent r="3" t="105" w="545" /><ent r="4" t="112" w="204" /><ent r="5" t="117" w="364" /><ent r="5" t="117" w="430" /><ent r="64" t="125" w="185" /><ent r="5" t="133" w="143" /><ent r="5" t="133" w="181" /><ent r="5" t="133" w="197" /><ent r="5" t="133" w="219" /><ent r="4" t="136" w="155" /><ent r="4" t="136" w="178" /><ent r="5" t="137" w="131" /><ent r="92" t="138" w="167" /><ent r="92" t="139" w="161" /><ent r="1000" t="141" w="1" /><ent r="102" t="141" w="5" /><ent r="3" t="141" w="26" /><ent r="3" t="141" w="58" /><ent r="5" t="141" w="76" /><ent r="3" t="141" w="89" /><ent r="4" t="141" w="111" /><ent r="4" t="141" w="126" /><ent r="64" t="141" w="381" /><ent r="64" t="141" w="385" /><ent r="1000" t="142" w="3" /><ent r="100" t="142" w="7" /><ent r="102" t="142" w="15" /><ent r="3" t="142" w="20" /><ent r="3" t="142" w="78" /><ent r="5" t="142" w="106" /><ent r="3" t="142" w="110" /><ent r="3" t="142" w="311" /><ent r="1000" t="143" w="3" /><ent r="102" t="143" w="15" /><ent r="3" t="143" w="76" /><ent r="92" t="143" w="82" /><ent r="4" t="143" w="92" /><ent r="5" t="143" w="105" /><ent r="4" t="143" w="129" /><ent r="3" t="143" w="134" /><ent r="5" t="143" w="339" /><ent r="3" t="143" w="379" /><ent r="64" t="143" w="423" /><ent r="1000" t="144" w="3" /><ent r="102" t="144" w="15" /><ent r="4" t="144" w="48" /><ent r="5" t="144" w="84" /><ent r="3" t="144" w="90" /><ent r="1000" t="145" w="3" /><ent r="102" t="145" w="15" /><ent r="3" t="145" w="22" /><ent r="5" t="145" w="47" /><ent r="3" t="145" w="54" /><ent r="1000" t="146" w="3" /><ent r="102" t="146" w="15" /><ent r="3" t="146" w="20" /><ent r="4" t="146" w="38" /><ent r="5" t="146" w="63" /><ent r="4" t="146" w="66" /><ent r="1000" t="147" w="3" /><ent r="102" t="147" w="15" /><ent r="4" t="147" w="72" /><ent r="5" t="147" w="99" /><ent r="5" t="147" w="115" /><ent r="1000" t="148" w="3" /><ent r="102" t="148" w="15" /><ent r="4" t="148" w="61" /><ent r="5" t="148" w="88" /><ent r="5" t="148" w="114" /><ent r="3" t="148" w="123" /><ent r="64" t="148" w="157" /><ent r="1000" t="149" w="4" /><ent r="100" t="149" w="9" /><ent r="102" t="149" w="19" /><ent r="3" t="149" w="24" /><ent r="4" t="149" w="52" /><ent r="5" t="149" w="80" /><ent r="1000" t="150" w="4" /><ent r="100" t="150" w="9" /><ent r="102" t="150" w="19" /><ent r="4" t="150" w="68" /><ent r="5" t="150" w="96" /><ent r="1000" t="151" w="7" /><ent r="100" t="151" w="11" /><ent r="102" t="151" w="23" /><ent r="3" t="151" w="59" /><ent r="100" t="151" w="78" /><ent r="100" t="151" w="80" /><ent r="3" t="151" w="138" /><ent r="5" t="151" w="162" /><ent r="4" t="151" w="165" /><ent r="1000" t="152" w="3" /><ent r="102" t="152" w="15" /><ent r="5" t="152" w="151" /><ent r="3" t="152" w="157" /><ent r="3" t="165" w="432" /><ent r="5" t="169" w="821" /><ent r="5" t="204" w="121" /><ent r="1000" t="208" w="1" /><ent r="102" t="208" w="10" /><ent r="64" t="209" w="16" /><ent r="7" t="217" w="87" /><ent r="7" t="217" w="90" /><ent r="64" t="218" w="20" /></phr><phr n="Property"><ent r="6" t="208" w="15" /></phr></stem><stem n="z"><phr n="Z"><ent r="7" t="5" w="185" /><ent r="7" t="14" w="468" /><ent r="4" t="21" w="145" /><ent r="4" t="21" w="152" /><ent r="4" t="21" w="159" /><ent r="4" t="21" w="166" /><ent r="3" t="21" w="174" /><ent r="3" t="21" w="177" /><ent r="4" t="161" w="315" /><ent r="7" t="179" w="518" /><ent r="7" t="179" w="540" /><ent r="7" t="179" w="557" /><ent r="5" t="204" w="346" /><ent r="5" t="204" w="365" /></phr><phr n="z"><ent r="7" t="179" w="505" /><ent r="7" t="179" w="521" /><ent r="7" t="179" w="543" /><ent r="3" t="179" w="769" /><ent r="3" t="179" w="777" /></phr></stem><stem n="redo"><phr n="Redoes"><ent r="7" t="5" w="188" /><ent r="6" t="7" w="131" /></phr><phr n="Redo"><ent r="4" t="73" w="280" /></phr></stem><stem n="y"><phr n="Y"><ent r="7" t="5" w="200" /><ent r="4" t="75" w="154" /><ent r="4" t="75" w="169" /><ent r="4" t="89" w="91" /><ent r="3" t="164" w="1281" /><ent r="7" t="164" w="1540" /><ent r="7" t="179" w="535" /><ent r="7" t="179" w="553" /><ent r="7" t="179" w="566" /></phr><phr n="y"><ent r="6" t="14" w="383" /><ent r="7" t="14" w="393" /><ent r="3" t="79" w="36" /><ent r="3" t="161" w="60" /><ent r="3" t="161" w="261" /><ent r="4" t="161" w="272" /><ent r="3" t="163" w="177" /><ent r="4" t="163" w="1110" /><ent r="3" t="166" w="1252" /><ent r="3" t="166" w="1412" /><ent r="3" t="166" w="1424" /><ent r="7" t="179" w="394" /><ent r="7" t="179" w="436" /><ent r="7" t="179" w="447" /><ent r="3" t="213" w="413" /></phr></stem><stem n="dialog"><phr n="dialog"><ent r="7" t="5" w="207" /><ent r="6" t="7" w="214" /><ent r="7" t="9" w="69" /><ent r="4" t="18" w="83" /><ent r="3" t="18" w="200" /><ent r="3" t="18" w="209" /><ent r="3" t="19" w="166" /><ent r="4" t="21" w="253" /><ent r="4" t="21" w="274" /><ent r="4" t="21" w="433" /><ent r="4" t="21" w="495" /><ent r="4" t="24" w="52" /><ent r="3" t="27" w="61" /><ent r="4" t="30" w="45" /><ent r="3" t="31" w="42" /><ent r="4" t="32" w="147" /><ent r="3" t="33" w="74" /><ent r="7" t="38" w="144" /><ent r="4" t="41" w="242" /><ent r="4" t="41" w="307" /><ent r="4" t="42" w="115" /><ent r="4" t="42" w="269" /><ent r="3" t="43" w="163" /><ent r="4" t="43" w="429" /><ent r="4" t="43" w="445" /><ent r="3" t="44" w="226" /><ent r="4" t="44" w="234" /><ent r="4" t="45" w="100" /><ent r="4" t="47" w="183" /><ent r="3" t="53" w="45" /><ent r="4" t="55" w="39" /><ent r="3" t="55" w="72" /><ent r="4" t="55" w="191" /><ent r="3" t="55" w="208" /><ent r="3" t="55" w="225" /><ent r="4" t="60" w="91" /><ent r="4" t="62" w="138" /><ent r="4" t="63" w="75" /><ent r="4" t="64" w="106" /><ent r="3" t="66" w="87" /><ent r="4" t="70" w="70" /><ent r="4" t="71" w="66" /><ent r="4" t="71" w="80" /><ent r="4" t="72" w="137" /><ent r="4" t="72" w="185" /><ent r="4" t="72" w="233" /><ent r="4" t="73" w="49" /><ent r="4" t="73" w="182" /><ent r="4" t="75" w="237" /><ent r="5" t="83" w="192" /><ent r="4" t="84" w="117" /><ent r="4" t="85" w="137" /><ent r="4" t="87" w="120" /><ent r="4" t="87" w="241" /><ent r="4" t="88" w="112" /><ent r="4" t="88" w="235" /><ent r="3" t="88" w="252" /><ent r="3" t="88" w="275" /><ent r="3" t="88" w="318" /><ent r="4" t="89" w="75" /><ent r="4" t="90" w="148" /><ent r="4" t="91" w="155" /><ent r="3" t="94" w="72" /><ent r="4" t="99" w="385" /><ent r="3" t="100" w="312" /><ent r="7" t="106" w="45" /><ent r="4" t="108" w="105" /><ent r="4" t="110" w="72" /><ent r="3" t="114" w="259" /><ent r="3" t="114" w="266" /><ent r="8" t="114" w="435" /><ent r="3" t="115" w="81" /><ent r="4" t="115" w="180" /><ent r="4" t="121" w="54" /><ent r="4" t="123" w="60" /><ent r="4" t="124" w="56" /><ent r="4" t="127" w="48" /><ent r="3" t="128" w="397" /><ent r="3" t="129" w="87" /><ent r="3" t="129" w="202" /><ent r="4" t="129" w="385" /><ent r="4" t="129" w="417" /><ent r="3" t="129" w="582" /><ent r="4" t="130" w="130" /><ent r="5" t="130" w="228" /><ent r="3" t="137" w="17" /><ent r="3" t="141" w="59" /><ent r="4" t="141" w="127" /><ent r="3" t="141" w="138" /><ent r="4" t="141" w="343" /><ent r="3" t="141" w="357" /><ent r="3" t="141" w="372" /><ent r="3" t="142" w="21" /><ent r="5" t="142" w="131" /><ent r="3" t="142" w="149" /><ent r="3" t="142" w="166" /><ent r="3" t="143" w="77" /><ent r="4" t="143" w="93" /><ent r="3" t="143" w="135" /><ent r="3" t="143" w="140" /><ent r="4" t="143" w="166" /><ent r="3" t="143" w="183" /><ent r="3" t="143" w="200" /><ent r="4" t="144" w="49" /><ent r="3" t="144" w="91" /><ent r="3" t="144" w="96" /><ent r="5" t="144" w="170" /><ent r="3" t="144" w="187" /><ent r="3" t="144" w="204" /><ent r="3" t="145" w="55" /><ent r="6" t="145" w="68" /><ent r="3" t="145" w="86" /><ent r="3" t="145" w="103" /><ent r="3" t="145" w="213" /><ent r="3" t="145" w="250" /><ent r="4" t="146" w="87" /><ent r="3" t="146" w="104" /><ent r="3" t="146" w="121" /><ent r="4" t="147" w="73" /><ent r="3" t="147" w="122" /><ent r="4" t="147" w="242" /><ent r="3" t="147" w="259" /><ent r="3" t="147" w="276" /><ent r="4" t="148" w="62" /><ent r="3" t="148" w="124" /><ent r="3" t="148" w="171" /><ent r="3" t="148" w="188" /><ent r="3" t="148" w="205" /><ent r="3" t="149" w="25" /><ent r="4" t="149" w="53" /><ent r="4" t="149" w="105" /><ent r="3" t="149" w="122" /><ent r="3" t="149" w="139" /><ent r="4" t="150" w="69" /><ent r="3" t="150" w="103" /><ent r="4" t="150" w="201" /><ent r="3" t="150" w="218" /><ent r="3" t="150" w="235" /><ent r="3" t="151" w="60" /><ent r="4" t="151" w="186" /><ent r="3" t="151" w="203" /><ent r="3" t="151" w="220" /><ent r="3" t="152" w="158" /><ent r="4" t="153" w="163" /><ent r="3" t="153" w="195" /><ent r="4" t="153" w="710" /><ent r="4" t="153" w="716" /><ent r="4" t="153" w="808" /><ent r="3" t="154" w="80" /><ent r="3" t="154" w="111" /><ent r="3" t="154" w="307" /><ent r="4" t="157" w="163" /><ent r="4" t="161" w="201" /><ent r="4" t="163" w="593" /><ent r="3" t="163" w="2105" /><ent r="4" t="163" w="2166" /><ent r="4" t="163" w="2288" /><ent r="4" t="163" w="2325" /><ent r="4" t="164" w="772" /><ent r="3" t="164" w="862" /><ent r="4" t="164" w="923" /><ent r="4" t="164" w="1057" /><ent r="3" t="164" w="1131" /><ent r="4" t="164" w="1140" /><ent r="3" t="164" w="1195" /><ent r="3" t="164" w="1239" /><ent r="4" t="164" w="1248" /><ent r="3" t="164" w="1490" /><ent r="4" t="164" w="1513" /><ent r="3" t="164" w="1576" /><ent r="4" t="164" w="1646" /><ent r="3" t="164" w="1825" /><ent r="3" t="164" w="1843" /><ent r="3" t="164" w="1910" /><ent r="3" t="164" w="2113" /><ent r="3" t="164" w="2134" /><ent r="4" t="164" w="2223" /><ent r="4" t="164" w="2250" /><ent r="4" t="164" w="2371" /><ent r="3" t="164" w="2485" /><ent r="3" t="164" w="2695" /><ent r="4" t="165" w="527" /><ent r="4" t="165" w="797" /><ent r="4" t="165" w="819" /><ent r="4" t="165" w="1002" /><ent r="4" t="165" w="1051" /><ent r="5" t="165" w="1071" /><ent r="4" t="165" w="1371" /><ent r="4" t="165" w="1445" /><ent r="4" t="166" w="891" /><ent r="4" t="166" w="1008" /><ent r="4" t="166" w="1083" /><ent r="4" t="167" w="710" /><ent r="3" t="167" w="724" /><ent r="4" t="167" w="802" /><ent r="4" t="167" w="885" /><ent r="4" t="167" w="898" /><ent r="4" t="168" w="630" /><ent r="4" t="168" w="734" /><ent r="4" t="168" w="1008" /><ent r="4" t="168" w="1035" /><ent r="4" t="168" w="1042" /><ent r="4" t="168" w="1091" /><ent r="4" t="168" w="1116" /><ent r="3" t="168" w="1214" /><ent r="3" t="169" w="595" /><ent r="4" t="169" w="838" /><ent r="3" t="169" w="853" /><ent r="3" t="169" w="1145" /><ent r="3" t="169" w="1240" /><ent r="4" t="170" w="558" /><ent r="4" t="170" w="568" /><ent r="4" t="170" w="630" /><ent r="4" t="170" w="640" /><ent r="4" t="170" w="780" /><ent r="4" t="170" w="886" /><ent r="4" t="171" w="455" /><ent r="4" t="171" w="552" /><ent r="4" t="171" w="562" /><ent r="4" t="171" w="606" /><ent r="4" t="171" w="616" /><ent r="4" t="171" w="691" /><ent r="3" t="171" w="777" /><ent r="4" t="171" w="1561" /><ent r="4" t="172" w="59" /><ent r="4" t="172" w="102" /><ent r="3" t="176" w="85" /><ent r="3" t="178" w="175" /><ent r="3" t="178" w="304" /><ent r="4" t="197" w="46" /><ent r="3" t="197" w="59" /><ent r="4" t="197" w="89" /><ent r="3" t="197" w="134" /><ent r="3" t="197" w="170" /><ent r="4" t="197" w="182" /><ent r="3" t="197" w="195" /><ent r="4" t="197" w="262" /><ent r="3" t="197" w="275" /><ent r="4" t="206" w="86" /><ent r="3" t="207" w="29" /><ent r="3" t="209" w="94" /><ent r="3" t="209" w="193" /><ent r="3" t="213" w="261" /><ent r="7" t="215" w="97" /><ent r="7" t="215" w="133" /><ent r="7" t="215" w="210" /><ent r="7" t="216" w="92" /><ent r="7" t="216" w="102" /></phr><phr n="Dialog"><ent r="4" t="73" w="378" /></phr><phr n="dialogs"><ent r="3" t="73" w="391" /><ent r="4" t="112" w="39" /><ent r="4" t="114" w="651" /><ent r="4" t="117" w="54" /></phr></stem><stem n="box"><phr n="box"><ent r="7" t="5" w="208" /><ent r="6" t="7" w="215" /><ent r="6" t="7" w="219" /><ent r="7" t="9" w="70" /><ent r="6" t="11" w="95" /><ent r="6" t="11" w="102" /><ent r="7" t="11" w="191" /><ent r="6" t="11" w="309" /><ent r="4" t="18" w="84" /><ent r="3" t="18" w="201" /><ent r="3" t="18" w="210" /><ent r="3" t="19" w="167" /><ent r="4" t="21" w="254" /><ent r="4" t="21" w="275" /><ent r="4" t="24" w="53" /><ent r="3" t="27" w="62" /><ent r="4" t="30" w="46" /><ent r="3" t="31" w="43" /><ent r="4" t="32" w="148" /><ent r="3" t="33" w="75" /><ent r="7" t="38" w="145" /><ent r="7" t="38" w="149" /><ent r="4" t="41" w="243" /><ent r="4" t="41" w="308" /><ent r="4" t="42" w="116" /><ent r="4" t="42" w="270" /><ent r="4" t="42" w="290" /><ent r="3" t="43" w="164" /><ent r="4" t="43" w="430" /><ent r="4" t="43" w="446" /><ent r="4" t="45" w="101" /><ent r="4" t="47" w="184" /><ent r="4" t="50" w="52" /><ent r="4" t="50" w="61" /><ent r="3" t="53" w="46" /><ent r="4" t="54" w="42" /><ent r="4" t="54" w="58" /><ent r="4" t="55" w="40" /><ent r="3" t="55" w="73" /><ent r="4" t="55" w="192" /><ent r="3" t="55" w="209" /><ent r="3" t="55" w="226" /><ent r="4" t="58" w="79" /><ent r="4" t="58" w="93" /><ent r="4" t="58" w="109" /><ent r="3" t="58" w="147" /><ent r="4" t="58" w="152" /><ent r="4" t="58" w="160" /><ent r="4" t="58" w="230" /><ent r="4" t="58" w="272" /><ent r="3" t="60" w="108" /><ent r="4" t="60" w="113" /><ent r="4" t="60" w="129" /><ent r="3" t="60" w="167" /><ent r="4" t="60" w="172" /><ent r="4" t="60" w="180" /><ent r="4" t="60" w="191" /><ent r="4" t="60" w="213" /><ent r="4" t="60" w="260" /><ent r="4" t="60" w="273" /><ent r="4" t="60" w="306" /><ent r="4" t="62" w="83" /><ent r="4" t="62" w="110" /><ent r="4" t="62" w="139" /><ent r="4" t="62" w="203" /><ent r="4" t="63" w="76" /><ent r="4" t="64" w="107" /><ent r="3" t="66" w="88" /><ent r="4" t="70" w="71" /><ent r="4" t="71" w="67" /><ent r="4" t="71" w="81" /><ent r="4" t="72" w="138" /><ent r="4" t="72" w="186" /><ent r="4" t="72" w="234" /><ent r="4" t="73" w="50" /><ent r="4" t="73" w="183" /><ent r="4" t="75" w="238" /><ent r="5" t="83" w="193" /><ent r="4" t="84" w="118" /><ent r="4" t="84" w="165" /><ent r="4" t="85" w="138" /><ent r="4" t="87" w="121" /><ent r="4" t="87" w="242" /><ent r="4" t="88" w="113" /><ent r="4" t="88" w="123" /><ent r="3" t="88" w="148" /><ent r="3" t="88" w="210" /><ent r="4" t="88" w="236" /><ent r="3" t="88" w="253" /><ent r="3" t="88" w="276" /><ent r="3" t="88" w="319" /><ent r="4" t="89" w="76" /><ent r="4" t="90" w="149" /><ent r="4" t="91" w="156" /><ent r="3" t="94" w="50" /><ent r="3" t="94" w="64" /><ent r="3" t="94" w="73" /><ent r="3" t="98" w="173" /><ent r="3" t="98" w="366" /><ent r="3" t="98" w="403" /><ent r="4" t="98" w="493" /><ent r="4" t="98" w="505" /><ent r="4" t="99" w="386" /><ent r="3" t="100" w="313" /><ent r="7" t="106" w="46" /><ent r="4" t="108" w="106" /><ent r="4" t="110" w="73" /><ent r="3" t="114" w="260" /><ent r="3" t="114" w="267" /><ent r="3" t="115" w="82" /><ent r="4" t="115" w="181" /><ent r="4" t="121" w="55" /><ent r="4" t="123" w="61" /><ent r="4" t="124" w="57" /><ent r="4" t="127" w="49" /><ent r="3" t="128" w="398" /><ent r="3" t="129" w="88" /><ent r="3" t="129" w="203" /><ent r="4" t="129" w="343" /><ent r="4" t="129" w="386" /><ent r="4" t="129" w="418" /><ent r="3" t="129" w="583" /><ent r="3" t="129" w="605" /><ent r="4" t="130" w="131" /><ent r="3" t="131" w="208" /><ent r="3" t="131" w="311" /><ent r="3" t="131" w="515" /><ent r="3" t="131" w="679" /><ent r="3" t="140" w="251" /><ent r="3" t="141" w="60" /><ent r="4" t="141" w="128" /><ent r="3" t="141" w="139" /><ent r="4" t="141" w="344" /><ent r="3" t="141" w="358" /><ent r="3" t="141" w="373" /><ent r="5" t="142" w="132" /><ent r="3" t="142" w="150" /><ent r="3" t="142" w="167" /><ent r="3" t="143" w="78" /><ent r="4" t="143" w="94" /><ent r="3" t="143" w="136" /><ent r="3" t="143" w="141" /><ent r="4" t="143" w="167" /><ent r="3" t="143" w="184" /><ent r="3" t="143" w="201" /><ent r="4" t="144" w="50" /><ent r="3" t="144" w="92" /><ent r="3" t="144" w="97" /><ent r="5" t="144" w="171" /><ent r="3" t="144" w="188" /><ent r="3" t="144" w="205" /><ent r="3" t="145" w="56" /><ent r="6" t="145" w="69" /><ent r="3" t="145" w="87" /><ent r="3" t="145" w="104" /><ent r="3" t="145" w="214" /><ent r="3" t="145" w="251" /><ent r="4" t="146" w="88" /><ent r="3" t="146" w="105" /><ent r="3" t="146" w="122" /><ent r="4" t="147" w="74" /><ent r="3" t="147" w="123" /><ent r="3" t="147" w="177" /><ent r="4" t="147" w="243" /><ent r="3" t="147" w="260" /><ent r="3" t="147" w="277" /><ent r="4" t="148" w="63" /><ent r="3" t="148" w="125" /><ent r="3" t="148" w="172" /><ent r="3" t="148" w="189" /><ent r="3" t="148" w="206" /><ent r="4" t="149" w="54" /><ent r="4" t="149" w="85" /><ent r="4" t="149" w="106" /><ent r="3" t="149" w="123" /><ent r="3" t="149" w="140" /><ent r="3" t="149" w="277" /><ent r="4" t="150" w="70" /><ent r="3" t="150" w="104" /><ent r="4" t="150" w="202" /><ent r="3" t="150" w="219" /><ent r="3" t="150" w="236" /><ent r="4" t="151" w="187" /><ent r="3" t="151" w="204" /><ent r="3" t="151" w="221" /><ent r="4" t="153" w="164" /><ent r="4" t="153" w="711" /><ent r="4" t="153" w="717" /><ent r="4" t="153" w="809" /><ent r="3" t="154" w="81" /><ent r="3" t="154" w="102" /><ent r="3" t="154" w="112" /><ent r="4" t="154" w="227" /><ent r="3" t="154" w="308" /><ent r="4" t="157" w="164" /><ent r="4" t="157" w="216" /><ent r="4" t="158" w="236" /><ent r="4" t="160" w="162" /><ent r="4" t="160" w="224" /><ent r="4" t="160" w="233" /><ent r="4" t="163" w="594" /><ent r="4" t="163" w="2167" /><ent r="4" t="163" w="2197" /><ent r="4" t="163" w="2289" /><ent r="4" t="163" w="2326" /><ent r="4" t="164" w="773" /><ent r="3" t="164" w="863" /><ent r="4" t="164" w="924" /><ent r="3" t="164" w="1132" /><ent r="4" t="164" w="1141" /><ent r="3" t="164" w="1196" /><ent r="3" t="164" w="1240" /><ent r="4" t="164" w="1249" /><ent r="4" t="164" w="1267" /><ent r="3" t="164" w="1283" /><ent r="4" t="164" w="1308" /><ent r="4" t="164" w="1457" /><ent r="3" t="164" w="1491" /><ent r="4" t="164" w="1514" /><ent r="3" t="164" w="1577" /><ent r="4" t="164" w="1647" /><ent r="3" t="164" w="1826" /><ent r="3" t="164" w="2114" /><ent r="3" t="164" w="2135" /><ent r="4" t="164" w="2224" /><ent r="4" t="164" w="2251" /><ent r="4" t="164" w="2257" /><ent r="4" t="164" w="2268" /><ent r="3" t="164" w="2325" /><ent r="3" t="164" w="2335" /><ent r="4" t="164" w="2372" /><ent r="4" t="164" w="2629" /><ent r="3" t="164" w="2686" /><ent r="3" t="164" w="2696" /><ent r="3" t="164" w="2709" /><ent r="3" t="164" w="2717" /><ent r="4" t="164" w="2930" /><ent r="4" t="165" w="528" /><ent r="4" t="165" w="560" /><ent r="4" t="165" w="583" /><ent r="4" t="165" w="820" /><ent r="4" t="165" w="1003" /><ent r="4" t="165" w="1052" /><ent r="5" t="165" w="1072" /><ent r="5" t="165" w="1228" /><ent r="4" t="165" w="1372" /><ent r="4" t="165" w="1446" /><ent r="4" t="166" w="564" /><ent r="4" t="166" w="892" /><ent r="3" t="166" w="939" /><ent r="4" t="166" w="1009" /><ent r="4" t="166" w="1084" /><ent r="4" t="166" w="1114" /><ent r="4" t="167" w="711" /><ent r="3" t="167" w="725" /><ent r="4" t="167" w="803" /><ent r="4" t="167" w="845" /><ent r="4" t="167" w="899" /><ent r="4" t="167" w="1043" /><ent r="4" t="168" w="631" /><ent r="4" t="168" w="735" /><ent r="4" t="168" w="1009" /><ent r="4" t="168" w="1036" /><ent r="4" t="168" w="1043" /><ent r="4" t="168" w="1050" /><ent r="4" t="168" w="1092" /><ent r="4" t="168" w="1117" /><ent r="3" t="169" w="596" /><ent r="4" t="169" w="631" /><ent r="4" t="169" w="828" /><ent r="3" t="169" w="1146" /><ent r="3" t="169" w="1241" /><ent r="4" t="170" w="559" /><ent r="4" t="170" w="569" /><ent r="4" t="170" w="631" /><ent r="4" t="170" w="641" /><ent r="4" t="170" w="718" /><ent r="4" t="170" w="781" /><ent r="4" t="170" w="887" /><ent r="4" t="170" w="1283" /><ent r="3" t="170" w="1665" /><ent r="3" t="170" w="1680" /><ent r="3" t="170" w="1833" /><ent r="3" t="170" w="1858" /><ent r="3" t="170" w="1894" /><ent r="3" t="170" w="1915" /><ent r="3" t="170" w="1939" /><ent r="4" t="171" w="456" /><ent r="4" t="171" w="553" /><ent r="4" t="171" w="563" /><ent r="4" t="171" w="607" /><ent r="4" t="171" w="617" /><ent r="4" t="171" w="692" /><ent r="3" t="171" w="778" /><ent r="4" t="172" w="60" /><ent r="4" t="172" w="103" /><ent r="4" t="172" w="108" /><ent r="3" t="173" w="23" /><ent r="7" t="173" w="179" /><ent r="3" t="178" w="176" /><ent r="3" t="178" w="305" /><ent r="4" t="178" w="317" /><ent r="4" t="178" w="354" /><ent r="3" t="192" w="28" /><ent r="4" t="197" w="47" /><ent r="3" t="197" w="60" /><ent r="4" t="197" w="90" /><ent r="3" t="197" w="135" /><ent r="3" t="197" w="171" /><ent r="4" t="197" w="183" /><ent r="3" t="197" w="196" /><ent r="4" t="197" w="263" /><ent r="3" t="197" w="276" /><ent r="6" t="208" w="112" /><ent r="6" t="208" w="124" /><ent r="6" t="208" w="222" /><ent r="6" t="208" w="470" /><ent r="6" t="208" w="597" /><ent r="3" t="209" w="95" /><ent r="4" t="209" w="138" /><ent r="3" t="209" w="194" /><ent r="3" t="209" w="264" /><ent r="3" t="210" w="22" /><ent r="3" t="211" w="22" /><ent r="7" t="215" w="98" /><ent r="7" t="215" w="134" /><ent r="7" t="215" w="211" /><ent r="7" t="216" w="103" /></phr><phr n="Boxes"><ent r="64" t="11" w="68" /><ent r="68" t="11" w="197" /><ent r="68" t="11" w="212" /><ent r="68" t="11" w="223" /><ent r="68" t="11" w="234" /><ent r="68" t="11" w="244" /><ent r="68" t="11" w="259" /><ent r="64" t="56" w="102" /><ent r="64" t="58" w="300" /><ent r="1000" t="60" w="5" /><ent r="102" t="60" w="15" /><ent r="100" t="60" w="19" /><ent r="68" t="173" w="186" /></phr><phr n="boxes"><ent r="4" t="58" w="97" /><ent r="100" t="60" w="8" /><ent r="3" t="60" w="26" /><ent r="4" t="60" w="117" /><ent r="3" t="69" w="128" /><ent r="3" t="130" w="87" /><ent r="3" t="130" w="103" /><ent r="5" t="130" w="229" /><ent r="3" t="131" w="569" /><ent r="3" t="131" w="585" /><ent r="3" t="149" w="284" /><ent r="3" t="149" w="305" /><ent r="7" t="179" w="497" /><ent r="3" t="192" w="57" /><ent r="3" t="192" w="77" /><ent r="3" t="207" w="30" /><ent r="6" t="218" w="202" /></phr><phr n="Box"><ent r="3" t="60" w="46" /><ent r="3" t="98" w="372" /><ent r="4" t="98" w="391" /><ent r="3" t="131" w="198" /><ent r="3" t="131" w="301" /><ent r="3" t="131" w="505" /><ent r="3" t="131" w="669" /><ent r="4" t="164" w="2670" /><ent r="3" t="169" w="585" /><ent r="4" t="169" w="1226" /><ent r="6" t="208" w="102" /><ent r="6" t="208" w="152" /><ent r="6" t="208" w="166" /><ent r="6" t="208" w="202" /><ent r="6" t="208" w="244" /><ent r="6" t="208" w="272" /><ent r="6" t="208" w="306" /><ent r="6" t="208" w="374" /><ent r="6" t="208" w="416" /><ent r="6" t="208" w="455" /><ent r="6" t="208" w="490" /><ent r="6" t="208" w="536" /><ent r="6" t="208" w="575" /><ent r="6" t="208" w="600" /></phr></stem></index>