﻿<?xml version="1.0" encoding="utf-8"?><index><stem n="purpl"><phr n="purple"><ent r="6" t="123" w="387" /></phr></stem><stem n="variou"><phr n="various"><ent r="7" t="123" w="396" /><ent r="3" t="169" w="44" /><ent r="3" t="178" w="232" /><ent r="3" t="180" w="123" /><ent r="3" t="184" w="1225" /><ent r="3" t="193" w="544" /><ent r="3" t="206" w="168" /></phr></stem><stem n="turquois"><phr n="turquoise"><ent r="6" t="123" w="403" /><ent r="4" t="179" w="961" /></phr></stem><stem n="maroon"><phr n="maroon"><ent r="6" t="123" w="419" /></phr></stem><stem n="thing"><phr n="things"><ent r="8" t="123" w="432" /></phr><phr n="thing"><ent r="3" t="185" w="127" /></phr></stem><stem n="lavend"><phr n="Lavender"><ent r="5" t="123" w="444" /></phr></stem><stem n="yellow"><phr n="yellow"><ent r="6" t="123" w="449" /><ent r="4" t="181" w="843" /><ent r="4" t="184" w="658" /><ent r="4" t="184" w="769" /></phr></stem><stem n="hard"><phr n="hard"><ent r="3" t="123" w="484" /></phr></stem><stem n="hard-cod"><phr n="hard-coded"><ent r="3" t="123" w="484" /></phr></stem><stem n="-coded."><phr n="-coded."><ent r="3" t="123" w="543" /><ent r="3" t="123" w="543" /></phr></stem><stem n="(s),"><phr n="(s),"><ent r="3" t="123" w="551" /></phr></stem><stem n="&quot;get...&quot;"><phr n="&quot;Get...&quot;"><ent r="82" t="123" w="613" /><ent r="3" t="123" w="616" /><ent r="3" t="123" w="670" /><ent r="3" t="123" w="683" /><ent r="3" t="123" w="704" /></phr></stem><stem n="&quot;get"><phr n="&quot;Get"><ent r="3" t="123" w="629" /><ent r="3" t="123" w="712" /></phr></stem><stem n="compat"><phr n="compatible"><ent r="3" t="123" w="665" /></phr></stem><stem n=":interact"><phr n=":interactive"><ent r="100" t="123" w="731" /></phr></stem><stem n=":batch"><phr n=":batch"><ent r="100" t="123" w="776" /></phr></stem><stem n="intern"><phr n="internally"><ent r="4" t="123" w="802" /></phr></stem><stem n="black"><phr n="black"><ent r="4" t="123" w="811" /><ent r="3" t="127" w="231" /><ent r="4" t="177" w="2028" /></phr></stem><stem n="“1”"><phr n="“1”"><ent r="3" t="123" w="927" /></phr></stem><stem n="“2”"><phr n="“2”"><ent r="3" t="123" w="937" /></phr></stem><stem n=":valu"><phr n=":Value"><ent r="100" t="124" w="8" /><ent r="100" t="124" w="11" /></phr><phr n=":value"><ent r="100" t="124" w="15" /><ent r="100" t="124" w="22" /></phr></stem><stem n="-and-drop:"><phr n="-and-drop:"><ent r="3" t="124" w="39" /><ent r="3" t="124" w="40" /></phr></stem><stem n="w"><phr n="W"><ent r="5" t="124" w="49" /><ent r="3" t="178" w="1478" /><ent r="5" t="223" w="238" /></phr><phr n="w"><ent r="5" t="177" w="1171" /><ent r="3" t="197" w="708" /></phr></stem><stem n="izard"><phr n="izard"><ent r="4" t="124" w="51" /></phr></stem><stem n="easiest"><phr n="easiest"><ent r="4" t="124" w="280" /></phr></stem><stem n="vector&lt;string&gt;"><phr n="vector&lt;string&gt;"><ent r="3" t="125" w="14" /><ent r="4" t="125" w="35" /><ent r="6" t="240" w="647" /></phr></stem><stem n="&quot;vector&lt;string&gt;&quot;"><phr n="&quot;vector&lt;string&gt;&quot;"><ent r="3" t="125" w="15" /></phr></stem><stem n="launch"><phr n="launch"><ent r="3" t="125" w="18" /><ent r="4" t="125" w="27" /></phr><phr n="launches"><ent r="3" t="166" w="261" /></phr></stem><stem n="notepad"><phr n="Notepad"><ent r="3" t="125" w="24" /></phr></stem><stem n=":connect"><phr n=":connect"><ent r="100" t="126" w="11" /></phr></stem><stem n="(a)"><phr n="(A)"><ent r="4" t="126" w="52" /><ent r="4" t="126" w="72" /></phr></stem><stem n="(b)"><phr n="(B)"><ent r="4" t="126" w="56" /><ent r="4" t="126" w="76" /></phr></stem><stem n="disappear"><phr n="disappears"><ent r="3" t="126" w="107" /></phr><phr n="disappear"><ent r="4" t="171" w="199" /><ent r="4" t="180" w="981" /></phr></stem><stem n="destroi"><phr n="destroys"><ent r="3" t="127" w="186" /></phr></stem><stem n="preserv"><phr n="preserved"><ent r="3" t="127" w="197" /></phr><phr n="preserve"><ent r="3" t="138" w="220" /></phr></stem><stem n="occasion"><phr n="Occasionally"><ent r="3" t="127" w="257" /></phr></stem><stem n="unsupport"><phr n="unsupported"><ent r="3" t="127" w="272" /></phr></stem><stem n="brown"><phr n="brown"><ent r="3" t="127" w="284" /><ent r="3" t="186" w="1136" /></phr></stem><stem n="(unless"><phr n="(unless"><ent r="3" t="127" w="312" /></phr></stem><stem n="’ve"><phr n="’ve"><ent r="3" t="128" w="12" /></phr></stem><stem n="arrang"><phr n="arranging"><ent r="3" t="128" w="47" /><ent r="3" t="156" w="35" /><ent r="3" t="184" w="97" /></phr><phr n="arrange"><ent r="4" t="178" w="2836" /></phr><phr n="Arrange"><ent r="4" t="186" w="606" /></phr></stem><stem n="virtual"><phr n="virtual"><ent r="3" t="128" w="52" /><ent r="3" t="128" w="104" /><ent r="3" t="156" w="40" /><ent r="3" t="184" w="102" /><ent r="4" t="184" w="158" /></phr></stem><stem n="sheet"><phr n="sheet"><ent r="3" t="128" w="53" /><ent r="3" t="156" w="41" /><ent r="3" t="184" w="103" /></phr></stem><stem n="(on"><phr n="(on"><ent r="4" t="129" w="132" /><ent r="4" t="129" w="160" /></phr><phr n="(On"><ent r="3" t="185" w="1711" /></phr></stem><stem n="particular"><phr n="particular"><ent r="3" t="129" w="190" /><ent r="3" t="176" w="126" /><ent r="3" t="178" w="834" /><ent r="4" t="179" w="1269" /></phr></stem><stem n=":deriv"><phr n=":derive"><ent r="100" t="130" w="6" /></phr></stem><stem n=":load"><phr n=":load"><ent r="100" t="131" w="6" /></phr></stem><stem n=":templat"><phr n=":template"><ent r="100" t="131" w="9" /><ent r="100" t="133" w="9" /></phr></stem><stem n=":select"><phr n=":selected"><ent r="100" t="132" w="6" /></phr><phr n=":select"><ent r="100" t="173" w="10" /><ent r="100" t="173" w="13" /></phr></stem><stem n=":paper"><phr n=":paper"><ent r="100" t="134" w="12" /></phr></stem><stem n="portrait"><phr n="portrait"><ent r="4" t="134" w="76" /></phr></stem><stem n="landscap"><phr n="landscape"><ent r="4" t="134" w="78" /></phr></stem><stem n="nimat"><phr n="nimation"><ent r="5" t="135" w="62" /></phr></stem><stem n="onc"><phr n="once"><ent r="3" t="135" w="104" /><ent r="4" t="177" w="2005" /><ent r="3" t="178" w="2871" /><ent r="4" t="179" w="751" /><ent r="7" t="189" w="33" /><ent r="6" t="189" w="38" /></phr><phr n="Once"><ent r="3" t="178" w="211" /></phr></stem><stem n="&quot;bumpers&quot;"><phr n="&quot;bumpers&quot;"><ent r="3" t="135" w="129" /></phr></stem><stem n="video"><phr n="video"><ent r="3" t="135" w="163" /></phr></stem><stem n=":plai"><phr n=":play"><ent r="100" t="136" w="8" /></phr></stem><stem n="rate"><phr n="rate"><ent r="3" t="138" w="34" /><ent r="3" t="174" w="72" /><ent r="4" t="174" w="161" /><ent r="4" t="174" w="171" /><ent r="4" t="174" w="217" /><ent r="3" t="180" w="1367" /><ent r="4" t="180" w="1422" /><ent r="4" t="180" w="1434" /><ent r="4" t="180" w="1461" /><ent r="3" t="217" w="100" /><ent r="3" t="217" w="103" /><ent r="3" t="219" w="105" /><ent r="3" t="219" w="108" /></phr></stem><stem n="strict"><phr n="strict"><ent r="3" t="138" w="37" /></phr></stem><stem n="per"><phr n="per"><ent r="3" t="138" w="42" /><ent r="3" t="138" w="65" /><ent r="6" t="138" w="86" /><ent r="6" t="138" w="93" /><ent r="4" t="180" w="1424" /><ent r="7" t="197" w="96" /><ent r="7" t="197" w="108" /><ent r="7" t="197" w="119" /><ent r="4" t="213" w="252" /><ent r="4" t="220" w="97" /></phr><phr n="Per"><ent r="4" t="143" w="334" /><ent r="5" t="213" w="243" /><ent r="5" t="220" w="88" /></phr></stem><stem n=".25"><phr n=".25"><ent r="6" t="138" w="97" /><ent r="6" t="138" w="171" /><ent r="6" t="138" w="174" /></phr></stem><stem n="0.25"><phr n="0.25"><ent r="6" t="138" w="97" /><ent r="6" t="138" w="96" /><ent r="6" t="138" w="171" /><ent r="6" t="138" w="170" /><ent r="6" t="138" w="174" /><ent r="6" t="138" w="173" /></phr></stem><stem n="25"><phr n="25"><ent r="6" t="138" w="97" /><ent r="6" t="138" w="171" /><ent r="6" t="138" w="174" /><ent r="5" t="151" w="502" /><ent r="5" t="151" w="925" /><ent r="4" t="152" w="480" /><ent r="5" t="159" w="375" /><ent r="5" t="164" w="496" /><ent r="4" t="233" w="138" /></phr></stem><stem n="real"><phr n="real"><ent r="3" t="138" w="134" /><ent r="6" t="138" w="153" /><ent r="6" t="138" w="167" /><ent r="6" t="138" w="183" /><ent r="5" t="151" w="193" /><ent r="4" t="151" w="213" /><ent r="6" t="197" w="227" /><ent r="6" t="197" w="240" /></phr></stem><stem n="request"><phr n="requested"><ent r="3" t="138" w="201" /><ent r="3" t="138" w="222" /><ent r="3" t="139" w="23" /></phr></stem><stem n="achiev"><phr n="achieved"><ent r="3" t="138" w="206" /><ent r="3" t="191" w="162" /></phr></stem><stem n="due"><phr n="due"><ent r="3" t="138" w="207" /><ent r="3" t="166" w="645" /></phr></stem><stem n="&quot;can"><phr n="&quot;Can"><ent r="3" t="139" w="10" /><ent r="3" t="139" w="27" /><ent r="3" t="139" w="92" /></phr></stem><stem n="maintain"><phr n="maintain"><ent r="3" t="139" w="21" /><ent r="3" t="143" w="542" /></phr></stem><stem n="-level"><phr n="-level"><ent r="4" t="139" w="66" /><ent r="4" t="139" w="66" /></phr></stem><stem n="top-level"><phr n="top-level"><ent r="4" t="139" w="66" /></phr></stem><stem n="&quot;left"><phr n="&quot;left"><ent r="3" t="140" w="35" /></phr></stem><stem n="&quot;start&quot;"><phr n="&quot;start&quot;"><ent r="3" t="140" w="40" /></phr></stem><stem n="&quot;right"><phr n="&quot;right"><ent r="3" t="140" w="43" /></phr></stem><stem n="&quot;end&quot;"><phr n="&quot;end&quot;"><ent r="3" t="140" w="48" /></phr></stem><stem n="elect"><phr n="elect"><ent r="6" t="140" w="213" /><ent r="3" t="177" w="764" /><ent r="4" t="182" w="636" /></phr></stem><stem n="-click,"><phr n="-click,"><ent r="4" t="140" w="223" /><ent r="4" t="140" w="223" /><ent r="4" t="140" w="261" /><ent r="4" t="140" w="261" /></phr></stem><stem n="/off"><phr n="/off"><ent r="3" t="140" w="553" /></phr></stem><stem n="on/off"><phr n="on/off"><ent r="3" t="140" w="553" /><ent r="3" t="140" w="552" /></phr></stem><stem n="configur"><phr n="configuration"><ent r="3" t="140" w="560" /><ent r="4" t="142" w="286" /></phr><phr n="Configuration"><ent r="92" t="159" w="131" /><ent r="92" t="164" w="198" /></phr></stem><stem n="overwritten"><phr n="overwritten"><ent r="3" t="140" w="571" /><ent r="3" t="177" w="279" /></phr></stem><stem n="itself"><phr n="itself"><ent r="3" t="141" w="33" /></phr></stem><stem n="securitymark"><phr n="securitymarkings"><ent r="4" t="141" w="97" /></phr></stem><stem n="1-securityvalu"><phr n="1-securityvalues"><ent r="4" t="141" w="98" /></phr></stem><stem n="securityvalu"><phr n="securityvalues"><ent r="4" t="141" w="99" /></phr></stem><stem n="securitymarkings/1-securityvalues.sec"><phr n="securitymarkings/1-securityvalues.sec"><ent r="4" t="141" w="100" /><ent r="4" t="141" w="97" /></phr></stem><stem n="sec"><phr n="sec"><ent r="4" t="141" w="100" /></phr></stem><stem n="securitymarkings/1-securityvalues.sec."><phr n="securitymarkings/1-securityvalues.sec."><ent r="4" t="141" w="100" /><ent r="4" t="141" w="97" /></phr></stem><stem n="/1-securityvalues.sec."><phr n="/1-securityvalues.sec."><ent r="4" t="141" w="101" /></phr></stem><stem n="descriptor"><phr n="Descriptor"><ent r="65" t="141" w="242" /><ent r="92" t="141" w="438" /><ent r="5" t="186" w="557" /><ent r="7" t="186" w="1077" /><ent r="3" t="186" w="1355" /></phr></stem><stem n="favorit"><phr n="Favorites"><ent r="65" t="141" w="250" /><ent r="92" t="141" w="575" /><ent r="3" t="141" w="578" /><ent r="3" t="141" w="629" /><ent r="3" t="141" w="659" /></phr><phr n="favorites"><ent r="4" t="141" w="613" /><ent r="4" t="141" w="669" /></phr><phr n="favorite"><ent r="3" t="141" w="620" /><ent r="3" t="141" w="646" /></phr></stem><stem n="preview"><phr n="Preview"><ent r="4" t="141" w="344" /><ent r="3" t="141" w="606" /><ent r="64" t="176" w="346" /><ent r="102" t="179" w="18" /><ent r="4" t="179" w="103" /><ent r="5" t="179" w="515" /><ent r="4" t="179" w="532" /><ent r="4" t="179" w="552" /><ent r="4" t="179" w="577" /></phr></stem><stem n="&quot;system&quot;"><phr n="&quot;System&quot;"><ent r="4" t="141" w="372" /></phr></stem><stem n="exempt"><phr n="Exemption"><ent r="4" t="141" w="373" /></phr></stem><stem n="&quot;exemption.&quot;"><phr n="&quot;Exemption.&quot;"><ent r="4" t="141" w="374" /></phr></stem><stem n="declassif"><phr n="Declassification"><ent r="5" t="141" w="465" /></phr></stem><stem n="downgrad"><phr n="Downgrade"><ent r="5" t="141" w="497" /><ent r="5" t="141" w="510" /></phr></stem><stem n="descript"><phr n="Description"><ent r="5" t="141" w="554" /><ent r="5" t="223" w="64" /></phr><phr n="descriptive"><ent r="4" t="141" w="559" /></phr><phr n="description"><ent r="7" t="197" w="78" /><ent r="3" t="197" w="700" /></phr></stem><stem n="form"><phr n="form"><ent r="3" t="141" w="652" /><ent r="3" t="181" w="235" /><ent r="3" t="182" w="224" /></phr><phr n="formed"><ent r="3" t="178" w="270" /></phr></stem><stem n="minu"><phr n="minus"><ent r="3" t="142" w="85" /><ent r="3" t="143" w="570" /><ent r="3" t="178" w="1472" /></phr></stem><stem n="strip"><phr n="Strip"><ent r="4" t="143" w="335" /><ent r="5" t="213" w="244" /><ent r="5" t="220" w="89" /></phr><phr n="strip"><ent r="4" t="213" w="253" /><ent r="4" t="220" w="98" /></phr></stem><stem n="pack"><phr n="Pack"><ent r="4" t="143" w="341" /><ent r="5" t="213" w="258" /><ent r="5" t="220" w="103" /></phr></stem><stem n="gzip"><phr n="GZIP"><ent r="3" t="143" w="367" /><ent r="3" t="143" w="371" /><ent r="4" t="143" w="391" /><ent r="4" t="214" w="228" /><ent r="3" t="214" w="250" /></phr></stem><stem n="shuffl"><phr n="Shuffle"><ent r="3" t="143" w="369" /></phr><phr n="shuffle"><ent r="4" t="214" w="239" /></phr></stem><stem n="none"><phr n="None"><ent r="3" t="143" w="382" /><ent r="4" t="211" w="88" /><ent r="4" t="214" w="226" /></phr></stem><stem n="(&quot;none&quot;)."><phr n="(&quot;None&quot;)."><ent r="3" t="143" w="383" /></phr></stem><stem n="chunk"><phr n="Chunk"><ent r="4" t="143" w="398" /><ent r="4" t="143" w="405" /><ent r="82" t="214" w="260" /></phr><phr n="chunk"><ent r="3" t="143" w="419" /><ent r="3" t="214" w="197" /><ent r="3" t="214" w="265" /><ent r="3" t="214" w="273" /><ent r="3" t="214" w="293" /></phr><phr n="chunks"><ent r="3" t="214" w="271" /></phr><phr n="chunked"><ent r="3" t="214" w="286" /></phr></stem><stem n="qualiti"><phr n="quality"><ent r="3" t="143" w="538" /><ent r="3" t="195" w="31" /><ent r="4" t="221" w="47" /><ent r="4" t="221" w="109" /><ent r="4" t="221" w="121" /><ent r="3" t="221" w="171" /><ent r="3" t="221" w="181" /></phr><phr n="Quality"><ent r="3" t="175" w="17" /><ent r="1000" t="195" w="1" /><ent r="102" t="195" w="6" /><ent r="5" t="221" w="96" /></phr></stem><stem n="numer"><phr n="numerous"><ent r="3" t="143" w="556" /></phr><phr n="numeric"><ent r="3" t="185" w="1330" /><ent r="3" t="186" w="1259" /></phr></stem><stem n="-tune"><phr n="-tuning"><ent r="3" t="143" w="559" /><ent r="3" t="143" w="559" /></phr></stem><stem n="fine"><phr n="fine"><ent r="3" t="143" w="559" /></phr></stem><stem n="fine-tun"><phr n="fine-tuning"><ent r="3" t="143" w="559" /></phr></stem><stem n="tune"><phr n="tuning"><ent r="3" t="143" w="560" /><ent r="3" t="206" w="319" /></phr><phr n="tuned"><ent r="3" t="206" w="270" /><ent r="3" t="206" w="298" /><ent r="3" t="206" w="311" /></phr></stem><stem n="hatch"><phr n="hatch"><ent r="4" t="145" w="166" /><ent r="6" t="227" w="287" /></phr><phr n="Hatch"><ent r="6" t="227" w="276" /><ent r="6" t="227" w="296" /></phr></stem><stem n="arc"><phr n="Arc"><ent r="5" t="145" w="197" /><ent r="6" t="227" w="141" /><ent r="6" t="227" w="194" /><ent r="6" t="227" w="236" /><ent r="6" t="227" w="298" /><ent r="6" t="227" w="363" /><ent r="6" t="227" w="408" /><ent r="6" t="227" w="444" /><ent r="6" t="227" w="479" /><ent r="6" t="227" w="525" /><ent r="6" t="227" w="648" /></phr><phr n="arcs"><ent r="4" t="145" w="210" /></phr><phr n="arc"><ent r="4" t="145" w="215" /><ent r="7" t="188" w="152" /><ent r="7" t="188" w="161" /><ent r="6" t="227" w="638" /></phr></stem><stem n="apex"><phr n="apex"><ent r="4" t="145" w="231" /><ent r="6" t="227" w="87" /></phr><phr n="Apex"><ent r="6" t="227" w="68" /><ent r="6" t="227" w="71" /><ent r="6" t="227" w="99" /></phr></stem><stem n="distinguish"><phr n="distinguish"><ent r="3" t="146" w="190" /><ent r="3" t="152" w="229" /><ent r="3" t="153" w="203" /></phr></stem><stem n="ption"><phr n="ptions"><ent r="4" t="148" w="148" /></phr></stem><stem n="dm"><phr n="DMS"><ent r="3" t="148" w="163" /></phr></stem><stem n="(degrees,"><phr n="(degrees,"><ent r="3" t="148" w="165" /></phr></stem><stem n="magnitud"><phr n="magnitude"><ent r="5" t="151" w="189" /></phr></stem><stem n="phase"><phr n="phase"><ent r="5" t="151" w="190" /><ent r="5" t="151" w="192" /><ent r="3" t="191" w="52" /></phr></stem><stem n="(real"><phr n="(real"><ent r="5" t="151" w="193" /></phr></stem><stem n="quadratur"><phr n="quadrature"><ent r="5" t="151" w="196" /></phr></stem><stem n="(imaginari"><phr n="(imaginary"><ent r="5" t="151" w="197" /></phr></stem><stem n="imaginari"><phr n="imaginary"><ent r="5" t="151" w="197" /><ent r="6" t="197" w="228" /><ent r="6" t="197" w="241" /></phr></stem><stem n="textur"><phr n="Texture"><ent r="5" t="151" w="202" /><ent r="92" t="159" w="572" /><ent r="92" t="164" w="755" /></phr><phr n="textures"><ent r="4" t="151" w="253" /><ent r="4" t="159" w="586" /><ent r="4" t="164" w="769" /></phr></stem><stem n="card"><phr n="card"><ent r="4" t="151" w="224" /></phr></stem><stem n="anyth"><phr n="anything"><ent r="4" t="151" w="274" /></phr></stem><stem n="els"><phr n="else"><ent r="4" t="151" w="275" /></phr></stem><stem n="pc"><phr n="PC"><ent r="4" t="151" w="278" /><ent r="3" t="176" w="177" /><ent r="7" t="176" w="285" /><ent r="7" t="177" w="502" /><ent r="7" t="178" w="652" /><ent r="7" t="179" w="364" /><ent r="7" t="180" w="327" /><ent r="7" t="181" w="602" /><ent r="7" t="182" w="587" /><ent r="7" t="183" w="211" /><ent r="7" t="184" w="478" /><ent r="7" t="185" w="399" /><ent r="7" t="186" w="389" /></phr></stem><stem n="(for"><phr n="(for"><ent r="4" t="151" w="366" /><ent r="4" t="151" w="789" /><ent r="7" t="197" w="140" /></phr><phr n="(For"><ent r="4" t="178" w="1670" /></phr></stem><stem n="10"><phr n="10"><ent r="5" t="151" w="405" /><ent r="5" t="151" w="416" /><ent r="5" t="151" w="828" /><ent r="5" t="151" w="839" /><ent r="5" t="159" w="278" /><ent r="5" t="159" w="289" /><ent r="5" t="164" w="399" /><ent r="5" t="164" w="410" /><ent r="7" t="194" w="90" /><ent r="4" t="233" w="41" /><ent r="4" t="233" w="52" /></phr></stem><stem n="10,000"><phr n="10,000"><ent r="5" t="151" w="406" /><ent r="5" t="151" w="405" /><ent r="5" t="151" w="829" /><ent r="5" t="151" w="828" /><ent r="5" t="159" w="279" /><ent r="5" t="159" w="278" /><ent r="5" t="164" w="400" /><ent r="5" t="164" w="399" /><ent r="4" t="233" w="42" /><ent r="4" t="233" w="41" /></phr></stem><stem n="000"><phr n="000"><ent r="5" t="151" w="406" /><ent r="5" t="151" w="417" /><ent r="5" t="151" w="829" /><ent r="5" t="151" w="840" /><ent r="5" t="159" w="279" /><ent r="5" t="159" w="290" /><ent r="5" t="164" w="400" /><ent r="5" t="164" w="411" /><ent r="3" t="197" w="759" /><ent r="3" t="197" w="761" /><ent r="4" t="233" w="42" /><ent r="4" t="233" w="53" /></phr></stem><stem n="10,000,"><phr n="10,000,"><ent r="5" t="151" w="406" /><ent r="5" t="151" w="405" /><ent r="5" t="151" w="829" /><ent r="5" t="151" w="828" /><ent r="5" t="159" w="279" /><ent r="5" t="159" w="278" /><ent r="5" t="164" w="400" /><ent r="5" t="164" w="399" /><ent r="4" t="233" w="42" /><ent r="4" t="233" w="41" /></phr></stem><stem n="–10,000,"><phr n="–10,000,"><ent r="5" t="151" w="407" /><ent r="5" t="151" w="830" /><ent r="5" t="159" w="280" /><ent r="5" t="164" w="401" /><ent r="4" t="233" w="43" /></phr></stem><stem n="0-10"><phr n="0-10"><ent r="5" t="151" w="415" /><ent r="5" t="151" w="838" /><ent r="5" t="159" w="288" /><ent r="5" t="164" w="409" /><ent r="4" t="233" w="51" /></phr></stem><stem n="-10,000"><phr n="-10,000"><ent r="5" t="151" w="417" /><ent r="5" t="151" w="417" /><ent r="5" t="151" w="840" /><ent r="5" t="151" w="840" /><ent r="5" t="159" w="290" /><ent r="5" t="159" w="290" /><ent r="5" t="164" w="411" /><ent r="5" t="164" w="411" /><ent r="4" t="233" w="53" /><ent r="4" t="233" w="53" /></phr></stem><stem n="0-10,000"><phr n="0-10,000"><ent r="5" t="151" w="417" /><ent r="5" t="151" w="416" /><ent r="5" t="151" w="840" /><ent r="5" t="151" w="839" /><ent r="5" t="159" w="290" /><ent r="5" t="159" w="289" /><ent r="5" t="164" w="411" /><ent r="5" t="164" w="410" /><ent r="4" t="233" w="53" /><ent r="4" t="233" w="52" /></phr></stem><stem n="term"><phr n="terms"><ent r="5" t="151" w="428" /><ent r="5" t="151" w="453" /><ent r="5" t="151" w="517" /><ent r="5" t="151" w="851" /><ent r="5" t="151" w="876" /><ent r="5" t="151" w="940" /><ent r="4" t="152" w="406" /><ent r="4" t="152" w="431" /><ent r="4" t="152" w="494" /><ent r="5" t="159" w="301" /><ent r="5" t="159" w="326" /><ent r="5" t="159" w="390" /><ent r="5" t="164" w="422" /><ent r="5" t="164" w="447" /><ent r="5" t="164" w="511" /><ent r="4" t="233" w="64" /><ent r="4" t="233" w="89" /><ent r="4" t="233" w="153" /></phr></stem><stem n="percentil"><phr n="Percentile"><ent r="6" t="151" w="445" /><ent r="6" t="151" w="868" /><ent r="5" t="152" w="423" /><ent r="6" t="159" w="318" /><ent r="6" t="164" w="439" /><ent r="5" t="233" w="81" /></phr><phr n="percentile"><ent r="5" t="151" w="456" /><ent r="5" t="151" w="879" /><ent r="4" t="152" w="434" /><ent r="5" t="159" w="329" /><ent r="5" t="164" w="450" /><ent r="4" t="233" w="92" /></phr></stem><stem n="half"><phr n="half"><ent r="5" t="151" w="470" /><ent r="5" t="151" w="482" /><ent r="5" t="151" w="893" /><ent r="5" t="151" w="905" /><ent r="4" t="152" w="448" /><ent r="4" t="152" w="460" /><ent r="5" t="159" w="343" /><ent r="5" t="159" w="355" /><ent r="5" t="164" w="464" /><ent r="5" t="164" w="476" /><ent r="7" t="197" w="644" /><ent r="4" t="233" w="106" /><ent r="4" t="233" w="118" /></phr><phr n="Half"><ent r="4" t="183" w="94" /><ent r="3" t="191" w="61" /><ent r="3" t="193" w="372" /><ent r="3" t="193" w="602" /><ent r="3" t="207" w="189" /></phr></stem><stem n="“50.”"><phr n="“50.”"><ent r="5" t="151" w="487" /><ent r="5" t="151" w="910" /><ent r="4" t="152" w="465" /><ent r="5" t="159" w="360" /><ent r="5" t="164" w="481" /><ent r="4" t="233" w="123" /></phr></stem><stem n="75"><phr n="75"><ent r="5" t="151" w="493" /><ent r="5" t="151" w="506" /><ent r="5" t="151" w="916" /><ent r="5" t="151" w="929" /><ent r="4" t="152" w="471" /><ent r="4" t="152" w="484" /><ent r="5" t="159" w="366" /><ent r="5" t="159" w="379" /><ent r="5" t="164" w="487" /><ent r="5" t="164" w="500" /><ent r="4" t="221" w="40" /><ent r="3" t="221" w="195" /><ent r="3" t="221" w="201" /><ent r="4" t="233" w="129" /><ent r="4" t="233" w="142" /></phr></stem><stem n="“75.”"><phr n="“75.”"><ent r="5" t="151" w="507" /><ent r="5" t="151" w="930" /><ent r="4" t="152" w="485" /><ent r="5" t="159" w="380" /><ent r="5" t="164" w="501" /><ent r="4" t="233" w="143" /></phr></stem><stem n="averag"><phr n="average"><ent r="5" t="151" w="527" /><ent r="5" t="151" w="545" /><ent r="5" t="151" w="557" /><ent r="5" t="151" w="950" /><ent r="5" t="151" w="968" /><ent r="5" t="151" w="980" /><ent r="4" t="152" w="504" /><ent r="4" t="152" w="521" /><ent r="4" t="152" w="532" /><ent r="5" t="159" w="400" /><ent r="5" t="159" w="418" /><ent r="5" t="159" w="430" /><ent r="5" t="164" w="521" /><ent r="5" t="164" w="539" /><ent r="5" t="164" w="551" /><ent r="7" t="197" w="523" /><ent r="7" t="197" w="538" /><ent r="4" t="233" w="163" /><ent r="4" t="233" w="181" /><ent r="4" t="233" w="193" /></phr></stem><stem n="(at"><phr n="(at"><ent r="5" t="151" w="602" /><ent r="5" t="151" w="1025" /><ent r="5" t="159" w="470" /><ent r="5" t="164" w="591" /></phr></stem><stem n="median"><phr n="median"><ent r="5" t="151" w="604" /><ent r="5" t="151" w="1027" /><ent r="5" t="159" w="472" /><ent r="5" t="164" w="593" /></phr></stem><stem n="/darker"><phr n="/darker"><ent r="5" t="151" w="637" /><ent r="5" t="151" w="672" /><ent r="5" t="151" w="1060" /><ent r="5" t="151" w="1095" /><ent r="5" t="159" w="507" /><ent r="5" t="159" w="535" /><ent r="5" t="164" w="628" /><ent r="5" t="164" w="656" /></phr></stem><stem n="weaker/dark"><phr n="weaker/darker"><ent r="5" t="151" w="637" /><ent r="5" t="151" w="636" /><ent r="5" t="151" w="672" /><ent r="5" t="151" w="671" /><ent r="5" t="151" w="1060" /><ent r="5" t="151" w="1059" /><ent r="5" t="151" w="1095" /><ent r="5" t="151" w="1094" /><ent r="5" t="159" w="507" /><ent r="5" t="159" w="506" /><ent r="5" t="159" w="535" /><ent r="5" t="159" w="534" /><ent r="5" t="164" w="628" /><ent r="5" t="164" w="627" /><ent r="5" t="164" w="656" /><ent r="5" t="164" w="655" /></phr></stem><stem n="0-255"><phr n="0-255"><ent r="5" t="151" w="694" /><ent r="5" t="151" w="1117" /><ent r="5" t="159" w="562" /><ent r="5" t="164" w="683" /></phr></stem><stem n="255"><phr n="255"><ent r="5" t="151" w="695" /><ent r="5" t="151" w="1118" /><ent r="5" t="159" w="563" /><ent r="5" t="164" w="684" /><ent r="3" t="197" w="774" /><ent r="6" t="227" w="44" /><ent r="6" t="227" w="58" /></phr></stem><stem n="(0-255)"><phr n="(0-255)"><ent r="5" t="151" w="696" /><ent r="5" t="151" w="1119" /><ent r="5" t="159" w="564" /><ent r="5" t="164" w="685" /></phr></stem><stem n="nter"><phr n="nter"><ent r="6" t="152" w="126" /></phr></stem><stem n="hasn"><phr n="hasn"><ent r="3" t="154" w="49" /></phr></stem><stem n="hasn't"><phr n="hasn't"><ent r="3" t="154" w="50" /><ent r="3" t="154" w="49" /></phr></stem><stem n="yet"><phr n="yet"><ent r="3" t="154" w="53" /></phr></stem><stem n="shown"><phr n="shown"><ent r="3" t="154" w="287" /><ent r="7" t="176" w="288" /><ent r="7" t="177" w="505" /><ent r="7" t="178" w="655" /><ent r="4" t="178" w="1038" /><ent r="7" t="179" w="367" /><ent r="7" t="180" w="330" /><ent r="4" t="180" w="915" /><ent r="7" t="181" w="605" /><ent r="7" t="182" w="590" /><ent r="7" t="183" w="214" /><ent r="7" t="184" w="481" /><ent r="7" t="185" w="402" /><ent r="3" t="185" w="1685" /><ent r="7" t="186" w="392" /></phr></stem><stem n="occupi"><phr n="occupy"><ent r="3" t="154" w="296" /></phr></stem><stem n="sharp"><phr n="sharp"><ent r="3" t="154" w="317" /></phr></stem><stem n="soften"><phr n="softened"><ent r="3" t="154" w="330" /></phr></stem><stem n="read-onli"><phr n="read-only"><ent r="3" t="155" w="45" /><ent r="3" t="196" w="89" /></phr></stem><stem n="-only."><phr n="-only."><ent r="3" t="155" w="47" /><ent r="3" t="155" w="47" /><ent r="3" t="196" w="91" /><ent r="3" t="196" w="91" /></phr></stem><stem n="detail"><phr n="detailed"><ent r="3" t="155" w="199" /><ent r="3" t="155" w="218" /><ent r="3" t="155" w="250" /><ent r="3" t="177" w="1548" /><ent r="3" t="206" w="42" /><ent r="3" t="206" w="61" /><ent r="3" t="208" w="14" /></phr><phr n="detail"><ent r="4" t="181" w="935" /><ent r="3" t="182" w="1223" /></phr></stem><stem n="filter"><phr n="filters"><ent r="3" t="155" w="295" /><ent r="3" t="209" w="28" /><ent r="3" t="209" w="43" /><ent r="3" t="228" w="241" /><ent r="3" t="229" w="13" /><ent r="3" t="229" w="23" /><ent r="3" t="229" w="196" /></phr><phr n="Filter"><ent r="5" t="159" w="603" /><ent r="5" t="164" w="786" /><ent r="4" t="229" w="27" /><ent r="92" t="229" w="37" /><ent r="4" t="229" w="42" /><ent r="92" t="229" w="118" /><ent r="5" t="229" w="124" /><ent r="4" t="229" w="132" /><ent r="4" t="229" w="142" /><ent r="92" t="229" w="159" /><ent r="4" t="229" w="201" /><ent r="4" t="229" w="208" /><ent r="4" t="229" w="218" /></phr><phr n="filter"><ent r="4" t="159" w="607" /><ent r="4" t="164" w="790" /><ent r="3" t="229" w="49" /><ent r="4" t="229" w="102" /><ent r="4" t="229" w="147" /><ent r="3" t="229" w="167" /><ent r="3" t="229" w="174" /><ent r="3" t="229" w="222" /></phr><phr n="Filters"><ent r="92" t="228" w="233" /><ent r="64" t="228" w="249" /><ent r="1000" t="229" w="2" /><ent r="102" t="229" w="5" /></phr></stem></index>