﻿<?xml version="1.0" encoding="utf-8"?>
<CatapultToc Version="1">
    <TocEntry Title="Opticks" Link="/Content/Welcome.htm" ComputedResetPageLayout="true" ComputedFirstTopic="true">
        <TocEntry Title="Welcome" Link="/Content/Welcome.htm" ComputedResetPageLayout="true" ComputedFirstTopic="true" />
        <TocEntry Title="Opticks Studio" Link="/Content/Working_with_the_Main_Application_Window.htm" ComputedFirstTopic="false">
            <TocEntry Title="Working with the Opticks Main Application Window" Link="/Content/Working_with_the_Main_Application_Window.htm" ComputedFirstTopic="false">
                <TocEntry Title="Working with the Opticks Main Application Window" Link="/Content/Working_with_the_Main_Application_Window.htm" ComputedFirstTopic="false" />
                <TocEntry Title="Keyboard Shortcuts" Link="/Content/Options/Keyboard_Shortcuts.htm" ComputedFirstTopic="false" />
                <TocEntry Title="Mouse Actions" Link="/Content/Mouse_Actions.htm" ComputedFirstTopic="false" />
            </TocEntry>
            <TocEntry Title="Toolbars" Link="/Content/Toolbars/Toolbars.htm" ComputedFirstTopic="false">
                <TocEntry Title="Toolbars" Link="/Content/Toolbars/Toolbars.htm" ComputedFirstTopic="false" />
                <TocEntry Title="Standard Toolbar" Link="/Content/Toolbars/Standard_Toolbar.htm" ComputedFirstTopic="false" />
                <TocEntry Title="Toolbox Toolbar" Link="/Content/Toolbars/Toolbox_Toolbar.htm" ComputedFirstTopic="false" />
                <TocEntry Title="Display Toolbar" Link="/Content/Toolbars/Display_Toolbar.htm" ComputedFirstTopic="false" />
                <TocEntry Title="AOI Toolbar" Link="/Content/Toolbars/AOI_Toolbar.htm" ComputedFirstTopic="false" />
                <TocEntry Title="Geo Toolbar" Link="/Content/Toolbars/Geo_Toolbar.htm" ComputedFirstTopic="false" />
                <TocEntry Title="Tie Point Toolbar" Link="/Content/Toolbars/Tie_Point_Toolbar.htm" ComputedFirstTopic="false" />
                <TocEntry Title="Annotation Toolbar" Link="/Content/Toolbars/Annotation_Toolbar.htm" ComputedFirstTopic="false" />
                <TocEntry Title="Brightness Toolbar" Link="/Content/Toolbars/Brightness_Toolbar.htm" ComputedFirstTopic="false" />
                <TocEntry Title="Measurement Toolbar" Link="/Content/Toolbars/Measurement_Toolbar.htm" ComputedFirstTopic="false" />
                <TocEntry Title="Animation Toolbar" Link="/Content/Animation/Animation_Toolbar.htm" ComputedFirstTopic="false" />
                <TocEntry Title="ASPAM Toolbar" Link="/Content/Toolbars/ASPAM_Toolbar.htm" ComputedFirstTopic="false" />
                <TocEntry Title="General Algorithms Toolbar" Link="/Content/Toolbars/General_Algorithms_Toolbar.htm" ComputedFirstTopic="false" />
                <TocEntry Title="Geographic Features Toolbar" Link="/Content/Toolbars/Geographic_Features_Toolbar.htm" ComputedFirstTopic="false" />
            </TocEntry>
            <TocEntry Title="Import and Export Files" Link="/Content/Importers_Exporters/Import_Data.htm" ComputedFirstTopic="false">
                <TocEntry Title="Import Data File" Link="/Content/Importers_Exporters/Import_Data.htm" ComputedFirstTopic="false" />
                <TocEntry Title="Open Files When Opticks Starts" Link="/Content/Open_Files_When_Opticks_Starts.htm" ComputedFirstTopic="false" />
                <TocEntry Title="Importers" Link="/Content/Importers_Exporters/Importers.htm" ComputedFirstTopic="false" />
                <TocEntry Title="Import Shape File" Link="/Content/Importers_Exporters/Import_Shape_File.htm" ComputedFirstTopic="false" />
                <TocEntry Title="About Opticks Suite Data Files" Link="/Content/about_opticks_suite_data_files.htm" ComputedFirstTopic="false" />
                <TocEntry Title="NITF Importer" Link="/Content/Importers_Exporters/NITF_Importer.htm" ComputedFirstTopic="false" />
                <TocEntry Title="Export Data Set" Link="/Content/Importers_Exporters/Export_Data_Set.htm" ComputedFirstTopic="false" />
                <TocEntry Title="Data Set Exporters" Link="/Content/Importers_Exporters/Export_Data_Options/Data_Set_Exporters.htm" ComputedFirstTopic="false" />
                <TocEntry Title="Export Results Matrix" Link="/Content/Importers_Exporters/Export_Results_Matrix.htm" ComputedFirstTopic="false" />
                <TocEntry Title="Export Product Data" Link="/Content/Importers_Exporters/Export_Product_Data.htm" ComputedFirstTopic="false" />
                <TocEntry Title="Product Data Exporters" Link="/Content/Importers_Exporters/Export_Product_Options/Product_Data_Exporters.htm" ComputedFirstTopic="false" />
                <TocEntry Title="Export Shape File" Link="/Content/Importers_Exporters/Export_Shape_File.htm" ComputedFirstTopic="false" />
                <TocEntry Title="Export Primary Raster Element" Link="/Content/Importers_Exporters/Export_Primary_Raster_Element.htm" ComputedFirstTopic="false" />
                <TocEntry Title="Import Options" Link="/Content/Importers_Exporters/Options/Import_Options.htm" ComputedFirstTopic="false">
                    <TocEntry Title="Import Options" Link="/Content/Importers_Exporters/Options/Import_Options.htm" ComputedFirstTopic="false" />
                </TocEntry>
                <TocEntry Title="ENVI" Link="/Content/Importers_Exporters/ENVI_Importer.htm" ComputedFirstTopic="false">
                    <TocEntry Title="ENVI Importer" Link="/Content/Importers_Exporters/ENVI_Importer.htm" ComputedFirstTopic="false" />
                    <TocEntry Title="ENVI Library Importer" Link="/Content/Importers_Exporters/ENVI_Library_Importer.htm" ComputedFirstTopic="false" />
                    <TocEntry Title="ENVI Library Exporter" Link="/Content/Importers_Exporters/ENVI_Library_Exporter.htm" ComputedFirstTopic="false" />
                </TocEntry>
            </TocEntry>
            <TocEntry Title="Working with Images" Link="/Content/View/Pan.htm" ComputedFirstTopic="false">
                <TocEntry Title="Pan" Link="/Content/View/Pan.htm" ComputedFirstTopic="false" />
                <TocEntry Title="Pan Mode" Link="/Content/View/Pan_Mode.htm" ComputedFirstTopic="false" />
                <TocEntry Title="Mouse Panning Mode" Link="/Content/View/Mouse_Panning_Mode.htm" ComputedFirstTopic="false" />
                <TocEntry Title="Rotate" Link="/Content/View/Rotate.htm" ComputedFirstTopic="false" />
                <TocEntry Title="Zoom" Link="/Content/View/Zoom.htm" ComputedFirstTopic="false" />
                <TocEntry Title="Generate Full Image" Link="/Content/View/Generate_Full_Image.htm" ComputedFirstTopic="false" />
                <TocEntry Title="Overview Window" Link="/Content/Tools/Overview_Window.htm" ComputedFirstTopic="false" />
                <TocEntry Title="Link/Unlink" Link="/Content/Tools/Link_Unlink.htm" ComputedFirstTopic="false" />
                <TocEntry Title="Image Chipping Window" Link="/Content/Tools/Image_Chipping_Window.htm" ComputedFirstTopic="false" />
                <TocEntry Title="Copy Snapshot" Link="/Content/View/Copy_Snapshot.htm" ComputedFirstTopic="false" />
                <TocEntry Title="Print the Active Window" Link="/Content/Print_the_Active_Window.htm" ComputedFirstTopic="false" />
                <TocEntry Title="Close a Window" Link="/Content/Close_a_Window.htm" ComputedFirstTopic="false" />
            </TocEntry>
            <TocEntry Title="Working with Layers" Link="/Content/Layers/Working_with_Layers.htm" ComputedFirstTopic="false">
                <TocEntry Title="Activate a Layer" Link="/Content/Layers/Activate_a_Layer.htm" ComputedFirstTopic="false" />
                <TocEntry Title="Create a New Layer" Link="/Content/Layers/Create_a_New_Layer.htm" ComputedFirstTopic="false" />
                <TocEntry Title="Show/Hide Layers" Link="/Content/Layers/Show-Hide_Layers.htm" ComputedFirstTopic="false" />
                <TocEntry Title="Modifying Layer Information" Link="/Content/Layers/Working_with_Layers.htm" ComputedFirstTopic="false" />
                <TocEntry Title="AOI" Link="/Content/AOI/AOI.htm" ComputedFirstTopic="false">
                    <TocEntry Title="AOI" Link="/Content/AOI/AOI.htm" ComputedFirstTopic="false" />
                    <TocEntry Title="AOI Toolbar" Link="/Content/Toolbars/AOI_Toolbar.htm" ComputedFirstTopic="false" />
                    <TocEntry Title="AOI Pixel Selection Tool" Link="/Content/AOI/AOI_Pixel_Selection_Tool.htm" ComputedFirstTopic="false" />
                    <TocEntry Title="Merge AOIs" Link="/Content/AOI/Merge_AOIs.htm" ComputedFirstTopic="false" />
                    <TocEntry Title="Change AOI Marker Symbol" Link="/Content/AOI/Change_AOI_Marker_Symbol.htm" ComputedFirstTopic="false" />
                    <TocEntry Title="Mouse Panning Mode" Link="/Content/View/Mouse_Panning_Mode.htm" ComputedFirstTopic="false" />
                    <TocEntry Title="AOI Layer Properties" Link="/Content/Properties/AOI_Layer_Properties.htm" ComputedFirstTopic="false" />
                </TocEntry>
                <TocEntry Title="Annotation" Link="/Content/Annotation/Annotation_Layer.htm" ComputedFirstTopic="false">
                    <TocEntry Title="Annotation Layer" Link="/Content/Annotation/Annotation_Layer.htm" ComputedFirstTopic="false" />
                    <TocEntry Title="Annotation Toolbar" Link="/Content/Toolbars/Annotation_Toolbar.htm" ComputedFirstTopic="false" />
                    <TocEntry Title="Annotation Drop-Down Menu" Link="/Content/Annotation/Annotation_Drop-Down_Menu.htm" ComputedFirstTopic="false" />
                    <TocEntry Title="Working with Annotation Objects" Link="/Content/Annotation/Working_with_Annotation_Objects.htm" ComputedFirstTopic="false" />
                    <TocEntry Title="Change the Scale Bar Unit System" Link="/Content/Annotation/Change_Scale_Bar_Unit.htm" ComputedFirstTopic="false" />
                    <TocEntry Title="Working with Annotation Text Boxes" Link="/Content/Annotation/Working_with_Annotation_Text_Boxes.htm" ComputedFirstTopic="false" />
                    <TocEntry Title="Annotation Image Palette" Link="/Content/Tools/Annotation_Image_Palette.htm" ComputedFirstTopic="false" />
                    <TocEntry Title="Annotation Image Palette Options" Link="/Content/Options/Annotation_Image_Options.htm" ComputedFirstTopic="false" />
                    <TocEntry Title="Flatten Annotation Layer" Link="/Content/General_Algorithms/Flatten_Annotation_Layer.htm" ComputedFirstTopic="false" />
                    <TocEntry Title="Change Up Direction" Link="/Content/General_Algorithms/Change_Up_Direction.htm" ComputedFirstTopic="false" />
                </TocEntry>
                <TocEntry Title="GCP" Link="/Content/Geo/GCP.htm" ComputedFirstTopic="false">
                    <TocEntry Title="GCP" Link="/Content/Geo/GCP.htm" ComputedFirstTopic="false" />
                    <TocEntry Title="Geo Toolbar" Link="/Content/Toolbars/Geo_Toolbar.htm" ComputedFirstTopic="false" />
                    <TocEntry Title="GCP Editor" Link="/Content/Geo/GCP_Editor.htm" ComputedFirstTopic="false" />
                    <TocEntry Title="GCP Lists" Link="/Content/Geo/GCP_Lists.htm" ComputedFirstTopic="false" />
                </TocEntry>
            </TocEntry>
            <TocEntry Title="Sessions" Link="/Content/Sessions/Sessions.htm" ComputedFirstTopic="false">
                <TocEntry Title="Sessions" Link="/Content/Sessions/Sessions.htm" ComputedFirstTopic="false" />
                <TocEntry Title="Session Explorer" Link="/Content/Sessions/session_explorer.htm" ComputedFirstTopic="false" />
                <TocEntry Title="Open a Session" Link="/Content/Sessions/Open_a_Session.htm" ComputedFirstTopic="false" />
                <TocEntry Title="Create a New Session" Link="/Content/Sessions/Create_a_New_Session.htm" ComputedFirstTopic="false" />
                <TocEntry Title="Save a Session" Link="/Content/Sessions/Save_a_Session.htm" ComputedFirstTopic="false" />
                <TocEntry Title="Session Options" Link="/Content/Options/Session_Options.htm" ComputedFirstTopic="false" />
            </TocEntry>
            <TocEntry Title="Tie Points" Link="/Content/Tie_Points/Tie_Points.htm" ComputedFirstTopic="false">
                <TocEntry Title="Tie Points" Link="/Content/Tie_Points/Tie_Points.htm" ComputedFirstTopic="false" />
                <TocEntry Title="Tie Point Toolbar" Link="/Content/Toolbars/Tie_Point_Toolbar.htm" ComputedFirstTopic="false" />
                <TocEntry Title="Tie Point Editor" Link="/Content/Tie_Points/Tie_Point_Editor.htm" ComputedFirstTopic="false" />
                <TocEntry Title="Delete Tie Points" Link="/Content/Tie_Points/Delete_Tie_Points.htm" ComputedFirstTopic="false" />
            </TocEntry>
            <TocEntry Title="Working with Opticks Windows" Link="/Content/Tools/Histogram_Window/Moving_and_Hiding_a_Dock_Window.htm" ComputedFirstTopic="false">
                <TocEntry Title="Moving and Hiding a Dock Window" Link="/Content/Tools/Histogram_Window/Moving_and_Hiding_a_Dock_Window.htm" ComputedFirstTopic="false" />
                <TocEntry Title="Display Gridlines on a Plot" Link="/Content/Tools/Histogram_Window/Display_Gridlines_on_a_Plot.htm" ComputedFirstTopic="false" />
                <TocEntry Title="Histogram Window" Link="/Content/Tools/Histogram_Window/Histogram_Window.htm" ComputedFirstTopic="false">
                    <TocEntry Title="Histogram Window" Link="/Content/Tools/Histogram_Window/Histogram_Window.htm" ComputedFirstTopic="false" />
                    <TocEntry Title="Activate a Histogram Plot" Link="/Content/Tools/Histogram_Window/Activate_a_Histogram_Plot.htm" ComputedFirstTopic="false" />
                    <TocEntry Title="Stretch Type" Link="/Content/Tools/Histogram_Window/Stretch_Type.htm" ComputedFirstTopic="false" />
                    <TocEntry Title="Working with the Histogram Window Display" Link="/Content/Tools/Histogram_Window/Working_with_the_Histogram_Window_Display.htm" ComputedFirstTopic="false" />
                    <TocEntry Title="Histogram Window Mouse Mode" Link="/Content/Tools/Histogram_Window/Histogram_Window_Mouse_Mode.htm" ComputedFirstTopic="false" />
                    <TocEntry Title="Band Bad Values" Link="/Content/Tools/Histogram_Window/Band_Bad_Values.htm" ComputedFirstTopic="false" />
                    <TocEntry Title="Set Spatial Sampling" Link="/Content/Tools/Histogram_Window/Set_Spatial_Sampling.htm" ComputedFirstTopic="false" />
                    <TocEntry Title="Displayed Band" Link="/Content/Tools/Histogram_Window/Displayed_Band.htm" ComputedFirstTopic="false" />
                    <TocEntry Title="Color Map" Link="/Content/Tools/Histogram_Window/Color_Map.htm" ComputedFirstTopic="false" />
                    <TocEntry Title="Create/Edit Color Map" Link="/Content/Tools/Histogram_Window/Create_Edit_Color_Map.htm" ComputedFirstTopic="false" />
                    <TocEntry Title="Custom Zoom" Link="/Content/Tools/Histogram_Window/Custom_Zoom.htm" ComputedFirstTopic="false" />
                    <TocEntry Title="Print the Histogram Window" Link="/Content/Tools/Histogram_Window/Print_the_Histogram_Window.htm" ComputedFirstTopic="false" />
                    <TocEntry Title="Save the Histogram Window Data" Link="/Content/Tools/Histogram_Window/Save_the_Histogram_Window_Data.htm" ComputedFirstTopic="false" />
                </TocEntry>
                <TocEntry Title="Message Log Window" Link="/Content/Tools/Message_Log_Window/Message_Log_Window.htm" ComputedFirstTopic="false" />
                <TocEntry Title="Scripting Window" Link="/Content/Tools/Scripting_Window.htm" ComputedFirstTopic="false" />
                <TocEntry Title="Background Plug-In Window" Link="/Content/Tools/Background_PlugIn_Window.htm" ComputedFirstTopic="false" />
                <TocEntry Title="Windows Options" Link="/Content/Options/Windows_Options.htm" ComputedFirstTopic="false">
                    <TocEntry Title="Windows Overview Options" Link="/Content/Options/Windows_Overview_Options.htm" ComputedFirstTopic="false" />
                    <TocEntry Title="Windows Status Bar Options" Link="/Content/Options/Windows_Status_Bar_Options.htm" ComputedFirstTopic="false" />
                    <TocEntry Title="Windows Workspace Options - All" Link="/Content/Options/Windows_Workspace_Options_All.htm" ComputedFirstTopic="false" />
                    <TocEntry Title="Windows Workspace Options - Cube" Link="/Content/Options/Windows_Workspace_Options_Cube.htm" ComputedFirstTopic="false" />
                </TocEntry>
            </TocEntry>
            <TocEntry Title="Geo" Link="/Content/Geo/Georeference.htm" ComputedFirstTopic="false">
                <TocEntry Title="Georeference" Link="/Content/Geo/Georeference.htm" ComputedFirstTopic="false" />
            </TocEntry>
            <TocEntry Title="Geographic Features" Link="/Content/Geographic_Features/Geographic_Features.htm" ComputedFirstTopic="false">
                <TocEntry Title="Geographic Features" Link="/Content/Geographic_Features/Geographic_Features.htm" ComputedFirstTopic="false" />
                <TocEntry Title="Connection Tab" Link="/Content/Geographic_Features/Connection_Tab.htm" ComputedFirstTopic="false" />
                <TocEntry Title="Display Tab" Link="/Content/Geographic_Features/Display_Tab.htm" ComputedFirstTopic="false" />
                <TocEntry Title="Clipping Tab" Link="/Content/Geographic_Features/Clipping_Tab.htm" ComputedFirstTopic="false" />
            </TocEntry>
            <TocEntry Title="Using the Wizard Builder" Link="/Content/Wizard_Builder/Using_the_Wizard_Builder.htm" ComputedFirstTopic="false">
                <TocEntry Title="Using the Wizard Builder" Link="/Content/Wizard_Builder/Using_the_Wizard_Builder.htm" ComputedFirstTopic="false" />
                <TocEntry Title="Wizard Builder Toolbar" Link="/Content/Wizard_Builder/Wizard_Builder_Toolbar.htm" ComputedFirstTopic="false" />
                <TocEntry Title="Create a Wizard" Link="/Content/Wizard_Builder/Create_a_Wizard.htm" ComputedFirstTopic="false" />
                <TocEntry Title="Open a Wizard" Link="/Content/Wizard_Builder/Open_a_Wizard.htm" ComputedFirstTopic="false" />
                <TocEntry Title="Run a Wizard" Link="/Content/Wizard_Builder/Run_a_Wizard.htm" ComputedFirstTopic="false" />
                <TocEntry Title="Save a Wizard" Link="/Content/Wizard_Builder/Save_a_Wizard.htm" ComputedFirstTopic="false" />
                <TocEntry Title="Update Wizard List" Link="/Content/Wizard_Builder/Update_Wizard_List.htm" ComputedFirstTopic="false" />
                <TocEntry Title="Wizard Execution Mode" Link="/Content/Wizard_Builder/Wizard_Execution_Mode.htm" ComputedFirstTopic="false" />
                <TocEntry Title="Wizard Menu Location" Link="/Content/Wizard_Builder/Wizard_Menu_Location.htm" ComputedFirstTopic="false" />
                <TocEntry Title="About Wizard Items" Link="/Content/Wizard_Builder/Items/Wizard_Items.htm" ComputedFirstTopic="false">
                    <TocEntry Title="Wizard Items" Link="/Content/Wizard_Builder/Items/Wizard_Items.htm" ComputedFirstTopic="false" />
                    <TocEntry Title="Add/Edit a Value Item" Link="/Content/Wizard_Builder/Items/Add_Edit_a_Value_Item.htm" ComputedFirstTopic="false" />
                    <TocEntry Title="Connect Wizard Items" Link="/Content/Wizard_Builder/Items/Connect_Wizard_Items.htm" ComputedFirstTopic="false" />
                    <TocEntry Title="Execution Mode of Wizard Items" Link="/Content/Wizard_Builder/Items/Execution_Mode_of_Wizard_Items.htm" ComputedFirstTopic="false" />
                </TocEntry>
            </TocEntry>
            <TocEntry Title="Products" Link="/Content/Products/Product_Windows.htm" ComputedFirstTopic="false">
                <TocEntry Title="Product Windows" Link="/Content/Products/Product_Windows.htm" ComputedFirstTopic="false" />
                <TocEntry Title="Create a New Product" Link="/Content/Products/Create_a_New_Product.htm" ComputedFirstTopic="false" />
                <TocEntry Title="Derive a Product" Link="/Content/Products/Derive_a_Product.htm" ComputedFirstTopic="false" />
                <TocEntry Title="Load a Template" Link="/Content/Products/Load_a_Template.htm" ComputedFirstTopic="false" />
                <TocEntry Title="Edit Selected View" Link="/Content/Products/Edit_Selected_View.htm" ComputedFirstTopic="false" />
                <TocEntry Title="Save a Template" Link="/Content/Products/Save_a_Template.htm" ComputedFirstTopic="false" />
                <TocEntry Title="Select Product Paper Size" Link="/Content/Products/Select_Product_Paper_Size.htm" ComputedFirstTopic="false" />
            </TocEntry>
            <TocEntry Title="Animation" Link="/Content/Animation/Create_Animation.htm" ComputedFirstTopic="false">
                <TocEntry Title="Create Animation" Link="/Content/Animation/Create_Animation.htm" ComputedFirstTopic="false" />
                <TocEntry Title="Play Animation" Link="/Content/Animation/Play_Animation.htm" ComputedFirstTopic="false" />
                <TocEntry Title="Delete Animation" Link="/Content/Animation/Delete_Animation.htm" ComputedFirstTopic="false" />
                <TocEntry Title="Animation Toolbar" Link="/Content/Animation/Animation_Toolbar.htm" ComputedFirstTopic="false" />
                <TocEntry Title="Animation Bumpers" Link="/Content/Animation/Animation_Bumpers.htm" ComputedFirstTopic="false" />
            </TocEntry>
            <TocEntry Title="Security Markings" Link="/Content/Tools/Security_Markings.htm" ComputedFirstTopic="false">
                <TocEntry Title="Security Markings" Link="/Content/Tools/Security_Markings.htm" ComputedFirstTopic="false" />
            </TocEntry>
            <TocEntry Title="Options" Link="/Content/Options/Options.htm" ComputedFirstTopic="false">
                <TocEntry Title="Options" Link="/Content/Options/Options.htm" ComputedFirstTopic="false" />
                <TocEntry Title="Export Options" Link="/Content/Options/Export_Options.htm" ComputedFirstTopic="false" />
                <TocEntry Title="Layers Options" Link="/Content/Options/Layers_Options.htm" ComputedFirstTopic="false">
                    <TocEntry Title="Annotation Layer Options" Link="/Content/Options/Annotation_Layer_Options.htm" ComputedFirstTopic="false" />
                    <TocEntry Title="AOI Layer Options" Link="/Content/Options/AOI_Layer_Options.htm" ComputedFirstTopic="false" />
                    <TocEntry Title="GCP Layer Options" Link="/Content/Options/GCP_Layer_Options.htm" ComputedFirstTopic="false" />
                    <TocEntry Title="Latitude/Longitude Layer Options" Link="/Content/Options/Lat_Lon_Layer_Options.htm" ComputedFirstTopic="false" />
                    <TocEntry Title="Pseudocolor Layer Options" Link="/Content/Options/Pseudocolor_Layer_Options.htm" ComputedFirstTopic="false" />
                    <TocEntry Title="Raster Layer Options" Link="/Content/Options/Raster_Layer_Options.htm" ComputedFirstTopic="false" />
                    <TocEntry Title="Threshold Layer Options" Link="/Content/Options/Threshold_Layer_Options.htm" ComputedFirstTopic="false" />
                    <TocEntry Title="Tie Point Layer Options" Link="/Content/Options/Tie_Point_Layer_Options.htm" ComputedFirstTopic="false" />
                </TocEntry>
            </TocEntry>
            <TocEntry Title="Properties" Link="/Content/Properties/Properties.htm" ComputedFirstTopic="false">
                <TocEntry Title="Properties" Link="/Content/Properties/Properties.htm" ComputedFirstTopic="false" />
                <TocEntry Title="Data Elements Properties" Link="/Content/Properties/Data_Elements_Properties.htm" ComputedFirstTopic="false" />
                <TocEntry Title="Product Window Properties" Link="/Content/Properties/Product_Window_Properties.htm" ComputedFirstTopic="false" />
                <TocEntry Title="Histogram Window Properties" Link="/Content/Properties/Histogram_Window_Properties.htm" ComputedFirstTopic="false" />
                <TocEntry Title="Scripting Window Properties" Link="/Content/Properties/Scripting_Window_Properties.htm" ComputedFirstTopic="false" />
                <TocEntry Title="Cube Layer Properties" Link="/Content/Properties/Cube_Layer_Properties.htm" ComputedFirstTopic="false" />
                <TocEntry Title="GCP Layer Properties" Link="/Content/Properties/GCP_Layer_Properties.htm" ComputedFirstTopic="false" />
                <TocEntry Title="Annotation Layer Properties" Link="/Content/Properties/Annotation_Layer_Properties.htm" ComputedFirstTopic="false" />
                <TocEntry Title="AOI Layer Properties" Link="/Content/Properties/AOI_Layer_Properties.htm" ComputedFirstTopic="false" />
                <TocEntry Title="Latitude/Longitude Layer Properties" Link="/Content/Properties/Latitude_Longitude_Layer_Properties.htm" ComputedFirstTopic="false" />
                <TocEntry Title="Tie Point Layer Properties" Link="/Content/Properties/Tie_Point_Layer_Properties.htm" ComputedFirstTopic="false" />
                <TocEntry Title="Raster Layer and Raster Cube Layer Properties" Link="/Content/Properties/Raster_Layer_Properties.htm" ComputedFirstTopic="false" />
                <TocEntry Title="Plug-In Properties" Link="/Content/Properties/Plug-In_Properties.htm" ComputedFirstTopic="false" />
            </TocEntry>
            <TocEntry Title="Core Plug-Ins" Link="/Content/General_Algorithms/principal_component_analysis.htm" ComputedFirstTopic="false">
                <TocEntry Title="Principal Component Analysis" Link="/Content/General_Algorithms/principal_component_analysis.htm" ComputedFirstTopic="false" />
                <TocEntry Title="Band Math" Link="/Content/General_Algorithms/band_math.htm" ComputedFirstTopic="false" />
                <TocEntry Title="Convolution Matrix Editor" Link="/Content/Tools/Convolution_Matrix_Editor.htm" ComputedFirstTopic="false" />
                <TocEntry Title="Quick-Look Data Fusion Plug-In" Link="/Content/QuickLookDataFusion/about_the_quick-look_data_fusion_plug-in.htm" ComputedFirstTopic="false">
                    <TocEntry Title="About the Quick-Look Data Fusion Plug-In" Link="/Content/QuickLookDataFusion/about_the_quick-look_data_fusion_plug-in.htm" ComputedFirstTopic="false" />
                    <TocEntry Title="Starting the Quick-Look Data Fusion Plug-In" Link="/Content/QuickLookDataFusion/starting_the_quick-look_data_fusion_plug-in.htm" ComputedFirstTopic="false" />
                    <TocEntry Title="Creating Tie Points" Link="/Content/QuickLookDataFusion/creating_tie_points.htm" ComputedFirstTopic="false" />
                    <TocEntry Title="Copying Layers" Link="/Content/QuickLookDataFusion/Copying_Layers.htm" ComputedFirstTopic="false" />
                    <TocEntry Title="Selecting a ROI and Output Views" Link="/Content/QuickLookDataFusion/Selecting_a_ROI_and_Output_Views.htm" ComputedFirstTopic="false" />
                    <TocEntry Title="Manipulating Fused Views" Link="/Content/QuickLookDataFusion/manipulating_fused_views.htm" ComputedFirstTopic="false" />
                </TocEntry>
            </TocEntry>
            <TocEntry Title="Tutorials for Opticks Studio" Link="/Content/Tutorials/Tutorials.htm" ChapterNumber="" ComputedFirstTopic="false">
                <TocEntry Title="Tutorials" Link="/Content/Tutorials/Tutorials.htm" ComputedFirstTopic="false" />
                <TocEntry Title="Tutorial: Image Manipulation and Export" Link="/Content/Tutorials/Tutorial_Image_Manipulation.htm" ComputedFirstTopic="false" />
                <TocEntry Title="Tutorial: Georeference, Measurement Tool, Band Math, Linking Displays, Layer Information/Annotations, Export JPEG Product" Link="/Content/Tutorials/tutorial_georeference.htm" ComputedFirstTopic="false" />
                <TocEntry Title="Tutorial: Spectral Subset, Spatial Subset Using the Preview Window, AOI, and PCA" Link="/Content/Tutorials/tutorial_subsetting_aoi_pca.htm" ComputedFirstTopic="false" />
                <TocEntry Title="Tutorial: Quick-Look Data Fusion Plug-In" Link="/Content/Tutorials/tutorial_quick_look_fusion.htm" ComputedFirstTopic="false" />
                <TocEntry Title="Tutorial: Import/Display Shape Files" Link="/Content/Tutorials/tutorial_import_display_shape_files.htm" ComputedFirstTopic="false" />
                <TocEntry Title="Tutorial: Export Shape Files" Link="/Content/Tutorials/tutorial_export_shape_files.htm" ComputedFirstTopic="false" />
                <TocEntry Title="Tutorial: Product Mode" Link="/Content/Tutorials/tutorial_product_mode.htm" ComputedFirstTopic="false" />
                <TocEntry Title="Tutorial: Wizard Builder" Link="/Content/Tutorials/tutorial_wizard_builder.htm" ComputedFirstTopic="false" />
                <TocEntry Title="Tutorial: Run a Wizard in Batch Mode" Link="/Content/Tutorials/tutorial_batch_mode.htm" ReplaceMergeNode="false" FrameName="" ComputedFirstTopic="false" />
            </TocEntry>
        </TocEntry>
    </TocEntry>
</CatapultToc>